rainfall_24h_mm,rainfall_7d_mm,slope_angle_deg,slope_height_m,rock_type,crack_density,crack_severity,blast_frequency_per_week,blast_vibration_ppv_mms,days_since_inspection,prior_incident,groundwater_proxy,zone_id,fos,instability_score,risk_label
0.0,0.0,48.573401817873155,23.055352488625132,clayey_sandstone,0.465016499545934,normal,13.494553393873264,5.446001711266276,5,False,0.0,ZONE_A,0.6187476339042746,94.1,critical
0.0,0.0,48.573401817873155,23.055352488625132,clayey_sandstone,0.4650325602520691,normal,13.494553393873264,9.657517416283833,6,False,0.0,ZONE_A,0.6187473480588922,94.1,critical
0.0,0.0,48.573401817873155,23.055352488625132,clayey_sandstone,0.4650486209582043,normal,13.494553393873264,8.383897298978859,0,False,0.0,ZONE_A,0.6187470622135098,94.1,critical
0.0,0.0,48.573401817873155,23.055352488625132,clayey_sandstone,0.4696954327606132,normal,13.494553393873264,13.871171152633803,1,False,0.0,ZONE_A,0.6186643591439704,94.1,critical
0.0,0.0,48.573401817873155,23.055352488625132,clayey_sandstone,0.4660472873355779,normal,13.494553393873264,10.62109887936155,2,False,0.0,ZONE_A,0.6187292881399372,94.1,critical
0.0,0.0,48.573401817873155,23.055352488625132,clayey_sandstone,0.4653562517936699,normal,13.494553393873264,8.392545740927234,3,False,0.0,ZONE_A,0.6187415870586167,94.1,critical
0.0,0.0,48.573401817873155,23.055352488625132,clayey_sandstone,0.46934833020780353,normal,13.494553393873264,13.32383337682523,4,False,0.0,ZONE_A,0.6186705368089552,94.1,critical
0.0,0.0,48.573401817873155,23.055352488625132,clayey_sandstone,0.4675195242302232,normal,13.494553393873264,11.62110118609002,5,False,0.0,ZONE_A,0.6187030855486867,94.1,critical
0.0,0.0,48.573401817873155,23.055352488625132,clayey_sandstone,0.4705329044892272,normal,13.494553393873264,14.048503360230653,6,False,0.0,ZONE_A,0.6186494539819898,94.1,critical
0.0,0.0,48.573401817873155,23.055352488625132,clayey_sandstone,0.4659399059435542,normal,13.494553393873264,5.9422571772400685,0,False,0.0,ZONE_A,0.6187311992934569,94.1,critical
0.0,0.0,48.573401817873155,23.055352488625132,clayey_sandstone,0.46836300582498186,normal,13.494553393873264,12.01221366144032,1,False,0.0,ZONE_A,0.6186880734242554,94.1,critical
0.0,0.0,48.573401817873155,23.055352488625132,clayey_sandstone,0.4673572050037708,normal,13.494553393873264,11.060815837657959,2,False,0.0,ZONE_A,0.6187059744752978,94.1,critical
0.0,0.0,48.573401817873155,23.055352488625132,clayey_sandstone,0.466165569280887,normal,13.494553393873264,9.036029413408228,3,False,0.0,ZONE_A,0.6187271829804506,94.1,critical
0.0,0.0,48.573401817873155,23.055352488625132,clayey_sandstone,0.4661816299870222,normal,13.494553393873264,8.194975774739005,4,False,0.0,ZONE_A,0.6187268971350682,94.1,critical
0.0,0.0,48.573401817873155,23.055352488625132,clayey_sandstone,0.4661976906931573,normal,13.494553393873264,7.1043293385294914,5,False,0.0,ZONE_A,0.618726611289686,94.1,critical
0.0,0.0,48.573401817873155,23.055352488625132,clayey_sandstone,0.4662137513992925,normal,13.494553393873264,8.381807145927016,6,False,0.0,ZONE_A,0.6187263254443035,94.1,critical
0.0,0.0,48.573401817873155,23.055352488625132,clayey_sandstone,0.46858396151374804,normal,13.494553393873264,11.967999378289417,0,False,0.0,ZONE_A,0.6186841408970798,94.1,critical
0.0,0.0,48.573401817873155,23.055352488625132,clayey_sandstone,0.46635953359113214,normal,13.494553393873264,9.570988367151303,1,False,0.0,ZONE_A,0.6187237308406781,94.1,critical
0.0,0.0,48.573401817873155,23.055352488625132,clayey_sandstone,0.46637559429726727,normal,13.494553393873264,8.919070092998957,2,False,0.0,ZONE_A,0.6187234449952957,94.1,critical
0.0,0.0,48.573401817873155,23.055352488625132,clayey_sandstone,0.46639165500340246,normal,13.494553393873264,7.399303333163349,3,False,0.0,ZONE_A,0.6187231591499135,94.1,critical
222.76726,222.76726,48.573401817873155,23.055352488625132,clayey_sandstone,0.49842426468606665,normal,13.494553393873264,10.682280041807914,4,False,222.76726,ZONE_A,0.3936301401414499,100.0,critical
0.0,222.76726,48.573401817873155,23.055352488625132,clayey_sandstone,0.5052914815121329,normal,13.494553393873264,15.117407547515704,5,False,204.95577332527827,ZONE_A,0.39350791872710006,100.0,critical
0.0,222.76726,48.573401817873155,23.055352488625132,clayey_sandstone,0.5061213132899636,normal,13.494553393873264,14.291326895647021,6,False,188.5684144939559,ZONE_A,0.3934931495395052,100.0,critical
0.0,222.76726,48.573401817873155,23.055352488625132,clayey_sandstone,0.5076384063407413,normal,13.494553393873264,14.965810036696752,0,False,173.49131653067127,ZONE_A,0.3991491707247252,100.0,critical
0.0,222.76726,48.573401817873155,23.055352488625132,clayey_sandstone,0.5172635716540072,normal,13.494553393873264,23.43107403871958,1,False,159.61971676073208,ZONE_A,0.4110897769274378,100.0,critical
0.0,222.76726,48.573401817873155,23.055352488625132,clayey_sandstone,0.512197237153527,normal,13.494553393873264,19.146145737135583,2,False,146.85722887042613,ZONE_A,0.42232344454122456,100.0,critical
5.532035,228.299295,48.573401817873155,23.055352488625132,clayey_sandstone,0.5039316166733396,normal,13.494553393873264,11.585371924686129,3,False,140.64720817017576,ZONE_A,0.42789280079717196,100.0,critical
0.0,5.532035,48.573401817873155,23.055352488625132,clayey_sandstone,0.5015082602442,normal,13.494553393873264,9.292883390137716,4,False,129.40167831017794,ZONE_A,0.43775490541072337,100.0,critical
0.0,5.532035,48.573401817873155,23.055352488625132,clayey_sandstone,0.5080463602639678,normal,13.494553393873264,15.93418859208062,5,False,119.05529137293966,ZONE_A,0.446672433904667,100.0,critical
0.0,5.532035,48.573401817873155,23.055352488625132,clayey_sandstone,0.5007834343399307,normal,13.494553393873264,9.957946962691508,6,False,109.5361558597398,ZONE_A,0.4551132802731718,100.0,critical
0.0,5.532035,48.573401817873155,23.055352488625132,clayey_sandstone,0.5003254505158675,normal,13.494553393873264,9.8183321727135,0,False,100.77812839872063,ZONE_A,0.46276845616092566,100.0,critical
0.0,5.532035,48.573401817873155,23.055352488625132,clayey_sandstone,0.5065058539940182,normal,13.494553393873264,15.51172715110992,1,False,92.7203541500397,ZONE_A,0.469694060955965,100.0,critical
0.0,5.532035,48.573401817873155,23.055352488625132,clayey_sandstone,0.5021709067236999,normal,13.494553393873264,12.01424394789967,2,False,85.30684395819682,ZONE_A,0.47624428024535237,100.0,critical
0.0,0.0,48.573401817873155,23.055352488625132,clayey_sandstone,0.49939717215765256,normal,13.494553393873264,9.976872992574485,3,False,78.48608531339421,ZONE_A,0.48224915552985,100.0,critical
0.0,0.0,48.573401817873155,23.055352488625132,clayey_sandstone,0.49895628447942664,normal,13.494553393873264,9.802607297126444,4,False,72.21068441870891,ZONE_A,0.4877363350515314,100.0,critical
0.0,0.0,48.573401817873155,23.055352488625132,clayey_sandstone,0.5105209945657089,normal,13.494553393873264,20.005782497624644,5,False,66.43703687599384,ZONE_A,0.49257173798324,100.0,critical
0.0,0.0,48.573401817873155,23.055352488625132,clayey_sandstone,0.4987590733855363,normal,13.494553393873264,5.936925114864063,6,False,61.12502470228052,ZONE_A,0.49741922939553623,100.0,critical
0.0,0.0,48.573401817873155,23.055352488625132,clayey_sandstone,0.5028357041740168,normal,13.494553393873264,13.69201494535948,0,False,56.23773757141261,ZONE_A,0.5689708555067317,96.6,critical
0.0,0.0,48.573401817873155,23.055352488625132,clayey_sandstone,0.4983211356146698,normal,13.494553393873264,8.830672250145158,1,False,51.741216343967814,ZONE_A,0.572977318367511,96.4,critical
0.0,0.0,48.573401817873155,23.055352488625132,clayey_sandstone,0.5012669003884292,normal,13.494553393873264,12.700972932959374,2,False,47.604217103395044,ZONE_A,0.576537088941928,96.2,critical
0.0,0.0,48.573401817873155,23.055352488625132,clayey_sandstone,0.4979308581666831,normal,13.494553393873264,9.609414424587222,3,False,43.79799405878031,ZONE_A,0.579919846454044,96.0,critical
0.0,0.0,48.573401817873155,23.055352488625132,clayey_sandstone,0.4976919256145419,normal,13.494553393873264,7.3287340691800935,4,False,40.29609980574911,ZONE_A,0.5829817591446792,95.9,critical
0.0,0.0,48.573401817873155,23.055352488625132,clayey_sandstone,0.49747338119763174,normal,13.494553393873264,8.935330802175226,5,False,37.07420155762522,ZONE_A,0.585798831958846,95.7,critical
0.0,0.0,48.573401817873155,23.055352488625132,clayey_sandstone,0.49727359477066574,normal,13.494553393873264,8.335892326796289,6,False,34.10991206993484,ZONE_A,0.5883906412121892,95.6,critical
0.0,0.0,48.573401817873155,23.055352488625132,clayey_sandstone,0.5033394791450118,normal,13.494553393873264,15.223488408571269,0,False,31.38263408344089,ZONE_A,0.5906639899294239,95.5,critical
0.0,0.0,48.573401817873155,23.055352488625132,clayey_sandstone,0.4972260964339055,normal,13.494553393873264,4.2200000051752955,1,False,28.873417204825625,ZONE_A,0.5929637040289887,95.4,critical
0.0,0.0,48.573401817873155,23.055352488625132,clayey_sandstone,0.4978503686874397,normal,13.494553393873264,10.64897512812235,2,False,26.564826230562023,ZONE_A,0.5949683271974349,95.3,critical
0.0,0.0,48.573401817873155,23.055352488625132,clayey_sandstone,0.504476452499601,normal,13.494553393873264,16.272718251733906,3,False,24.44081999902713,ZONE_A,0.5967049620896271,95.2,critical
0.0,0.0,48.573401817873155,23.055352488625132,clayey_sandstone,0.49720897900458944,normal,13.494553393873264,7.171561954720334,4,False,22.486639929065575,ZONE_A,0.5985405890593876,95.1,critical
0.0,0.0,48.573401817873155,23.055352488625132,clayey_sandstone,0.49709412180668766,normal,13.494553393873264,7.6340081348545725,5,False,20.688707470517503,ZONE_A,0.6001124883642731,95.0,critical
0.0,0.0,48.573401817873155,23.055352488625132,clayey_sandstone,0.4969897322264386,normal,13.494553393873264,7.157509619872966,6,False,19.034529754149585,ZONE_A,0.6015586826851579,94.9,critical
0.0,0.0,48.573401817873155,23.055352488625132,clayey_sandstone,0.4968949733193455,normal,13.494553393873264,9.367058139082669,0,False,17.512612785400993,ZONE_A,0.6028892228376218,94.9,critical
0.0,0.0,48.573401817873155,23.055352488625132,clayey_sandstone,0.4991140195682029,normal,13.494553393873264,11.92686553558705,1,False,16.112381578774258,ZONE_A,0.6040723330559682,94.8,critical
0.0,0.0,48.573401817873155,23.055352488625132,clayey_sandstone,0.49684261410397457,normal,13.494553393873264,9.814408051016317,2,False,14.824106677927654,ZONE_A,0.605237609427953,94.7,critical
0.0,0.0,48.573401817873155,23.055352488625132,clayey_sandstone,0.4967723684085478,normal,13.494553393873264,7.8897884960123505,3,False,13.63883655089659,ZONE_A,0.606273771911825,94.7,critical
0.0,0.0,48.573401817873155,23.055352488625132,clayey_sandstone,0.5164973329069642,normal,13.494553393873264,26.54244232980672,4,False,12.548335390694671,ZONE_A,0.6068748760069995,94.7,critical
0.0,0.0,48.573401817873155,23.055352488625132,clayey_sandstone,0.5000379106462194,normal,13.494553393873264,12.031812169411545,5,False,11.5450258891041,ZONE_A,0.60804385198152,94.6,critical
0.0,0.0,48.573401817873155,23.055352488625132,clayey_sandstone,0.4976736189184687,normal,13.494553393873264,8.824128939552491,6,False,10.621936586021164,ZONE_A,0.6088919216763458,94.6,critical
0.0,0.0,48.573401817873155,23.055352488625132,clayey_sandstone,0.5048111407592208,normal,13.494553393873264,16.00502863387612,0,False,9.772653428515634,ZONE_A,0.6095064364660707,94.5,critical
0.0,0.0,48.573401817873155,23.055352488625132,clayey_sandstone,0.4979338197077435,normal,13.494553393873264,6.438698647566067,1,False,8.991275203013915,ZONE_A,0.6103110939268761,94.5,critical
0.0,0.0,48.573401817873155,23.055352488625132,clayey_sandstone,0.4978975329352019,normal,13.494553393873264,8.232804192882446,2,False,8.272372530928088,ZONE_A,0.6109394457703944,94.5,critical
0.0,0.0,48.573401817873155,23.055352488625132,clayey_sandstone,0.5012817397068496,normal,13.494553393873264,12.855932650575209,3,False,7.610950142813427,ZONE_A,0.6114567317205233,94.4,critical
0.0,0.0,48.573401817873155,23.055352488625132,clayey_sandstone,0.49800212406151145,normal,13.494553393873264,8.267301747092827,4,False,7.002412168917743,ZONE_A,0.6120464433670466,94.4,critical
0.0,0.0,48.573401817873155,23.055352488625132,clayey_sandstone,0.49797741651026134,normal,13.494553393873264,8.770252392637229,5,False,6.442530204945175,ZONE_A,0.6125357410460484,94.4,critical
0.0,0.0,48.573401817873155,23.055352488625132,clayey_sandstone,0.49795596860889507,normal,13.494553393873264,6.465642182820865,6,False,5.927413931140518,ZONE_A,0.61298589378777,94.4,critical
0.0,0.0,48.573401817873155,23.055352488625132,clayey_sandstone,0.49793751973019795,normal,13.494553393873264,4.202052128752812,0,False,5.453484080541874,ZONE_A,0.6134000314485865,94.3,critical
0.0,0.0,48.573401817873155,23.055352488625132,clayey_sandstone,0.49853171985076344,normal,13.494553393873264,10.509849831327225,1,False,5.017447568572482,ZONE_A,0.6137701789337395,94.3,critical
0.0,0.0,48.573401817873155,23.055352488625132,clayey_sandstone,0.4989055115885052,normal,13.494553393873264,10.808706474916834,2,False,4.616274611160591,ZONE_A,0.6141138082792513,94.3,critical
0.0,0.0,48.573401817873155,23.055352488625132,clayey_sandstone,0.49797401620628035,normal,13.494553393873264,8.88698919728811,3,False,4.247177672393454,ZONE_A,0.6144526618718735,94.3,critical
0.0,0.0,48.573401817873155,23.055352488625132,clayey_sandstone,0.49934066326215437,normal,13.494553393873264,11.149721507662111,4,False,3.9075920954239667,ZONE_A,0.6147248458764979,94.3,critical
0.0,0.0,48.573401817873155,23.055352488625132,clayey_sandstone,0.5042424512760822,normal,13.494553393873264,15.197553922464127,5,False,3.595158282044514,ZONE_A,0.6149104047001069,94.3,critical
0.0,0.0,48.573401817873155,23.055352488625132,clayey_sandstone,0.4993724168696611,normal,13.494553393873264,10.87947720867947,6,False,3.3077052971034084,ZONE_A,0.615248068677461,94.2,critical
0.0,0.0,48.573401817873155,23.055352488625132,clayey_sandstone,0.5025134251070245,normal,13.494553393873264,13.465477732031674,0,False,3.043235783839817,ZONE_A,0.6154230857516585,94.2,critical
0.0,0.0,48.573401817873155,23.055352488625132,clayey_sandstone,0.5026732886561988,normal,13.494553393873264,13.43318736321437,1,False,2.7999120853219144,ZONE_A,0.6156326973151053,94.2,critical
0.0,0.0,48.573401817873155,23.055352488625132,clayey_sandstone,0.4987645016045443,normal,13.494553393873264,6.778228329446337,2,False,2.576043475553569,ZONE_A,0.6158977348388158,94.2,critical
0.0,0.0,48.573401817873155,23.055352488625132,clayey_sandstone,0.49876556450693504,normal,13.494553393873264,6.133634589370787,3,False,2.370074411525371,ZONE_A,0.6160775567067907,94.2,critical
0.0,0.0,48.573401817873155,23.055352488625132,clayey_sandstone,0.4987678265675034,normal,13.494553393873264,7.286525640967232,4,False,2.180573724579798,ZONE_A,0.6162429779571141,94.2,critical
0.0,0.0,48.573401817873155,23.055352488625132,clayey_sandstone,0.4987711919068554,normal,13.494553393873264,4.324914728955738,5,False,2.006224675987103,ZONE_A,0.6163951499996005,94.2,critical
0.0,0.0,48.573401817873155,23.055352488625132,clayey_sandstone,0.49877557231169006,normal,13.494553393873264,9.490262477578428,6,False,1.845815807633458,ZONE_A,0.6165351321824181,94.2,critical
8.948759,8.948759,48.573401817873155,23.055352488625132,clayey_sandstone,0.5004257388497946,normal,13.494553393873264,8.194615027590517,0,False,10.646991524247678,ZONE_A,0.5414641907653662,97.9,critical
1.5206275,10.4693865,48.573401817873155,23.055352488625132,clayey_sandstone,0.520013894959627,normal,13.494553393873264,26.179856620440585,1,False,11.316332584489821,ZONE_A,0.5405311329391593,98.0,critical
0.0,10.4693865,48.573401817873155,23.055352488625132,clayey_sandstone,0.505923315218365,normal,13.494553393873264,13.661018646323091,2,False,10.411528588447675,ZONE_A,0.6089288117725532,94.6,critical
0.0,10.4693865,48.573401817873155,23.055352488625132,clayey_sandstone,0.5017108362939825,normal,13.494553393873264,8.269996260167055,3,False,9.579068725554805,ZONE_A,0.6097306425399592,94.5,critical
9.806886,20.2762725,48.573401817873155,23.055352488625132,clayey_sandstone,0.5122678320432376,normal,13.494553393873264,17.351626233972546,4,False,18.62005467829713,ZONE_A,0.5342917900531103,98.3,critical
0.0,20.2762725,48.573401817873155,23.055352488625132,clayey_sandstone,0.5094753440063511,normal,13.494553393873264,14.739442933217017,5,False,17.131277306859875,ZONE_A,0.5356414082117881,98.2,critical
0.0,20.2762725,48.573401817873155,23.055352488625132,clayey_sandstone,0.5039959995551779,normal,13.494553393873264,7.670335752351474,6,False,15.761536001642504,ZONE_A,0.5369349108243052,98.2,critical
0.0,11.3275135,48.573401817873155,23.055352488625132,clayey_sandstone,0.503920296117615,normal,13.494553393873264,8.558413345448532,0,False,14.501313164290183,ZONE_A,0.6053934876222651,94.7,critical
0.0,9.806886,48.573401817873155,23.055352488625132,clayey_sandstone,0.5039471264342182,normal,13.494553393873264,10.079581628289008,1,False,13.341852181595861,ZONE_A,0.6064053872496318,94.7,critical
0.0,9.806886,48.573401817873155,23.055352488625132,clayey_sandstone,0.5037949099668844,normal,13.494553393873264,5.657513895436476,2,False,12.275096580487324,ZONE_A,0.6073395283099832,94.6,critical
0.0,9.806886,48.573401817873155,23.055352488625132,clayey_sandstone,0.5066054081611461,normal,13.494553393873264,12.395810664052789,3,False,11.293634047912867,ZONE_A,0.6081464663542169,94.6,critical
0.0,0.0,48.573401817873155,23.055352488625132,clayey_sandstone,0.5069666117033139,normal,13.494553393873264,12.623634284868404,4,False,10.39064492664979,ZONE_A,0.6089284778383127,94.6,critical
0.0,0.0,48.573401817873155,23.055352488625132,clayey_sandstone,0.5039352749941952,normal,13.494553393873264,9.34230331608754,5,False,9.559854829160654,ZONE_A,0.6097078289152911,94.5,critical
0.0,0.0,48.573401817873155,23.055352488625132,clayey_sandstone,0.508956237176363,normal,13.494553393873264,14.230478069118417,6,False,8.795491040236424,ZONE_A,0.610285866937899,94.5,critical
0.0,0.0,48.573401817873155,23.055352488625132,clayey_sandstone,0.513795714130546,normal,13.494553393873264,18.10126777724655,0,False,8.09224240549178,ZONE_A,0.61081377263035,94.5,critical
0.0,0.0,48.573401817873155,23.055352488625132,clayey_sandstone,0.5135214885884837,normal,13.494553393873264,17.506844733474377,1,False,7.445222426999271,ZONE_A,0.6113835952736887,94.4,critical
1.4488865,1.4488865,48.573401817873155,23.055352488625132,clayey_sandstone,0.508552556188368,normal,13.494553393873264,12.790702779016543,2,False,8.298821809633655,ZONE_A,0.5433698430335683,97.8,critical
0.0,1.4488865,48.573401817873155,23.055352488625132,clayey_sandstone,0.5053431973346383,normal,13.494553393873264,7.698823856995235,3,False,7.6352846539574575,ZONE_A,0.6113631991247634,94.4,critical
0.0,1.4488865,48.573401817873155,23.055352488625132,clayey_sandstone,0.5086619385139488,normal,13.494553393873264,12.798104613101769,4,False,7.024800999978544,ZONE_A,0.6118371733360715,94.4,critical
0.0,1.4488865,48.573401817873155,23.055352488625132,clayey_sandstone,0.5054515703560151,normal,13.494553393873264,7.0033161508700275,5,False,6.463128923912745,ZONE_A,0.6123847318213039,94.4,critical
0.0,1.4488865,48.573401817873155,23.055352488625132,clayey_sandstone,0.5054300025282781,normal,13.494553393873264,8.147751386961307,6,False,5.946365667475149,ZONE_A,0.6128363247515188,94.4,critical
0.0,1.4488865,48.573401817873155,23.055352488625132,clayey_sandstone,0.5077976151912763,normal,13.494553393873264,11.994769218267404,0,False,5.470920519704078,ZONE_A,0.6132093188180467,94.3,critical
0.0,1.4488865,48.573401817873155,23.055352488625132,clayey_sandstone,0.5060597082131554,normal,13.494553393873264,10.458821724538312,1,False,5.033489867034692,ZONE_A,0.6136221899867081,94.3,critical
0.0,0.0,48.573401817873155,23.055352488625132,clayey_sandstone,0.5197401185013655,normal,13.494553393873264,21.884160249422894,2,False,4.631034238258564,ZONE_A,0.6137301106326772,94.3,critical
0.0,0.0,48.573401817873155,23.055352488625132,clayey_sandstone,0.5096204239386374,normal,13.494553393873264,12.859728041716096,3,False,4.2607571848669545,ZONE_A,0.6142335244513611,94.3,critical
0.0,0.0,48.573401817873155,23.055352488625132,clayey_sandstone,0.5063559923178526,normal,13.494553393873264,6.729567328834799,4,False,3.9200858500286007,ZONE_A,0.6145890795340246,94.3,critical
0.0,0.0,48.573401817873155,23.055352488625132,clayey_sandstone,0.5063492301645144,normal,13.494553393873264,7.742953514156665,5,False,3.6066530911862573,ZONE_A,0.6148628720205155,94.3,critical
0.0,0.0,48.573401817873155,23.055352488625132,clayey_sandstone,0.5082205293266215,normal,13.494553393873264,11.568478301833833,6,False,3.3182810320514995,ZONE_A,0.615081357514421,94.2,critical
0.0,0.0,48.573401817873155,23.055352488625132,clayey_sandstone,0.5094493559218228,normal,13.494553393873264,12.522737230283896,0,False,3.0529659297094085,ZONE_A,0.6152911455540905,94.2,critical
0.0,0.0,48.573401817873155,23.055352488625132,clayey_sandstone,0.5065756066674568,normal,13.494553393873264,8.17420722939389,1,False,2.8088642516827607,ZONE_A,0.6155554280678422,94.2,critical
0.0,0.0,48.573401817873155,23.055352488625132,clayey_sandstone,0.519817965919527,normal,13.494553393873264,21.07046583136253,2,False,2.5842798662126976,ZONE_A,0.6155158377389366,94.2,critical
0.0,0.0,48.573401817873155,23.055352488625132,clayey_sandstone,0.5072156980209549,normal,13.494553393873264,5.378364351238201,3,False,2.377652256748007,ZONE_A,0.6159205462883767,94.2,critical
0.0,0.0,48.573401817873155,23.055352488625132,clayey_sandstone,0.5072179159630772,normal,13.494553393873264,4.301781801860642,4,False,2.18754567875181,ZONE_A,0.6160864973544383,94.2,critical
0.0,0.0,48.573401817873155,23.055352488625132,clayey_sandstone,0.5072331122882086,normal,13.494553393873264,10.009924287515739,5,False,2.0126391834821145,ZONE_A,0.6162389455628788,94.2,critical
0.35083345,0.35083345,48.573401817873155,23.055352488625132,clayey_sandstone,0.5102923554723853,normal,13.494553393873264,12.509343068398799,6,False,2.202550889426841,ZONE_A,0.5486618047269259,97.6,critical
3.3541982,3.70503165,48.573401817873155,23.055352488625132,clayey_sandstone,0.5080553340663623,normal,13.494553393873264,8.180195569000368,0,False,5.380642843754013,ZONE_A,0.5459266848354405,97.7,critical
14.591815,18.29684665,48.573401817873155,23.055352488625132,clayey_sandstone,0.5107221587722722,normal,13.494553393873264,4.6524360023191935,1,False,19.54224539551112,ZONE_A,0.5335140937644905,98.3,critical
0.43518314,18.732029790000002,48.573401817873155,23.055352488625132,clayey_sandstone,0.5107044340102326,normal,13.494553393873264,3.8537235268397363,2,False,18.414916865455616,ZONE_A,0.5344987300956879,98.3,critical
0.0,18.732029790000002,48.573401817873155,23.055352488625132,clayey_sandstone,0.5152031271959435,normal,13.494553393873264,13.836974603150217,3,False,16.942541407925766,ZONE_A,0.5357042599593097,98.2,critical
0.0,18.732029790000002,48.573401817873155,23.055352488625132,clayey_sandstone,0.5174566723469732,normal,13.494553393873264,15.60465251795482,4,False,15.587890591988133,ZONE_A,0.5368469578987289,98.2,critical
0.0,18.732029790000002,48.573401817873155,23.055352488625132,clayey_sandstone,0.5110013070116641,normal,13.494553393873264,8.983639165025975,5,False,14.341551675011658,ZONE_A,0.5380500834101697,98.1,critical
0.0,18.381196340000002,48.573401817873155,23.055352488625132,clayey_sandstone,0.5109338707661937,normal,13.494553393873264,3.8008738775377067,6,False,13.194864515712291,ZONE_A,0.5390525073803213,98.0,critical
0.0,15.02699814,48.573401817873155,23.055352488625132,clayey_sandstone,0.5142039113627833,normal,13.494553393873264,12.784451092803279,0,False,12.139861399471744,ZONE_A,0.5399154781434139,98.0,critical
0.0,0.43518314,48.573401817873155,23.055352488625132,clayey_sandstone,0.5184193147161044,normal,13.494553393873264,16.219626589788568,1,False,11.169211674958099,ZONE_A,0.6080448434289025,94.6,critical
0.0,0.0,48.573401817873155,23.055352488625132,clayey_sandstone,0.5112895516648346,normal,13.494553393873264,6.4777692643825935,2,False,10.276170817357828,ZONE_A,0.6089514914335102,94.6,critical
0.0,0.0,48.573401817873155,23.055352488625132,clayey_sandstone,0.5112457841908068,normal,13.494553393873264,7.281014588075563,3,False,9.454533564286917,ZONE_A,0.6096696785663775,94.5,critical
17.02425,17.02425,48.573401817873155,23.055352488625132,clayey_sandstone,0.5154828403282289,normal,13.494553393873264,10.958731959496896,4,False,25.722840798747647,ZONE_A,0.5280328102830594,98.6,critical
0.0,17.02425,48.573401817873155,23.055352488625132,clayey_sandstone,0.514257663855929,normal,13.494553393873264,6.956314176350909,5,False,23.666156005287053,ZONE_A,0.5298503990540994,98.5,critical
0.0,17.02425,48.573401817873155,23.055352488625132,clayey_sandstone,0.515636434197896,normal,13.494553393873264,11.254369269271288,6,False,21.77391464841057,ZONE_A,0.5314780603706725,98.4,critical
0.0,17.02425,48.573401817873155,23.055352488625132,clayey_sandstone,0.5245147903387007,normal,13.494553393873264,18.708398898203896,0,False,20.032968556885752,ZONE_A,0.5328401428398486,98.4,critical
0.0,17.02425,48.573401817873155,23.055352488625132,clayey_sandstone,0.5155603266862469,normal,13.494553393873264,10.886356291839732,1,False,18.43122082920759,ZONE_A,0.5343980701260231,98.3,critical
0.0,17.02425,48.573401817873155,23.055352488625132,clayey_sandstone,0.5181407821783031,normal,13.494553393873264,13.077025985390057,2,False,16.957541778712088,ZONE_A,0.5356388786432067,98.2,critical
0.0,17.02425,48.573401817873155,23.055352488625132,clayey_sandstone,0.5145550444668648,normal,13.494553393873264,4.82083799249564,3,False,15.601691599347456,ZONE_A,0.5368865502422434,98.2,critical
0.0,0.0,48.573401817873155,23.055352488625132,clayey_sandstone,0.5144802716482909,normal,13.494553393873264,5.869411739413784,4,False,14.354249214748862,ZONE_A,0.6053339512933406,94.7,critical
0.0,0.0,48.573401817873155,23.055352488625132,clayey_sandstone,0.5144127614773566,normal,13.494553393873264,5.984854835491084,5,False,13.20654681622704,ZONE_A,0.6063372630298941,94.7,critical
0.0,0.0,48.573401817873155,23.055352488625132,clayey_sandstone,0.5170517854369038,normal,13.494553393873264,12.25699667886778,6,False,12.15060963481036,ZONE_A,0.6072122800806594,94.6,critical
0.0,0.0,48.573401817873155,23.055352488625132,clayey_sandstone,0.5144276044189956,normal,13.494553393873264,9.373073957208277,0,False,11.179100528848513,ZONE_A,0.608107252727067,94.6,critical
0.0,0.0,48.573401817873155,23.055352488625132,clayey_sandstone,0.526394083593556,normal,13.494553393873264,20.044606089597952,1,False,10.285269002146789,ZONE_A,0.6086747198258609,94.6,critical
0.0,0.0,48.573401817873155,23.055352488625132,clayey_sandstone,0.5150171586507312,normal,13.494553393873264,10.085501419500838,2,False,9.462904298385267,ZONE_A,0.6095952475019148,94.5,critical
0.0,0.0,48.573401817873155,23.055352488625132,clayey_sandstone,0.5175312036560884,normal,13.494553393873264,12.215670807663454,3,False,8.70629224590118,ZONE_A,0.6102111347707868,94.5,critical
0.0,0.0,48.573401817873155,23.055352488625132,clayey_sandstone,0.5171711098919107,normal,13.494553393873264,11.836615812039513,4,False,8.010175552971967,ZONE_A,0.6108253542136549,94.5,critical
0.0,0.0,48.573401817873155,23.055352488625132,clayey_sandstone,0.5245649764046318,normal,13.494553393873264,17.954555741087006,5,False,7.369717277712209,ZONE_A,0.6112529723021429,94.4,critical
0.0,0.0,48.573401817873155,23.055352488625132,clayey_sandstone,0.517488131097377,normal,13.494553393873264,11.676910327909304,6,False,6.78046721875634,ZONE_A,0.6118934251777813,94.4,critical
0.0,0.0,48.573401817873155,23.055352488625132,clayey_sandstone,0.5155556203363093,normal,13.494553393873264,8.429903272923706,0,False,6.238330993193992,ZONE_A,0.6124011829777101,94.4,critical
0.0,0.0,48.573401817873155,23.055352488625132,clayey_sandstone,0.5155353612889867,normal,13.494553393873264,8.802402539774752,1,False,5.739541586897132,ZONE_A,0.6128370588434991,94.4,critical
0.0,0.0,48.573401817873155,23.055352488625132,clayey_sandstone,0.5206170150064939,normal,13.494553393873264,14.262620761563728,2,False,5.280633179557429,ZONE_A,0.6131473099590032,94.3,critical
0.0,0.0,48.573401817873155,23.055352488625132,clayey_sandstone,0.5157495083503928,normal,13.494553393873264,5.762131795642317,3,False,4.858417062558098,ZONE_A,0.6136025966550505,94.3,critical
0.0,0.0,48.573401817873155,23.055352488625132,clayey_sandstone,0.5390764713267133,normal,13.494553393873264,29.510871974716732,4,False,4.469959482346381,ZONE_A,0.6135266074763331,94.3,critical
0.0,0.0,48.573401817873155,23.055352488625132,clayey_sandstone,0.5219634441954918,normal,13.494553393873264,14.271210754705416,5,False,4.112561255352169,ZONE_A,0.6141432422149755,94.3,critical
0.0,0.0,48.573401817873155,23.055352488625132,clayey_sandstone,0.5195307689718043,normal,13.494553393873264,12.037937367643611,6,False,3.7837390128077213,ZONE_A,0.6144736478845523,94.3,critical
0.0,0.0,48.573401817873155,23.055352488625132,clayey_sandstone,0.5172098987725668,normal,13.494553393873264,10.004354045815395,0,False,3.4812079451488134,ZONE_A,0.6147791076710796,94.3,critical
0.0,0.0,48.573401817873155,23.055352488625132,clayey_sandstone,0.5207815023502367,normal,13.494553393873264,12.993415857446555,1,False,3.2028659260973895,ZONE_A,0.614958573795739,94.3,critical
0.0,0.0,48.573401817873155,23.055352488625132,clayey_sandstone,0.5193423537387853,normal,13.494553393873264,11.647967112300801,2,False,2.946778906112478,ZONE_A,0.6152077884982153,94.2,critical
0.0,0.0,48.573401817873155,23.055352488625132,clayey_sandstone,0.5284589926999592,normal,13.494553393873264,19.190558301193462,3,False,2.7111674737162925,ZONE_A,0.6152512551585606,94.2,critical
0.0,0.0,48.573401817873155,23.055352488625132,clayey_sandstone,0.5179961856386722,normal,13.494553393873264,4.215151300994134,4,False,2.4943944913173675,ZONE_A,0.6156267443704196,94.2,critical
0.0,0.0,48.573401817873155,23.055352488625132,clayey_sandstone,0.5179977239039414,normal,13.494553393873264,9.790167691900866,5,False,2.2949537196186958,ZONE_A,0.6158008576344877,94.2,critical
0.0,0.0,48.573401817873155,23.055352488625132,clayey_sandstone,0.5201965900096366,normal,13.494553393873264,11.835930491748016,6,False,2.111459351567971,ZONE_A,0.6159219397600941,94.2,critical
0.0,0.0,48.573401817873155,23.055352488625132,clayey_sandstone,0.5181102242545933,normal,13.494553393873264,8.35142990630996,0,False,1.9426363831269646,ZONE_A,0.6161064793704465,94.2,critical
46.26834,46.26834,48.573401817873155,23.055352488625132,clayey_sandstone,0.5317919268884518,normal,13.494553393873264,14.32403008784,1,False,48.05565175395168,ZONE_A,0.5082427699781592,99.6,critical
0.0,46.26834,48.573401817873155,23.055352488625132,clayey_sandstone,0.5266054707052124,normal,13.494553393873264,9.572101735226445,2,False,44.213333987595085,ZONE_A,0.5116899767177848,99.4,critical
23.766209,70.034549,48.573401817873155,23.055352488625132,clayey_sandstone,0.5307325360120676,normal,13.494553393873264,7.189996310634514,3,False,64.44443998742769,ZONE_A,0.4939518421293385,100.0,critical
0.0,70.034549,48.573401817873155,23.055352488625132,clayey_sandstone,0.530373399221529,normal,13.494553393873264,7.812260056159056,4,False,59.29174706434746,ZONE_A,0.49845728021092683,100.0,critical
0.0,70.034549,48.573401817873155,23.055352488625132,clayey_sandstone,0.5300442615664666,normal,13.494553393873264,9.818830895400612,5,False,54.55104072016746,ZONE_A,0.5026024604984158,99.9,critical
12.906802,82.941351,48.573401817873155,23.055352488625132,clayey_sandstone,0.5326081306684293,normal,13.494553393873264,10.412162351354407,6,False,63.09618232680685,ZONE_A,0.4950956846101938,100.0,critical
0.0,82.941351,48.573401817873155,23.055352488625132,clayey_sandstone,0.5466623697978313,normal,13.494553393873264,22.43485728005447,0,False,58.05129013421206,ZONE_A,0.49925047054762817,100.0,critical
0.0,36.673011,48.573401817873155,23.055352488625132,clayey_sandstone,0.5335209536248511,normal,13.494553393873264,11.11776564420271,1,False,53.40976525000814,ZONE_A,0.5035370815620767,99.8,critical
0.0,36.673011,48.573401817873155,23.055352488625132,clayey_sandstone,0.5360434760823244,normal,13.494553393873264,13.419074517535968,2,False,49.139356204933314,ZONE_A,0.5072208709788585,99.6,critical
0.0,12.906802,48.573401817873155,23.055352488625132,clayey_sandstone,0.5378478317467219,normal,13.494553393873264,14.988123303016561,3,False,45.21039021482968,ZONE_A,0.5779761856366847,96.1,critical
0.0,12.906802,48.573401817873155,23.055352488625132,clayey_sandstone,0.5380853567067407,normal,13.494553393873264,15.152470131919639,4,False,41.59556700036626,ZONE_A,0.5811282217454073,95.9,critical
0.0,12.906802,48.573401817873155,23.055352488625132,clayey_sandstone,0.534167959053765,normal,13.494553393873264,11.817896022186558,5,False,38.26976909202677,ZONE_A,0.5841018454754259,95.8,critical
16.923323,16.923323,48.573401817873155,23.055352488625132,clayey_sandstone,0.5413272182678251,normal,13.494553393873264,15.287486840472154,6,False,52.13321030227314,ZONE_A,0.5045127642706815,99.8,critical
8.998831,25.922154,48.573401817873155,23.055352488625132,clayey_sandstone,0.5387251357762012,normal,13.494553393873264,11.71450395831146,0,False,56.9636999553023,ZONE_A,0.5003413594645527,100.0,critical
0.0,25.922154,48.573401817873155,23.055352488625132,clayey_sandstone,0.536457657856828,normal,13.494553393873264,6.2162365288277455,1,False,52.40913398049652,ZONE_A,0.5043585104953493,99.8,critical
0.0,25.922154,48.573401817873155,23.055352488625132,clayey_sandstone,0.551997846926532,normal,13.494553393873264,23.23279046826095,2,False,48.2187309943157,ZONE_A,0.5077407571045035,99.6,critical
0.0,25.922154,48.573401817873155,23.055352488625132,clayey_sandstone,0.5395034066269697,normal,13.494553393873264,12.37017099805745,3,False,44.36337413183399,ZONE_A,0.5113294149675417,99.4,critical
0.0,25.922154,48.573401817873155,23.055352488625132,clayey_sandstone,0.5365628374722385,normal,13.494553393873264,6.1984953634831825,4,False,40.81627458410487,ZONE_A,0.5144788816317732,99.3,critical
0.0,25.922154,48.573401817873155,23.055352488625132,clayey_sandstone,0.5363412645818914,normal,13.494553393873264,9.830766495091243,5,False,37.552785457082486,ZONE_A,0.5173323231993265,99.1,critical
0.0,8.998831,48.573401817873155,23.055352488625132,clayey_sandstone,0.54364201851105,normal,13.494553393873264,16.272559507627154,6,False,34.55023051356202,ZONE_A,0.5871809231654452,95.6,critical
0.0,0.0,48.573401817873155,23.055352488625132,clayey_sandstone,0.5363158684432691,normal,13.494553393873264,4.480154301771964,0,False,31.787746608158354,ZONE_A,0.5897233606151637,95.5,critical
0.0,0.0,48.573401817873155,23.055352488625132,clayey_sandstone,0.5361468599183796,normal,13.494553393873264,6.1123784824955125,1,False,29.24613872048831,ZONE_A,0.591945559913648,95.4,critical
7.085228,7.085228,48.573401817873155,23.055352488625132,clayey_sandstone,0.5372949692977914,normal,13.494553393873264,4.873818339709668,2,False,33.99297457925965,ZONE_A,0.5204235791502974,99.0,critical
0.0,7.085228,48.573401817873155,23.055352488625132,clayey_sandstone,0.5371131218683431,normal,13.494553393873264,6.055358900399138,3,False,31.275046398284413,ZONE_A,0.5901568326936567,95.5,critical
13.428866,20.514094,48.573401817873155,23.055352488625132,clayey_sandstone,0.5394154294011475,normal,13.494553393873264,6.458604880327138,4,False,42.20329775601451,ZONE_A,0.5132170398899292,99.3,critical
0.0,20.514094,48.573401817873155,23.055352488625132,clayey_sandstone,0.5543524615648587,normal,13.494553393873264,22.67889683839737,5,False,38.8289083793594,ZONE_A,0.5158975234571028,99.2,critical
0.0,20.514094,48.573401817873155,23.055352488625132,clayey_sandstone,0.53970804192229,normal,13.494553393873264,5.387396680197817,6,False,35.72432028058334,ZONE_A,0.518868916516405,99.1,critical
0.0,20.514094,48.573401817873155,23.055352488625132,clayey_sandstone,0.539516114545322,normal,13.494553393873264,8.270307208511442,0,False,32.86796134057976,ZONE_A,0.5213663469161229,98.9,critical
1.5651855,22.0792795,48.573401817873155,23.055352488625132,clayey_sandstone,0.5396285103721848,normal,13.494553393873264,8.039539003510066,1,False,31.805169751652933,ZONE_A,0.5222923173013584,98.9,critical
0.0,14.9940515,48.573401817873155,23.055352488625132,clayey_sandstone,0.5394594004092221,normal,13.494553393873264,4.041602747264863,2,False,29.262168786345782,ZONE_A,0.5918726073840807,95.4,critical
0.0,14.994051500000001,48.573401817873155,23.055352488625132,clayey_sandstone,0.5453093384464462,normal,13.494553393873264,15.01936946098521,3,False,26.92249495181796,ZONE_A,0.5938113649833059,95.3,critical
0.30755132,1.8727368200000016,48.573401817873155,23.055352488625132,clayey_sandstone,0.5486698710217518,normal,13.494553393873264,17.65668410262867,4,False,25.077442428306266,ZONE_A,0.5280056799761583,98.6,critical
0.0,1.8727368200000016,48.573401817873155,23.055352488625132,clayey_sandstone,0.5404223051930245,normal,13.494553393873264,10.500916766846766,5,False,23.072360839351596,ZONE_A,0.5972600674515264,95.1,critical
0.0,1.8727368200000016,48.573401817873155,23.055352488625132,clayey_sandstone,0.5451993422295199,normal,13.494553393873264,14.569061818761798,6,False,21.227596722557763,ZONE_A,0.5987857925681437,95.1,critical
1.6915324,3.5642692200000017,48.573401817873155,23.055352488625132,clayey_sandstone,0.540201037918145,normal,13.494553393873264,3.1038561380308853,0,False,21.221864200593,ZONE_A,0.5315228841345424,98.4,critical
34.185513,36.18459672,48.573401817873155,23.055352488625132,clayey_sandstone,0.546377110219086,normal,13.494553393873264,9.991424985522627,1,False,53.71057062577758,ZONE_A,0.5030456235377552,99.8,critical
0.0,36.18459672,48.573401817873155,23.055352488625132,clayey_sandstone,0.5460804663436056,normal,13.494553393873264,4.950515430951995,2,False,49.41611051080046,ZONE_A,0.5068005880017405,99.7,critical
0.0,36.18459672,48.573401817873155,23.055352488625132,clayey_sandstone,0.5635116913204773,normal,13.494553393873264,24.799073455484322,3,False,45.465016468167356,ZONE_A,0.5099402269921753,99.5,critical
0.0,35.8770454,48.573401817873155,23.055352488625132,clayey_sandstone,0.5464148997216538,normal,13.494553393873264,8.462462113096578,4,False,41.829834462567575,ZONE_A,0.5134185521279357,99.3,critical
0.0,35.8770454,48.573401817873155,23.055352488625132,clayey_sandstone,0.5461874258547568,normal,13.494553393873264,4.5466499681436465,5,False,38.48530556215448,ZONE_A,0.5163428581641182,99.2,critical
0.0,35.8770454,48.573401817873155,23.055352488625132,clayey_sandstone,0.5459794239372047,normal,13.494553393873264,7.772153248808544,6,False,35.40819042776306,ZONE_A,0.5190333267444398,99.0,critical
0.0,34.185513,48.573401817873155,23.055352488625132,clayey_sandstone,0.5473182844283779,normal,13.494553393873264,11.278154829325867,0,False,32.57710783519487,ZONE_A,0.521481442566446,98.9,critical
0.0,0.0,48.573401817873155,23.055352488625132,clayey_sandstone,0.5456895520346129,normal,13.494553393873264,3.740801495411609,1,False,29.972386108548207,ZONE_A,0.5911416018828529,95.4,critical
1.0841434,1.0841434,48.573401817873155,23.055352488625132,clayey_sandstone,0.5593977483263876,normal,13.494553393873264,21.42551069458602,2,False,28.660069832283295,ZONE_A,0.5246865953303758,98.8,critical
0.0,1.0841434,48.573401817873155,23.055352488625132,clayey_sandstone,0.5519327229932878,normal,13.494553393873264,14.75939804861304,3,False,26.36853717207861,ZONE_A,0.594177168518303,95.3,critical
0.0,1.0841434,48.573401817873155,23.055352488625132,clayey_sandstone,0.5463768808319791,normal,13.494553393873264,9.003858962183722,4,False,24.260225347116616,ZONE_A,0.5961169115167947,95.2,critical
0.0,1.0841434,48.573401817873155,23.055352488625132,clayey_sandstone,0.5462516977656375,normal,13.494553393873264,8.358409121002001,5,False,22.32048482826338,ZONE_A,0.5978128135480009,95.1,critical
0.0,1.0841434,48.573401817873155,23.055352488625132,clayey_sandstone,0.548267962580451,normal,13.494553393873264,11.780746377971013,6,False,20.53583739806227,ZONE_A,0.5993351837987027,95.0,critical
0.0,1.0841434,48.573401817873155,23.055352488625132,clayey_sandstone,0.5461371544418013,normal,13.494553393873264,8.555576159869798,0,False,18.893882497823167,ZONE_A,0.6008067716438642,95.0,critical
0.0,1.0841434,48.573401817873155,23.055352488625132,clayey_sandstone,0.5460432143873277,normal,13.494553393873264,4.2868395104044525,1,False,17.383211062784934,ZONE_A,0.6021274782450051,94.9,critical
0.0,0.0,48.573401817873155,23.055352488625132,clayey_sandstone,0.5459580695080596,normal,13.494553393873264,7.884922431916179,2,False,15.993326246637942,ZONE_A,0.6033425641218141,94.8,critical
0.15377566,0.15377566,48.573401817873155,23.055352488625132,clayey_sandstone,0.5514540166306026,normal,13.494553393873264,14.635234598396488,3,False,14.868346144563798,ZONE_A,0.5368701460352843,98.2,critical
0.0,0.15377566,48.573401817873155,23.055352488625132,clayey_sandstone,0.5461064840575827,normal,13.494553393873264,6.3522773873296705,4,False,13.679538825081355,ZONE_A,0.6053601937649783,94.7,critical
0.0,0.15377566,48.573401817873155,23.055352488625132,clayey_sandstone,0.5487162577132858,normal,13.494553393873264,12.234846362389568,5,False,12.585783290721077,ZONE_A,0.6062687522994271,94.7,critical
0.0,0.15377566,48.573401817873155,23.055352488625132,clayey_sandstone,0.5473011362808204,normal,13.494553393873264,10.991775239092425,6,False,11.57947962036299,ZONE_A,0.6071725870216822,94.6,critical
0.0,0.15377566,48.573401817873155,23.055352488625132,clayey_sandstone,0.5504594632789976,normal,13.494553393873264,13.627090971982957,0,False,10.653635549029046,ZONE_A,0.6079247715136528,94.6,critical
0.0,0.15377566,48.573401817873155,23.055352488625132,clayey_sandstone,0.5503300028663699,normal,13.494553393873264,13.38217162326167,1,False,9.801817882380577,ZONE_A,0.6086708356595872,94.6,critical
0.0,0.15377566,48.573401817873155,23.055352488625132,clayey_sandstone,0.5475131484906711,normal,13.494553393873264,10.89834941571399,2,False,9.018107795898072,ZONE_A,0.6094052617614318,94.5,critical
11.798171,11.798171,48.573401817873155,23.055352488625132,clayey_sandstone,0.5546752621260145,minor,13.494553393873264,15.059874247366325,3,False,20.09523070814118,ZONE_A,0.5322489886556367,98.4,critical
4.51431,16.312481,48.573401817873155,23.055352488625132,clayey_sandstone,0.5699119144554065,minor,13.494553393873264,26.943688158990945,4,False,23.002814773712956,ZONE_A,0.5294390681686635,98.5,critical
0.0,16.312481,48.573401817873155,23.055352488625132,clayey_sandstone,0.5505043403634998,minor,13.494553393873264,9.969747661778523,5,False,21.163611253307486,ZONE_A,0.531390371173156,98.4,critical
1.1183013,17.4307823,48.573401817873155,23.055352488625132,clayey_sandstone,0.5506027384460324,minor,13.494553393873264,7.818759888581784,6,False,20.589763626991843,ZONE_A,0.5318896718848743,98.4,critical
0.0,17.4307823,48.573401817873155,23.055352488625132,clayey_sandstone,0.5504989249198604,minor,13.494553393873264,9.0470300270851,0,False,18.943497023551842,ZONE_A,0.533328948407369,98.3,critical
0.5889884,18.0197707,48.573401817873155,23.055352488625132,clayey_sandstone,0.5505129567045834,minor,13.494553393873264,9.337229384022578,1,False,18.017847030066083,ZONE_A,0.5341369250073748,98.3,critical
6.985034,25.0048047,48.573401817873155,23.055352488625132,clayey_sandstone,0.5517080210963695,minor,13.494553393873264,8.97219008003454,2,False,23.56225352365784,ZONE_A,0.5292745866393918,98.5,critical
0.97275573,14.179389429999999,48.573401817873155,23.055352488625132,clayey_sandstone,0.5517657017908547,minor,13.494553393873264,8.13304071265162,3,False,22.651075480521488,ZONE_A,0.530069150278481,98.5,critical
0.0,9.665079429999999,48.573401817873155,23.055352488625132,clayey_sandstone,0.5516536718665793,minor,13.494553393873264,10.003163832573827,4,False,20.83999548120101,ZONE_A,0.5990093515894953,95.0,critical
4.408594,14.07367343,48.573401817873155,23.055352488625132,clayey_sandstone,0.5727879025817058,minor,13.494553393873264,27.081191236668896,5,False,23.58231544337933,ZONE_A,0.5288818939743805,98.6,critical
0.0,12.955372129999999,48.573401817873155,23.055352488625132,clayey_sandstone,0.553220412861448,minor,13.494553393873264,6.15517067698313,6,False,21.696777607707986,ZONE_A,0.5982333723065454,95.1,critical
22.204466,35.15983813,48.573401817873155,23.055352488625132,clayey_sandstone,0.5654431718187605,minor,13.494553393873264,16.898145902864844,0,False,42.16646505342631,ZONE_A,0.5127859633752291,99.4,critical
0.0,34.570849730000006,48.573401817873155,23.055352488625132,clayey_sandstone,0.5573604746955182,minor,13.494553393873264,6.335987308256472,1,False,38.795020657067425,ZONE_A,0.515873576296785,99.2,critical
0.0,27.585815730000004,48.573401817873155,23.055352488625132,clayey_sandstone,0.5609591102353344,minor,13.494553393873264,13.18374388722813,2,False,35.69314207096411,ZONE_A,0.5185179171454554,99.1,critical
0.0,26.61306,48.573401817873155,23.055352488625132,clayey_sandstone,0.5639472717159234,minor,13.494553393873264,15.688338043129766,3,False,32.83927600296144,ZONE_A,0.5209565722928199,99.0,critical
0.0,26.61306,48.573401817873155,23.055352488625132,clayey_sandstone,0.5572961956627848,minor,13.494553393873264,5.671344065465186,4,False,30.213592466995443,ZONE_A,0.5233675483940549,98.8,critical
0.0,22.204466000000004,48.573401817873155,23.055352488625132,clayey_sandstone,0.557874890055591,minor,13.494553393873264,10.617396076716627,5,False,27.797846995145754,ZONE_A,0.5254665441243307,98.7,critical
0.47825903,22.682725030000004,48.573401817873155,23.055352488625132,clayey_sandstone,0.5571141378609048,minor,13.494553393873264,6.886323047073629,6,False,26.05351289660437,ZONE_A,0.5270031398240645,98.6,critical
0.0,0.47825903,48.573401817873155,23.055352488625132,clayey_sandstone,0.5569785142197127,minor,13.494553393873264,9.241055007671337,0,False,23.970389021993892,ZONE_A,0.5961812947044858,95.2,critical
0.0,0.47825903,48.573401817873155,23.055352488625132,clayey_sandstone,0.5618844872094813,minor,13.494553393873264,14.204487226959584,1,False,22.053822536177528,ZONE_A,0.5977674188976325,95.1,critical
0.0,0.47825903,48.573401817873155,23.055352488625132,clayey_sandstone,0.5569855092384459,minor,13.494553393873264,5.059496095544621,2,False,20.290496245636433,ZONE_A,0.5993942488806286,95.0,critical
47.86095,48.33920903,48.573401817873155,23.055352488625132,clayey_sandstone,0.5656806567809479,minor,13.494553393873264,8.16157196407064,3,False,66.52910774085505,ZONE_A,0.4915096256606343,100.0,critical
0.0,48.33920903,48.573401817873155,23.055352488625132,clayey_sandstone,0.5653093829911177,minor,13.494553393873264,9.11340426030368,4,False,61.20973398724617,ZONE_A,0.4961608162288334,100.0,critical
7.3260894,55.66529843,48.573401817873155,23.055352488625132,clayey_sandstone,0.5678023755818957,minor,13.494553393873264,11.242840653080862,5,False,63.641763275912496,ZONE_A,0.49399293307245035,100.0,critical
0.0,55.1870394,48.573401817873155,23.055352488625132,clayey_sandstone,0.5660329875940567,minor,13.494553393873264,4.542691190706223,6,False,58.55324883916488,ZONE_A,0.4984674334340082,100.0,critical
2.5483143,57.735353700000005,48.573401817873155,23.055352488625132,clayey_sandstone,0.5661765496924478,minor,13.494553393873264,6.978271132383278,0,False,56.419903852874555,ZONE_A,0.5003275970940733,100.0,critical
6.4469943,64.182348,48.573401817873155,23.055352488625132,clayey_sandstone,0.5798648549514885,minor,13.494553393873264,20.713559024800134,1,False,58.35581171376067,ZONE_A,0.49839364766760536,100.0,critical
1.0841434,65.2664914,48.573401817873155,23.055352488625132,clayey_sandstone,0.5757802486119421,minor,13.494553393873264,16.885693873320744,2,False,54.77408202840595,ZONE_A,0.5015937128065202,99.9,critical
1.2468346,18.652376,48.573401817873155,23.055352488625132,clayey_sandstone,0.5678675036934746,minor,13.494553393873264,8.214346647860419,3,False,51.64142283668329,ZONE_A,0.5044698069284209,99.8,critical
3.1854086,21.8377846,48.573401817873155,23.055352488625132,clayey_sandstone,0.5681684095927647,minor,13.494553393873264,6.282675748809027,4,False,50.69781124440165,ZONE_A,0.5052883608714958,99.7,critical
0.0,14.5116952,48.573401817873155,23.055352488625132,clayey_sandstone,0.5714138623333207,minor,13.494553393873264,12.946424922097226,5,False,46.64423806934344,ZONE_A,0.5761268272548992,96.2,critical
2.932344,17.444039200000002,48.573401817873155,23.055352488625132,clayey_sandstone,0.5683429597312056,minor,13.494553393873264,3.15322541679473,6,False,45.84711471033988,ZONE_A,0.5095206139650796,99.5,critical
8.661066,23.5567909,48.573401817873155,23.055352488625132,clayey_sandstone,0.574415644217052,minor,13.494553393873264,13.95545703137729,0,False,50.84244781611809,ZONE_A,0.5050508851339622,99.7,critical
0.0,17.1097966,48.573401817873155,23.055352488625132,clayey_sandstone,0.6010138960773868,minor,13.494553393873264,36.23386269712955,1,False,46.77731013930228,ZONE_A,0.5081269477180943,99.6,critical
0.43595493,16.461608130000002,48.573401817873155,23.055352488625132,clayey_sandstone,0.5783738397866286,minor,13.494553393873264,16.18809922301059,2,False,43.473157855048676,ZONE_A,0.5114148939922628,99.4,critical
4.5865564,19.80132993,48.573401817873155,23.055352488625132,clayey_sandstone,0.5769184491050542,minor,13.494553393873264,14.166066487115785,3,False,44.58379247083643,ZONE_A,0.5104710520904111,99.5,critical
21.08126,37.69718133000001,48.573401817873155,23.055352488625132,clayey_sandstone,0.5758069426928454,minor,13.494553393873264,5.2896538328412595,4,False,62.100329245785936,ZONE_A,0.4951963641839637,100.0,critical
0.0,37.69718133000001,48.573401817873155,23.055352488625132,clayey_sandstone,0.5754614533865949,minor,13.494553393873264,5.073927358318676,5,False,57.13506106922737,ZONE_A,0.4995379104564504,100.0,critical
0.0,34.764837330000006,48.573401817873155,23.055352488625132,clayey_sandstone,0.5833807797044409,minor,13.494553393873264,16.884975583535667,6,False,52.56679381624793,ZONE_A,0.503385721887419,99.8,critical
0.0,26.10377133,48.573401817873155,23.055352488625132,clayey_sandstone,0.5752525254318094,minor,13.494553393873264,6.903461730293685,0,False,48.36378504561016,ZONE_A,0.5072002216068667,99.6,critical
26.390703,52.49447433,48.573401817873155,23.055352488625132,clayey_sandstone,0.5798378293076814,minor,13.494553393873264,7.194390431489388,1,False,70.88753330154681,ZONE_A,0.4874521230668261,100.0,critical
0.0,52.058519399999994,48.573401817873155,23.055352488625132,clayey_sandstone,0.591066251981818,minor,13.494553393873264,19.718216316144584,2,False,65.21967908093829,ZONE_A,0.49220113830502743,100.0,critical
0.0,47.471963,48.573401817873155,23.055352488625132,clayey_sandstone,0.5796388008991161,minor,13.494553393873264,7.1128376888856994,3,False,60.00500146233419,ZONE_A,0.4969576897367929,100.0,critical
0.0,26.390703,48.573401817873155,23.055352488625132,clayey_sandstone,0.5854210277927546,minor,13.494553393873264,15.112391712324008,4,False,55.20726644524495,ZONE_A,0.5010438954048645,99.9,critical
0.0,26.390703,48.573401817873155,23.055352488625132,clayey_sandstone,0.5858566904307557,minor,13.494553393873264,15.485031232507069,5,False,50.793137139900466,ZONE_A,0.5048903149300461,99.8,critical
0.0,26.390703,48.573401817873155,23.055352488625132,clayey_sandstone,0.5793325431275268,minor,13.494553393873264,8.453934661352736,6,False,46.73194212706667,ZONE_A,0.508552441136597,99.6,critical
0.0,26.390703,48.573401817873155,23.055352488625132,clayey_sandstone,0.5790765290401778,minor,13.494553393873264,9.5495471259046,0,False,42.995462338788464,ZONE_A,0.51181948494505,99.4,critical
0.0,0.0,48.573401817873155,23.055352488625132,clayey_sandstone,0.5791170146867086,minor,13.494553393873264,10.22967940334484,1,False,39.557734979207744,ZONE_A,0.5821772702450925,95.9,critical
0.0,0.0,48.573401817873155,23.055352488625132,clayey_sandstone,0.5789218125265501,minor,13.494553393873264,10.234510025096808,2,False,36.394873123007095,ZONE_A,0.584942380308756,95.8,critical
0.0,0.0,48.573401817873155,23.055352488625132,clayey_sandstone,0.5784590008805561,minor,13.494553393873264,5.697788052149941,3,False,33.484899737965556,ZONE_A,0.5874914450205754,95.6,critical
0.0,0.0,48.573401817873155,23.055352488625132,clayey_sandstone,0.5847006719634541,minor,13.494553393873264,15.367398941762556,4,False,30.807594978338102,ZONE_A,0.5897180312640871,95.5,critical
0.0,0.0,48.573401817873155,23.055352488625132,clayey_sandstone,0.5801577052337394,minor,13.494553393873264,11.4469850216183,5,False,28.344355687982357,ZONE_A,0.591949650314772,95.4,critical
1.8019875,1.8019875,48.573401817873155,23.055352488625132,clayey_sandstone,0.5993730659027612,minor,13.494553393873264,27.288234402798075,6,False,27.880053636995058,ZONE_A,0.5246561892220867,98.8,critical
3.289921,5.091908500000001,48.573401817873155,23.055352488625132,clayey_sandstone,0.580149557584313,minor,13.494553393873264,8.354849557875443,0,False,28.940808628283254,ZONE_A,0.5240721330136309,98.8,critical
0.0,5.091908500000001,48.573401817873155,23.055352488625132,clayey_sandstone,0.5799971240192409,minor,13.494553393873264,7.8715467683682965,1,False,26.626829333308134,ZONE_A,0.5934521572479484,95.3,critical
0.0,5.091908500000001,48.573401817873155,23.055352488625132,clayey_sandstone,0.5855053090737558,minor,13.494553393873264,14.720847743505216,2,False,24.497865607398378,ZONE_A,0.5952130168985266,95.2,critical
0.0,5.091908500000001,48.573401817873155,23.055352488625132,clayey_sandstone,0.5906311553449406,minor,13.494553393873264,18.883782358238655,3,False,22.53912442242667,ZONE_A,0.5968320524417023,95.2,critical
0.0,5.091908500000001,48.573401817873155,23.055352488625132,clayey_sandstone,0.5849091190762771,minor,13.494553393873264,13.76768345785574,4,False,20.73699553548903,ZONE_A,0.5985074113384444,95.1,critical
2.8690908,7.9609993,48.573401817873155,23.055352488625132,clayey_sandstone,0.5810424527795222,minor,13.494553393873264,6.981005125540885,5,False,21.948047718619893,ZONE_A,0.530161933177979,98.5,critical
38.49156,44.6505718,48.573401817873155,23.055352488625132,clayey_sandstone,0.5945362353260936,minor,13.494553393873264,15.459265697053189,6,False,58.684738715534095,ZONE_A,0.4978453283897496,100.0,critical
8.948882,50.3095328,48.573401817873155,23.055352488625132,clayey_sandstone,0.5965104480073802,minor,13.494553393873264,15.743198410047835,0,False,62.94144807920835,ZONE_A,0.4940934687426977,100.0,critical
0.16514435,50.47467715,48.573401817873155,23.055352488625132,clayey_sandstone,0.5896520146840089,minor,13.494553393873264,8.61316930490084,1,False,58.07407210395719,ZONE_A,0.49846545709833256,100.0,critical
0.0,50.47467715,48.573401817873155,23.055352488625132,clayey_sandstone,0.5979860338352079,minor,13.494553393873264,17.236216754245373,2,False,53.430725674026405,ZONE_A,0.5023714428867162,99.9,critical
0.34418306,50.818860210000004,48.573401817873155,23.055352488625132,clayey_sandstone,0.5895161392428198,minor,13.494553393873264,5.128516751084414,3,False,49.50282378597958,ZONE_A,0.5059518149540079,99.7,critical
51.02652,101.84538021,48.573401817873155,23.055352488625132,clayey_sandstone,0.6046061260361012,minor,13.494553393873264,15.116717426941772,4,False,96.57131653267012,ZONE_A,0.4645856438553948,100.0,critical
4.5556345,103.53192391,48.573401817873155,23.055352488625132,clayey_sandstone,0.5991317898325628,minor,13.494553393873264,7.201078567354366,5,False,93.40553488928357,ZONE_A,0.46744726033569967,100.0,critical
6.883661,71.92402491,48.573401817873155,23.055352488625132,clayey_sandstone,0.6066378373512961,minor,13.494553393873264,15.650930073411178,6,False,92.82090167034974,ZONE_A,0.46782413849906196,100.0,critical
0.0,62.97514291,48.573401817873155,23.055352488625132,clayey_sandstone,0.602107112435178,minor,13.494553393873264,11.981875548883304,0,False,85.3993521426629,ZONE_A,0.4743848617046641,100.0,critical
0.0,62.809998560000004,48.573401817873155,23.055352488625132,clayey_sandstone,0.6096145679938999,minor,13.494553393873264,18.56441592377777,1,False,78.57119695181974,ZONE_A,0.48021321258422156,100.0,critical
0.0,62.809998560000004,48.573401817873155,23.055352488625132,clayey_sandstone,0.6006429070956327,minor,13.494553393873264,11.019856800655052,2,False,72.28899090626227,ZONE_A,0.4858581630604789,100.0,critical
0.0,62.4658155,48.573401817873155,23.055352488625132,clayey_sandstone,0.6015112050597131,minor,13.494553393873264,12.034896045419067,3,False,66.50908232249654,ZONE_A,0.4908894054880195,100.0,critical
0.0,11.4392955,48.573401817873155,23.055352488625132,clayey_sandstone,0.5994297274354067,minor,13.494553393873264,10.506871788575237,4,False,61.1913097129348,ZONE_A,0.4955696359072935,100.0,critical
0.0,6.883661,48.573401817873155,23.055352488625132,clayey_sandstone,0.5985124771976383,minor,13.494553393873264,7.227115574880265,5,False,56.298722725238726,ZONE_A,0.5672147697014396,96.6,critical
0.0,0.0,48.573401817873155,23.055352488625132,clayey_sandstone,0.5982007650216355,minor,13.494553393873264,5.381373403459503,6,False,51.79732539412085,ZONE_A,0.571150688470303,96.4,critical
0.0,0.0,48.573401817873155,23.055352488625132,clayey_sandstone,0.5979152601182928,minor,13.494553393873264,7.879952893104991,0,False,47.6558399215985,ZONE_A,0.5747718856950957,96.3,critical
0.0,0.0,48.573401817873155,23.055352488625132,clayey_sandstone,0.5997083280660881,minor,13.494553393873264,11.717468716793054,1,False,43.845489344335824,ZONE_A,0.5780669602164179,96.1,critical
0.0,0.0,48.573401817873155,23.055352488625132,clayey_sandstone,0.6021645656407875,minor,13.494553393873264,13.88786133160991,2,False,40.33979757794569,ZONE_A,0.5810842205620067,95.9,critical
0.0,0.0,48.573401817873155,23.055352488625132,clayey_sandstone,0.5975195920908246,minor,13.494553393873264,9.239875395628358,3,False,37.114405448866435,ZONE_A,0.5839831247804739,95.8,critical
0.0,0.0,48.573401817873155,23.055352488625132,clayey_sandstone,0.5973195715955766,minor,13.494553393873264,7.187248106036824,4,False,34.146901435517684,ZONE_A,0.5865777449455849,95.7,critical
0.71084493,0.71084493,48.573401817873155,23.055352488625132,clayey_sandstone,0.5972674868835753,minor,13.494553393873264,5.945997871658358,5,False,32.12751087264606,ZONE_A,0.5209850193750643,99.0,critical
15.462246,16.17309093,48.573401817873155,23.055352488625132,clayey_sandstone,0.5999385825654884,minor,13.494553393873264,9.211067364229825,6,False,45.02098293432087,ZONE_A,0.5096796136367786,99.5,critical
0.16514435,16.33823528,48.573401817873155,23.055352488625132,clayey_sandstone,0.5997228845640994,minor,13.494553393873264,3.50079057383542,0,False,41.586448239843996,ZONE_A,0.5126822981654675,99.4,critical
7.519648,23.857883280000003,48.573401817873155,23.055352488625132,clayey_sandstone,0.641184212598842,minor,13.494553393873264,43.693968957795704,1,False,45.78102742733992,ZONE_A,0.5082819030067439,99.6,critical
135.9027,159.76058328000002,48.573401817873155,23.055352488625132,clayey_sandstone,0.6257108650574644,minor,13.494553393873264,6.745869757465804,2,False,178.02327858051598,ZONE_A,0.39309068124500746,100.0,critical
24.354631,184.11521428000003,48.573401817873155,23.055352488625132,clayey_sandstone,0.6277115535180054,minor,13.494553393873264,10.14366019613505,3,False,188.14395413200378,ZONE_A,0.39132910965141016,100.0,critical
0.32134113,184.43655541,48.573401817873155,23.055352488625132,clayey_sandstone,0.6279991582271764,minor,13.494553393873264,4.923752235588089,4,False,173.4221352754257,ZONE_A,0.3970674182780239,100.0,critical
1.3211548,185.04686528000002,48.573401817873155,23.055352488625132,clayey_sandstone,0.6274267785368549,minor,13.494553393873264,3.830298890780041,5,False,160.87722173324633,ZONE_A,0.40803112946487025,100.0,critical
0.0,169.58461928000003,48.573401817873155,23.055352488625132,clayey_sandstone,0.6267039457601308,minor,13.494553393873264,7.6215092759386955,6,False,148.01418929675646,ZONE_A,0.41927528219609844,100.0,critical
0.0,169.41947493000004,48.573401817873155,23.055352488625132,clayey_sandstone,0.6281454466296291,minor,13.494553393873264,11.753847792143182,0,False,136.17962814836815,ZONE_A,0.4295829103323636,100.0,critical
0.0,161.89982693000002,48.573401817873155,23.055352488625132,clayey_sandstone,0.626010797726225,minor,13.494553393873264,10.382426416232196,1,False,125.2913062642043,ZONE_A,0.4391279823531966,100.0,critical
0.0,25.99712693,48.573401817873155,23.055352488625132,clayey_sandstone,0.6271235455415256,minor,13.494553393873264,11.744991068335972,2,False,115.2735665299931,ZONE_A,0.44785511368471403,100.0,critical
0.0,1.64249593,48.573401817873155,23.055352488625132,clayey_sandstone,0.6246493620250289,minor,13.494553393873264,5.148173871756689,3,False,106.05680104032186,ZONE_A,0.455946718162982,100.0,critical
0.0,1.3211548,48.573401817873155,23.055352488625132,clayey_sandstone,0.629910448241614,minor,13.494553393873264,14.76596909587643,4,False,97.57696743060153,ZONE_A,0.4632572036621741,100.0,critical
25.377424,25.377424,48.573401817873155,23.055352488625132,clayey_sandstone,0.6282213405908438,minor,13.494553393873264,5.135591278003812,5,False,115.15256788099234,ZONE_A,0.44794122466039554,100.0,critical
38.00756,63.384984,48.573401817873155,23.055352488625132,clayey_sandstone,0.6441138439062374,minor,13.494553393873264,18.518060070762775,6,False,143.95303690913101,ZONE_A,0.42251139761197315,100.0,critical
0.0,63.384984,48.573401817873155,23.055352488625132,clayey_sandstone,0.6337808456230973,minor,13.494553393873264,8.770296198156665,0,False,132.44318757717483,ZONE_A,0.43274506565308896,100.0,critical
0.0,63.384984,48.573401817873155,23.055352488625132,clayey_sandstone,0.6332046931701654,minor,13.494553393873264,8.89741501773886,1,False,121.85361498608347,ZONE_A,0.4420015485060929,100.0,critical
0.6605774,64.0455614,48.573401817873155,23.055352488625132,clayey_sandstone,0.6354051572060062,minor,13.494553393873264,12.18556551320094,2,False,112.77131527033809,ZONE_A,0.44989254642900706,100.0,critical
1.4224753,65.4680367,48.573401817873155,23.055352488625132,clayey_sandstone,0.6326739743390755,minor,13.494553393873264,8.445873368091732,3,False,105.17709404487708,ZONE_A,0.4565720090969584,100.0,critical
3.6262438,69.0942805,48.573401817873155,23.055352488625132,clayey_sandstone,0.6342326338967896,minor,13.494553393873264,11.173347213635163,4,False,100.39384172293221,ZONE_A,0.4607207395226264,100.0,critical
1.9669563,45.6838128,48.573401817873155,23.055352488625132,clayey_sandstone,0.6328063476841603,minor,13.494553393873264,5.930003858981959,5,False,94.3337496403641,ZONE_A,0.4660374612430046,100.0,critical
33.095898,40.7721508,48.573401817873155,23.055352488625132,clayey_sandstone,0.6388035152280704,minor,13.494553393873264,10.824788481201974,6,False,119.88713746765794,ZONE_A,0.44361892105461953,100.0,critical
0.9173608,41.689511599999996,48.573401817873155,23.055352488625132,clayey_sandstone,0.6375025502445313,minor,13.494553393873264,4.773336574511257,0,False,111.21885201301656,ZONE_A,0.4512107424078454,100.0,critical
2.5413406,44.2308522,48.573401817873155,23.055352488625132,clayey_sandstone,0.6380853233204944,minor,13.494553393873264,10.531298030648387,1,False,104.86762419606116,ZONE_A,0.45674591088193933,100.0,critical
6.3946733,49.9649481,48.573401817873155,23.055352488625132,clayey_sandstone,0.6380880180842056,minor,13.494553393873264,7.752609823499103,2,False,102.87754521703295,ZONE_A,0.4584834897248772,100.0,critical
6.028696,54.571168799999995,48.573401817873155,23.055352488625132,clayey_sandstone,0.6386462362406887,minor,13.494553393873264,9.4965479996001,3,False,100.68060686770681,ZONE_A,0.46039179961996174,100.0,critical
2.8999448,53.8448698,48.573401817873155,23.055352488625132,clayey_sandstone,0.6387062291158421,minor,13.494553393873264,7.093691381144271,4,False,95.53057481012434,ZONE_A,0.4648874547912973,100.0,critical
1.7151875,53.593101,48.573401817873155,23.055352488625132,clayey_sandstone,0.6454354789588648,minor,13.494553393873264,15.72126719608364,5,False,89.60755928038363,ZONE_A,0.46993933817950695,100.0,critical
10.162136,30.659339000000003,48.573401817873155,23.055352488625132,clayey_sandstone,0.6402297258611516,minor,13.494553393873264,4.225453442685013,6,False,92.60507042448295,ZONE_A,0.4674147283754941,100.0,critical
46.809875,76.5518532,48.573401817873155,23.055352488625132,clayey_sandstone,0.6506835551605014,moderate,13.494553393873264,12.675829327410542,0,False,132.01065281040067,ZONE_A,0.432821899870321,100.0,critical
16.021414,90.0319266,48.573401817873155,23.055352488625132,clayey_sandstone,0.6529714055423079,moderate,13.494553393873264,12.757697248165595,1,False,137.4770777897799,ZONE_A,0.42800820144741375,100.0,critical
72.381516,156.0187693,48.573401817873155,23.055352488625132,clayey_sandstone,0.6579453786261745,moderate,13.494553393873264,2.9295953319858192,2,False,198.86653356004803,ZONE_A,0.3907910138027544,100.0,critical
0.78151095,150.77158425000002,48.573401817873155,23.055352488625132,clayey_sandstone,0.6633192258741228,moderate,13.494553393873264,13.219655832693928,3,False,183.74755440861708,ZONE_A,0.3906953710951219,100.0,critical
0.0,147.87163945000003,48.573401817873155,23.055352488625132,clayey_sandstone,0.6742847506744533,moderate,13.494553393873264,22.448365511961782,4,False,169.05591113544583,ZONE_A,0.4000559813650582,100.0,critical
0.3381251,146.49457705,48.573401817873155,23.055352488625132,clayey_sandstone,0.6594028287413737,moderate,13.494553393873264,7.628134383683945,5,False,155.87707190023818,ZONE_A,0.41182787987777864,100.0,critical
1.4804151,137.81285615000002,48.573401817873155,23.055352488625132,clayey_sandstone,0.6705951791887188,moderate,13.494553393873264,19.737621583527652,6,False,144.89424447058755,ZONE_A,0.4212182775188149,100.0,critical
0.0,91.00298115000001,48.573401817873155,23.055352488625132,clayey_sandstone,0.6588689035403363,moderate,13.494553393873264,5.661341646376367,0,False,133.3091403370998,ZONE_A,0.43154245117152157,100.0,critical
0.0,74.98156715000002,48.573401817873155,23.055352488625132,clayey_sandstone,0.6582882839678068,moderate,13.494553393873264,8.329017012425082,1,False,122.65032998618528,ZONE_A,0.44085946810869436,100.0,critical
0.0,2.6000511500000143,48.573401817873155,23.055352488625132,clayey_sandstone,0.6611076579317906,moderate,13.494553393873264,12.796328569456673,2,False,112.84375105623317,ZONE_A,0.44937185130826507,100.0,critical
0.0,1.8185402000000144,48.573401817873155,23.055352488625132,clayey_sandstone,0.6723222019392526,moderate,13.494553393873264,22.43347129996624,3,False,103.82126288510914,ZONE_A,0.4570501942264286,100.0,critical
0.0,1.8185402000000144,48.573401817873155,23.055352488625132,clayey_sandstone,0.6606195791141346,moderate,13.494553393873264,12.408339074879423,4,False,95.52017303720733,ZONE_A,0.4645065274228703,100.0,critical
0.0,1.4804151000000143,48.573401817873155,23.055352488625132,clayey_sandstone,0.6574477566350767,moderate,13.494553393873264,4.982416346807568,5,False,87.88280168730908,ZONE_A,0.47123150881062204,100.0,critical
0.0,0.0,48.573401817873155,23.055352488625132,clayey_sandstone,0.6569521609873015,moderate,13.494553393873264,8.719475575118011,6,False,80.8560808343852,ZONE_A,0.47737567301258266,100.0,critical
0.0,0.0,48.573401817873155,23.055352488625132,clayey_sandstone,0.6571789686232719,moderate,13.494553393873264,10.569708439266003,0,False,74.39118556049317,ZONE_A,0.48301642502297987,100.0,critical
5.842479,5.842479000000014,48.573401817873155,23.055352488625132,clayey_sandstone,0.657967960718287,moderate,13.494553393873264,10.652672133169332,1,False,74.2856737725853,ZONE_A,0.4830945097448696,100.0,critical
0.6819691,6.524448100000014,48.573401817873155,23.055352488625132,clayey_sandstone,0.6576238099917359,moderate,13.494553393873264,10.576796116775236,2,False,69.02808834144312,ZONE_A,0.487691267439075,100.0,critical
49.873688,56.398136100000016,48.573401817873155,23.055352488625132,clayey_sandstone,0.6652587631646925,moderate,13.494553393873264,6.297322847021994,3,False,113.38259513108426,ZONE_A,0.44882748191114596,100.0,critical
4.7655525,61.163688600000015,48.573401817873155,23.055352488625132,clayey_sandstone,0.6655570701818764,moderate,13.494553393873264,6.7422784467651935,4,False,109.08257586653198,ZONE_A,0.4525767114943826,100.0,critical
0.10569238,61.269380980000015,48.573401817873155,23.055352488625132,clayey_sandstone,0.6651186396035094,moderate,13.494553393873264,9.807014080184693,5,False,100.46650703938217,ZONE_A,0.46010758895621545,100.0,critical
0.6442218,61.91360278000002,48.573401817873155,23.055352488625132,clayey_sandstone,0.6648123626611027,moderate,13.494553393873264,8.094383907630013,6,False,93.07787045890115,ZONE_A,0.46656438847947973,100.0,critical
5.7563744,67.66997718000002,48.573401817873155,23.055352488625132,clayey_sandstone,0.6707794886904414,moderate,13.494553393873264,14.516502872037734,0,False,91.39214924130368,ZONE_A,0.4679300651635787,100.0,critical
0.9739384,62.80143658000002,48.573401817873155,23.055352488625132,clayey_sandstone,0.665328371357457,moderate,13.494553393873264,9.442692594009445,1,False,85.05877485043099,ZONE_A,0.47355703504412405,100.0,critical
49.481834,111.60130148000002,48.573401817873155,23.055352488625132,clayey_sandstone,0.6757074408959681,moderate,13.494553393873264,12.13466588584925,2,False,127.7396847163522,ZONE_A,0.4361057024488515,100.0,critical
0.0,61.72761348000002,48.573401817873155,23.055352488625132,clayey_sandstone,0.6727253202323803,moderate,13.494553393873264,5.5732735124962005,3,False,117.52618344979058,ZONE_A,0.4450766416016683,100.0,critical
0.0,56.96206098000002,48.573401817873155,23.055352488625132,clayey_sandstone,0.6722261189072202,moderate,13.494553393873264,8.243988433727674,4,False,108.12930865568104,ZONE_A,0.4532903571985522,100.0,critical
0.0,56.85636860000002,48.573401817873155,23.055352488625132,clayey_sandstone,0.6875224851277416,moderate,13.494553393873264,23.16410438926356,5,False,99.48376648638948,ZONE_A,0.4605669242410652,100.0,critical
0.0,56.21214680000001,48.573401817873155,23.055352488625132,clayey_sandstone,0.6732046747481316,moderate,13.494553393873264,10.898771633685769,6,False,91.5294837020905,ZONE_A,0.4677669893159892,100.0,critical
0.0,50.455772400000015,48.573401817873155,23.055352488625132,clayey_sandstone,0.6716951202737252,moderate,13.494553393873264,8.759861755205494,0,False,84.21119025401404,ZONE_A,0.4741837848137255,100.0,critical
0.0,49.48183400000001,48.573401817873155,23.055352488625132,clayey_sandstone,0.6957929864572707,moderate,13.494553393873264,30.541537851511123,1,False,77.47803524249292,ZONE_A,0.4796339138336765,100.0,critical
0.0,0.0,48.573401817873155,23.055352488625132,clayey_sandstone,0.6900390612020486,moderate,13.494553393873264,25.103322334248826,2,False,71.28323358130947,ZONE_A,0.48514527899494353,100.0,critical
0.0,0.0,48.573401817873155,23.055352488625132,clayey_sandstone,0.6746039028813549,moderate,13.494553393873264,11.80429421211357,3,False,65.5837409132012,ZONE_A,0.49039647249952395,100.0,critical
0.0,0.0,48.573401817873155,23.055352488625132,clayey_sandstone,0.672184016205488,moderate,13.494553393873264,8.770079046155873,4,False,60.339954517687396,ZONE_A,0.49501812519190086,100.0,critical
0.0,0.0,48.573401817873155,23.055352488625132,clayey_sandstone,0.6851712418244845,moderate,13.494553393873264,21.137188087245242,5,False,55.51543813298569,ZONE_A,0.5663563542961525,96.7,critical
0.0,0.0,48.573401817873155,23.055352488625132,clayey_sandstone,0.672184846485492,moderate,13.494553393873264,5.534744198034784,6,False,51.07666877995324,ZONE_A,0.570463171373083,96.5,critical
1.6466075,1.6466075000000142,48.573401817873155,23.055352488625132,clayey_sandstone,0.6724339588537309,moderate,13.494553393873264,10.19040246283327,0,False,48.63941132886791,ZONE_A,0.5052299433902172,99.7,critical
8.356673,10.003280500000015,48.573401817873155,23.055352488625132,clayey_sandstone,0.6734860959973984,moderate,13.494553393873264,6.254820266587759,1,False,53.10709172398315,ZONE_A,0.5013102864412208,99.9,critical
1.0487261,11.052006600000015,48.573401817873155,23.055352488625132,clayey_sandstone,0.6771110349962823,moderate,13.494553393873264,13.114245210907372,2,False,49.90960921785786,ZONE_A,0.5040376351967628,99.8,critical
0.0,11.052006600000015,48.573401817873155,23.055352488625132,clayey_sandstone,0.6732910767418505,moderate,13.494553393873264,5.240565710738263,3,False,45.919057197222315,ZONE_A,0.574946823832995,96.3,critical
0.0,11.052006600000015,48.573401817873155,23.055352488625132,clayey_sandstone,0.6768978042770547,moderate,13.494553393873264,13.225181566873232,4,False,42.24757209934882,ZONE_A,0.5780883695374316,96.1,critical
0.0,11.052006600000015,48.573401817873155,23.055352488625132,clayey_sandstone,0.6767466448598256,moderate,13.494553393873264,13.135296223800545,5,False,38.86964274165552,ZONE_A,0.5810404807740222,95.9,critical
0.0,0.0,57.147823417859485,20.321698285276764,clayey_sandstone,0.24883385883436765,normal,11.775466026080107,57.307128032510995,16,False,0.0,ZONE_B,0.9792206729971066,76.0,high
0.0,0.0,57.147823417859485,20.321698285276764,clayey_sandstone,0.21711512145564332,normal,11.775466026080107,33.595126191002855,17,False,0.0,ZONE_B,0.9811121492407542,75.9,high
0.0,0.0,57.147823417859485,20.321698285276764,clayey_sandstone,0.25816358481274215,normal,11.775466026080107,58.07207304484291,18,False,0.0,ZONE_B,0.9786643155722468,76.1,high
0.0,0.0,57.147823417859485,20.321698285276764,clayey_sandstone,0.2171901842145767,normal,11.775466026080107,28.39523843752816,19,False,0.0,ZONE_B,0.9811076730403427,75.9,high
0.0,0.0,57.147823417859485,20.321698285276764,clayey_sandstone,0.2005798787101213,normal,11.775466026080107,16.435645091873024,20,False,0.0,ZONE_B,0.9820981916062702,75.9,high
0.0,0.0,57.147823417859485,20.321698285276764,clayey_sandstone,0.1993950468838083,normal,11.775466026080107,15.196262358980087,0,False,0.0,ZONE_B,0.9821688464127788,75.9,high
0.0,0.0,57.147823417859485,20.321698285276764,clayey_sandstone,0.2070162357927688,normal,11.775466026080107,19.669806345960215,1,False,0.0,ZONE_B,0.9817143737899399,75.9,high
0.0,0.0,57.147823417859485,20.321698285276764,clayey_sandstone,0.24348912573655823,normal,11.775466026080107,42.239415997548676,2,False,0.0,ZONE_B,0.9795393942489156,76.0,high
0.0,0.0,57.147823417859485,20.321698285276764,clayey_sandstone,0.2166962416575123,normal,11.775466026080107,22.7699580781093,3,False,0.0,ZONE_B,0.9811371282043759,75.9,high
0.0,0.0,57.147823417859485,20.321698285276764,clayey_sandstone,0.2117421470341222,normal,11.775466026080107,18.662567279199664,4,False,0.0,ZONE_B,0.9814325546009894,75.9,high
0.0,0.0,57.147823417859485,20.321698285276764,clayey_sandstone,0.22473278886546155,normal,11.775466026080107,26.31206858061409,5,False,0.0,ZONE_B,0.9806578866146718,76.0,high
0.0,0.0,57.147823417859485,20.321698285276764,clayey_sandstone,0.25631575218603564,normal,11.775466026080107,45.27569610177455,6,False,0.0,ZONE_B,0.9787745069545176,76.1,high
0.0,0.0,57.147823417859485,20.321698285276764,clayey_sandstone,0.2240980345054244,normal,11.775466026080107,22.12133921661157,7,False,0.0,ZONE_B,0.9806957387768883,76.0,high
0.0,0.0,57.147823417859485,20.321698285276764,clayey_sandstone,0.24426230193935647,normal,11.775466026080107,34.09931453913051,8,False,0.0,ZONE_B,0.9794932876084688,76.0,high
0.0,0.0,57.147823417859485,20.321698285276764,clayey_sandstone,0.2668127193526419,normal,11.775466026080107,46.72849997213676,9,False,0.0,ZONE_B,0.9781485437016644,76.1,high
0.0,0.0,57.147823417859485,20.321698285276764,clayey_sandstone,0.27021194148305855,normal,11.775466026080107,46.20982749192644,10,False,0.0,ZONE_B,0.977945838662375,76.1,high
0.0,0.0,57.147823417859485,20.321698285276764,clayey_sandstone,0.32516204956478,normal,11.775466026080107,78.64427974246334,11,False,0.0,ZONE_B,0.974669011379453,76.3,high
0.0,0.0,57.147823417859485,20.321698285276764,clayey_sandstone,0.2521194427300873,normal,11.775466026080107,26.992922401751528,12,False,0.0,ZONE_B,0.979024744520791,76.0,high
0.0,0.0,57.147823417859485,20.321698285276764,clayey_sandstone,0.28035014496570093,normal,11.775466026080107,43.76653776818464,13,False,0.0,ZONE_B,0.9773412694825961,76.1,high
0.0,0.0,57.147823417859485,20.321698285276764,clayey_sandstone,0.27869418986586236,normal,11.775466026080107,40.23584256754625,14,False,0.0,ZONE_B,0.9774400186759984,76.1,high
222.76726,222.76726,57.147823417859485,20.321698285276764,clayey_sandstone,0.31780393117826344,normal,11.775466026080107,24.082316942367882,15,False,222.76726,ZONE_B,0.7762419949413815,86.2,critical
0.0,222.76726,57.147823417859485,20.321698285276764,clayey_sandstone,0.42058939001598683,normal,11.775466026080107,85.8375555406253,16,False,204.95577332527827,ZONE_B,0.7701126130790892,86.5,critical
0.0,222.76726,57.147823417859485,20.321698285276764,clayey_sandstone,0.35737533507652264,minor,11.775466026080107,37.104140367223025,17,False,188.5684144939559,ZONE_B,0.7738822424232519,86.3,critical
0.0,222.76726,57.147823417859485,20.321698285276764,clayey_sandstone,0.34573551708957284,minor,11.775466026080107,26.217308148105737,18,False,173.49131653067127,ZONE_B,0.7796099580838244,86.0,critical
0.0,222.76726,57.147823417859485,20.321698285276764,clayey_sandstone,0.3521640211104229,minor,11.775466026080107,29.3060955817457,19,False,159.61971676073208,ZONE_B,0.7899544461441024,85.5,critical
0.0,222.76726,57.147823417859485,20.321698285276764,clayey_sandstone,0.3301695696064356,minor,11.775466026080107,14.001048242409789,20,False,146.85722887042613,ZONE_B,0.8011361233059836,84.9,high
5.532035,228.299295,57.147823417859485,20.321698285276764,clayey_sandstone,0.46693792723096594,minor,11.775466026080107,100.0,0,False,140.64720817017576,ZONE_B,0.7977828720919309,85.1,critical
0.0,5.532035,57.147823417859485,20.321698285276764,clayey_sandstone,0.4086591986852979,minor,11.775466026080107,56.35035593583398,1,False,129.40167831017794,ZONE_B,0.809955115995094,84.5,high
0.0,5.532035,57.147823417859485,20.321698285276764,clayey_sandstone,0.36812332697192973,minor,11.775466026080107,27.19172017055952,2,False,119.05529137293966,ZONE_B,0.8203739366871137,84.0,high
0.0,5.532035,57.147823417859485,20.321698285276764,clayey_sandstone,0.37087116599374703,minor,11.775466026080107,27.777952845237145,3,False,109.5361558597398,ZONE_B,0.8275718607560261,83.6,high
0.0,5.532035,57.147823417859485,20.321698285276764,clayey_sandstone,0.3694759381728553,minor,11.775466026080107,25.66188581949348,4,False,100.77812839872063,ZONE_B,0.834428231531338,83.3,high
0.0,5.532035,57.147823417859485,20.321698285276764,clayey_sandstone,0.4182170117633851,minor,11.775466026080107,55.69895753598274,5,False,92.7203541500397,ZONE_B,0.8377532829308011,83.1,high
0.0,5.532035,57.147823417859485,20.321698285276764,clayey_sandstone,0.3687149810425252,minor,11.775466026080107,20.865398480253777,6,False,85.30684395819682,ZONE_B,0.8464385904349528,82.7,high
0.0,0.0,57.147823417859485,20.321698285276764,clayey_sandstone,0.3648343356335347,minor,11.775466026080107,17.717238617946794,7,False,78.48608531339421,ZONE_B,0.8519449537679462,82.4,high
0.0,0.0,57.147823417859485,20.321698285276764,clayey_sandstone,0.36570719459861867,minor,11.775466026080107,17.822676915966902,8,False,72.21068441870891,ZONE_B,0.8567460907668072,82.2,high
0.0,0.0,57.147823417859485,20.321698285276764,clayey_sandstone,0.4251297495333732,moderate,11.775466026080107,55.294601208951356,9,False,66.43703687599384,ZONE_B,0.8576677075905063,82.1,high
0.0,0.0,57.147823417859485,20.321698285276764,clayey_sandstone,0.4303618149550176,moderate,11.775466026080107,55.42757077685295,10,False,61.12502470228052,ZONE_B,0.8614638399729952,81.9,high
0.0,0.0,57.147823417859485,20.321698285276764,clayey_sandstone,0.36809317255627466,moderate,11.775466026080107,18.252371723766174,11,False,56.23773757141261,ZONE_B,0.9286164987911323,78.6,high
0.0,0.0,57.147823417859485,20.321698285276764,clayey_sandstone,0.4174510642737409,moderate,11.775466026080107,49.199995588020045,12,False,51.741216343967814,ZONE_B,0.9291506120305163,78.5,high
0.0,0.0,57.147823417859485,20.321698285276764,clayey_sandstone,0.41705638308596,moderate,11.775466026080107,46.12277919336453,13,False,47.604217103395044,ZONE_B,0.9323735666787095,78.4,high
0.0,0.0,57.147823417859485,20.321698285276764,clayey_sandstone,0.39543936899704063,moderate,11.775466026080107,29.715663205091285,14,False,43.79799405878031,ZONE_B,0.9366062564762162,78.2,high
0.0,0.0,57.147823417859485,20.321698285276764,clayey_sandstone,0.39383616618758127,moderate,11.775466026080107,27.27910545857537,15,False,40.29609980574911,ZONE_B,0.939410109376643,78.0,high
0.0,0.0,57.147823417859485,20.321698285276764,clayey_sandstone,0.38485808505986074,moderate,11.775466026080107,20.308156774218364,16,False,37.07420155762522,ZONE_B,0.9424372070446484,77.9,high
0.0,0.0,57.147823417859485,20.321698285276764,clayey_sandstone,0.46487353874280724,moderate,11.775466026080107,70.66472877983534,17,False,34.10991206993484,ZONE_B,0.9399581473997325,78.0,high
0.0,0.0,57.147823417859485,20.321698285276764,clayey_sandstone,0.40882650843205753,moderate,11.775466026080107,30.4751515588591,18,False,31.38263408344089,ZONE_B,0.9454095740059804,77.7,high
0.0,0.0,57.147823417859485,20.321698285276764,clayey_sandstone,0.3853140394054171,moderate,11.775466026080107,13.983641058256175,19,False,28.873417204825625,ZONE_B,0.9487522332613615,77.6,high
0.0,0.0,57.147823417859485,20.321698285276764,clayey_sandstone,0.39300900382712156,moderate,11.775466026080107,18.617086399411882,20,False,26.564826230562023,ZONE_B,0.9500787492890586,77.5,high
0.0,0.0,57.147823417859485,20.321698285276764,clayey_sandstone,0.4130024039493657,moderate,11.775466026080107,30.76369945486669,0,False,24.44081999902713,ZONE_B,0.9505291237512578,77.5,high
0.0,0.0,57.147823417859485,20.321698285276764,clayey_sandstone,0.45329484099625805,moderate,11.775466026080107,54.98485622446385,1,False,22.486639929065575,ZONE_B,0.9496376724166388,77.5,high
0.0,0.0,57.147823417859485,20.321698285276764,clayey_sandstone,0.44594132644029466,moderate,11.775466026080107,47.018296687625075,2,False,20.688707470517503,ZONE_B,0.9514666445174486,77.4,high
0.0,0.0,57.147823417859485,20.321698285276764,clayey_sandstone,0.46636200820440704,moderate,11.775466026080107,57.36429771157047,3,False,19.034529754149585,ZONE_B,0.951528189118878,77.4,high
0.0,0.0,57.147823417859485,20.321698285276764,clayey_sandstone,0.44932432330327177,moderate,11.775466026080107,43.03815406799574,4,False,17.512612785400993,ZONE_B,0.9537211938719234,77.3,high
0.0,0.0,57.147823417859485,20.321698285276764,clayey_sandstone,0.4192400917254652,moderate,11.775466026080107,21.42384030614941,5,False,16.112381578774258,ZONE_B,0.9565980926187236,77.2,high
0.0,0.0,57.147823417859485,20.321698285276764,clayey_sandstone,0.4227210260094926,moderate,11.775466026080107,22.813931753449967,6,False,14.824106677927654,ZONE_B,0.9573868241596233,77.1,high
0.0,0.0,57.147823417859485,20.321698285276764,clayey_sandstone,0.432079233333336,moderate,11.775466026080107,27.854342347972626,7,False,13.63883655089659,ZONE_B,0.9577454171221265,77.1,high
0.0,0.0,57.147823417859485,20.321698285276764,clayey_sandstone,0.41878193011890646,moderate,11.775466026080107,18.061065149457114,8,False,12.548335390694671,ZONE_B,0.9593817297937273,77.0,high
0.0,0.0,57.147823417859485,20.321698285276764,clayey_sandstone,0.4432895505839388,moderate,11.775466026080107,33.11862820959259,9,False,11.5450258891041,ZONE_B,0.9586961989079205,77.1,high
0.0,0.0,57.147823417859485,20.321698285276764,clayey_sandstone,0.42582358957923977,moderate,11.775466026080107,20.278482824246026,10,False,10.621936586021164,ZONE_B,0.9604516293936721,77.0,high
0.0,0.0,57.147823417859485,20.321698285276764,clayey_sandstone,0.48522356981256826,moderate,11.775466026080107,57.45176451667221,11,False,9.772653428515634,ZONE_B,0.9575662514703981,77.1,high
0.0,0.0,57.147823417859485,20.321698285276764,clayey_sandstone,0.47126481259390307,moderate,11.775466026080107,45.077299732716305,12,False,8.991275203013915,ZONE_B,0.959002942999651,77.0,high
0.0,0.0,57.147823417859485,20.321698285276764,clayey_sandstone,0.483247619385159,moderate,11.775466026080107,50.1671439757424,13,False,8.272372530928088,ZONE_B,0.9588443506176103,77.1,high
0.0,0.0,57.147823417859485,20.321698285276764,clayey_sandstone,0.4431957024184424,moderate,11.775466026080107,21.6614056655886,14,False,7.610950142813427,ZONE_B,0.9617442797138607,76.9,high
0.0,0.0,57.147823417859485,20.321698285276764,clayey_sandstone,0.49970376679326056,moderate,11.775466026080107,56.884922258658634,15,False,7.002412168917743,ZONE_B,0.958845170368721,77.1,high
0.0,0.0,57.147823417859485,20.321698285276764,clayey_sandstone,0.45340019456379826,moderate,11.775466026080107,23.897158632385295,16,False,6.442530204945175,ZONE_B,0.9620393749859681,76.9,high
0.0,0.0,57.147823417859485,20.321698285276764,clayey_sandstone,0.5192014364991386,moderate,11.775466026080107,64.89056904389118,17,False,5.927413931140518,ZONE_B,0.9585138384389918,77.1,high
0.0,0.0,57.147823417859485,20.321698285276764,clayey_sandstone,0.4560298983753104,severe,11.775466026080107,20.548613544007537,18,False,5.453484080541874,ZONE_B,0.9626474540969839,76.9,high
0.0,0.0,57.147823417859485,20.321698285276764,clayey_sandstone,0.4491388170878177,severe,11.775466026080107,15.370856207014505,19,False,5.017447568572482,ZONE_B,0.9633956046298676,76.8,high
0.0,0.0,57.147823417859485,20.321698285276764,clayey_sandstone,0.45228703322278313,severe,11.775466026080107,16.97993610106048,20,False,4.616274611160591,ZONE_B,0.9635181217027458,76.8,high
0.0,0.0,57.147823417859485,20.321698285276764,clayey_sandstone,0.46487724084539156,severe,11.775466026080107,24.50021872173458,0,False,4.247177672393454,ZONE_B,0.9630527801127226,76.8,high
0.0,0.0,57.147823417859485,20.321698285276764,clayey_sandstone,0.5395003393106115,severe,11.775466026080107,71.08062121971089,1,False,3.9075920954239667,ZONE_B,0.9588654221546653,77.1,high
0.0,0.0,57.147823417859485,20.321698285276764,clayey_sandstone,0.4676879957753877,severe,11.775466026080107,20.76896129229277,2,False,3.595158282044514,ZONE_B,0.9633894172874982,76.8,high
0.0,0.0,57.147823417859485,20.321698285276764,clayey_sandstone,0.5035153484196256,severe,11.775466026080107,42.84939115064391,3,False,3.3077052971034084,ZONE_B,0.9614752395794777,76.9,high
0.0,0.0,57.147823417859485,20.321698285276764,clayey_sandstone,0.4770852145317862,severe,11.775466026080107,23.569930209247293,4,False,3.043235783839817,ZONE_B,0.9632558737309266,76.8,high
0.0,0.0,57.147823417859485,20.321698285276764,clayey_sandstone,0.48577095093900874,severe,11.775466026080107,28.11591901217709,5,False,2.7999120853219144,ZONE_B,0.9629260977096354,76.9,high
0.0,0.0,57.147823417859485,20.321698285276764,clayey_sandstone,0.4738582600044017,severe,11.775466026080107,19.178479212756972,6,False,2.576043475553569,ZONE_B,0.9638096170919622,76.8,high
0.0,0.0,57.147823417859485,20.321698285276764,clayey_sandstone,0.48575764703314683,severe,11.775466026080107,26.095822461152746,7,False,2.370074411525371,ZONE_B,0.9632593133330963,76.8,high
0.0,0.0,57.147823417859485,20.321698285276764,clayey_sandstone,0.5666902728566329,severe,11.775466026080107,76.58707277087865,8,False,2.180573724579798,ZONE_B,0.9585796300648017,77.1,high
0.0,0.0,57.147823417859485,20.321698285276764,clayey_sandstone,0.5322159151234213,severe,11.775466026080107,49.713298756726076,9,False,2.006224675987103,ZONE_B,0.9607702673912216,77.0,high
0.0,0.0,57.147823417859485,20.321698285276764,clayey_sandstone,0.4992069889896292,severe,11.775466026080107,25.732265569815464,10,False,1.845815807633458,ZONE_B,0.9628627360933082,76.9,high
8.948759,8.948759,57.147823417859485,20.321698285276764,clayey_sandstone,0.4796607210638747,severe,11.775466026080107,11.028813222190127,11,False,10.646991524247678,ZONE_B,0.8975620548972801,80.1,high
1.5206275,10.4693865,57.147823417859485,20.321698285276764,clayey_sandstone,0.5283212219929919,severe,11.775466026080107,41.83765737380165,12,False,11.316332584489821,ZONE_B,0.8941426480340509,80.3,high
0.0,10.4693865,57.147823417859485,20.321698285276764,clayey_sandstone,0.5112831531122314,severe,11.775466026080107,28.635524302084733,13,False,10.411528588447675,ZONE_B,0.9555181613039598,77.2,high
0.0,10.4693865,57.147823417859485,20.321698285276764,clayey_sandstone,0.5434747123328287,severe,11.775466026080107,47.82735270438906,14,False,9.579068725554805,ZONE_B,0.9542422863745149,77.3,high
9.806886,20.2762725,57.147823417859485,20.321698285276764,clayey_sandstone,0.5482619657686527,severe,11.775466026080107,46.956182284403944,15,False,18.62005467829713,ZONE_B,0.8873050685157293,80.6,high
0.0,20.2762725,57.147823417859485,20.321698285276764,clayey_sandstone,0.5254083705546025,severe,11.775466026080107,29.6742355239148,16,False,17.131277306859875,ZONE_B,0.8898192630530245,80.5,high
0.0,20.2762725,57.147823417859485,20.321698285276764,clayey_sandstone,0.5352501713870687,severe,11.775466026080107,34.52574426768154,17,False,15.761536001642504,ZONE_B,0.8902916819166347,80.5,high
0.0,11.3275135,57.147823417859485,20.321698285276764,clayey_sandstone,0.5049438842807819,severe,11.775466026080107,13.388118702397742,18,False,14.501313164290183,ZONE_B,0.9527332850278035,77.4,high
0.0,9.806886,57.147823417859485,20.321698285276764,clayey_sandstone,0.5068618205386626,severe,11.775466026080107,14.364105393135782,19,False,13.341852181595861,ZONE_B,0.9535156020399375,77.3,high
0.0,9.806886,57.147823417859485,20.321698285276764,clayey_sandstone,0.5067978944704772,severe,11.775466026080107,14.002604954030913,20,False,12.275096580487324,ZONE_B,0.9543444077135266,77.3,high
0.0,9.806886,57.147823417859485,20.321698285276764,clayey_sandstone,0.532725711671087,severe,11.775466026080107,30.262311194231174,0,False,11.293634047912867,ZONE_B,0.9535572908341613,77.3,high
0.0,0.0,57.147823417859485,20.321698285276764,clayey_sandstone,0.5908541660877189,severe,11.775466026080107,65.89717177167594,1,False,10.39064492664979,ZONE_B,0.9507892719407571,77.5,high
0.0,0.0,57.147823417859485,20.321698285276764,clayey_sandstone,0.5267440372359045,severe,11.775466026080107,20.886397796671076,2,False,9.559854829160654,ZONE_B,0.9552548423064614,77.2,high
0.0,0.0,57.147823417859485,20.321698285276764,clayey_sandstone,0.5573988214930506,severe,11.775466026080107,39.66063616772322,3,False,8.795491040236424,ZONE_B,0.9540179462716661,77.3,high
0.0,0.0,57.147823417859485,20.321698285276764,clayey_sandstone,0.5468356531652557,severe,11.775466026080107,30.749155182317246,4,False,8.09224240549178,ZONE_B,0.9551917265741249,77.2,high
0.0,0.0,57.147823417859485,20.321698285276764,clayey_sandstone,0.657672084859749,severe,11.775466026080107,100.0,5,False,7.445222426999271,ZONE_B,0.949082626784018,77.5,high
1.4488865,1.4488865,57.147823417859485,20.321698285276764,clayey_sandstone,0.5358827253219836,severe,11.775466026080107,15.502327973789837,6,False,8.298821809633655,ZONE_B,0.8960253779000849,80.2,high
0.0,1.4488865,57.147823417859485,20.321698285276764,clayey_sandstone,0.5622547938952575,severe,11.775466026080107,31.933094016666214,7,False,7.6352846539574575,ZONE_B,0.9546256365139437,77.3,high
0.0,1.4488865,57.147823417859485,20.321698285276764,clayey_sandstone,0.5877884590001983,severe,11.775466026080107,46.63132819089404,8,False,7.024800999978544,ZONE_B,0.9535751211922748,77.3,high
0.0,1.4488865,57.147823417859485,20.321698285276764,clayey_sandstone,0.5918588710309551,severe,11.775466026080107,46.55424495281341,9,False,6.463128923912745,ZONE_B,0.9537667698900788,77.3,high
0.0,1.4488865,57.147823417859485,20.321698285276764,clayey_sandstone,0.5658685860908591,severe,11.775466026080107,27.288480676048014,10,False,5.946365667475149,ZONE_B,0.9557162902860684,77.2,high
0.0,1.4488865,57.147823417859485,20.321698285276764,clayey_sandstone,0.5640556646824474,severe,11.775466026080107,24.86269494509653,11,False,5.470920519704078,ZONE_B,0.9561920934058602,77.2,high
0.0,1.4488865,57.147823417859485,20.321698285276764,clayey_sandstone,0.5734628890692615,severe,11.775466026080107,29.777262102186544,12,False,5.033489867034692,ZONE_B,0.9559694089700627,77.2,high
0.0,0.0,57.147823417859485,20.321698285276764,clayey_sandstone,0.5814803595050416,severe,11.775466026080107,33.44617134254674,13,False,4.631034238258564,ZONE_B,0.9558025508856773,77.2,high
0.0,0.0,57.147823417859485,20.321698285276764,clayey_sandstone,0.5607861895731167,severe,11.775466026080107,18.515090731237894,14,False,4.2607571848669545,ZONE_B,0.9573229616651177,77.1,high
0.0,0.0,57.147823417859485,20.321698285276764,clayey_sandstone,0.5511161461435027,severe,11.775466026080107,11.710049650533586,15,False,3.9200858500286007,ZONE_B,0.9581630771331687,77.1,high
0.0,0.0,57.147823417859485,20.321698285276764,clayey_sandstone,0.6315993711013421,severe,11.775466026080107,62.963381506374176,16,False,3.6066530911862573,ZONE_B,0.9536060378597042,77.3,high
0.0,0.0,57.147823417859485,20.321698285276764,clayey_sandstone,0.5821693271121351,severe,11.775466026080107,27.533787847566426,17,False,3.3182810320514995,ZONE_B,0.956776705853401,77.2,high
0.0,0.0,57.147823417859485,20.321698285276764,clayey_sandstone,0.5701548061487407,severe,11.775466026080107,18.574165272642936,18,False,3.0529659297094085,ZONE_B,0.9576983509925012,77.1,high
0.0,0.0,57.147823417859485,20.321698285276764,clayey_sandstone,0.5740166425288666,severe,11.775466026080107,20.403931724195072,19,False,2.8088642516827607,ZONE_B,0.9576568391667917,77.1,high
0.0,0.0,57.147823417859485,20.321698285276764,clayey_sandstone,0.5851870374980302,severe,11.775466026080107,26.766760123693526,20,False,2.5842798662126976,ZONE_B,0.9571644037008225,77.1,high
0.0,0.0,57.147823417859485,20.321698285276764,clayey_sandstone,0.577799164807855,severe,11.775466026080107,20.8165023068283,0,False,2.377652256748007,ZONE_B,0.9577647620063164,77.1,high
0.0,0.0,57.147823417859485,20.321698285276764,clayey_sandstone,0.5779371816356196,severe,11.775466026080107,20.104720888872933,1,False,2.18754567875181,ZONE_B,0.9579035538352203,77.1,high
0.0,0.0,57.147823417859485,20.321698285276764,clayey_sandstone,0.6355743262397168,critical,11.775466026080107,56.15793209167277,2,False,2.0126391834821145,ZONE_B,0.9546017580277106,77.3,high
0.35083345,0.35083345,57.147823417859485,20.321698285276764,clayey_sandstone,0.6002469838202997,critical,11.775466026080107,30.185487084196655,3,False,2.202550889426841,ZONE_B,0.8969018135158023,80.2,high
3.3541982,3.70503165,57.147823417859485,20.321698285276764,clayey_sandstone,0.5990394564000977,critical,11.775466026080107,27.532992324627564,4,False,5.380642843754013,ZONE_B,0.894515990265299,80.3,high
14.591815,18.29684665,57.147823417859485,20.321698285276764,clayey_sandstone,0.5868274808798168,critical,11.775466026080107,16.71292492052449,5,False,19.54224539551112,ZONE_B,0.8842921080610455,80.8,high
0.43518314,18.732029790000002,57.147823417859485,20.321698285276764,clayey_sandstone,0.6099968996778438,critical,11.775466026080107,32.10200179726486,6,False,18.414916865455616,ZONE_B,0.8837822900752141,80.8,high
0.0,18.732029790000002,57.147823417859485,20.321698285276764,clayey_sandstone,0.6163833650975923,critical,11.775466026080107,36.67527178300419,7,False,16.942541407925766,ZONE_B,0.8845401340357448,80.8,high
0.0,18.732029790000002,57.147823417859485,20.321698285276764,clayey_sandstone,0.5815532009121598,critical,11.775466026080107,12.850424432970097,8,False,15.587890591988133,ZONE_B,0.8876647955308109,80.6,high
0.0,18.732029790000002,57.147823417859485,20.321698285276764,clayey_sandstone,0.6030759175069315,critical,11.775466026080107,27.82048145461844,9,False,14.341551675011658,ZONE_B,0.8873452136690734,80.6,high
0.0,18.381196340000002,57.147823417859485,20.321698285276764,clayey_sandstone,0.6261384167953529,critical,11.775466026080107,43.83906336568897,10,False,13.194864515712291,ZONE_B,0.8868567429151428,80.7,high
0.0,15.02699814,57.147823417859485,20.321698285276764,clayey_sandstone,0.6560146412616173,critical,11.775466026080107,64.53905426956052,11,False,12.139861399471744,ZONE_B,0.8858910454253486,80.7,high
0.0,0.43518314,57.147823417859485,20.321698285276764,clayey_sandstone,0.601999198346001,critical,11.775466026080107,27.456445697617845,12,False,11.169211674958099,ZONE_B,0.9495225449350705,77.5,high
0.0,0.0,57.147823417859485,20.321698285276764,clayey_sandstone,0.6455634926545534,critical,11.775466026080107,57.56354753268331,13,False,10.276170817357828,ZONE_B,0.947615333626206,77.6,high
0.0,0.0,57.147823417859485,20.321698285276764,clayey_sandstone,0.5941319314186292,critical,11.775466026080107,22.242616582729333,14,False,9.454533564286917,ZONE_B,0.9513177673483421,77.4,high
17.02425,17.02425,57.147823417859485,20.321698285276764,clayey_sandstone,0.6191959431760901,critical,11.775466026080107,37.56746732138945,15,False,25.722840798747647,ZONE_B,0.8775820183595959,81.1,high
0.0,17.02425,57.147823417859485,20.321698285276764,clayey_sandstone,0.6218323630950124,critical,11.775466026080107,39.6277659760406,16,False,23.666156005287053,ZONE_B,0.8790153734910445,81.0,high
0.0,17.02425,57.147823417859485,20.321698285276764,clayey_sandstone,0.6459745977141697,critical,11.775466026080107,56.478623096851365,17,False,21.77391464841057,ZONE_B,0.8790391021432776,81.0,high
0.0,17.02425,57.147823417859485,20.321698285276764,clayey_sandstone,0.5856110639968379,critical,11.775466026080107,15.116011038219032,18,False,20.032968556885752,ZONE_B,0.8839851372701624,80.8,high
0.0,17.02425,57.147823417859485,20.321698285276764,clayey_sandstone,0.5891737682647802,critical,11.775466026080107,17.7600719369538,19,False,18.43122082920759,ZONE_B,0.8850114221816496,80.7,high
0.0,17.02425,57.147823417859485,20.321698285276764,clayey_sandstone,0.6145220741205354,critical,11.775466026080107,35.391696403799,20,False,16.957541778712088,ZONE_B,0.8846395271849199,80.8,high
0.0,17.02425,57.147823417859485,20.321698285276764,clayey_sandstone,0.589520745201258,critical,11.775466026080107,18.335685491145494,0,False,15.601691599347456,ZONE_B,0.8871789955327188,80.6,high
0.0,0.0,57.147823417859485,20.321698285276764,clayey_sandstone,0.5965219428042267,critical,11.775466026080107,23.305531757730932,1,False,14.354249214748862,ZONE_B,0.9473859659227785,77.6,high
0.0,0.0,57.147823417859485,20.321698285276764,clayey_sandstone,0.6136965269896518,critical,11.775466026080107,35.26948199597762,2,False,13.20654681622704,ZONE_B,0.947249393022005,77.6,high
0.0,0.0,57.147823417859485,20.321698285276764,clayey_sandstone,0.5849152042165437,critical,11.775466026080107,15.574668294313534,3,False,12.15060963481036,ZONE_B,0.9497823300654133,77.5,high
0.0,0.0,57.147823417859485,20.321698285276764,clayey_sandstone,0.6308403423127164,critical,11.775466026080107,47.316917513749196,4,False,11.179100528848513,ZONE_B,0.9477950198508024,77.6,high
0.0,0.0,57.147823417859485,20.321698285276764,clayey_sandstone,0.5981106732701306,critical,11.775466026080107,24.883760710952618,5,False,10.285269002146789,ZONE_B,0.950438040563472,77.5,high
0.0,0.0,57.147823417859485,20.321698285276764,clayey_sandstone,0.5999189571885895,critical,11.775466026080107,26.22689495754315,6,False,9.462904298385267,ZONE_B,0.9509661973087619,77.5,high
0.0,0.0,57.147823417859485,20.321698285276764,clayey_sandstone,0.5904529059232912,critical,11.775466026080107,19.798058757576424,7,False,8.70629224590118,ZONE_B,0.9521158229858352,77.4,high
0.0,0.0,57.147823417859485,20.321698285276764,clayey_sandstone,0.5842891046374846,critical,11.775466026080107,15.636141378167908,8,False,8.010175552971967,ZONE_B,0.9530217412267432,77.3,high
0.0,0.0,57.147823417859485,20.321698285276764,clayey_sandstone,0.6133085309002841,critical,11.775466026080107,35.69676867699251,9,False,7.369717277712209,ZONE_B,0.9517865416867702,77.4,high
0.0,0.0,57.147823417859485,20.321698285276764,clayey_sandstone,0.6155928976271509,critical,11.775466026080107,37.34002390981198,10,False,6.78046721875634,ZONE_B,0.9521060251195407,77.4,high
0.0,0.0,57.147823417859485,20.321698285276764,clayey_sandstone,0.6026358890592958,critical,11.775466026080107,28.481597453292565,11,False,6.238330993193992,ZONE_B,0.953297957730498,77.3,high
0.0,0.0,57.147823417859485,20.321698285276764,clayey_sandstone,0.66500492014392,critical,11.775466026080107,71.49179899430692,12,False,5.739541586897132,ZONE_B,0.9499644667710221,77.5,high
0.0,0.0,57.147823417859485,20.321698285276764,clayey_sandstone,0.5916373103856611,critical,11.775466026080107,21.021301675266386,13,False,5.280633179557429,ZONE_B,0.9546944853585195,77.3,high
0.0,0.0,57.147823417859485,20.321698285276764,clayey_sandstone,0.5895235400525144,critical,11.775466026080107,19.61587596191718,14,False,4.858417062558098,ZONE_B,0.9551470633575975,77.2,high
0.0,0.0,57.147823417859485,20.321698285276764,clayey_sandstone,0.5844312887702969,critical,11.775466026080107,16.15528255536582,15,False,4.469959482346381,ZONE_B,0.9557511486943935,77.2,high
0.0,0.0,57.147823417859485,20.321698285276764,clayey_sandstone,0.6321284235919474,critical,11.775466026080107,49.04476059483151,16,False,4.112561255352169,ZONE_B,0.9531832363109765,77.3,high
0.0,0.0,57.147823417859485,20.321698285276764,clayey_sandstone,0.5943628552485293,critical,11.775466026080107,23.076371321344443,17,False,3.7837390128077213,ZONE_B,0.9556896021217455,77.2,high
0.0,0.0,57.147823417859485,20.321698285276764,clayey_sandstone,0.614709630462049,critical,11.775466026080107,37.1243113962846,18,False,3.4812079451488134,ZONE_B,0.9547102350543554,77.3,high
0.0,0.0,57.147823417859485,20.321698285276764,clayey_sandstone,0.5970592103860892,critical,11.775466026080107,25.00234843708753,19,False,3.2028659260973895,ZONE_B,0.9559780390694904,77.2,high
0.0,0.0,57.147823417859485,20.321698285276764,clayey_sandstone,0.6008897241356645,critical,11.775466026080107,27.670727552014817,20,False,2.946778906112478,ZONE_B,0.9559476641670973,77.2,high
0.0,0.0,57.147823417859485,20.321698285276764,clayey_sandstone,0.5913351263667832,critical,11.775466026080107,21.11892304898031,0,False,2.7111674737162925,ZONE_B,0.9566996454281906,77.2,high
0.0,0.0,57.147823417859485,20.321698285276764,clayey_sandstone,0.5999231473039995,critical,11.775466026080107,27.058913896079414,1,False,2.4943944913173675,ZONE_B,0.9563551630034512,77.2,high
0.0,0.0,57.147823417859485,20.321698285276764,clayey_sandstone,0.5972386438632726,critical,11.775466026080107,25.23394252388223,2,False,2.2949537196186958,ZONE_B,0.9566694882982624,77.2,high
0.0,0.0,57.147823417859485,20.321698285276764,clayey_sandstone,0.5848959492122738,critical,11.775466026080107,16.75589524957876,3,False,2.111459351567971,ZONE_B,0.9575474258878756,77.1,high
0.0,0.0,57.147823417859485,20.321698285276764,clayey_sandstone,0.6269781977256494,critical,11.775466026080107,45.756206714156264,4,False,1.9426363831269646,ZONE_B,0.9551685068581173,77.2,high
46.26834,46.26834,57.147823417859485,20.321698285276764,clayey_sandstone,0.615008541976874,critical,11.775466026080107,32.0265629941764,5,False,48.05565175395168,ZONE_B,0.8605602655670844,82.0,high
0.0,46.26834,57.147823417859485,20.321698285276764,clayey_sandstone,0.6373489381092592,critical,11.775466026080107,47.86859759511364,6,False,44.213333987595085,ZONE_B,0.8621995675969778,81.9,high
23.766209,70.034549,57.147823417859485,20.321698285276764,clayey_sandstone,0.613869761942611,critical,11.775466026080107,22.63533439249997,7,False,64.44443998742769,ZONE_B,0.8479536260962607,82.6,high
0.0,70.034549,57.147823417859485,20.321698285276764,clayey_sandstone,0.6042539929564394,critical,11.775466026080107,23.283467222608685,8,False,59.29174706434746,ZONE_B,0.8525119637552973,82.4,high
0.0,70.034549,57.147823417859485,20.321698285276764,clayey_sandstone,0.6030521804690188,critical,11.775466026080107,23.019893851431988,9,False,54.55104072016746,ZONE_B,0.8562499370354631,82.2,high
12.906802,82.941351,57.147823417859485,20.321698285276764,clayey_sandstone,0.6808286040247435,critical,11.775466026080107,69.04668544263048,10,False,63.09618232680685,ZONE_B,0.8450033827028718,82.7,high
0.0,82.941351,57.147823417859485,20.321698285276764,clayey_sandstone,0.6125034028993037,critical,11.775466026080107,29.1120721908245,11,False,58.05129013421206,ZONE_B,0.8529793570322086,82.4,high
0.0,36.673011,57.147823417859485,20.321698285276764,clayey_sandstone,0.656717691794088,critical,11.775466026080107,60.11280262052235,12,False,53.40976525000814,ZONE_B,0.8539323386113296,82.3,high
0.0,36.673011,57.147823417859485,20.321698285276764,clayey_sandstone,0.592336655685567,critical,11.775466026080107,16.284473223747124,13,False,49.139356204933314,ZONE_B,0.8610741517336371,81.9,high
0.0,12.906802,57.147823417859485,20.321698285276764,clayey_sandstone,0.6055173949979115,critical,11.775466026080107,25.828957999205947,14,False,45.21039021482968,ZONE_B,0.9229864208012397,78.9,high
0.0,12.906802,57.147823417859485,20.321698285276764,clayey_sandstone,0.6265185859931183,critical,11.775466026080107,40.72167198745046,15,False,41.59556700036626,ZONE_B,0.9245296465657526,78.8,high
0.0,12.906802,57.147823417859485,20.321698285276764,clayey_sandstone,0.6121946880807261,critical,11.775466026080107,31.253136052081604,16,False,38.26976909202677,ZONE_B,0.927955882677921,78.6,high
16.923323,16.923323,57.147823417859485,20.321698285276764,clayey_sandstone,0.6178398589200599,critical,11.775466026080107,33.4912088417779,17,False,52.13321030227314,ZONE_B,0.8572379770438951,82.1,high
8.998831,25.922154,57.147823417859485,20.321698285276764,clayey_sandstone,0.6156908163177607,critical,11.775466026080107,31.436510566012384,18,False,56.9636999553023,ZONE_B,0.8536303890935778,82.3,high
0.0,25.922154,57.147823417859485,20.321698285276764,clayey_sandstone,0.6072199308885317,critical,11.775466026080107,26.144893542002688,19,False,52.40913398049652,ZONE_B,0.8576578825252099,82.1,high
0.0,25.922154,57.147823417859485,20.321698285276764,clayey_sandstone,0.597276234428726,critical,11.775466026080107,19.79568610058122,20,False,48.2187309943157,ZONE_B,0.8614915721216064,81.9,high
0.0,25.922154,57.147823417859485,20.321698285276764,clayey_sandstone,0.615386504947049,critical,11.775466026080107,32.726167580618046,0,False,44.36337413183399,ZONE_B,0.8633932122757558,81.8,high
0.0,25.922154,57.147823417859485,20.321698285276764,clayey_sandstone,0.6970665168991484,critical,11.775466026080107,89.39770314071717,1,False,40.81627458410487,ZONE_B,0.8612656164775584,81.9,high
0.0,25.922154,57.147823417859485,20.321698285276764,clayey_sandstone,0.6133442885827037,critical,11.775466026080107,32.13012497555456,2,False,37.552785457082486,ZONE_B,0.8687820798688609,81.6,high
0.0,8.998831,57.147823417859485,20.321698285276764,clayey_sandstone,0.6106722364429646,critical,11.775466026080107,30.64725088143912,3,False,34.55023051356202,ZONE_B,0.9309232391023565,78.5,high
0.0,0.0,57.147823417859485,20.321698285276764,clayey_sandstone,0.6125222108894166,critical,11.775466026080107,32.24993656750853,4,False,31.787746608158354,ZONE_B,0.9329493339033375,78.4,high
0.0,0.0,57.147823417859485,20.321698285276764,clayey_sandstone,0.6304208066466619,critical,11.775466026080107,44.8783331542872,5,False,29.24613872048831,ZONE_B,0.9338475866995737,78.3,high
7.085228,7.085228,57.147823417859485,20.321698285276764,clayey_sandstone,0.6295305177182703,critical,11.775466026080107,43.700437460083954,6,False,33.99297457925965,ZONE_B,0.8705698904315092,81.5,high
0.0,7.085228,57.147823417859485,20.321698285276764,clayey_sandstone,0.6021090260985812,critical,11.775466026080107,25.139829139429263,7,False,31.275046398284413,ZONE_B,0.9339668064069274,78.3,high
13.428866,20.514094,57.147823417859485,20.321698285276764,clayey_sandstone,0.6048650534503155,critical,11.775466026080107,25.737511120571945,8,False,42.20329775601451,ZONE_B,0.8656911673956966,81.7,high
0.0,20.514094,57.147823417859485,20.321698285276764,clayey_sandstone,0.6616064982350308,critical,11.775466026080107,65.21438455460822,9,False,38.8289083793594,ZONE_B,0.8649171591469624,81.8,high
0.0,20.514094,57.147823417859485,20.321698285276764,clayey_sandstone,0.6321380487998745,critical,11.775466026080107,45.29013083268295,10,False,35.72432028058334,ZONE_B,0.8690754304835967,81.5,high
0.0,20.514094,57.147823417859485,20.321698285276764,clayey_sandstone,0.5867648552959246,critical,11.775466026080107,14.383432757327864,11,False,32.86796134057976,ZONE_B,0.8739901735605051,81.3,high
1.5651855,22.0792795,57.147823417859485,20.321698285276764,clayey_sandstone,0.6045979557692007,critical,11.775466026080107,26.790771748121934,12,False,31.805169751652933,ZONE_B,0.8737486642893264,81.3,high
0.0,14.9940515,57.147823417859485,20.321698285276764,clayey_sandstone,0.6283745825740298,critical,11.775466026080107,43.46727983474768,13,False,29.262168786345782,ZONE_B,0.9339572115897338,78.3,high
0.0,14.994051500000001,57.147823417859485,20.321698285276764,clayey_sandstone,0.609866607999898,critical,11.775466026080107,31.00001938566729,14,False,26.92249495181796,ZONE_B,0.9368703199706442,78.2,high
0.30755132,1.8727368200000016,57.147823417859485,20.321698285276764,clayey_sandstone,0.5938840309625436,critical,11.775466026080107,20.21303952275686,15,False,25.077442428306266,ZONE_B,0.8795905676621812,81.0,high
0.0,1.8727368200000016,57.147823417859485,20.321698285276764,clayey_sandstone,0.5902980778199863,critical,11.775466026080107,17.982119080326843,16,False,23.072360839351596,ZONE_B,0.9410148123647076,77.9,high
0.0,1.8727368200000016,57.147823417859485,20.321698285276764,clayey_sandstone,0.6207471431480588,critical,11.775466026080107,39.1705687501189,17,False,21.227596722557763,ZONE_B,0.9406257298863655,78.0,high
1.6915324,3.5642692200000017,57.147823417859485,20.321698285276764,clayey_sandstone,0.6108368624200472,critical,11.775466026080107,32.34646912152365,18,False,21.221864200593,ZONE_B,0.8815614003128583,80.9,high
34.185513,36.18459672,57.147823417859485,20.321698285276764,clayey_sandstone,0.6661389909035053,critical,11.775466026080107,66.5650531388429,19,False,53.71057062577758,ZONE_B,0.8531378874740747,82.3,high
0.0,36.18459672,57.147823417859485,20.321698285276764,clayey_sandstone,0.6342824654500822,critical,11.775466026080107,45.13780915448576,20,False,49.41611051080046,ZONE_B,0.8583587741623334,82.1,high
0.0,36.18459672,57.147823417859485,20.321698285276764,clayey_sandstone,0.6090476337447668,critical,11.775466026080107,28.229784569510876,0,False,45.465016468167356,ZONE_B,0.8629192429039036,81.9,high
0.0,35.8770454,57.147823417859485,20.321698285276764,clayey_sandstone,0.6675642946785123,critical,11.775466026080107,68.96020244307837,1,False,41.829834462567575,ZONE_B,0.8622410620093026,81.9,high
0.0,35.8770454,57.147823417859485,20.321698285276764,clayey_sandstone,0.6886497810013764,critical,11.775466026080107,83.87880658080866,2,False,38.48530556215448,ZONE_B,0.8635702243054516,81.8,high
0.0,35.8770454,57.147823417859485,20.321698285276764,clayey_sandstone,0.6484337795259117,critical,11.775466026080107,56.54990980644462,3,False,35.40819042776306,ZONE_B,0.8683481552814527,81.6,high
0.0,34.185513,57.147823417859485,20.321698285276764,clayey_sandstone,0.6012754659280488,critical,11.775466026080107,24.41086927925525,4,False,32.57710783519487,ZONE_B,0.8733498021253159,81.3,high
0.0,0.0,57.147823417859485,20.321698285276764,clayey_sandstone,0.6216353348639988,critical,11.775466026080107,38.74174771640317,5,False,29.972386108548207,ZONE_B,0.9338098329700909,78.3,high
1.0841434,1.0841434,57.147823417859485,20.321698285276764,clayey_sandstone,0.6050108643132942,critical,11.775466026080107,27.449337059260802,6,False,28.660069832283295,ZONE_B,0.8761563579150481,81.2,high
0.0,1.0841434,57.147823417859485,20.321698285276764,clayey_sandstone,0.6113995043926865,critical,11.775466026080107,32.1215703246699,7,False,26.36853717207861,ZONE_B,0.9372073217784364,78.1,high
0.0,1.0841434,57.147823417859485,20.321698285276764,clayey_sandstone,0.5950573958216205,critical,11.775466026080107,21.118319995524995,8,False,24.260225347116616,ZONE_B,0.9398123458206163,78.0,high
0.0,1.0841434,57.147823417859485,20.321698285276764,clayey_sandstone,0.6021151372754071,critical,11.775466026080107,26.20947719448071,9,False,22.32048482826338,ZONE_B,0.940891604448252,78.0,high
0.0,1.0841434,57.147823417859485,20.321698285276764,clayey_sandstone,0.5883246321308842,critical,11.775466026080107,16.924895261107547,10,False,20.53583739806227,ZONE_B,0.9430941579405142,77.8,high
0.0,1.0841434,57.147823417859485,20.321698285276764,clayey_sandstone,0.6497946201408797,critical,11.775466026080107,59.4519818480465,11,False,18.893882497823167,ZONE_B,0.9406983658869319,78.0,high
0.0,1.0841434,57.147823417859485,20.321698285276764,clayey_sandstone,0.5795529521535592,critical,11.775466026080107,11.2593272215609,12,False,17.383211062784934,ZONE_B,0.9460553747239067,77.7,high
0.0,0.0,57.147823417859485,20.321698285276764,clayey_sandstone,0.6055412276839048,critical,11.775466026080107,29.321701043916118,13,False,15.993326246637942,ZONE_B,0.9455805128651918,77.7,high
0.15377566,0.15377566,57.147823417859485,20.321698285276764,clayey_sandstone,0.594207653613407,critical,11.775466026080107,21.65061215415954,14,False,14.868346144563798,ZONE_B,0.8874666473690271,80.6,high
0.0,0.15377566,57.147823417859485,20.321698285276764,clayey_sandstone,0.5979392099426855,critical,11.775466026080107,24.361821324104966,15,False,13.679538825081355,ZONE_B,0.9478232491079216,77.6,high
0.0,0.15377566,57.147823417859485,20.321698285276764,clayey_sandstone,0.5876624685175695,critical,11.775466026080107,17.41481217829359,16,False,12.585783290721077,ZONE_B,0.9492819541317299,77.5,high
0.0,0.15377566,57.147823417859485,20.321698285276764,clayey_sandstone,0.5981084896219119,critical,11.775466026080107,24.728268016264714,17,False,11.57947962036299,ZONE_B,0.9494372709900617,77.5,high
0.0,0.15377566,57.147823417859485,20.321698285276764,clayey_sandstone,0.6336894599710339,critical,11.775466026080107,49.341502953993384,18,False,10.653635549029046,ZONE_B,0.9480314963442203,77.6,high
0.0,0.15377566,57.147823417859485,20.321698285276764,clayey_sandstone,0.6165333853669328,critical,11.775466026080107,37.62820812586783,19,False,9.801817882380577,ZONE_B,0.9497133283127546,77.5,high
0.0,0.15377566,57.147823417859485,20.321698285276764,clayey_sandstone,0.5904609908313401,critical,11.775466026080107,19.766525770950466,20,False,9.018107795898072,ZONE_B,0.9518741930021583,77.4,high
11.798171,11.798171,57.147823417859485,20.321698285276764,clayey_sandstone,0.6416449402863865,critical,11.775466026080107,53.696709946428456,0,False,20.09523070814118,ZONE_B,0.8805955303910029,81.0,high
4.51431,16.312481,57.147823417859485,20.321698285276764,clayey_sandstone,0.6656080964942044,critical,11.775466026080107,69.85314644398684,1,False,23.002814773712956,ZONE_B,0.8769179113710692,81.2,high
0.0,16.312481,57.147823417859485,20.321698285276764,clayey_sandstone,0.6504904497400016,critical,11.775466026080107,59.661110726098556,2,False,21.163611253307486,ZONE_B,0.8792417978768649,81.0,high
1.1183013,17.4307823,57.147823417859485,20.321698285276764,clayey_sandstone,0.6202249882127233,critical,11.775466026080107,38.88687445086195,3,False,20.589763626991843,ZONE_B,0.8814904060730049,80.9,high
0.0,17.4307823,57.147823417859485,20.321698285276764,clayey_sandstone,0.6198728514224363,critical,11.775466026080107,38.84025062063389,4,False,18.943497023551842,ZONE_B,0.8827845732395357,80.9,high
0.5889884,18.0197707,57.147823417859485,20.321698285276764,clayey_sandstone,0.6283394341393613,critical,11.775466026080107,44.780956448325874,5,False,18.017847030066083,ZONE_B,0.8829955546039279,80.9,high
6.985034,25.0048047,57.147823417859485,20.321698285276764,clayey_sandstone,0.6364945482678285,critical,11.775466026080107,49.737341356488926,6,False,23.56225352365784,ZONE_B,0.8782213814923511,81.1,high
0.97275573,14.179389429999999,57.147823417859485,20.321698285276764,clayey_sandstone,0.6068704042321519,critical,11.775466026080107,29.444889245154577,7,False,22.651075480521488,ZONE_B,0.8806926263628941,81.0,high
0.0,9.665079429999999,57.147823417859485,20.321698285276764,clayey_sandstone,0.6098107370408591,critical,11.775466026080107,31.68525679574869,8,False,20.83999548120101,ZONE_B,0.9415776561128907,77.9,high
4.408594,14.07367343,57.147823417859485,20.321698285276764,clayey_sandstone,0.6199347297934317,critical,11.775466026080107,38.33092358893781,9,False,23.58231544337933,ZONE_B,0.8791933741499298,81.0,high
0.0,12.955372129999999,57.147823417859485,20.321698285276764,clayey_sandstone,0.5916971082623034,critical,11.775466026080107,19.109241694213996,10,False,21.696777607707986,ZONE_B,0.941995214985695,77.9,high
22.204466,35.15983813,57.147823417859485,20.321698285276764,clayey_sandstone,0.6116059463736085,critical,11.775466026080107,30.384054982700455,11,False,42.16646505342631,ZONE_B,0.865317674459833,81.7,high
0.0,34.570849730000006,57.147823417859485,20.321698285276764,clayey_sandstone,0.6218685768883903,critical,11.775466026080107,37.85262891595806,12,False,38.795020657067425,ZONE_B,0.8673130492084898,81.6,high
0.0,27.585815730000004,57.147823417859485,20.321698285276764,clayey_sandstone,0.6280655479511807,critical,11.775466026080107,42.489285314166956,13,False,35.69314207096411,ZONE_B,0.8693423971979981,81.5,high
0.0,26.61306,57.147823417859485,20.321698285276764,clayey_sandstone,0.5832756598785421,critical,11.775466026080107,11.98398785128866,14,False,32.83927600296144,ZONE_B,0.8742204282499871,81.3,high
0.0,26.61306,57.147823417859485,20.321698285276764,clayey_sandstone,0.5910629748528725,critical,11.775466026080107,17.65918625629711,15,False,30.213592466995443,ZONE_B,0.8757866660831453,81.2,high
0.0,22.204466000000004,57.147823417859485,20.321698285276764,clayey_sandstone,0.5968366943017696,critical,11.775466026080107,21.922729478304877,16,False,27.797846995145754,ZONE_B,0.8773106210277655,81.1,high
0.47825903,22.682725030000004,57.147823417859485,20.321698285276764,clayey_sandstone,0.6207255357676982,critical,11.775466026080107,38.58148726216137,17,False,26.05351289660437,ZONE_B,0.8772350736227235,81.1,high
0.0,0.47825903,57.147823417859485,20.321698285276764,clayey_sandstone,0.6414686537993455,critical,11.775466026080107,53.11423155911064,18,False,23.970389021993892,ZONE_B,0.9372688636924927,78.1,high
0.0,0.47825903,57.147823417859485,20.321698285276764,clayey_sandstone,0.5959153366594195,critical,11.775466026080107,21.971670910666763,19,False,22.053822536177528,ZONE_B,0.9414675435650038,77.9,high
0.0,0.47825903,57.147823417859485,20.321698285276764,clayey_sandstone,0.6415265173187376,critical,11.775466026080107,53.5919239139989,20,False,20.290496245636433,ZONE_B,0.940111320787745,78.0,high
47.86095,48.33920903,57.147823417859485,20.321698285276764,clayey_sandstone,0.6282494566001677,critical,11.775466026080107,32.074625299562996,0,False,66.52910774085505,ZONE_B,0.8454839117809397,82.7,high
0.0,48.33920903,57.147823417859485,20.321698285276764,clayey_sandstone,0.6257094458534027,critical,11.775466026080107,31.507827578055757,1,False,61.20973398724617,ZONE_B,0.8497492078148532,82.5,high
7.3260894,55.66529843,57.147823417859485,20.321698285276764,clayey_sandstone,0.6362905233186684,critical,11.775466026080107,38.253963114839934,2,False,63.641763275912496,ZONE_B,0.8472373776232393,82.6,high
0.0,55.1870394,57.147823417859485,20.321698285276764,clayey_sandstone,0.6082627027304846,critical,11.775466026080107,26.13196090830324,3,False,58.55324883916488,ZONE_B,0.8528440434391776,82.4,high
2.5483143,57.735353700000005,57.147823417859485,20.321698285276764,clayey_sandstone,0.5955775201978564,critical,11.775466026080107,17.650055891155507,4,False,56.419903852874555,ZONE_B,0.855250354664618,82.2,high
6.4469943,64.182348,57.147823417859485,20.321698285276764,clayey_sandstone,0.6276967955559943,critical,11.775466026080107,39.53887171747541,5,False,58.35581171376067,ZONE_B,0.8518378259653845,82.4,high
1.0841434,65.2664914,57.147823417859485,20.321698285276764,clayey_sandstone,0.5997917361311641,critical,11.775466026080107,20.748028757923308,6,False,54.77408202840595,ZONE_B,0.8562718735815745,82.2,high
1.2468346,18.652376,57.147823417859485,20.321698285276764,clayey_sandstone,0.6735648432611785,critical,11.775466026080107,71.92510964597011,7,False,51.64142283668329,ZONE_B,0.8542952739410863,82.3,high
3.1854086,21.8377846,57.147823417859485,20.321698285276764,clayey_sandstone,0.611218641483638,critical,11.775466026080107,29.102250690636723,8,False,50.69781124440165,ZONE_B,0.8587429088668155,82.1,high
0.0,14.5116952,57.147823417859485,20.321698285276764,clayey_sandstone,0.6284930160779426,critical,11.775466026080107,41.480671150082,9,False,46.64423806934344,ZONE_B,0.9205074301992858,79.0,high
2.932344,17.444039200000002,57.147823417859485,20.321698285276764,clayey_sandstone,0.6443339098908714,critical,11.775466026080107,52.48445360835501,10,False,45.84711471033988,ZONE_B,0.8605195222598924,82.0,high
8.661066,23.5567909,57.147823417859485,20.321698285276764,clayey_sandstone,0.5884178365769972,critical,11.775466026080107,13.383113249418221,11,False,50.84244781611809,ZONE_B,0.8599907269216306,82.0,high
0.0,17.1097966,57.147823417859485,20.321698285276764,clayey_sandstone,0.60948660222509,critical,11.775466026080107,28.375942691386317,12,False,46.77731013930228,ZONE_B,0.8618781813695763,81.9,high
0.43595493,16.461608130000002,57.147823417859485,20.321698285276764,clayey_sandstone,0.5903686769554304,critical,11.775466026080107,15.603392006290132,13,False,43.473157855048676,ZONE_B,0.8655735586120419,81.7,high
4.5865564,19.80132993,57.147823417859485,20.321698285276764,clayey_sandstone,0.6326595055417098,critical,11.775466026080107,44.595109993538465,14,False,44.58379247083643,ZONE_B,0.8621927110936015,81.9,high
21.08126,37.69718133000001,57.147823417859485,20.321698285276764,clayey_sandstone,0.6499771106954298,critical,11.775466026080107,48.021955979557504,15,False,62.100329245785936,ZONE_B,0.8476133026948676,82.6,high
0.0,37.69718133000001,57.147823417859485,20.321698285276764,clayey_sandstone,0.6350269550212528,critical,11.775466026080107,44.7320839302638,16,False,57.13506106922737,ZONE_B,0.852344796505623,82.4,high
0.0,34.764837330000006,57.147823417859485,20.321698285276764,clayey_sandstone,0.5987188466740978,critical,11.775466026080107,20.271805708333492,17,False,52.56679381624793,ZONE_B,0.858042896829369,82.1,high
0.0,26.10377133,57.147823417859485,20.321698285276764,clayey_sandstone,0.5895435212670828,critical,11.775466026080107,14.453242050168368,18,False,48.36378504561016,ZONE_B,0.8618405152275134,81.9,high
26.390703,52.49447433,57.147823417859485,20.321698285276764,clayey_sandstone,0.628159472377583,critical,11.775466026080107,31.043860142620204,19,False,70.88753330154681,ZONE_B,0.8421186152646546,82.9,high
0.0,52.058519399999994,57.147823417859485,20.321698285276764,clayey_sandstone,0.6744061150350766,critical,11.775466026080107,64.15178123784779,20,False,65.21967908093829,ZONE_B,0.8437441312002574,82.8,high
0.0,47.471963,57.147823417859485,20.321698285276764,clayey_sandstone,0.6324387222949001,critical,11.775466026080107,36.40977883702837,0,False,60.00500146233419,ZONE_B,0.850279622790418,82.5,high
0.0,26.390703,57.147823417859485,20.321698285276764,clayey_sandstone,0.5988452133521457,critical,11.775466026080107,20.04465792796181,1,False,55.20726644524495,ZONE_B,0.8559933068236123,82.2,high
0.0,26.390703,57.147823417859485,20.321698285276764,clayey_sandstone,0.6991698907619274,critical,11.775466026080107,89.65912987494808,2,False,50.793137139900466,ZONE_B,0.8534244101430274,82.3,high
0.0,26.390703,57.147823417859485,20.321698285276764,clayey_sandstone,0.6043761323003478,critical,11.775466026080107,24.861981107779975,3,False,46.73194212706667,ZONE_B,0.8622180189827,81.9,high
0.0,26.390703,57.147823417859485,20.321698285276764,clayey_sandstone,0.5968277680165928,critical,11.775466026080107,20.10832624298001,4,False,42.995462338788464,ZONE_B,0.8655578190565391,81.7,high
0.0,0.0,57.147823417859485,20.321698285276764,clayey_sandstone,0.5897706287184213,critical,11.775466026080107,15.657410354141227,5,False,39.557734979207744,ZONE_B,0.9282970211823774,78.6,high
0.0,0.0,57.147823417859485,20.321698285276764,clayey_sandstone,0.5937694749804536,critical,11.775466026080107,18.787569240063426,6,False,36.394873123007095,ZONE_B,0.9305046118965952,78.5,high
0.0,0.0,57.147823417859485,20.321698285276764,clayey_sandstone,0.5978800140749972,critical,11.775466026080107,21.964556749443773,7,False,33.484899737965556,ZONE_B,0.9325099664578771,78.4,high
0.0,0.0,57.147823417859485,20.321698285276764,clayey_sandstone,0.5981744375735019,critical,11.775466026080107,22.485866917594247,8,False,30.807594978338102,ZONE_B,0.9345629483334257,78.3,high
0.0,0.0,57.147823417859485,20.321698285276764,clayey_sandstone,0.6212397881144653,critical,11.775466026080107,38.66305953118412,9,False,28.344355687982357,ZONE_B,0.9350924855306942,78.2,high
1.8019875,1.8019875,57.147823417859485,20.321698285276764,clayey_sandstone,0.599708559459174,critical,11.775466026080107,23.890677615818493,10,False,27.880053636995058,ZONE_B,0.8770757878423205,81.1,high
3.289921,5.091908500000001,57.147823417859485,20.321698285276764,clayey_sandstone,0.5803904371158127,critical,11.775466026080107,10.460910613121769,11,False,28.940808628283254,ZONE_B,0.8774074281219514,81.1,high
0.0,5.091908500000001,57.147823417859485,20.321698285276764,clayey_sandstone,0.6104887099007893,critical,11.775466026080107,31.463613205530862,12,False,26.626829333308134,ZONE_B,0.9370618803436844,78.1,high
0.0,5.091908500000001,57.147823417859485,20.321698285276764,clayey_sandstone,0.6215758675105737,critical,11.775466026080107,39.35216935461095,13,False,24.497865607398378,ZONE_B,0.9380471927002291,78.1,high
0.0,5.091908500000001,57.147823417859485,20.321698285276764,clayey_sandstone,0.6379465022065319,critical,11.775466026080107,50.85897408473146,14,False,22.53912442242667,ZONE_B,0.93858579217399,78.1,high
0.0,5.091908500000001,57.147823417859485,20.321698285276764,clayey_sandstone,0.6225300259178571,critical,11.775466026080107,40.45673614456956,15,False,20.73699553548903,ZONE_B,0.9408988264151023,78.0,high
2.8690908,7.9609993,57.147823417859485,20.321698285276764,clayey_sandstone,0.6039767515782843,critical,11.775466026080107,27.535804087884802,16,False,21.948047718619893,ZONE_B,0.8814088813677737,80.9,high
38.49156,44.6505718,57.147823417859485,20.321698285276764,clayey_sandstone,0.6632175364188511,critical,11.775466026080107,63.96133293321897,17,False,58.684738715534095,ZONE_B,0.8494652444232782,82.5,high
8.948882,50.3095328,57.147823417859485,20.321698285276764,clayey_sandstone,0.6342782750558541,critical,11.775466026080107,37.023881808514176,18,False,62.94144807920835,ZONE_B,0.8478989742323415,82.6,high
0.16514435,50.47467715,57.147823417859485,20.321698285276764,clayey_sandstone,0.597003864787008,critical,11.775466026080107,18.435500010297652,19,False,58.07407210395719,ZONE_B,0.8538860186354414,82.3,high
0.0,50.47467715,57.147823417859485,20.321698285276764,clayey_sandstone,0.6229040210207637,critical,11.775466026080107,36.82429612704604,20,False,53.430725674026405,ZONE_B,0.8559325314407153,82.2,high
0.34418306,50.818860210000004,57.147823417859485,20.321698285276764,clayey_sandstone,0.6011755925478307,critical,11.775466026080107,22.328220320787302,0,False,49.50282378597958,ZONE_B,0.8602659675896026,82.0,high
51.02652,101.84538021,57.147823417859485,20.321698285276764,clayey_sandstone,0.6373339668081021,critical,11.775466026080107,31.733350529374825,1,False,96.57131653267012,ZONE_B,0.8217085241977725,83.9,high
4.5556345,103.53192391,57.147823417859485,20.321698285276764,clayey_sandstone,0.6506767578404491,critical,11.775466026080107,41.58689536668468,2,False,93.40553488928357,ZONE_B,0.8233611676482211,83.8,high
6.883661,71.92402491,57.147823417859485,20.321698285276764,clayey_sandstone,0.6068246804883112,critical,11.775466026080107,11.510662914021163,3,False,92.82090167034974,ZONE_B,0.8264283246335957,83.7,high
0.0,62.97514291,57.147823417859485,20.321698285276764,clayey_sandstone,0.676456464924849,critical,11.775466026080107,61.078202641448165,4,False,85.3993521426629,ZONE_B,0.8280155698227056,83.6,high
0.0,62.809998560000004,57.147823417859485,20.321698285276764,clayey_sandstone,0.6544844612536279,critical,11.775466026080107,47.46480590322802,5,False,78.57119695181974,ZONE_B,0.8346064912481534,83.3,high
0.0,62.809998560000004,57.147823417859485,20.321698285276764,clayey_sandstone,0.6162131574526712,critical,11.775466026080107,22.50543180084119,6,False,72.28899090626227,ZONE_B,0.8417471660711435,82.9,high
0.0,62.4658155,57.147823417859485,20.321698285276764,clayey_sandstone,0.625019885223045,critical,11.775466026080107,29.855010454624573,7,False,66.50908232249654,ZONE_B,0.8456919870733194,82.7,high
0.0,11.4392955,57.147823417859485,20.321698285276764,clayey_sandstone,0.6353696164720991,critical,11.775466026080107,38.164464637452056,8,False,61.1913097129348,ZONE_B,0.8491873937858544,82.5,high
0.0,6.883661,57.147823417859485,20.321698285276764,clayey_sandstone,0.5950884083030902,critical,11.775466026080107,17.327644164101336,9,False,56.298722725238726,ZONE_B,0.9150329796795839,79.2,high
0.0,0.0,57.147823417859485,20.321698285276764,clayey_sandstone,0.6157433633471545,critical,11.775466026080107,32.08740757251949,10,False,51.79732539412085,ZONE_B,0.917282499623559,79.1,high
0.0,0.0,57.147823417859485,20.321698285276764,clayey_sandstone,0.6070172396281497,critical,11.775466026080107,26.570869468752996,11,False,47.6558399215985,ZONE_B,0.9210057507908899,78.9,high
0.0,0.0,57.147823417859485,20.321698285276764,clayey_sandstone,0.6333364922796129,critical,11.775466026080107,45.14916691362676,12,False,43.845489344335824,ZONE_B,0.9223830602066729,78.9,high
0.0,0.0,57.147823417859485,20.321698285276764,clayey_sandstone,0.6922467930097755,critical,11.775466026080107,86.13526036739844,13,False,40.33979757794569,ZONE_B,0.921581262001175,78.9,high
0.0,0.0,57.147823417859485,20.321698285276764,clayey_sandstone,0.5952318665548123,critical,11.775466026080107,19.709043035791737,14,False,37.114405448866435,ZONE_B,0.9298609428725606,78.5,high
0.0,0.0,57.147823417859485,20.321698285276764,clayey_sandstone,0.6360717756435932,critical,11.775466026080107,48.186804211392136,15,False,34.146901435517684,ZONE_B,0.9297205155661148,78.5,high
0.71084493,0.71084493,57.147823417859485,20.321698285276764,clayey_sandstone,0.616218166214499,critical,11.775466026080107,34.754755011687244,16,False,32.12751087264606,ZONE_B,0.8728064309382815,81.4,high
15.462246,16.17309093,57.147823417859485,20.321698285276764,clayey_sandstone,0.6131849126854251,critical,11.775466026080107,31.13178202148661,17,False,45.02098293432087,ZONE_B,0.8630159263753576,81.8,high
0.16514435,16.33823528,57.147823417859485,20.321698285276764,clayey_sandstone,0.612505953775859,critical,11.775466026080107,31.07286322643946,18,False,41.586448239843996,ZONE_B,0.8657125703896587,81.7,high
7.519648,23.857883280000003,57.147823417859485,20.321698285276764,clayey_sandstone,0.6304983802385985,critical,11.775466026080107,42.964386002904206,19,False,45.78102742733992,ZONE_B,0.861395682973413,81.9,high
135.9027,159.76058328000002,57.147823417859485,20.321698285276764,clayey_sandstone,0.7450361139985258,critical,11.775466026080107,88.79496578130369,20,False,178.02327858051598,ZONE_B,0.7522936865904589,87.4,critical
24.354631,184.11521428000003,57.147823417859485,20.321698285276764,clayey_sandstone,0.6419659845956077,critical,11.775466026080107,17.3998344468046,0,False,188.14395413200378,ZONE_B,0.7569113130226813,87.2,critical
0.32134113,184.43655541,57.147823417859485,20.321698285276764,clayey_sandstone,0.6805238985319606,critical,11.775466026080107,45.33461881244298,1,False,173.4221352754257,ZONE_B,0.7596991012658677,87.0,critical
1.3211548,185.04686528000002,57.147823417859485,20.321698285276764,clayey_sandstone,0.6526681088581239,critical,11.775466026080107,28.786478782210967,2,False,160.87722173324633,ZONE_B,0.7710620414500831,86.4,critical
0.0,169.58461928000003,57.147823417859485,20.321698285276764,clayey_sandstone,0.6305381889802234,critical,11.775466026080107,16.248315417272547,3,False,148.01418929675646,ZONE_B,0.7823295548012695,85.9,critical
0.0,169.41947493000004,57.147823417859485,20.321698285276764,clayey_sandstone,0.6214056318277149,critical,11.775466026080107,12.444853176525235,4,False,136.17962814836815,ZONE_B,0.7920266136201837,85.4,critical
0.0,161.89982693000002,57.147823417859485,20.321698285276764,clayey_sandstone,0.6339992716259165,critical,11.775466026080107,23.404534693396876,5,False,125.2913062642043,ZONE_B,0.7996962888571196,85.0,critical
0.0,25.99712693,57.147823417859485,20.321698285276764,clayey_sandstone,0.7099152152921409,critical,11.775466026080107,77.78869074181564,6,False,115.2735665299931,ZONE_B,0.8029166000557597,84.9,high
0.0,1.64249593,57.147823417859485,20.321698285276764,clayey_sandstone,0.6655935835629193,critical,11.775466026080107,49.20219222145349,7,False,106.05680104032186,ZONE_B,0.8126875641564246,84.4,high
0.0,1.3211548,57.147823417859485,20.321698285276764,clayey_sandstone,0.657173011115155,critical,11.775466026080107,45.18441504606977,8,False,97.57696743060153,ZONE_B,0.8197477297624259,84.0,high
25.377424,25.377424,57.147823417859485,20.321698285276764,clayey_sandstone,0.6162804102637848,critical,11.775466026080107,13.33186497971406,9,False,115.15256788099234,ZONE_B,0.8085938794259286,84.6,high
38.00756,63.384984,57.147823417859485,20.321698285276764,clayey_sandstone,0.6417091361699953,critical,11.775466026080107,24.79426928329947,10,False,143.95303690913101,ZONE_B,0.7848041615124077,85.8,critical
0.0,63.384984,57.147823417859485,20.321698285276764,clayey_sandstone,0.6917360326036537,critical,11.775466026080107,61.66316140856758,11,False,132.44318757717483,ZONE_B,0.7907222567012624,85.5,critical
0.0,63.384984,57.147823417859485,20.321698285276764,clayey_sandstone,0.6396128590439214,critical,11.775466026080107,27.99242328643278,12,False,121.85361498608347,ZONE_B,0.8020201320867424,84.9,high
0.6605774,64.0455614,57.147823417859485,20.321698285276764,clayey_sandstone,0.6906195721379818,critical,11.775466026080107,65.02618949733987,13,False,112.77131527033809,ZONE_B,0.8060024113141946,84.7,high
1.4224753,65.4680367,57.147823417859485,20.321698285276764,clayey_sandstone,0.627369847358717,critical,11.775466026080107,23.063932268842795,14,False,105.17709404487708,ZONE_B,0.8156472878786828,84.2,high
3.6262438,69.0942805,57.147823417859485,20.321698285276764,clayey_sandstone,0.6619796171564414,critical,11.775466026080107,47.902859588088404,15,False,100.39384172293221,ZONE_B,0.8172826208822742,84.1,high
1.9669563,45.6838128,57.147823417859485,20.321698285276764,clayey_sandstone,0.642031709790085,critical,11.775466026080107,35.43846217527818,16,False,94.3337496403641,ZONE_B,0.8231588451675197,83.8,high
33.095898,40.7721508,57.147823417859485,20.321698285276764,clayey_sandstone,0.6406181201893046,critical,11.775466026080107,29.097742702055434,17,False,119.88713746765794,ZONE_B,0.8034809944077375,84.8,high
0.9173608,41.689511599999996,57.147823417859485,20.321698285276764,clayey_sandstone,0.6359476408203514,critical,11.775466026080107,27.70207491562411,18,False,111.21885201301656,ZONE_B,0.8104632740060821,84.5,high
2.5413406,44.2308522,57.147823417859485,20.321698285276764,clayey_sandstone,0.6338841399376044,critical,11.775466026080107,27.615044955923096,19,False,104.86762419606116,ZONE_B,0.8154981563229491,84.2,high
6.3946733,49.9649481,57.147823417859485,20.321698285276764,clayey_sandstone,0.6155226775180773,critical,11.775466026080107,15.388296754768982,20,False,102.87754521703295,ZONE_B,0.8181321626513393,84.1,high
6.028696,54.571168799999995,57.147823417859485,20.321698285276764,clayey_sandstone,0.6281689527355535,critical,11.775466026080107,24.55868513178862,0,False,100.68060686770681,ZONE_B,0.8190770698335679,84.0,high
2.8999448,53.8448698,57.147823417859485,20.321698285276764,clayey_sandstone,0.6266820141245334,critical,11.775466026080107,24.61640914377595,1,False,95.53057481012434,ZONE_B,0.8231486049762217,83.8,high
1.7151875,53.593101,57.147823417859485,20.321698285276764,clayey_sandstone,0.6565993581511375,critical,11.775466026080107,46.46806590646462,2,False,89.60755928038363,ZONE_B,0.8259452155964317,83.7,high
10.162136,30.659339000000003,57.147823417859485,20.321698285276764,clayey_sandstone,0.6587696753412636,critical,11.775466026080107,47.32826741971263,3,False,92.60507042448295,ZONE_B,0.823497617347899,83.8,high
46.809875,76.5518532,57.147823417859485,20.321698285276764,clayey_sandstone,0.747273118317016,critical,11.775466026080107,100.0,4,False,132.01065281040067,ZONE_B,0.7877449344322814,85.6,critical
16.021414,90.0319266,57.147823417859485,20.321698285276764,clayey_sandstone,0.6457200584679967,critical,11.775466026080107,28.9166304400628,5,False,137.4770777897799,ZONE_B,0.7895732722087395,85.5,critical
72.381516,156.0187693,57.147823417859485,20.321698285276764,clayey_sandstone,0.6432938158599231,critical,11.775466026080107,18.314254407537977,6,False,198.86653356004803,ZONE_B,0.7568321307632477,87.2,critical
0.78151095,150.77158425000002,57.147823417859485,20.321698285276764,clayey_sandstone,0.6351798354902611,critical,11.775466026080107,12.72650707064784,7,False,183.74755440861708,ZONE_B,0.7573159899070525,87.1,critical
0.0,147.87163945000003,57.147823417859485,20.321698285276764,clayey_sandstone,0.6296589057111368,critical,11.775466026080107,11.223181319854985,8,False,169.05591113544583,ZONE_B,0.7661090154894828,86.7,critical
0.3381251,146.49457705,57.147823417859485,20.321698285276764,clayey_sandstone,0.6401036378649345,critical,11.775466026080107,21.1841040564022,9,False,155.87707190023818,ZONE_B,0.7756782465916835,86.2,critical
1.4804151,137.81285615000002,57.147823417859485,20.321698285276764,clayey_sandstone,0.6402916388280807,critical,11.775466026080107,23.62040864682733,10,False,144.89424447058755,ZONE_B,0.7841607919351911,85.8,critical
0.0,91.00298115000001,57.147823417859485,20.321698285276764,clayey_sandstone,0.6231984752444797,critical,11.775466026080107,14.282425038696392,11,False,133.3091403370998,ZONE_B,0.7941396419601192,85.3,critical
0.0,74.98156715000002,57.147823417859485,20.321698285276764,clayey_sandstone,0.6281262631045623,critical,11.775466026080107,19.914759213966985,12,False,122.65032998618528,ZONE_B,0.8020889565529256,84.9,high
0.0,2.6000511500000143,57.147823417859485,20.321698285276764,clayey_sandstone,0.6705523777018665,critical,11.775466026080107,51.191566195286704,13,False,112.84375105623317,ZONE_B,0.8071430543038044,84.6,high
0.0,1.8185402000000144,57.147823417859485,20.321698285276764,clayey_sandstone,0.6432273858646882,critical,11.775466026080107,34.269112366610514,14,False,103.82126288510914,ZONE_B,0.8157502139798781,84.2,high
0.0,1.8185402000000144,57.147823417859485,20.321698285276764,clayey_sandstone,0.6249220469039872,critical,11.775466026080107,23.40658063220407,15,False,95.52017303720733,ZONE_B,0.8232616010887078,83.8,high
0.0,1.4804151000000143,57.147823417859485,20.321698285276764,clayey_sandstone,0.6086265121848655,critical,11.775466026080107,13.814623322416404,16,False,87.88280168730908,ZONE_B,0.8301398400114853,83.5,high
0.0,0.0,57.147823417859485,20.321698285276764,clayey_sandstone,0.6633084452441496,critical,11.775466026080107,53.033614847466175,17,False,80.8560808343852,ZONE_B,0.8323132388137252,83.4,high
0.0,0.0,57.147823417859485,20.321698285276764,clayey_sandstone,0.6163548775861996,critical,11.775466026080107,22.135749566284147,18,False,74.39118556049317,ZONE_B,0.8401129469217898,83.0,high
5.842479,5.842479000000014,57.147823417859485,20.321698285276764,clayey_sandstone,0.6160132701552626,critical,11.775466026080107,21.923952611144436,19,False,74.2856737725853,ZONE_B,0.8402149172554022,83.0,high
0.6819691,6.524448100000014,57.147823417859485,20.321698285276764,clayey_sandstone,0.6776483371204012,critical,11.775466026080107,65.53802083209946,20,False,69.02808834144312,ZONE_B,0.8406054904430659,83.0,high
49.873688,56.398136100000016,57.147823417859485,20.321698285276764,clayey_sandstone,0.6338229844150503,critical,11.775466026080107,25.784442672928186,0,False,113.38259513108426,ZONE_B,0.8089166056216313,84.6,high
4.7655525,61.163688600000015,57.147823417859485,20.321698285276764,clayey_sandstone,0.6500071979494058,critical,11.775466026080107,37.83298791047636,1,False,109.08257586653198,ZONE_B,0.8112769891237224,84.4,high
0.10569238,61.269380980000015,57.147823417859485,20.321698285276764,clayey_sandstone,0.6237328895345303,critical,11.775466026080107,21.548729866587706,2,False,100.46650703938217,ZONE_B,0.8195071823234565,84.0,high
0.6442218,61.91360278000002,57.147823417859485,20.321698285276764,clayey_sandstone,0.6248642160196739,critical,11.775466026080107,23.87973698978228,3,False,93.07787045890115,ZONE_B,0.8251538459363829,83.7,high
5.7563744,67.66997718000002,57.147823417859485,20.321698285276764,clayey_sandstone,0.629403253029824,critical,11.775466026080107,27.359644861585636,4,False,91.39214924130368,ZONE_B,0.8261868517462158,83.7,high
0.9739384,62.80143658000002,57.147823417859485,20.321698285276764,clayey_sandstone,0.6163019721200522,critical,11.775466026080107,19.728109228439653,5,False,85.05877485043099,ZONE_B,0.8318661402354275,83.4,high
49.481834,111.60130148000002,57.147823417859485,20.321698285276764,clayey_sandstone,0.6281126843765988,critical,11.775466026080107,18.836438495146428,6,False,127.7396847163522,ZONE_B,0.7981538272620851,85.1,critical
0.0,61.72761348000002,57.147823417859485,20.321698285276764,clayey_sandstone,0.6555859949261422,critical,11.775466026080107,39.901366156435095,7,False,117.52618344979058,ZONE_B,0.8044143024809123,84.8,high
0.0,56.96206098000002,57.147823417859485,20.321698285276764,clayey_sandstone,0.6134863478173833,critical,11.775466026080107,12.882882553322428,8,False,108.12930865568104,ZONE_B,0.8141920540721097,84.3,high
0.0,56.85636860000002,57.147823417859485,20.321698285276764,clayey_sandstone,0.6293783487143606,critical,11.775466026080107,25.642928556508057,9,False,99.48376648638948,ZONE_B,0.8199305470604105,84.0,high
0.0,56.21214680000001,57.147823417859485,20.321698285276764,clayey_sandstone,0.6267545933850123,critical,11.775466026080107,25.50678175084501,10,False,91.5294837020905,ZONE_B,0.826238588723004,83.7,high
0.0,50.455772400000015,57.147823417859485,20.321698285276764,clayey_sandstone,0.6151473730256761,critical,11.775466026080107,19.121389057255257,11,False,84.21119025401404,ZONE_B,0.8325904861416282,83.4,high
0.0,49.48183400000001,57.147823417859485,20.321698285276764,clayey_sandstone,0.6464708658612577,critical,11.775466026080107,42.189178868382385,12,False,77.47803524249292,ZONE_B,0.8359297793552286,83.2,high
0.0,0.0,57.147823417859485,20.321698285276764,clayey_sandstone,0.6157187432294614,critical,11.775466026080107,22.388511251083674,13,False,71.28323358130947,ZONE_B,0.8425544688926812,82.9,high
0.0,0.0,57.147823417859485,20.321698285276764,clayey_sandstone,0.6144615162116863,critical,11.775466026080107,22.789604563799475,14,False,65.5837409132012,ZONE_B,0.8470372404032506,82.6,high
0.0,0.0,57.147823417859485,20.321698285276764,clayey_sandstone,0.6357387947752468,critical,11.775466026080107,38.607942187901294,15,False,60.339954517687396,ZONE_B,0.8498237886782043,82.5,high
0.0,0.0,57.147823417859485,20.321698285276764,clayey_sandstone,0.6448414590598904,critical,11.775466026080107,51.6836157737643,16,False,55.51543813298569,ZONE_B,0.9126718337923645,79.4,high
0.0,0.0,57.147823417859485,20.321698285276764,clayey_sandstone,0.6123535618685756,critical,11.775466026080107,29.838743710633644,17,False,51.07666877995324,ZONE_B,0.9180419749310169,79.1,high
1.6466075,1.6466075000000142,57.147823417859485,20.321698285276764,clayey_sandstone,0.5963114894160374,critical,11.775466026080107,19.08125417819437,18,False,48.63941132886791,ZONE_B,0.861223762250631,81.9,high
8.356673,10.003280500000015,57.147823417859485,20.321698285276764,clayey_sandstone,0.6344701568115596,critical,11.775466026080107,44.827900491196814,19,False,53.10709172398315,ZONE_B,0.8554930985175999,82.2,high
1.0487261,11.052006600000015,57.147823417859485,20.321698285276764,clayey_sandstone,0.6106967511215785,critical,11.775466026080107,28.836629920477822,20,False,49.90960921785786,ZONE_B,0.8593836000770051,82.0,high
0.0,11.052006600000015,57.147823417859485,20.321698285276764,clayey_sandstone,0.6431392990819447,critical,11.775466026080107,51.65321688873077,0,False,45.919057197222315,ZONE_B,0.9201948626994941,79.0,high
0.0,11.052006600000015,57.147823417859485,20.321698285276764,clayey_sandstone,0.620546520529149,critical,11.775466026080107,36.531391358155,1,False,42.24757209934882,ZONE_B,0.9243815381546803,78.8,high
0.0,11.052006600000015,57.147823417859485,20.321698285276764,clayey_sandstone,0.6157152187522048,critical,11.775466026080107,33.606198560195594,2,False,38.86964274165552,ZONE_B,0.9272820211858815,78.6,high
0.0,0.0,75.0,6.0,clayey_sandstone,0.35613294636015563,normal,0.0,0.0,2,False,0.0,ZONE_C,2.5,0.0,very_low
0.0,0.0,75.0,6.0,clayey_sandstone,0.3562422625954059,normal,0.0,0.0,3,False,0.0,ZONE_C,2.5,0.0,very_low
0.0,0.0,75.0,6.0,clayey_sandstone,0.3563515788306562,normal,0.0,0.0,4,False,0.0,ZONE_C,2.5,0.0,very_low
0.0,0.0,75.0,6.0,clayey_sandstone,0.3564608950659065,normal,0.0,0.0,5,False,0.0,ZONE_C,2.5,0.0,very_low
0.0,0.0,75.0,6.0,clayey_sandstone,0.3565702113011568,normal,0.0,0.0,6,False,0.0,ZONE_C,2.5,0.0,very_low
0.0,0.0,75.0,6.0,clayey_sandstone,0.3566795275364071,normal,0.0,0.0,0,False,0.0,ZONE_C,2.5,0.0,very_low
0.0,0.0,75.0,6.0,clayey_sandstone,0.3567888437716574,normal,0.0,0.0,1,False,0.0,ZONE_C,2.5,0.0,very_low
0.0,0.0,75.0,6.0,clayey_sandstone,0.3568981600069077,normal,0.0,0.0,2,False,0.0,ZONE_C,2.5,0.0,very_low
0.0,0.0,75.0,6.0,clayey_sandstone,0.357007476242158,normal,0.0,0.0,3,False,0.0,ZONE_C,2.5,0.0,very_low
0.0,0.0,75.0,6.0,clayey_sandstone,0.3571167924774083,normal,0.0,0.0,4,False,0.0,ZONE_C,2.5,0.0,very_low
0.0,0.0,75.0,6.0,clayey_sandstone,0.3572261087126586,normal,0.0,0.0,5,False,0.0,ZONE_C,2.5,0.0,very_low
0.0,0.0,75.0,6.0,clayey_sandstone,0.3573354249479089,normal,0.0,0.0,6,False,0.0,ZONE_C,2.5,0.0,very_low
0.0,0.0,75.0,6.0,clayey_sandstone,0.35744474118315916,normal,0.0,0.0,0,False,0.0,ZONE_C,2.5,0.0,very_low
0.0,0.0,75.0,6.0,clayey_sandstone,0.35755405741840945,normal,0.0,0.0,1,False,0.0,ZONE_C,2.5,0.0,very_low
0.0,0.0,75.0,6.0,clayey_sandstone,0.35766337365365974,normal,0.0,0.0,2,False,0.0,ZONE_C,2.5,0.0,very_low
0.0,0.0,75.0,6.0,clayey_sandstone,0.35777268988891003,normal,0.0,0.0,3,False,0.0,ZONE_C,2.5,0.0,very_low
0.0,0.0,75.0,6.0,clayey_sandstone,0.3578820061241603,normal,0.0,0.0,4,False,0.0,ZONE_C,2.5,0.0,very_low
0.0,0.0,75.0,6.0,clayey_sandstone,0.3579913223594106,normal,0.0,0.0,5,False,0.0,ZONE_C,2.5,0.0,very_low
0.0,0.0,75.0,6.0,clayey_sandstone,0.35810063859466096,normal,0.0,0.0,6,False,0.0,ZONE_C,2.5,0.0,very_low
0.0,0.0,75.0,6.0,clayey_sandstone,0.35820995482991125,normal,0.0,0.0,0,False,0.0,ZONE_C,2.5,0.0,very_low
222.76726,222.76726,75.0,6.0,clayey_sandstone,0.39557042530949127,normal,0.0,0.0,1,False,222.76726,ZONE_C,2.5,0.0,very_low
0.0,222.76726,75.0,6.0,clayey_sandstone,0.40199836346288437,normal,0.0,0.0,2,False,204.95577332527827,ZONE_C,2.5,0.0,very_low
0.0,222.76726,75.0,6.0,clayey_sandstone,0.4084263016162774,normal,0.0,0.0,3,False,188.5684144939559,ZONE_C,2.5,0.0,very_low
0.0,222.76726,75.0,6.0,clayey_sandstone,0.41363931577833846,normal,0.0,0.0,4,False,173.49131653067127,ZONE_C,2.5,0.0,very_low
0.0,222.76726,75.0,6.0,clayey_sandstone,0.41727187507129665,normal,0.0,0.0,5,False,159.61971676073208,ZONE_C,2.5,0.0,very_low
0.0,222.76726,75.0,6.0,clayey_sandstone,0.420672260583459,normal,0.0,0.0,6,False,146.85722887042613,ZONE_C,2.5,0.0,very_low
5.532035,228.299295,75.0,6.0,clayey_sandstone,0.42489165672248386,normal,0.0,0.0,0,False,140.64720817017576,ZONE_C,2.5,0.0,very_low
0.0,5.532035,75.0,6.0,clayey_sandstone,0.4279744927721686,normal,0.0,0.0,1,False,129.40167831017794,ZONE_C,2.5,0.0,very_low
0.0,5.532035,75.0,6.0,clayey_sandstone,0.4308691084847653,normal,0.0,0.0,2,False,119.05529137293966,ZONE_C,2.5,0.0,very_low
0.0,5.532035,75.0,6.0,clayey_sandstone,0.43359055312750455,normal,0.0,0.0,3,False,109.5361558597398,ZONE_C,2.5,0.0,very_low
0.0,5.532035,75.0,6.0,clayey_sandstone,0.4361526726946461,normal,0.0,0.0,4,False,100.77812839872063,ZONE_C,2.5,0.0,very_low
0.0,5.532035,75.0,6.0,clayey_sandstone,0.4385682061158735,normal,0.0,0.0,5,False,92.7203541500397,ZONE_C,2.5,0.0,very_low
0.0,5.532035,75.0,6.0,clayey_sandstone,0.44065843639905117,normal,0.0,0.0,6,False,85.30684395819682,ZONE_C,2.5,0.0,very_low
0.0,0.0,75.0,6.0,clayey_sandstone,0.4425059486138687,normal,0.0,0.0,0,False,78.48608531339421,ZONE_C,2.5,0.0,very_low
0.0,0.0,75.0,6.0,clayey_sandstone,0.44421448235165095,normal,0.0,0.0,1,False,72.21068441870891,ZONE_C,2.5,0.0,very_low
0.0,0.0,75.0,6.0,clayey_sandstone,0.4457951497178833,normal,0.0,0.0,2,False,66.43703687599384,ZONE_C,2.5,0.0,very_low
0.0,0.0,75.0,6.0,clayey_sandstone,0.4472581743431522,normal,0.0,0.0,3,False,61.12502470228052,ZONE_C,2.5,0.0,very_low
0.0,0.0,75.0,6.0,clayey_sandstone,0.44861296242167586,minor,0.0,0.0,4,False,56.23773757141261,ZONE_C,2.5,0.0,very_low
0.0,0.0,75.0,6.0,clayey_sandstone,0.449868168069908,minor,0.0,0.0,5,False,51.741216343967814,ZONE_C,2.5,0.0,very_low
0.0,0.0,75.0,6.0,clayey_sandstone,0.45103175345935503,minor,0.0,0.0,6,False,47.604217103395044,ZONE_C,2.5,0.0,very_low
0.0,0.0,75.0,6.0,clayey_sandstone,0.45211104414144004,minor,0.0,0.0,0,False,43.79799405878031,ZONE_C,2.5,0.0,very_low
0.0,0.0,75.0,6.0,clayey_sandstone,0.4531127799488338,minor,0.0,0.0,1,False,40.29609980574911,ZONE_C,2.5,0.0,very_low
0.0,0.0,75.0,6.0,clayey_sandstone,0.4540431618269406,minor,0.0,0.0,2,False,37.07420155762522,ZONE_C,2.5,0.0,very_low
0.0,0.0,75.0,6.0,clayey_sandstone,0.454907894920945,minor,0.0,0.0,3,False,34.10991206993484,ZONE_C,2.5,0.0,very_low
0.0,0.0,75.0,6.0,clayey_sandstone,0.4557122282178089,minor,0.0,0.0,4,False,31.38263408344089,ZONE_C,2.5,0.0,very_low
0.0,0.0,75.0,6.0,clayey_sandstone,0.4564609910186688,minor,0.0,0.0,5,False,28.873417204825625,ZONE_C,2.5,0.0,very_low
0.0,0.0,75.0,6.0,clayey_sandstone,0.45715862649506217,minor,0.0,0.0,6,False,26.564826230562023,ZONE_C,2.5,0.0,very_low
0.0,0.0,75.0,6.0,clayey_sandstone,0.4578092225621451,minor,0.0,0.0,0,False,24.44081999902713,ZONE_C,2.5,0.0,very_low
0.0,0.0,75.0,6.0,clayey_sandstone,0.45841654028342455,minor,0.0,0.0,1,False,22.486639929065575,ZONE_C,2.5,0.0,very_low
0.0,0.0,75.0,6.0,clayey_sandstone,0.458984040004373,minor,0.0,0.0,2,False,20.688707470517503,ZONE_C,2.5,0.0,very_low
0.0,0.0,75.0,6.0,clayey_sandstone,0.45951490539651535,minor,0.0,0.0,3,False,19.034529754149585,ZONE_C,2.5,0.0,very_low
0.0,0.0,75.0,6.0,clayey_sandstone,0.46001206557905583,minor,0.0,0.0,4,False,17.512612785400993,ZONE_C,2.5,0.0,very_low
0.0,0.0,75.0,6.0,clayey_sandstone,0.46047821547175827,minor,0.0,0.0,5,False,16.112381578774258,ZONE_C,2.5,0.0,very_low
0.0,0.0,75.0,6.0,clayey_sandstone,0.46091583452049917,minor,0.0,0.0,6,False,14.824106677927654,ZONE_C,2.5,0.0,very_low
0.0,0.0,75.0,6.0,clayey_sandstone,0.46132720392560855,minor,0.0,0.0,0,False,13.63883655089659,ZONE_C,2.5,0.0,very_low
0.0,0.0,75.0,6.0,clayey_sandstone,0.4617144224927088,minor,0.0,0.0,1,False,12.548335390694671,ZONE_C,2.5,0.0,very_low
0.0,0.0,75.0,6.0,clayey_sandstone,0.46207942121619017,minor,0.0,0.0,2,False,11.5450258891041,ZONE_C,2.5,0.0,very_low
0.0,0.0,75.0,6.0,clayey_sandstone,0.4624239766966559,minor,0.0,0.0,3,False,10.621936586021164,ZONE_C,2.5,0.0,very_low
0.0,0.0,75.0,6.0,clayey_sandstone,0.4627497234855683,minor,0.0,0.0,4,False,9.772653428515634,ZONE_C,2.5,0.0,very_low
0.0,0.0,75.0,6.0,clayey_sandstone,0.46305816544287054,minor,0.0,0.0,5,False,8.991275203013915,ZONE_C,2.5,0.0,very_low
0.0,0.0,75.0,6.0,clayey_sandstone,0.46335068618650377,minor,0.0,0.0,6,False,8.272372530928088,ZONE_C,2.5,0.0,very_low
0.0,0.0,75.0,6.0,clayey_sandstone,0.4636285587064267,minor,0.0,0.0,0,False,7.610950142813427,ZONE_C,2.5,0.0,very_low
0.0,0.0,75.0,6.0,clayey_sandstone,0.4638929542099407,minor,0.0,0.0,1,False,7.002412168917743,ZONE_C,2.5,0.0,very_low
0.0,0.0,75.0,6.0,clayey_sandstone,0.46414495025978186,minor,0.0,0.0,2,False,6.442530204945175,ZONE_C,2.5,0.0,very_low
0.0,0.0,75.0,6.0,clayey_sandstone,0.46438553826152684,minor,0.0,0.0,3,False,5.927413931140518,ZONE_C,2.5,0.0,very_low
0.0,0.0,75.0,6.0,clayey_sandstone,0.46461563035233905,minor,0.0,0.0,4,False,5.453484080541874,ZONE_C,2.5,0.0,very_low
0.0,0.0,75.0,6.0,clayey_sandstone,0.46483606573892117,minor,0.0,0.0,5,False,5.017447568572482,ZONE_C,2.5,0.0,very_low
0.0,0.0,75.0,6.0,clayey_sandstone,0.4650476165287126,minor,0.0,0.0,6,False,4.616274611160591,ZONE_C,2.5,0.0,very_low
0.0,0.0,75.0,6.0,clayey_sandstone,0.46525099309485074,minor,0.0,0.0,0,False,4.247177672393454,ZONE_C,2.5,0.0,very_low
0.0,0.0,75.0,6.0,clayey_sandstone,0.4654468490121725,minor,0.0,0.0,1,False,3.9075920954239667,ZONE_C,2.5,0.0,very_low
0.0,0.0,75.0,6.0,clayey_sandstone,0.4656357855985564,minor,0.0,0.0,2,False,3.595158282044514,ZONE_C,2.5,0.0,very_low
0.0,0.0,75.0,6.0,clayey_sandstone,0.465818356093158,minor,0.0,0.0,3,False,3.3077052971034084,ZONE_C,2.5,0.0,very_low
0.0,0.0,75.0,6.0,clayey_sandstone,0.46599506950057235,minor,0.0,0.0,4,False,3.043235783839817,ZONE_C,2.5,0.0,very_low
0.0,0.0,75.0,6.0,clayey_sandstone,0.46616639412763394,minor,0.0,0.0,5,False,2.7999120853219144,ZONE_C,2.5,0.0,very_low
0.0,0.0,75.0,6.0,clayey_sandstone,0.4663327608374304,minor,0.0,0.0,6,False,2.576043475553569,ZONE_C,2.5,0.0,very_low
0.0,0.0,75.0,6.0,clayey_sandstone,0.46649456604313877,minor,0.0,0.0,0,False,2.370074411525371,ZONE_C,2.5,0.0,very_low
0.0,0.0,75.0,6.0,clayey_sandstone,0.46665217446248874,minor,0.0,0.0,1,False,2.180573724579798,ZONE_C,2.5,0.0,very_low
0.0,0.0,75.0,6.0,clayey_sandstone,0.46680592165199014,minor,0.0,0.0,2,False,2.006224675987103,ZONE_C,2.5,0.0,very_low
0.0,0.0,75.0,6.0,clayey_sandstone,0.46695611633853584,minor,0.0,0.0,3,False,1.845815807633458,ZONE_C,2.5,0.0,very_low
8.948759,8.948759,75.0,6.0,clayey_sandstone,0.46913655583717545,minor,0.0,0.0,4,False,10.646991524247678,ZONE_C,2.5,0.0,very_low
1.5206275,10.4693865,75.0,6.0,clayey_sandstone,0.46980836007119514,minor,0.0,0.0,5,False,11.316332584489821,ZONE_C,2.5,0.0,very_low
0.0,10.4693865,75.0,6.0,clayey_sandstone,0.47014825574051106,minor,0.0,0.0,6,False,10.411528588447675,ZONE_C,2.5,0.0,very_low
0.0,10.4693865,75.0,6.0,clayey_sandstone,0.47046971529620185,minor,0.0,0.0,0,False,9.579068725554805,ZONE_C,2.5,0.0,very_low
9.806886,20.2762725,75.0,6.0,clayey_sandstone,0.4730027265995247,minor,0.0,0.0,1,False,18.62005467829713,ZONE_C,2.5,0.0,very_low
0.0,20.2762725,75.0,6.0,clayey_sandstone,0.47349144151698386,minor,0.0,0.0,2,False,17.131277306859875,ZONE_C,2.5,0.0,very_low
0.0,20.2762725,75.0,6.0,clayey_sandstone,0.4739498213907182,minor,0.0,0.0,3,False,15.761536001642504,ZONE_C,2.5,0.0,very_low
0.0,11.3275135,75.0,6.0,clayey_sandstone,0.4743802916769059,minor,0.0,0.0,4,False,14.501313164290183,ZONE_C,2.5,0.0,very_low
0.0,9.806886,75.0,6.0,clayey_sandstone,0.4747850839029567,minor,0.0,0.0,5,False,13.341852181595861,ZONE_C,2.5,0.0,very_low
0.0,9.806886,75.0,6.0,clayey_sandstone,0.47516625117320005,minor,0.0,0.0,6,False,12.275096580487324,ZONE_C,2.5,0.0,very_low
0.0,9.806886,75.0,6.0,clayey_sandstone,0.475525682434807,minor,0.0,0.0,0,False,11.293634047912867,ZONE_C,2.5,0.0,very_low
0.0,0.0,75.0,6.0,clayey_sandstone,0.47586511560307154,minor,0.0,0.0,1,False,10.39064492664979,ZONE_C,2.5,0.0,very_low
0.0,0.0,75.0,6.0,clayey_sandstone,0.4761861496372532,minor,0.0,0.0,2,False,9.559854829160654,ZONE_C,2.5,0.0,very_low
0.0,0.0,75.0,6.0,clayey_sandstone,0.47649025565088793,minor,0.0,0.0,3,False,8.795491040236424,ZONE_C,2.5,0.0,very_low
0.0,0.0,75.0,6.0,clayey_sandstone,0.47677878713376776,minor,0.0,0.0,4,False,8.09224240549178,ZONE_C,2.5,0.0,very_low
0.0,0.0,75.0,6.0,clayey_sandstone,0.477052989356616,minor,0.0,0.0,5,False,7.445222426999271,ZONE_C,2.5,0.0,very_low
1.4488865,1.4488865,75.0,6.0,clayey_sandstone,0.4776432525512582,minor,0.0,0.0,6,False,8.298821809633655,ZONE_C,2.5,0.0,very_low
0.0,1.4488865,75.0,6.0,clayey_sandstone,0.47792166399663866,minor,0.0,0.0,0,False,7.6352846539574575,ZONE_C,2.5,0.0,very_low
0.0,1.4488865,75.0,6.0,clayey_sandstone,0.47818655533550974,minor,0.0,0.0,1,False,7.024800999978544,ZONE_C,2.5,0.0,very_low
0.0,1.4488865,75.0,6.0,clayey_sandstone,0.47843900757590174,minor,0.0,0.0,2,False,6.463128923912745,ZONE_C,2.5,0.0,very_low
0.0,1.4488865,75.0,6.0,clayey_sandstone,0.478680015293215,minor,0.0,0.0,3,False,5.946365667475149,ZONE_C,2.5,0.0,very_low
0.0,1.4488865,75.0,6.0,clayey_sandstone,0.4789104935409916,minor,0.0,0.0,4,False,5.470920519704078,ZONE_C,2.5,0.0,very_low
0.0,1.4488865,75.0,6.0,clayey_sandstone,0.479131284209132,minor,0.0,0.0,5,False,5.033489867034692,ZONE_C,2.5,0.0,very_low
0.0,0.0,75.0,6.0,clayey_sandstone,0.4793431618737367,minor,0.0,0.0,6,False,4.631034238258564,ZONE_C,2.5,0.0,very_low
0.0,0.0,75.0,6.0,clayey_sandstone,0.47954683917922103,minor,0.0,0.0,0,False,4.2607571848669545,ZONE_C,2.5,0.0,very_low
0.0,0.0,75.0,6.0,clayey_sandstone,0.47974297179009856,minor,0.0,0.0,1,False,3.9200858500286007,ZONE_C,2.5,0.0,very_low
0.0,0.0,75.0,6.0,clayey_sandstone,0.47993216294684304,minor,0.0,0.0,2,False,3.6066530911862573,ZONE_C,2.5,0.0,very_low
0.0,0.0,75.0,6.0,clayey_sandstone,0.480114967657483,minor,0.0,0.0,3,False,3.3182810320514995,ZONE_C,2.5,0.0,very_low
0.0,0.0,75.0,6.0,clayey_sandstone,0.4802918965540552,minor,0.0,0.0,4,False,3.0529659297094085,ZONE_C,2.5,0.0,very_low
0.0,0.0,75.0,6.0,clayey_sandstone,0.4804634194407129,minor,0.0,0.0,5,False,2.8088642516827607,ZONE_C,2.5,0.0,very_low
0.0,0.0,75.0,6.0,clayey_sandstone,0.48062996855814344,minor,0.0,0.0,6,False,2.5842798662126976,ZONE_C,2.5,0.0,very_low
0.0,0.0,75.0,6.0,clayey_sandstone,0.48079194158697675,minor,0.0,0.0,0,False,2.377652256748007,ZONE_C,2.5,0.0,very_low
0.0,0.0,75.0,6.0,clayey_sandstone,0.48094970441105545,minor,0.0,0.0,1,False,2.18754567875181,ZONE_C,2.5,0.0,very_low
0.0,0.0,75.0,6.0,clayey_sandstone,0.4811035936597651,minor,0.0,0.0,2,False,2.0126391834821145,ZONE_C,2.5,0.0,very_low
0.35083345,0.35083345,75.0,6.0,clayey_sandstone,0.4813336423335326,minor,0.0,0.0,3,False,2.202550889426841,ZONE_C,2.5,0.0,very_low
3.3541982,3.70503165,75.0,6.0,clayey_sandstone,0.4822500443040419,minor,0.0,0.0,4,False,5.380642843754013,ZONE_C,2.5,0.0,very_low
14.591815,18.29684665,75.0,6.0,clayey_sandstone,0.48578483509267545,minor,0.0,0.0,5,False,19.54224539551112,ZONE_C,2.5,0.0,very_low
0.43518314,18.732029790000002,75.0,6.0,clayey_sandstone,0.4863912312766075,minor,0.0,0.0,6,False,18.414916865455616,ZONE_C,2.5,0.0,very_low
0.0,18.732029790000002,75.0,6.0,clayey_sandstone,0.48687576634512386,minor,0.0,0.0,0,False,16.942541407925766,ZONE_C,2.5,0.0,very_low
0.0,18.732029790000002,75.0,6.0,clayey_sandstone,0.48733030057218424,minor,0.0,0.0,1,False,15.587890591988133,ZONE_C,2.5,0.0,very_low
0.0,18.732029790000002,75.0,6.0,clayey_sandstone,0.487757232692629,minor,0.0,0.0,2,False,14.341551675011658,ZONE_C,2.5,0.0,very_low
0.0,18.381196340000002,75.0,6.0,clayey_sandstone,0.48815876964905003,minor,0.0,0.0,3,False,13.194864515712291,ZONE_C,2.5,0.0,very_low
0.0,15.02699814,75.0,6.0,clayey_sandstone,0.4885369419266523,minor,0.0,0.0,4,False,12.139861399471744,ZONE_C,2.5,0.0,very_low
0.0,0.43518314,75.0,6.0,clayey_sandstone,0.488893617662008,minor,0.0,0.0,5,False,11.169211674958099,ZONE_C,2.5,0.0,very_low
0.0,0.0,75.0,6.0,clayey_sandstone,0.48923051562373576,minor,0.0,0.0,6,False,10.276170817357828,ZONE_C,2.5,0.0,very_low
0.0,0.0,75.0,6.0,clayey_sandstone,0.48954921715530336,minor,0.0,0.0,0,False,9.454533564286917,ZONE_C,2.5,0.0,very_low
17.02425,17.02425,75.0,6.0,clayey_sandstone,0.49371976255349076,minor,0.0,0.0,1,False,25.722840798747647,ZONE_C,2.5,0.0,very_low
0.0,17.02425,75.0,6.0,clayey_sandstone,0.49435320248603015,minor,0.0,0.0,2,False,23.666156005287053,ZONE_C,2.5,0.0,very_low
0.0,17.02425,75.0,6.0,clayey_sandstone,0.49494473580154613,minor,0.0,0.0,3,False,21.77391464841057,ZONE_C,2.5,0.0,very_low
0.0,17.02425,75.0,6.0,clayey_sandstone,0.4954977131681337,minor,0.0,0.0,4,False,20.032968556885752,ZONE_C,2.5,0.0,very_low
0.0,17.02425,75.0,6.0,clayey_sandstone,0.49601521734925896,minor,0.0,0.0,5,False,18.43122082920759,ZONE_C,2.5,0.0,very_low
0.0,17.02425,75.0,6.0,clayey_sandstone,0.4965000846242306,minor,0.0,0.0,6,False,16.957541778712088,ZONE_C,2.5,0.0,very_low
0.0,17.02425,75.0,6.0,clayey_sandstone,0.4969549244959848,minor,0.0,0.0,0,False,15.601691599347456,ZONE_C,2.5,0.0,very_low
0.0,0.0,75.0,6.0,clayey_sandstone,0.49738213782312285,minor,0.0,0.0,1,False,14.354249214748862,ZONE_C,2.5,0.0,very_low
0.0,0.0,75.0,6.0,clayey_sandstone,0.49778393350219136,minor,0.0,0.0,2,False,13.20654681622704,ZONE_C,2.5,0.0,very_low
0.0,0.0,75.0,6.0,clayey_sandstone,0.4981623438161205,minor,0.0,0.0,3,False,12.15060963481036,ZONE_C,2.5,0.0,very_low
0.0,0.0,75.0,6.0,clayey_sandstone,0.49851923855546915,minor,0.0,0.0,4,False,11.179100528848513,ZONE_C,2.5,0.0,very_low
0.0,0.0,75.0,6.0,clayey_sandstone,0.49885633801059737,minor,0.0,0.0,5,False,10.285269002146789,ZONE_C,2.5,0.0,very_low
0.0,0.0,75.0,6.0,clayey_sandstone,0.4991752249250426,minor,0.0,0.0,6,False,9.462904298385267,ZONE_C,2.5,0.0,very_low
0.0,0.0,75.0,6.0,clayey_sandstone,0.49947735549315636,minor,0.0,0.0,0,False,8.70629224590118,ZONE_C,2.5,0.0,very_low
0.0,0.0,75.0,6.0,clayey_sandstone,0.4997640694784181,minor,0.0,0.0,1,False,8.010175552971967,ZONE_C,2.5,0.0,very_low
0.0,0.0,75.0,6.0,clayey_sandstone,0.5000365995227343,minor,0.0,0.0,2,False,7.369717277712209,ZONE_C,2.5,0.0,very_low
0.0,0.0,75.0,6.0,clayey_sandstone,0.500296079711406,minor,0.0,0.0,3,False,6.78046721875634,ZONE_C,2.5,0.0,very_low
0.0,0.0,75.0,6.0,clayey_sandstone,0.5005435534532803,minor,0.0,0.0,4,False,6.238330993193992,ZONE_C,2.5,0.0,very_low
0.0,0.0,75.0,6.0,clayey_sandstone,0.5007799807308392,minor,0.0,0.0,5,False,5.739541586897132,ZONE_C,2.5,0.0,very_low
0.0,0.0,75.0,6.0,clayey_sandstone,0.5010062447706031,minor,0.0,0.0,6,False,5.280633179557429,ZONE_C,2.5,0.0,very_low
0.0,0.0,75.0,6.0,clayey_sandstone,0.5012231581801995,minor,0.0,0.0,0,False,4.858417062558098,ZONE_C,2.5,0.0,very_low
0.0,0.0,75.0,6.0,clayey_sandstone,0.5014314685947366,minor,0.0,0.0,1,False,4.469959482346381,ZONE_C,2.5,0.0,very_low
0.0,0.0,75.0,6.0,clayey_sandstone,0.5016318638717207,minor,0.0,0.0,2,False,4.112561255352169,ZONE_C,2.5,0.0,very_low
0.0,0.0,75.0,6.0,clayey_sandstone,0.5018249768706079,minor,0.0,0.0,3,False,3.7837390128077213,ZONE_C,2.5,0.0,very_low
0.0,0.0,75.0,6.0,clayey_sandstone,0.5020113898502063,minor,0.0,0.0,4,False,3.4812079451488134,ZONE_C,2.5,0.0,very_low
0.0,0.0,75.0,6.0,clayey_sandstone,0.5021916385144803,minor,0.0,0.0,5,False,3.2028659260973895,ZONE_C,2.5,0.0,very_low
0.0,0.0,75.0,6.0,clayey_sandstone,0.50236621573487,minor,0.0,0.0,6,False,2.946778906112478,ZONE_C,2.5,0.0,very_low
0.0,0.0,75.0,6.0,clayey_sandstone,0.5025355749749908,minor,0.0,0.0,0,False,2.7111674737162925,ZONE_C,2.5,0.0,very_low
0.0,0.0,75.0,6.0,clayey_sandstone,0.5027001334415099,minor,0.0,0.0,1,False,2.4943944913173675,ZONE_C,2.5,0.0,very_low
0.0,0.0,75.0,6.0,clayey_sandstone,0.5028602749830906,minor,0.0,0.0,2,False,2.2949537196186958,ZONE_C,2.5,0.0,very_low
0.0,0.0,75.0,6.0,clayey_sandstone,0.5030163527575522,minor,0.0,0.0,3,False,2.111459351567971,ZONE_C,2.5,0.0,very_low
0.0,0.0,75.0,6.0,clayey_sandstone,0.5031686916857732,minor,0.0,0.0,4,False,1.9426363831269646,ZONE_C,2.5,0.0,very_low
46.26834,46.26834,75.0,6.0,clayey_sandstone,0.5138315942143485,minor,0.0,0.0,5,False,48.05565175395168,ZONE_C,2.5,0.0,very_low
0.0,46.26834,75.0,6.0,clayey_sandstone,0.5149200832427586,minor,0.0,0.0,6,False,44.213333987595085,ZONE_C,2.5,0.0,very_low
23.766209,70.034549,75.0,6.0,clayey_sandstone,0.521330908039859,minor,0.0,0.0,0,False,64.44443998742769,ZONE_C,2.5,0.0,very_low
0.0,70.034549,75.0,6.0,clayey_sandstone,0.5227533318910296,minor,0.0,0.0,1,False,59.29174706434746,ZONE_C,2.5,0.0,very_low
0.0,70.034549,75.0,6.0,clayey_sandstone,0.5240707654541142,minor,0.0,0.0,2,False,54.55104072016746,ZONE_C,2.5,0.0,very_low
12.906802,82.941351,75.0,6.0,clayey_sandstone,0.5282245410487798,moderate,0.0,0.0,3,False,63.09618232680685,ZONE_C,2.5,0.0,very_low
0.0,82.941351,75.0,6.0,clayey_sandstone,0.5296194930590477,moderate,0.0,0.0,4,False,58.05129013421206,ZONE_C,2.5,0.0,very_low
0.0,36.673011,75.0,6.0,clayey_sandstone,0.5309116513083505,moderate,0.0,0.0,5,False,53.40976525000814,ZONE_C,2.5,0.0,very_low
0.0,36.673011,75.0,6.0,clayey_sandstone,0.5321092347320187,moderate,0.0,0.0,6,False,49.139356204933314,ZONE_C,2.5,0.0,very_low
0.0,12.906802,75.0,6.0,clayey_sandstone,0.5332198051155973,moderate,0.0,0.0,0,False,45.21039021482968,ZONE_C,2.5,0.0,very_low
0.0,12.906802,75.0,6.0,clayey_sandstone,0.5342503196376416,moderate,0.0,0.0,1,False,41.59556700036626,ZONE_C,2.5,0.0,very_low
0.0,12.906802,75.0,6.0,clayey_sandstone,0.5352071792114226,moderate,0.0,0.0,2,False,38.26976909202677,ZONE_C,2.5,0.0,very_low
16.923323,16.923323,75.0,6.0,clayey_sandstone,0.5399419237312254,moderate,0.0,0.0,3,False,52.13321030227314,ZONE_C,2.5,0.0,very_low
8.998831,25.922154,75.0,6.0,clayey_sandstone,0.5431583879334335,moderate,0.0,0.0,4,False,56.9636999553023,ZONE_C,2.5,0.0,very_low
0.0,25.922154,75.0,6.0,clayey_sandstone,0.5444283856527169,moderate,0.0,0.0,5,False,52.40913398049652,ZONE_C,2.5,0.0,very_low
0.0,25.922154,75.0,6.0,clayey_sandstone,0.5456055804045156,moderate,0.0,0.0,6,False,48.2187309943157,ZONE_C,2.5,0.0,very_low
0.0,25.922154,75.0,6.0,clayey_sandstone,0.5466973923044189,moderate,0.0,0.0,0,False,44.36337413183399,ZONE_C,2.5,0.0,very_low
0.0,25.922154,75.0,6.0,clayey_sandstone,0.5477106481883306,moderate,0.0,0.0,1,False,40.81627458410487,ZONE_C,2.5,0.0,very_low
0.0,25.922154,75.0,6.0,clayey_sandstone,0.5486516290484938,moderate,0.0,0.0,2,False,37.552785457082486,ZONE_C,2.5,0.0,very_low
0.0,8.998831,75.0,6.0,clayey_sandstone,0.5495261136767402,moderate,0.0,0.0,3,False,34.55023051356202,ZONE_C,2.5,0.0,very_low
0.0,0.0,75.0,6.0,clayey_sandstone,0.5503394188182174,moderate,0.0,0.0,4,False,31.787746608158354,ZONE_C,2.5,0.0,very_low
0.0,0.0,75.0,6.0,clayey_sandstone,0.5510964361146026,moderate,0.0,0.0,5,False,29.24613872048831,ZONE_C,2.5,0.0,very_low
7.085228,7.085228,75.0,6.0,clayey_sandstone,0.5534117111486153,moderate,0.0,0.0,6,False,33.99297457925965,ZONE_C,2.5,0.0,very_low
0.0,7.085228,75.0,6.0,clayey_sandstone,0.5542136617494758,moderate,0.0,0.0,0,False,31.275046398284413,ZONE_C,2.5,0.0,very_low
13.428866,20.514094,75.0,6.0,clayey_sandstone,0.5580118037884381,moderate,0.0,0.0,1,False,42.20329775601451,ZONE_C,2.5,0.0,very_low
0.0,20.514094,75.0,6.0,clayey_sandstone,0.5589810463681671,moderate,0.0,0.0,2,False,38.8289083793594,ZONE_C,2.5,0.0,very_low
0.0,20.514094,75.0,6.0,clayey_sandstone,0.5598815330336475,moderate,0.0,0.0,3,False,35.72432028058334,ZONE_C,2.5,0.0,very_low
0.0,20.514094,75.0,6.0,clayey_sandstone,0.560718761204251,moderate,0.0,0.0,4,False,32.86796134057976,ZONE_C,2.5,0.0,very_low
1.5651855,22.0792795,75.0,6.0,clayey_sandstone,0.5618534610267941,moderate,0.0,0.0,5,False,31.805169751652933,ZONE_C,2.5,0.0,very_low
0.0,14.9940515,75.0,6.0,clayey_sandstone,0.5626108333338278,moderate,0.0,0.0,6,False,29.262168786345782,ZONE_C,2.5,0.0,very_low
0.0,14.994051500000001,75.0,6.0,clayey_sandstone,0.5633163899382888,moderate,0.0,0.0,0,False,26.92249495181796,ZONE_C,2.5,0.0,very_low
0.30755132,1.8727368200000016,75.0,6.0,clayey_sandstone,0.5640441616633958,moderate,0.0,0.0,1,False,25.077442428306266,ZONE_C,2.5,0.0,very_low
0.0,1.8727368200000016,75.0,6.0,clayey_sandstone,0.5646644510818536,moderate,0.0,0.0,2,False,23.072360839351596,ZONE_C,2.5,0.0,very_low
0.0,1.8727368200000016,75.0,6.0,clayey_sandstone,0.5652438853403393,moderate,0.0,0.0,3,False,21.227596722557763,ZONE_C,2.5,0.0,very_low
1.6915324,3.5642692200000017,75.0,6.0,clayey_sandstone,0.5661701143450296,moderate,0.0,0.0,4,False,21.221864200593,ZONE_C,2.5,0.0,very_low
34.185513,36.18459672,75.0,6.0,clayey_sandstone,0.5744801488105453,moderate,0.0,0.0,5,False,53.71057062577758,ZONE_C,2.5,0.0,very_low
0.0,36.18459672,75.0,6.0,clayey_sandstone,0.5756838613871693,moderate,0.0,0.0,6,False,49.41611051080046,ZONE_C,2.5,0.0,very_low
0.0,36.18459672,75.0,6.0,clayey_sandstone,0.5768000708636913,moderate,0.0,0.0,0,False,45.465016468167356,ZONE_C,2.5,0.0,very_low
0.0,35.8770454,75.0,6.0,clayey_sandstone,0.5778357736017016,moderate,0.0,0.0,1,False,41.829834462567575,ZONE_C,2.5,0.0,very_low
0.0,35.8770454,75.0,6.0,clayey_sandstone,0.5787974065646043,moderate,0.0,0.0,2,False,38.48530556215448,ZONE_C,2.5,0.0,very_low
0.0,35.8770454,75.0,6.0,clayey_sandstone,0.5796908920446263,moderate,0.0,0.0,3,False,35.40819042776306,ZONE_C,2.5,0.0,very_low
0.0,34.185513,75.0,6.0,clayey_sandstone,0.5805216788136529,moderate,0.0,0.0,4,False,32.57710783519487,ZONE_C,2.5,0.0,very_low
0.0,0.0,75.0,6.0,clayey_sandstone,0.5812947799838236,moderate,0.0,0.0,5,False,29.972386108548207,ZONE_C,2.5,0.0,very_low
1.0841434,1.0841434,75.0,6.0,clayey_sandstone,0.5822611682573396,moderate,0.0,0.0,6,False,28.660069832283295,ZONE_C,2.5,0.0,very_low
0.0,1.0841434,75.0,6.0,clayey_sandstone,0.5829544566083678,moderate,0.0,0.0,0,False,26.36853717207861,ZONE_C,2.5,0.0,very_low
0.0,1.0841434,75.0,6.0,clayey_sandstone,0.5836010531270386,moderate,0.0,0.0,1,False,24.260225347116616,ZONE_C,2.5,0.0,very_low
0.0,1.0841434,75.0,6.0,clayey_sandstone,0.5842046910861405,moderate,0.0,0.0,2,False,22.32048482826338,ZONE_C,2.5,0.0,very_low
0.0,1.0841434,75.0,6.0,clayey_sandstone,0.5847688052624503,moderate,0.0,0.0,3,False,20.53583739806227,ZONE_C,2.5,0.0,very_low
0.0,1.0841434,75.0,6.0,clayey_sandstone,0.5852965558031574,moderate,0.0,0.0,4,False,18.893882497823167,ZONE_C,2.5,0.0,very_low
0.0,1.0841434,75.0,6.0,clayey_sandstone,0.5857908501840325,moderate,0.0,0.0,5,False,17.383211062784934,ZONE_C,2.5,0.0,very_low
0.0,0.0,75.0,6.0,clayey_sandstone,0.5862543634119193,moderate,0.0,0.0,6,False,15.993326246637942,ZONE_C,2.5,0.0,very_low
0.15377566,0.15377566,75.0,6.0,clayey_sandstone,0.5867245005461171,moderate,0.0,0.0,0,False,14.868346144563798,ZONE_C,2.5,0.0,very_low
0.0,0.15377566,75.0,6.0,clayey_sandstone,0.5871367713661596,moderate,0.0,0.0,1,False,13.679538825081355,ZONE_C,2.5,0.0,very_low
0.0,0.15377566,75.0,6.0,clayey_sandstone,0.5875248192750344,moderate,0.0,0.0,2,False,12.585783290721077,ZONE_C,2.5,0.0,very_low
0.0,0.15377566,75.0,6.0,clayey_sandstone,0.5878905810297832,moderate,0.0,0.0,3,False,11.57947962036299,ZONE_C,2.5,0.0,very_low
0.0,0.15377566,75.0,6.0,clayey_sandstone,0.5882358385329048,moderate,0.0,0.0,4,False,10.653635549029046,ZONE_C,2.5,0.0,very_low
0.0,0.15377566,75.0,6.0,clayey_sandstone,0.5885622312138407,moderate,0.0,0.0,5,False,9.801817882380577,ZONE_C,2.5,0.0,very_low
0.0,0.15377566,75.0,6.0,clayey_sandstone,0.5888712674204915,moderate,0.0,0.0,6,False,9.018107795898072,ZONE_C,2.5,0.0,very_low
11.798171,11.798171,75.0,6.0,clayey_sandstone,0.5918453476884922,moderate,0.0,0.0,0,False,20.09523070814118,ZONE_C,2.5,0.0,very_low
4.51431,16.312481,75.0,6.0,clayey_sandstone,0.5933899509423042,moderate,0.0,0.0,1,False,23.002814773712956,ZONE_C,2.5,0.0,very_low
0.0,16.312481,75.0,6.0,clayey_sandstone,0.5939679681434229,moderate,0.0,0.0,2,False,21.163611253307486,ZONE_C,2.5,0.0,very_low
1.1183013,17.4307823,75.0,6.0,clayey_sandstone,0.5947626325316328,moderate,0.0,0.0,3,False,20.589763626991843,ZONE_C,2.5,0.0,very_low
0.0,17.4307823,75.0,6.0,clayey_sandstone,0.5952914818628937,moderate,0.0,0.0,4,False,18.943497023551842,ZONE_C,2.5,0.0,very_low
0.5889884,18.0197707,75.0,6.0,clayey_sandstone,0.5959206287247033,moderate,0.0,0.0,5,False,18.017847030066083,ZONE_C,2.5,0.0,very_low
6.985034,25.0048047,75.0,6.0,clayey_sandstone,0.5979843501750364,moderate,0.0,0.0,6,False,23.56225352365784,ZONE_C,2.5,0.0,very_low
0.97275573,14.179389429999999,75.0,6.0,clayey_sandstone,0.5987948151095415,moderate,0.0,0.0,0,False,22.651075480521488,ZONE_C,2.5,0.0,very_low
0.0,9.665079429999999,75.0,6.0,clayey_sandstone,0.5993656653379191,moderate,0.0,0.0,1,False,20.83999548120101,ZONE_C,2.5,0.0,very_low
4.408594,14.07367343,75.0,6.0,clayey_sandstone,0.6009014209050004,moderate,0.0,0.0,2,False,23.58231544337933,ZONE_C,2.5,0.0,very_low
0.0,12.955372129999999,75.0,6.0,clayey_sandstone,0.6014912459012202,moderate,0.0,0.0,3,False,21.696777607707986,ZONE_C,2.5,0.0,very_low
22.204466,35.15983813,75.0,6.0,clayey_sandstone,0.6070883876365509,moderate,0.0,0.0,4,False,42.16646505342631,ZONE_C,2.5,0.0,very_low
0.0,34.570849730000006,75.0,6.0,clayey_sandstone,0.6080568797201581,moderate,0.0,0.0,5,False,38.795020657067425,ZONE_C,2.5,0.0,very_low
0.0,27.585815730000004,75.0,6.0,clayey_sandstone,0.6089566758958733,moderate,0.0,0.0,6,False,35.69314207096411,ZONE_C,2.5,0.0,very_low
0.0,26.61306,75.0,6.0,clayey_sandstone,0.6097932687852252,moderate,0.0,0.0,0,False,32.83927600296144,ZONE_C,2.5,0.0,very_low
0.0,26.61306,75.0,6.0,clayey_sandstone,0.6105717118439717,moderate,0.0,0.0,1,False,30.213592466995443,ZONE_C,2.5,0.0,very_low
0.0,22.204466000000004,75.0,6.0,clayey_sandstone,0.6112966544758586,moderate,0.0,0.0,2,False,27.797846995145754,ZONE_C,2.5,0.0,very_low
0.47825903,22.682725030000004,75.0,6.0,clayey_sandstone,0.6120810537753048,moderate,0.0,0.0,3,False,26.05351289660437,ZONE_C,2.5,0.0,very_low
0.0,0.47825903,75.0,6.0,clayey_sandstone,0.6127212314194317,moderate,0.0,0.0,4,False,23.970389021993892,ZONE_C,2.5,0.0,very_low
0.0,0.47825903,75.0,6.0,clayey_sandstone,0.6133189637288614,moderate,0.0,0.0,5,False,22.053822536177528,ZONE_C,2.5,0.0,very_low
0.0,0.47825903,75.0,6.0,clayey_sandstone,0.6138776444451756,moderate,0.0,0.0,6,False,20.290496245636433,ZONE_C,2.5,0.0,very_low
47.86095,48.33920903,75.0,6.0,clayey_sandstone,0.625276303678182,moderate,0.0,0.0,0,False,66.52910774085505,ZONE_C,2.5,0.0,very_low
0.0,48.33920903,75.0,6.0,clayey_sandstone,0.62674120432183,moderate,0.0,0.0,1,False,61.20973398724617,ZONE_C,2.5,0.0,very_low
7.3260894,55.66529843,75.0,6.0,clayey_sandstone,0.6297624967469574,moderate,0.0,0.0,2,False,63.641763275912496,ZONE_C,2.5,0.0,very_low
0.0,55.1870394,75.0,6.0,clayey_sandstone,0.6311685654105705,severe,0.0,0.0,3,False,58.55324883916488,ZONE_C,2.5,0.0,very_low
2.5483143,57.735353700000005,75.0,6.0,clayey_sandstone,0.6330500296409278,severe,0.0,0.0,4,False,56.419903852874555,ZONE_C,2.5,0.0,very_low
6.4469943,64.182348,75.0,6.0,clayey_sandstone,0.6357739600978647,severe,0.0,0.0,5,False,58.35581171376067,ZONE_C,2.5,0.0,very_low
1.0841434,65.2664914,75.0,6.0,clayey_sandstone,0.6373186836371597,severe,0.0,0.0,6,False,54.77408202840595,ZONE_C,2.5,0.0,very_low
1.2468346,18.652376,75.0,6.0,clayey_sandstone,0.6388273964344188,severe,0.0,0.0,0,False,51.64142283668329,ZONE_C,2.5,0.0,very_low
3.1854086,21.8377846,75.0,6.0,clayey_sandstone,0.6407127997315354,severe,0.0,0.0,1,False,50.69781124440165,ZONE_C,2.5,0.0,very_low
0.0,14.5116952,75.0,6.0,clayey_sandstone,0.6418551248977111,severe,0.0,0.0,2,False,46.64423806934344,ZONE_C,2.5,0.0,very_low
2.932344,17.444039200000002,75.0,6.0,clayey_sandstone,0.6435812001885475,severe,0.0,0.0,3,False,45.84711471033988,ZONE_C,2.5,0.0,very_low
8.661066,23.5567909,75.0,6.0,clayey_sandstone,0.646592826490256,severe,0.0,0.0,4,False,50.84244781611809,ZONE_C,2.5,0.0,very_low
0.0,17.1097966,75.0,6.0,clayey_sandstone,0.6477380987436264,severe,0.0,0.0,5,False,46.77731013930228,ZONE_C,2.5,0.0,very_low
0.43595493,16.461608130000002,75.0,6.0,clayey_sandstone,0.6488996067928084,severe,0.0,0.0,6,False,43.473157855048676,ZONE_C,2.5,0.0,very_low
4.5865564,19.80132993,75.0,6.0,clayey_sandstone,0.6509369714806055,severe,0.0,0.0,0,False,44.58379247083643,ZONE_C,2.5,0.0,very_low
21.08126,37.69718133000001,75.0,6.0,clayey_sandstone,0.6567452176751997,severe,0.0,0.0,1,False,62.100329245785936,ZONE_C,2.5,0.0,very_low
0.0,37.69718133000001,75.0,6.0,clayey_sandstone,0.6581198783730551,severe,0.0,0.0,2,False,57.13506106922737,ZONE_C,2.5,0.0,very_low
0.0,34.764837330000006,75.0,6.0,clayey_sandstone,0.6593933677137074,severe,0.0,0.0,3,False,52.56679381624793,ZONE_C,2.5,0.0,very_low
0.0,26.10377133,75.0,6.0,clayey_sandstone,0.6605737749122446,severe,0.0,0.0,4,False,48.36378504561016,ZONE_C,2.5,0.0,very_low
26.390703,52.49447433,75.0,6.0,clayey_sandstone,0.6676655577264592,severe,0.0,0.0,5,False,70.88753330154681,ZONE_C,2.5,0.0,very_low
0.0,52.058519399999994,75.0,6.0,clayey_sandstone,0.6692192648179291,severe,0.0,0.0,6,False,65.21967908093829,ZONE_C,2.5,0.0,very_low
0.0,47.471963,75.0,6.0,clayey_sandstone,0.6706574847929863,severe,0.0,0.0,0,False,60.00500146233419,ZONE_C,2.5,0.0,very_low
0.0,26.390703,75.0,6.0,clayey_sandstone,0.6719894514916257,severe,0.0,0.0,1,False,55.20726644524495,ZONE_C,2.5,0.0,very_low
0.0,26.390703,75.0,6.0,clayey_sandstone,0.6732236604567612,severe,0.0,0.0,2,False,50.793137139900466,ZONE_C,2.5,0.0,very_low
0.0,26.390703,75.0,6.0,clayey_sandstone,0.6743679279651995,severe,0.0,0.0,3,False,46.73194212706667,ZONE_C,2.5,0.0,very_low
0.0,26.390703,75.0,6.0,clayey_sandstone,0.6754294453387599,severe,0.0,0.0,4,False,42.995462338788464,ZONE_C,2.5,0.0,very_low
0.0,0.0,75.0,6.0,clayey_sandstone,0.6764148289129162,severe,0.0,0.0,5,False,39.557734979207744,ZONE_C,2.5,0.0,very_low
0.0,0.0,75.0,6.0,clayey_sandstone,0.6773301660101658,severe,0.0,0.0,6,False,36.394873123007095,ZONE_C,2.5,0.0,very_low
0.0,0.0,75.0,6.0,clayey_sandstone,0.6781810572375736,severe,0.0,0.0,0,False,33.484899737965556,ZONE_C,2.5,0.0,very_low
0.0,0.0,75.0,6.0,clayey_sandstone,0.678972655402387,severe,0.0,0.0,1,False,30.807594978338102,ZONE_C,2.5,0.0,very_low
0.0,0.0,75.0,6.0,clayey_sandstone,0.6797097013161345,severe,0.0,0.0,2,False,28.344355687982357,ZONE_C,2.5,0.0,very_low
1.8019875,1.8019875,75.0,6.0,clayey_sandstone,0.6808060398272479,severe,0.0,0.0,3,False,27.880053636995058,ZONE_C,2.5,0.0,very_low
3.289921,5.091908500000001,75.0,6.0,clayey_sandstone,0.6822310353641916,severe,0.0,0.0,4,False,28.940808628283254,ZONE_C,2.5,0.0,very_low
0.0,5.091908500000001,75.0,6.0,clayey_sandstone,0.6829300439953739,severe,0.0,0.0,5,False,26.626829333308134,ZONE_C,2.5,0.0,very_low
0.0,5.091908500000001,75.0,6.0,clayey_sandstone,0.6835819034258508,severe,0.0,0.0,6,False,24.497865607398378,ZONE_C,2.5,0.0,very_low
0.0,5.091908500000001,75.0,6.0,clayey_sandstone,0.6841903834975644,severe,0.0,0.0,0,False,22.53912442242667,ZONE_C,2.5,0.0,very_low
0.0,5.091908500000001,75.0,6.0,clayey_sandstone,0.6847589526325378,severe,0.0,0.0,1,False,20.73699553548903,ZONE_C,2.5,0.0,very_low
2.8690908,7.9609993,75.0,6.0,clayey_sandstone,0.6859427732535827,severe,0.0,0.0,2,False,21.948047718619893,ZONE_C,2.5,0.0,very_low
38.49156,44.6505718,75.0,6.0,clayey_sandstone,0.6952461091061484,severe,0.0,0.0,3,False,58.684738715534095,ZONE_C,2.5,0.0,very_low
8.948882,50.3095328,75.0,6.0,clayey_sandstone,0.698584715605988,severe,0.0,0.0,4,False,62.94144807920835,ZONE_C,2.5,0.0,very_low
0.16514435,50.47467715,75.0,6.0,clayey_sandstone,0.7000140421325941,severe,0.0,0.0,5,False,58.07407210395719,ZONE_C,2.5,0.0,very_low
0.0,50.47467715,75.0,6.0,clayey_sandstone,0.7013066645829666,severe,0.0,0.0,6,False,53.430725674026405,ZONE_C,2.5,0.0,very_low
0.34418306,50.818860210000004,75.0,6.0,clayey_sandstone,0.7025828871460768,severe,0.0,0.0,0,False,49.50282378597958,ZONE_C,2.5,0.0,very_low
51.02652,101.84538021,75.0,6.0,clayey_sandstone,0.7150294655919838,severe,0.0,0.0,1,False,96.57131653267012,ZONE_C,2.5,0.0,very_low
4.5556345,103.53192391,75.0,6.0,clayey_sandstone,0.7182249520719757,severe,0.0,0.0,2,False,93.40553488928357,ZONE_C,2.5,0.0,very_low
6.883661,71.92402491,75.0,6.0,clayey_sandstone,0.7218020058902184,severe,0.0,0.0,3,False,92.82090167034974,ZONE_C,2.5,0.0,very_low
0.0,62.97514291,75.0,6.0,clayey_sandstone,0.7238976728394413,severe,0.0,0.0,4,False,85.3993521426629,ZONE_C,2.5,0.0,very_low
0.0,62.809998560000004,75.0,6.0,clayey_sandstone,0.725747069983379,severe,0.0,0.0,5,False,78.57119695181974,ZONE_C,2.5,0.0,very_low
0.0,62.809998560000004,75.0,6.0,clayey_sandstone,0.7274573379396703,severe,0.0,0.0,6,False,72.28899090626227,ZONE_C,2.5,0.0,very_low
0.0,62.4658155,75.0,6.0,clayey_sandstone,0.7290396008639553,severe,0.0,0.0,0,False,66.50908232249654,ZONE_C,2.5,0.0,very_low
0.0,11.4392955,75.0,6.0,clayey_sandstone,0.7305040934734989,severe,0.0,0.0,1,False,61.1913097129348,ZONE_C,2.5,0.0,very_low
0.0,6.883661,75.0,6.0,clayey_sandstone,0.7318602321627554,severe,0.0,0.0,2,False,56.298722725238726,ZONE_C,2.5,0.0,very_low
0.0,0.0,75.0,6.0,clayey_sandstone,0.7331166804328484,severe,0.0,0.0,3,False,51.79732539412085,ZONE_C,2.5,0.0,very_low
0.0,0.0,75.0,6.0,clayey_sandstone,0.7342814090895982,severe,0.0,0.0,4,False,47.6558399215985,ZONE_C,2.5,0.0,very_low
0.0,0.0,75.0,6.0,clayey_sandstone,0.7353617516283795,severe,0.0,0.0,5,False,43.845489344335824,ZONE_C,2.5,0.0,very_low
0.0,0.0,75.0,6.0,clayey_sandstone,0.7363644551906516,severe,0.0,0.0,6,False,40.33979757794569,ZONE_C,2.5,0.0,very_low
0.0,0.0,75.0,6.0,clayey_sandstone,0.7372957274462291,severe,0.0,0.0,0,False,37.114405448866435,ZONE_C,2.5,0.0,very_low
0.0,0.0,75.0,6.0,clayey_sandstone,0.7381612797270524,severe,0.0,0.0,1,False,34.146901435517684,ZONE_C,2.5,0.0,very_low
0.71084493,0.71084493,75.0,6.0,clayey_sandstone,0.7391278988977995,severe,0.0,0.0,2,False,32.12751087264606,ZONE_C,2.5,0.0,very_low
15.462246,16.17309093,75.0,6.0,clayey_sandstone,0.7434054752428433,severe,0.0,0.0,3,False,45.02098293432087,ZONE_C,2.5,0.0,very_low
0.16514435,16.33823528,75.0,6.0,clayey_sandstone,0.7444696577901213,severe,0.0,0.0,4,False,41.586448239843996,ZONE_C,2.5,0.0,very_low
7.519648,23.857883280000003,75.0,6.0,clayey_sandstone,0.7471350940855255,severe,0.0,0.0,5,False,45.78102742733992,ZONE_C,2.5,0.0,very_low
135.9027,159.76058328000002,75.0,6.0,clayey_sandstone,0.7754879437756715,severe,0.0,0.0,6,False,178.02327858051598,ZONE_C,2.5,0.0,very_low
24.354631,184.11521428000003,75.0,6.0,clayey_sandstone,0.7822222737490847,critical,0.0,0.0,0,False,188.14395413200378,ZONE_C,1.738837755312656,38.1,very_low
0.32134113,184.43655541,75.0,6.0,clayey_sandstone,0.7859365934187833,critical,0.0,0.0,1,False,173.4221352754257,ZONE_C,1.7415163006128822,37.9,very_low
1.3211548,185.04686528000002,75.0,6.0,clayey_sandstone,0.7839921318197455,critical,0.0,0.0,2,False,160.87722173324633,ZONE_C,1.7466246633745266,37.7,very_low
0.0,169.58461928000003,75.0,6.0,clayey_sandstone,0.7819983617920896,critical,0.0,0.0,3,False,148.01418929675646,ZONE_C,1.7518625660256255,37.4,very_low
0.0,169.41947493000004,75.0,6.0,clayey_sandstone,0.7801640048140893,critical,0.0,0.0,4,False,136.17962814836815,ZONE_C,1.7566816691041416,37.2,very_low
0.0,161.89982693000002,75.0,6.0,clayey_sandstone,0.7784763149220439,critical,0.0,0.0,5,False,125.2913062642043,ZONE_C,1.761115457975053,36.9,very_low
0.0,25.99712693,75.0,6.0,clayey_sandstone,0.7769235652632412,critical,0.0,0.0,6,False,115.2735665299931,ZONE_C,1.7651947406613806,36.7,very_low
0.0,1.64249593,75.0,6.0,clayey_sandstone,0.7754949666123422,critical,0.0,0.0,0,False,106.05680104032186,ZONE_C,1.7689478619126306,36.6,very_low
0.0,1.3211548,75.0,6.0,clayey_sandstone,0.7741805924028355,critical,0.0,0.0,1,False,97.57696743060153,ZONE_C,1.7724009001572698,36.4,very_low
25.377424,25.377424,75.0,6.0,clayey_sandstone,0.7769048104726461,critical,0.0,0.0,2,False,115.15256788099234,ZONE_C,1.7652440120246855,36.7,very_low
38.00756,63.384984,75.0,6.0,clayey_sandstone,0.7813688831720076,critical,0.0,0.0,3,False,143.95303690913101,ZONE_C,1.7535162912232172,37.3,very_low
0.0,63.384984,75.0,6.0,clayey_sandstone,0.7795848565255544,critical,0.0,0.0,4,False,132.44318757717483,ZONE_C,1.7582031697355174,37.1,very_low
0.0,63.384984,75.0,6.0,clayey_sandstone,0.7779434727739353,critical,0.0,0.0,5,False,121.85361498608347,ZONE_C,1.7625153061328054,36.9,very_low
0.6605774,64.0455614,75.0,6.0,clayey_sandstone,0.7765357163179947,critical,0.0,0.0,6,False,112.77131527033809,ZONE_C,1.7662136721280761,36.7,very_low
1.4224753,65.4680367,75.0,6.0,clayey_sandstone,0.7753586120280482,critical,0.0,0.0,0,False,105.17709404487708,ZONE_C,1.7693060837881005,36.5,very_low
3.6262438,69.0942805,75.0,6.0,clayey_sandstone,0.7746172079181468,critical,0.0,0.0,1,False,100.39384172293221,ZONE_C,1.7712538523365897,36.4,very_low
1.9669563,45.6838128,75.0,6.0,clayey_sandstone,0.7736778936453488,critical,0.0,0.0,2,False,94.3337496403641,ZONE_C,1.773721557564102,36.3,very_low
33.095898,40.7721508,75.0,6.0,clayey_sandstone,0.7776386687585792,critical,0.0,0.0,3,False,119.88713746765794,ZONE_C,1.7633160673730452,36.8,very_low
0.9173608,41.689511599999996,75.0,6.0,clayey_sandstone,0.7762950845131099,critical,0.0,0.0,4,False,111.21885201301656,ZONE_C,1.766845844320085,36.7,very_low
2.5413406,44.2308522,75.0,6.0,clayey_sandstone,0.7753106442014818,critical,0.0,0.0,5,False,104.86762419606116,ZONE_C,1.7694321017352332,36.5,very_low
6.3946733,49.9649481,75.0,6.0,clayey_sandstone,0.7750021819597324,critical,0.0,0.0,6,False,102.87754521703295,ZONE_C,1.7702424736293894,36.5,very_low
6.028696,54.571168799999995,75.0,6.0,clayey_sandstone,0.7746616565155868,critical,0.0,0.0,0,False,100.68060686770681,ZONE_C,1.771137079878814,36.4,very_low
2.8999448,53.8448698,75.0,6.0,clayey_sandstone,0.7738634015466616,critical,0.0,0.0,1,False,95.53057481012434,ZONE_C,1.77323420329826,36.3,very_low
1.7151875,53.593101,75.0,6.0,clayey_sandstone,0.7729321109265701,critical,0.0,0.0,2,False,89.60755928038363,ZONE_C,1.775646090145231,36.2,very_low
10.162136,30.659339000000003,75.0,6.0,clayey_sandstone,0.7734099483668871,critical,0.0,0.0,3,False,92.60507042448295,ZONE_C,1.7744254859334405,36.3,very_low
46.809875,76.5518532,75.0,6.0,clayey_sandstone,0.7795178136367044,critical,0.0,0.0,4,False,132.01065281040067,ZONE_C,1.7583793004428576,37.1,very_low
16.021414,90.0319266,75.0,6.0,clayey_sandstone,0.7803651095085082,critical,0.0,0.0,5,False,137.4770777897799,ZONE_C,1.7561533399601412,37.2,very_low
72.381516,156.0187693,75.0,6.0,clayey_sandstone,0.7869561624510923,critical,0.0,0.0,6,False,198.86653356004803,ZONE_C,1.738837755312656,38.1,very_low
0.78151095,150.77158425000002,75.0,6.0,clayey_sandstone,0.7869561624510923,critical,0.0,0.0,0,False,183.74755440861708,ZONE_C,1.738837755312656,38.1,very_low
0.0,147.87163945000003,75.0,6.0,clayey_sandstone,0.7852598286770864,critical,0.0,0.0,1,False,169.05591113544583,ZONE_C,1.7432942528267952,37.8,very_low
0.3381251,146.49457705,75.0,6.0,clayey_sandstone,0.7832171085956292,critical,0.0,0.0,2,False,155.87707190023818,ZONE_C,1.748660753868391,37.6,very_low
1.4804151,137.81285615000002,75.0,6.0,clayey_sandstone,0.7815147703440334,critical,0.0,0.0,3,False,144.89424447058755,ZONE_C,1.7531330259546478,37.3,very_low
0.0,91.00298115000001,75.0,6.0,clayey_sandstone,0.7797190792033428,critical,0.0,0.0,4,False,133.3091403370998,ZONE_C,1.7578505486658487,37.1,very_low
0.0,74.98156715000002,75.0,6.0,clayey_sandstone,0.778066963598951,critical,0.0,0.0,5,False,122.65032998618528,ZONE_C,1.762190879087176,36.9,very_low
0.0,2.6000511500000143,75.0,6.0,clayey_sandstone,0.7765469438648085,critical,0.0,0.0,6,False,112.84375105623317,ZONE_C,1.766184175848964,36.7,very_low
0.0,1.8185402000000144,75.0,6.0,clayey_sandstone,0.7751484581982843,critical,0.0,0.0,0,False,103.82126288510914,ZONE_C,1.7698581862306044,36.5,very_low
0.0,1.8185402000000144,75.0,6.0,clayey_sandstone,0.7738617892718594,critical,0.0,0.0,1,False,95.52017303720733,ZONE_C,1.7732384389615228,36.3,very_low
0.0,1.4804151000000143,75.0,6.0,clayey_sandstone,0.7726066581312454,critical,0.0,0.0,2,False,87.88280168730908,ZONE_C,1.7763484216066399,36.2,very_low
0.0,0.0,75.0,6.0,clayey_sandstone,0.7712807524197801,critical,0.0,0.0,3,False,80.8560808343852,ZONE_C,1.7792097437688736,36.0,very_low
0.0,0.0,75.0,6.0,clayey_sandstone,0.7700608602756214,critical,0.0,0.0,4,False,74.39118556049317,ZONE_C,1.781842287242692,35.9,very_low
5.842479,5.842479000000014,75.0,6.0,clayey_sandstone,0.7700409507495221,critical,0.0,0.0,5,False,74.2856737725853,ZONE_C,1.7818852522648465,35.9,very_low
0.6819691,6.524448100000014,75.0,6.0,clayey_sandstone,0.7690488716990548,critical,0.0,0.0,6,False,69.02808834144312,ZONE_C,1.7840261720521617,35.8,very_low
49.873688,56.398136100000016,75.0,6.0,clayey_sandstone,0.7766304646964104,critical,0.0,0.0,0,False,113.38259513108426,ZONE_C,1.7659647553645543,36.7,very_low
4.7655525,61.163688600000015,75.0,6.0,clayey_sandstone,0.7759639617104047,critical,0.0,0.0,1,False,109.08257586653198,ZONE_C,1.7677157485628363,36.6,very_low
0.10569238,61.269380980000015,75.0,6.0,clayey_sandstone,0.7746284710421966,critical,0.0,0.0,2,False,100.46650703938217,ZONE_C,1.7712242625912824,36.4,very_low
0.6442218,61.91360278000002,75.0,6.0,clayey_sandstone,0.7734832323722219,critical,0.0,0.0,3,False,93.07787045890115,ZONE_C,1.7742329589717036,36.3,very_low
5.7563744,67.66997718000002,75.0,6.0,clayey_sandstone,0.7732219455834943,critical,0.0,0.0,4,False,91.39214924130368,ZONE_C,1.7749193945908521,36.3,very_low
0.9739384,62.80143658000002,75.0,6.0,clayey_sandstone,0.7720737789418309,critical,0.0,0.0,5,False,85.05877485043099,ZONE_C,1.7774983819856323,36.1,very_low
49.481834,111.60130148000002,75.0,6.0,clayey_sandstone,0.7788558135821269,critical,0.0,0.0,6,False,127.7396847163522,ZONE_C,1.760118463833219,37.0,very_low
0.0,61.72761348000002,75.0,6.0,clayey_sandstone,0.7772727208858099,critical,0.0,0.0,0,False,117.52618344979058,ZONE_C,1.7642774617697683,36.8,very_low
0.0,56.96206098000002,75.0,6.0,clayey_sandstone,0.7758162052927229,critical,0.0,0.0,1,False,108.12930865568104,ZONE_C,1.7681039245917454,36.6,very_low
0.0,56.85636860000002,75.0,6.0,clayey_sandstone,0.7744761462564826,critical,0.0,0.0,2,False,99.48376648638948,ZONE_C,1.7716244403388919,36.4,very_low
0.0,56.21214680000001,75.0,6.0,clayey_sandstone,0.7732432324249163,critical,0.0,0.0,3,False,91.5294837020905,ZONE_C,1.7748634711886688,36.3,very_low
0.0,50.455772400000015,75.0,6.0,clayey_sandstone,0.771913844132855,critical,0.0,0.0,4,False,84.21119025401404,ZONE_C,1.777843523430818,36.1,very_low
0.0,49.48183400000001,75.0,6.0,clayey_sandstone,0.7706433327701842,critical,0.0,0.0,5,False,77.47803524249292,ZONE_C,1.7805853038515111,36.0,very_low
0.0,0.0,75.0,6.0,clayey_sandstone,0.7694744058872356,critical,0.0,0.0,6,False,71.28323358130947,ZONE_C,1.7831078636137099,35.8,very_low
0.0,0.0,75.0,6.0,clayey_sandstone,0.7683989412374688,critical,0.0,0.0,0,False,65.5837409132012,ZONE_C,1.7854287306334893,35.7,very_low
0.0,0.0,75.0,6.0,clayey_sandstone,0.7674094659933195,critical,0.0,0.0,1,False,60.339954517687396,ZONE_C,1.7875640313721348,35.6,very_low
0.0,0.0,75.0,6.0,clayey_sandstone,0.7664991048215261,critical,0.0,0.0,2,False,55.51543813298569,ZONE_C,2.5,0.0,very_low
0.0,0.0,75.0,6.0,clayey_sandstone,0.765661532110122,critical,0.0,0.0,3,False,51.07666877995324,ZONE_C,2.5,0.0,very_low
1.6466075,1.6466075000000142,75.0,6.0,clayey_sandstone,0.7652016342940076,critical,0.0,0.0,4,False,48.63941132886791,ZONE_C,1.7923285615473183,35.4,very_low
8.356673,10.003280500000015,75.0,6.0,clayey_sandstone,0.76604466236882,critical,0.0,0.0,5,False,53.10709172398315,ZONE_C,1.790509295748108,35.5,very_low
1.0487261,11.052006600000015,75.0,6.0,clayey_sandstone,0.7654413140352345,critical,0.0,0.0,6,False,49.90960921785786,ZONE_C,1.7918113294775857,35.4,very_low
0.0,11.052006600000015,75.0,6.0,clayey_sandstone,0.7646883176053482,critical,0.0,0.0,0,False,45.919057197222315,ZONE_C,2.5,0.0,very_low
0.0,11.052006600000015,75.0,6.0,clayey_sandstone,0.7639955274457954,critical,0.0,0.0,1,False,42.24757209934882,ZONE_C,2.5,0.0,very_low
0.0,11.052006600000015,75.0,6.0,clayey_sandstone,0.7633581297289886,critical,0.0,0.0,2,False,38.86964274165552,ZONE_C,2.5,0.0,very_low
0.0,0.0,0.2596698210156301,0.0,variegated_sandy_clay,0.14754916166324844,normal,0.0,0.0,6,False,0.0,ZONE_D,0.7757049612463214,86.2,critical
0.0,0.0,0.2596698210156301,0.0,variegated_sandy_clay,0.14817291970448557,normal,0.0,0.0,7,False,0.0,ZONE_D,0.7757049612463214,86.2,critical
0.0,0.0,0.2596698210156301,0.0,variegated_sandy_clay,0.1487966777457227,normal,0.0,0.0,8,False,0.0,ZONE_D,0.7757049612463214,86.2,critical
0.0,0.0,0.2596698210156301,0.0,variegated_sandy_clay,0.14942043578695982,normal,0.0,0.0,9,False,0.0,ZONE_D,0.7757049612463214,86.2,critical
0.0,0.0,0.2596698210156301,0.0,variegated_sandy_clay,0.15004419382819695,normal,0.0,0.0,10,False,0.0,ZONE_D,0.7757049612463214,86.2,critical
0.0,0.0,0.2596698210156301,0.0,variegated_sandy_clay,0.15066795186943407,normal,0.0,0.0,11,False,0.0,ZONE_D,0.7757049612463214,86.2,critical
0.0,0.0,0.2596698210156301,0.0,variegated_sandy_clay,0.1512917099106712,normal,0.0,0.0,12,False,0.0,ZONE_D,0.7757049612463214,86.2,critical
0.0,0.0,0.2596698210156301,0.0,variegated_sandy_clay,0.15191546795190833,normal,0.0,0.0,13,False,0.0,ZONE_D,0.7757049612463214,86.2,critical
0.0,0.0,0.2596698210156301,0.0,variegated_sandy_clay,0.15253922599314546,normal,0.0,0.0,14,False,0.0,ZONE_D,0.7757049612463214,86.2,critical
0.0,0.0,0.2596698210156301,0.0,variegated_sandy_clay,0.15316298403438258,normal,0.0,0.0,15,False,0.0,ZONE_D,0.7757049612463214,86.2,critical
0.0,0.0,0.2596698210156301,0.0,variegated_sandy_clay,0.1537867420756197,normal,0.0,0.0,16,False,0.0,ZONE_D,0.7757049612463214,86.2,critical
0.0,0.0,0.2596698210156301,0.0,variegated_sandy_clay,0.15441050011685684,normal,0.0,0.0,17,False,0.0,ZONE_D,0.7757049612463214,86.2,critical
0.0,0.0,0.2596698210156301,0.0,variegated_sandy_clay,0.15503425815809396,normal,0.0,0.0,18,False,0.0,ZONE_D,0.7757049612463214,86.2,critical
0.0,0.0,0.2596698210156301,0.0,variegated_sandy_clay,0.1556580161993311,normal,0.0,0.0,19,False,0.0,ZONE_D,0.7757049612463214,86.2,critical
0.0,0.0,0.2596698210156301,0.0,variegated_sandy_clay,0.15628177424056822,normal,0.0,0.0,20,False,0.0,ZONE_D,0.7757049612463214,86.2,critical
0.0,0.0,0.2596698210156301,0.0,variegated_sandy_clay,0.15690553228180534,normal,0.0,0.0,21,False,0.0,ZONE_D,0.7757049612463214,86.2,critical
0.0,0.0,0.2596698210156301,0.0,variegated_sandy_clay,0.15752929032304247,normal,0.0,0.0,22,False,0.0,ZONE_D,0.7757049612463214,86.2,critical
0.0,0.0,0.2596698210156301,0.0,variegated_sandy_clay,0.15815304836427957,normal,0.0,0.0,23,False,0.0,ZONE_D,0.7757049612463214,86.2,critical
0.0,0.0,0.2596698210156301,0.0,variegated_sandy_clay,0.15877680640551672,normal,0.0,0.0,24,False,0.0,ZONE_D,0.7757049612463214,86.2,critical
0.0,0.0,0.2596698210156301,0.0,variegated_sandy_clay,0.15940056444675382,normal,0.0,0.0,25,False,0.0,ZONE_D,0.7757049612463214,86.2,critical
222.76726,222.76726,0.2596698210156301,0.0,variegated_sandy_clay,0.21518070113856352,normal,0.0,0.0,26,False,222.76726,ZONE_D,0.4986676733961996,100.0,critical
0.0,222.76726,0.2596698210156301,0.0,variegated_sandy_clay,0.23241102557551988,normal,0.0,0.0,27,False,204.95577332527827,ZONE_D,0.5092839727304614,99.5,critical
0.0,222.76726,0.2596698210156301,0.0,variegated_sandy_clay,0.2496413500124762,normal,0.0,0.0,28,False,188.5684144939559,ZONE_D,0.5194586756322717,99.0,critical
0.0,222.76726,0.2596698210156301,0.0,variegated_sandy_clay,0.26487790547879886,minor,0.0,0.0,29,False,173.49131653067127,ZONE_D,0.5291856684438567,98.5,critical
0.0,222.76726,0.2596698210156301,0.0,variegated_sandy_clay,0.27725873256601996,minor,0.0,0.0,0,False,159.61971676073208,ZONE_D,0.5384623299546232,98.1,critical
0.0,222.76726,0.2596698210156301,0.0,variegated_sandy_clay,0.28869994903639284,minor,0.0,0.0,1,False,146.85722887042613,ZONE_D,0.5472892531890727,97.6,critical
5.532035,228.299295,0.2596698210156301,0.0,variegated_sandy_clay,0.3009712796592267,minor,0.0,0.0,2,False,140.64720817017576,ZONE_D,0.55168980038545,97.4,critical
0.0,5.532035,0.2596698210156301,0.0,variegated_sandy_clay,0.3111273689059494,minor,0.0,0.0,3,False,129.40167831017794,ZONE_D,0.5598413773206332,97.0,critical
0.0,5.532035,0.2596698210156301,0.0,variegated_sandy_clay,0.32052172775215726,minor,0.0,0.0,4,False,119.05529137293966,ZONE_D,0.5675568914612901,96.6,critical
0.0,5.532035,0.2596698210156301,0.0,variegated_sandy_clay,0.3292152607979182,minor,0.0,0.0,5,False,109.5361558597398,ZONE_D,0.5748457580643449,96.3,critical
0.0,5.532035,0.2596698210156301,0.0,variegated_sandy_clay,0.3372640029803497,moderate,0.0,0.0,6,False,100.77812839872063,ZONE_D,0.5817191763572711,95.9,critical
0.0,5.532035,0.2596698210156301,0.0,variegated_sandy_clay,0.3447195089303709,moderate,0.0,0.0,7,False,92.7203541500397,ZONE_D,0.5881898238834595,95.6,critical
0.0,5.532035,0.2596698210156301,0.0,variegated_sandy_clay,0.35162827385742135,moderate,0.0,0.0,8,False,85.30684395819682,ZONE_D,0.5942715675024183,95.3,critical
0.0,0.0,0.2596698210156301,0.0,variegated_sandy_clay,0.35803416800368504,moderate,0.0,0.0,9,False,78.48608531339421,ZONE_D,0.5999791945232731,95.0,critical
0.0,0.0,0.2596698210156301,0.0,variegated_sandy_clay,0.3639777480729785,moderate,0.0,0.0,10,False,72.21068441870891,ZONE_D,0.6053281663276471,94.7,critical
0.0,0.0,0.2596698210156301,0.0,variegated_sandy_clay,0.3694959786579508,moderate,0.0,0.0,11,False,66.43703687599384,ZONE_D,0.6103343958482845,94.5,critical
0.0,0.0,0.2596698210156301,0.0,variegated_sandy_clay,0.37462286882560814,moderate,0.0,0.0,12,False,61.12502470228052,ZONE_D,0.6150140494254625,94.2,critical
0.0,0.0,0.2596698210156301,0.0,variegated_sandy_clay,0.37938970842809605,moderate,0.0,0.0,13,False,56.23773757141261,ZONE_D,0.7122908787970358,89.4,critical
0.0,0.0,0.2596698210156301,0.0,variegated_sandy_clay,0.38382528551911554,moderate,0.0,0.0,14,False,51.741216343967814,ZONE_D,0.7169773221321819,89.2,critical
0.0,0.0,0.2596698210156301,0.0,variegated_sandy_clay,0.3879560863866828,moderate,0.0,0.0,15,False,47.604217103395044,ZONE_D,0.7213438588773351,88.9,critical
0.0,0.0,0.2596698210156301,0.0,variegated_sandy_clay,0.39180647959215065,moderate,0.0,0.0,16,False,43.79799405878031,ZONE_D,0.7254085087209029,88.7,critical
0.0,0.0,0.2596698210156301,0.0,variegated_sandy_clay,0.3953988852942849,moderate,0.0,0.0,17,False,40.29609980574911,ZONE_D,0.7291888377812058,88.5,critical
0.0,0.0,0.2596698210156301,0.0,variegated_sandy_clay,0.3987539310349328,moderate,0.0,0.0,18,False,37.07420155762522,ZONE_D,0.7327018774759082,88.4,critical
0.0,0.0,0.2596698210156301,0.0,variegated_sandy_clay,0.40189059506875857,moderate,0.0,0.0,19,False,34.10991206993484,ZONE_D,0.735964061418106,88.2,critical
0.0,0.0,0.2596698210156301,0.0,variegated_sandy_clay,0.4048263382329655,moderate,0.0,0.0,20,False,31.38263408344089,ZONE_D,0.7389911782885096,88.1,critical
0.0,0.0,0.2596698210156301,0.0,variegated_sandy_clay,0.40757722527329704,moderate,0.0,0.0,21,False,28.873417204825625,ZONE_D,0.741798338700393,87.9,critical
0.0,0.0,0.2596698210156301,0.0,variegated_sandy_clay,0.410158036469347,moderate,0.0,0.0,22,False,26.564826230562023,ZONE_D,0.744399954176916,87.8,critical
0.0,0.0,0.2596698210156301,0.0,variegated_sandy_clay,0.4125823703348024,moderate,0.0,0.0,23,False,24.44081999902713,ZONE_D,0.7468097264876615,87.7,critical
0.0,0.0,0.2596698210156301,0.0,variegated_sandy_clay,0.41486273810622815,moderate,0.0,0.0,24,False,22.486639929065575,ZONE_D,0.749040645733364,87.5,critical
0.0,0.0,0.2596698210156301,0.0,variegated_sandy_clay,0.4170106506769459,severe,0.0,0.0,25,False,20.688707470517503,ZONE_D,0.7511049957172319,87.4,critical
0.0,0.0,0.2596698210156301,0.0,variegated_sandy_clay,0.4190366985800637,severe,0.0,0.0,26,False,19.034529754149585,ZONE_D,0.7530143652920952,87.3,critical
0.0,0.0,0.2596698210156301,0.0,variegated_sandy_clay,0.42095062557641544,severe,0.0,0.0,27,False,17.512612785400993,ZONE_D,0.7547796645203511,87.3,critical
0.0,0.0,0.2596698210156301,0.0,variegated_sandy_clay,0.4227613963587339,severe,0.0,0.0,28,False,16.112381578774258,ZONE_D,0.7564111446250975,87.2,critical
0.0,0.0,0.2596698210156301,0.0,variegated_sandy_clay,0.4244772588424967,severe,0.0,0.0,29,False,14.824106677927654,ZONE_D,0.7579184208437137,87.1,critical
0.0,0.0,0.2596698210156301,0.0,variegated_sandy_clay,0.42610580147627153,severe,0.0,0.0,0,False,13.63883655089659,ZONE_D,0.7593104974180609,87.0,critical
0.0,0.0,0.2596698210156301,0.0,variegated_sandy_clay,0.42765400596977854,severe,0.0,0.0,1,False,12.548335390694671,ZONE_D,0.7605957940677098,87.0,critical
0.0,0.0,0.2596698210156301,0.0,variegated_sandy_clay,0.4291282958060505,severe,0.0,0.0,2,False,11.5450258891041,ZONE_D,0.7617821733938857,86.9,critical
0.0,0.0,0.2596698210156301,0.0,variegated_sandy_clay,0.43053458087477403,severe,0.0,0.0,3,False,10.621936586021164,ZONE_D,0.7628769687523085,86.9,critical
0.0,0.0,0.2596698210156301,0.0,variegated_sandy_clay,0.4318782985369465,severe,0.0,0.0,4,False,9.772653428515634,ZONE_D,0.7638870122131954,86.8,critical
0.0,0.0,0.2596698210156301,0.0,variegated_sandy_clay,0.43316445140618387,severe,0.0,0.0,5,False,8.991275203013915,ZONE_D,0.7648186622969504,86.8,critical
0.0,0.0,0.2596698210156301,0.0,variegated_sandy_clay,0.4343976421092019,severe,0.0,0.0,6,False,8.272372530928088,ZONE_D,0.7656778312352355,86.7,critical
0.0,0.0,0.2596698210156301,0.0,variegated_sandy_clay,0.4355821052670033,severe,0.0,0.0,7,False,7.610950142813427,ZONE_D,0.7664700115599121,86.7,critical
0.0,0.0,0.2596698210156301,0.0,variegated_sandy_clay,0.4367217369189894,severe,0.0,0.0,8,False,7.002412168917743,ZONE_D,0.7672003018676048,86.6,critical
0.0,0.0,0.2596698210156301,0.0,variegated_sandy_clay,0.4378201215944509,severe,0.0,0.0,9,False,6.442530204945175,ZONE_D,0.767873431646104,86.6,critical
0.0,0.0,0.2596698210156301,0.0,variegated_sandy_clay,0.4388805572195404,severe,0.0,0.0,10,False,5.927413931140518,ZONE_D,0.7684937850812854,86.6,critical
0.0,0.0,0.2596698210156301,0.0,variegated_sandy_clay,0.4399060780327948,severe,0.0,0.0,11,False,5.453484080541874,ZONE_D,0.7690654237903699,86.5,critical
0.0,0.0,0.2596698210156301,0.0,variegated_sandy_clay,0.44089947566843235,severe,0.0,0.0,12,False,5.017447568572482,ZONE_D,0.7695921084498547,86.5,critical
0.0,0.0,0.2596698210156301,0.0,variegated_sandy_clay,0.44186331855392347,severe,0.0,0.0,13,False,4.616274611160591,ZONE_D,0.770077319304917,86.5,critical
0.0,0.0,0.2596698210156301,0.0,variegated_sandy_clay,0.44279996975661656,severe,0.0,0.0,14,False,4.247177672393454,ZONE_D,0.7705242755620828,86.5,critical
0.0,0.0,0.2596698210156301,0.0,variegated_sandy_clay,0.44371160340342686,severe,0.0,0.0,15,False,3.9075920954239667,ZONE_D,0.770935953678954,86.5,critical
0.0,0.0,0.2596698210156301,0.0,variegated_sandy_clay,0.4446002197876797,severe,0.0,0.0,16,False,3.595158282044514,ZONE_D,0.7713151045742401,86.4,critical
0.0,0.0,0.2596698210156301,0.0,variegated_sandy_clay,0.44546765926807647,severe,0.0,0.0,17,False,3.3077052971034084,ZONE_D,0.7716642697886446,86.4,critical
0.0,0.0,0.2596698210156301,0.0,variegated_sandy_clay,0.4463156150563612,severe,0.0,0.0,18,False,3.043235783839817,ZONE_D,0.7719857966326299,86.4,critical
0.0,0.0,0.2596698210156301,0.0,variegated_sandy_clay,0.44714564498254195,severe,0.0,0.0,19,False,2.7999120853219144,ZONE_D,0.7722818523610548,86.4,critical
0.0,0.0,0.2596698210156301,0.0,variegated_sandy_clay,0.44795918231941645,severe,0.0,0.0,20,False,2.576043475553569,ZONE_D,0.7725544374173798,86.4,critical
0.0,0.0,0.2596698210156301,0.0,variegated_sandy_clay,0.4487575457416172,severe,0.0,0.0,21,False,2.370074411525371,ZONE_D,0.7728053977918009,86.4,critical
0.0,0.0,0.2596698210156301,0.0,variegated_sandy_clay,0.44954194848837403,severe,0.0,0.0,22,False,2.180573724579798,ZONE_D,0.7730364365384976,86.3,critical
0.0,0.0,0.2596698210156301,0.0,variegated_sandy_clay,0.4503135067936643,severe,0.0,0.0,23,False,2.006224675987103,ZONE_D,0.77324912449731,86.3,critical
0.0,0.0,0.2596698210156301,0.0,variegated_sandy_clay,0.45107324764232426,severe,0.0,0.0,24,False,1.845815807633458,ZONE_D,0.7734449102647603,86.3,critical
8.948759,8.948759,0.2596698210156301,0.0,variegated_sandy_clay,0.45456512699529705,severe,0.0,0.0,25,False,10.646991524247678,ZONE_D,0.6633454015131264,91.8,critical
1.5206275,10.4693865,0.2596698210156301,0.0,variegated_sandy_clay,0.4563766520026397,severe,0.0,0.0,26,False,11.316332584489821,ZONE_D,0.6626548813698703,91.9,critical
0.0,10.4693865,0.2596698210156301,0.0,variegated_sandy_clay,0.457767436136711,severe,0.0,0.0,27,False,10.411528588447675,ZONE_D,0.7631269557733317,86.8,critical
0.0,10.4693865,0.2596698210156301,0.0,variegated_sandy_clay,0.4590968922505351,severe,0.0,0.0,28,False,9.579068725554805,ZONE_D,0.7641176148632883,86.8,critical
9.806886,20.2762725,0.2596698210156301,0.0,variegated_sandy_clay,0.4633759716333337,severe,0.0,0.0,29,False,18.62005467829713,ZONE_D,0.6552124380653656,92.2,critical
0.0,20.2762725,0.2596698210156301,0.0,variegated_sandy_clay,0.4652618053233395,severe,0.0,0.0,0,False,17.131277306859875,ZONE_D,0.6567158956523851,92.2,critical
0.0,20.2762725,0.2596698210156301,0.0,variegated_sandy_clay,0.467046729016066,severe,0.0,0.0,1,False,15.761536001642504,ZONE_D,0.6581052505514489,92.1,critical
0.0,11.3275135,0.2596698210156301,0.0,variegated_sandy_clay,0.46873881102941534,severe,0.0,0.0,2,False,14.501313164290183,ZONE_D,0.7582970294975813,87.1,critical
0.0,9.806886,0.2596698210156301,0.0,variegated_sandy_clay,0.47034547457420883,severe,0.0,0.0,3,False,13.341852181595861,ZONE_D,0.7596601012896498,87.0,critical
0.0,9.806886,0.2596698210156301,0.0,variegated_sandy_clay,0.47187354933410147,severe,0.0,0.0,4,False,12.275096580487324,ZONE_D,0.7609185233569493,87.0,critical
0.0,9.806886,0.2596698210156301,0.0,variegated_sandy_clay,0.4733293189213935,severe,0.0,0.0,5,False,11.293634047912867,ZONE_D,0.7620800157627213,86.9,critical
0.0,0.0,0.2596698210156301,0.0,variegated_sandy_clay,0.4747185645384856,severe,0.0,0.0,6,False,10.39064492664979,ZONE_D,0.7631517767167936,86.8,critical
0.0,0.0,0.2596698210156301,0.0,variegated_sandy_clay,0.4760466051483562,severe,0.0,0.0,7,False,9.559854829160654,ZONE_D,0.7641405105039354,86.8,critical
0.0,0.0,0.2596698210156301,0.0,variegated_sandy_clay,0.4773183344331854,severe,0.0,0.0,8,False,8.795491040236424,ZONE_D,0.7650524551161842,86.7,critical
0.0,0.0,0.2596698210156301,0.0,variegated_sandy_clay,0.4785382547979297,severe,0.0,0.0,9,False,8.09224240549178,ZONE_D,0.7658934093535651,86.7,critical
0.0,0.0,0.2596698210156301,0.0,variegated_sandy_clay,0.47971050865512216,severe,0.0,0.0,10,False,7.445222426999271,ZONE_D,0.7666687592083514,86.7,critical
1.4488865,1.4488865,0.2596698210156301,0.0,variegated_sandy_clay,0.4812830259667108,severe,0.0,0.0,11,False,8.298821809633655,ZONE_D,0.6657792932116428,91.7,critical
0.0,1.4488865,0.2596698210156301,0.0,variegated_sandy_clay,0.48246928186847343,severe,0.0,0.0,12,False,7.6352846539574575,ZONE_D,0.7664408372662396,86.7,critical
0.0,1.4488865,0.2596698210156301,0.0,variegated_sandy_clay,0.48361056292452803,severe,0.0,0.0,13,False,7.024800999978544,ZONE_D,0.7671734089670675,86.6,critical
0.0,1.4488865,0.2596698210156301,0.0,variegated_sandy_clay,0.48471046512499,severe,0.0,0.0,14,False,6.463128923912745,ZONE_D,0.7678486454776915,86.6,critical
0.0,1.4488865,0.2596698210156301,0.0,variegated_sandy_clay,0.48577229694048035,severe,0.0,0.0,15,False,5.946365667475149,ZONE_D,0.7684709437855641,86.6,critical
0.0,1.4488865,0.2596698210156301,0.0,variegated_sandy_clay,0.4867991023109148,severe,0.0,0.0,16,False,5.470920519704078,ZONE_D,0.7690443774588731,86.5,critical
0.0,1.4488865,0.2596698210156301,0.0,variegated_sandy_clay,0.487793681796211,severe,0.0,0.0,17,False,5.033489867034692,ZONE_D,0.7695727183171639,86.5,critical
0.0,0.0,0.2596698210156301,0.0,variegated_sandy_clay,0.48875861203587967,severe,0.0,0.0,18,False,4.631034238258564,ZONE_D,0.7700594569836419,86.5,critical
0.0,0.0,0.2596698210156301,0.0,variegated_sandy_clay,0.48969626365271046,severe,0.0,0.0,19,False,4.2607571848669545,ZONE_D,0.7705078223204335,86.5,critical
0.0,0.0,0.2596698210156301,0.0,variegated_sandy_clay,0.49060881772496057,severe,0.0,0.0,20,False,3.9200858500286007,ZONE_D,0.770920799760188,86.5,critical
0.0,0.0,0.2596698210156301,0.0,variegated_sandy_clay,0.4914982809414983,severe,0.0,0.0,21,False,3.6066530911862573,ZONE_D,0.7713011485569465,86.4,critical
0.0,0.0,0.2596698210156301,0.0,variegated_sandy_clay,0.49236649954520884,severe,0.0,0.0,22,False,3.3182810320514995,ZONE_D,0.7716514179865831,86.4,critical
0.0,0.0,0.2596698210156301,0.0,variegated_sandy_clay,0.4932151721615468,severe,0.0,0.0,23,False,3.0529659297094085,ZONE_D,0.7719739625326634,86.4,critical
0.0,0.0,0.2596698210156301,0.0,variegated_sandy_clay,0.49404586160137415,severe,0.0,0.0,24,False,2.8088642516827607,ZONE_D,0.7722709560975868,86.4,critical
0.0,0.0,0.2596698210156301,0.0,variegated_sandy_clay,0.49486000572009564,severe,0.0,0.0,25,False,2.5842798662126976,ZONE_D,0.7725444052816228,86.4,critical
0.0,0.0,0.2596698210156301,0.0,variegated_sandy_clay,0.49565892740854545,severe,0.0,0.0,26,False,2.377652256748007,ZONE_D,0.7727961617741596,86.4,critical
0.0,0.0,0.2596698210156301,0.0,variegated_sandy_clay,0.4964438437850467,severe,0.0,0.0,27,False,2.18754567875181,ZONE_D,0.7730279339023252,86.3,critical
0.0,0.0,0.2596698210156301,0.0,variegated_sandy_clay,0.4972158746525146,severe,0.0,0.0,28,False,2.0126391834821145,ZONE_D,0.7732412973823113,86.3,critical
0.35083345,0.35083345,0.2596698210156301,0.0,variegated_sandy_clay,0.49808358921787643,severe,0.0,0.0,29,False,2.202550889426841,ZONE_D,0.6721822912650287,91.4,critical
3.3541982,3.70503165,0.2596698210156301,0.0,variegated_sandy_clay,0.4998847800260917,severe,0.0,0.0,0,False,5.380642843754013,ZONE_D,0.6688290068849657,91.6,critical
14.591815,18.29684665,0.2596698210156301,0.0,variegated_sandy_clay,0.505345984699599,severe,0.0,0.0,1,False,19.54224539551112,ZONE_D,0.6542846018085412,92.3,critical
0.43518314,18.732029790000002,0.2596698210156301,0.0,variegated_sandy_clay,0.5074277190483785,severe,0.0,0.0,2,False,18.414916865455616,ZONE_D,0.6554191896119586,92.2,critical
0.0,18.732029790000002,0.2596698210156301,0.0,variegated_sandy_clay,0.5092996484055183,severe,0.0,0.0,3,False,16.942541407925766,ZONE_D,0.6569069855302629,92.2,critical
0.0,18.732029790000002,0.2596698210156301,0.0,variegated_sandy_clay,0.5110717794944524,severe,0.0,0.0,4,False,15.587890591988133,ZONE_D,0.6582818024014968,92.1,critical
0.0,18.732029790000002,0.2596698210156301,0.0,variegated_sandy_clay,0.5127520917441338,severe,0.0,0.0,5,False,14.341551675011658,ZONE_D,0.6595517876246533,92.0,critical
0.0,18.381196340000002,0.2596698210156301,0.0,variegated_sandy_clay,0.5143479265836034,severe,0.0,0.0,6,False,13.194864515712291,ZONE_D,0.6607245663144099,92.0,critical
0.0,15.02699814,0.2596698210156301,0.0,variegated_sandy_clay,0.515866038453645,severe,0.0,0.0,7,False,12.139861399471744,ZONE_D,0.6618072646956243,91.9,critical
0.0,0.43518314,0.2596698210156301,0.0,variegated_sandy_clay,0.5173126417397759,severe,0.0,0.0,8,False,11.169211674958099,ZONE_D,0.762227514259582,86.9,critical
0.0,0.0,0.2596698210156301,0.0,variegated_sandy_clay,0.518693453952682,severe,0.0,0.0,9,False,10.276170817357828,ZONE_D,0.7632878617829303,86.8,critical
0.0,0.0,0.2596698210156301,0.0,variegated_sandy_clay,0.5200137354561347,severe,0.0,0.0,10,False,9.454533564286917,ZONE_D,0.7642660376836092,86.8,critical
17.02425,17.02425,0.2596698210156301,0.0,variegated_sandy_clay,0.5264966704320846,severe,0.0,0.0,11,False,25.722840798747647,ZONE_D,0.6481333550852628,92.6,critical
0.0,17.02425,0.2596698210156301,0.0,variegated_sandy_clay,0.528863934147722,severe,0.0,0.0,12,False,23.666156005287053,ZONE_D,0.6501673930504663,92.5,critical
0.0,17.02425,0.2596698210156301,0.0,variegated_sandy_clay,0.5310917948465655,severe,0.0,0.0,13,False,21.77391464841057,ZONE_D,0.6520501074597733,92.4,critical
0.0,17.02425,0.2596698210156301,0.0,variegated_sandy_clay,0.5331913985784256,severe,0.0,0.0,14,False,20.032968556885752,ZONE_D,0.6537919448947833,92.3,critical
0.0,17.02425,0.2596698210156301,0.0,variegated_sandy_clay,0.535173000204175,severe,0.0,0.0,15,False,18.43122082920759,ZONE_D,0.6554027526187713,92.2,critical
0.0,17.02425,0.2596698210156301,0.0,variegated_sandy_clay,0.5370460346512829,severe,0.0,0.0,16,False,16.957541778712088,ZONE_D,0.6568917940018093,92.2,critical
0.0,17.02425,0.2596698210156301,0.0,variegated_sandy_clay,0.5388191824720697,severe,0.0,0.0,17,False,15.601691599347456,ZONE_D,0.6582677669306292,92.1,critical
0.0,0.0,0.2596698210156301,0.0,variegated_sandy_clay,0.5405004301602135,severe,0.0,0.0,18,False,14.354249214748862,ZONE_D,0.7584696481437164,87.1,critical
0.0,0.0,0.2596698210156301,0.0,variegated_sandy_clay,0.5420971256446155,critical,0.0,0.0,19,False,13.20654681622704,ZONE_D,0.7598194867433131,87.0,critical
0.0,0.0,0.2596698210156301,0.0,variegated_sandy_clay,0.5436160293462202,critical,0.0,0.0,20,False,12.15060963481036,ZONE_D,0.7610656488760614,86.9,critical
0.0,0.0,0.2596698210156301,0.0,variegated_sandy_clay,0.5450633611525583,critical,0.0,0.0,21,False,11.179100528848513,ZONE_D,0.7622157892706191,86.9,critical
0.0,0.0,0.2596698210156301,0.0,variegated_sandy_clay,0.5464448436364115,critical,0.0,0.0,22,False,10.285269002146789,ZONE_D,0.7632770442249803,86.8,critical
0.0,0.0,0.2596698210156301,0.0,variegated_sandy_clay,0.5477657418189059,critical,0.0,0.0,23,False,9.462904298385267,ZONE_D,0.7642560595131646,86.8,critical
0.0,0.0,0.2596698210156301,0.0,variegated_sandy_clay,0.5487905997927242,critical,0.0,0.0,24,False,8.70629224590118,ZONE_D,0.7651590179640698,86.7,critical
0.0,0.0,0.2596698210156301,0.0,variegated_sandy_clay,0.5486414669410636,critical,0.0,0.0,25,False,8.010175552971967,ZONE_D,0.7659916664835413,86.7,critical
0.0,0.0,0.2596698210156301,0.0,variegated_sandy_clay,0.5485042580938556,critical,0.0,0.0,26,False,7.369717277712209,ZONE_D,0.7667593423404897,86.7,critical
0.0,0.0,0.2596698210156301,0.0,variegated_sandy_clay,0.5483780198603442,critical,0.0,0.0,27,False,6.78046721875634,ZONE_D,0.767466998580436,86.6,critical
0.0,0.0,0.2596698210156301,0.0,variegated_sandy_clay,0.5482618750786894,critical,0.0,0.0,28,False,6.238330993193992,ZONE_D,0.7681192284659255,86.6,critical
0.0,0.0,0.2596698210156301,0.0,variegated_sandy_clay,0.5481550167210395,critical,0.0,0.0,29,False,5.739541586897132,ZONE_D,0.7687202888735666,86.6,critical
0.0,0.0,0.2596698210156301,0.0,variegated_sandy_clay,0.5480567022859272,critical,0.0,0.0,0,False,5.280633179557429,ZONE_D,0.7692741226027354,86.5,critical
0.0,0.0,0.2596698210156301,0.0,variegated_sandy_clay,0.5479662486390248,critical,0.0,0.0,1,False,4.858417062558098,ZONE_D,0.769784379571865,86.5,critical
0.0,0.0,0.2596698210156301,0.0,variegated_sandy_clay,0.5478830272664093,critical,0.0,0.0,2,False,4.469959482346381,ZONE_D,0.7702544368952942,86.5,critical
0.0,0.0,0.2596698210156301,0.0,variegated_sandy_clay,0.5478064599073567,critical,0.0,0.0,3,False,4.112561255352169,ZONE_D,0.7706874178474392,86.5,critical
0.0,0.0,0.2596698210156301,0.0,variegated_sandy_clay,0.5477360145363174,critical,0.0,0.0,4,False,3.7837390128077213,ZONE_D,0.7710862097320149,86.4,critical
0.0,0.0,0.2596698210156301,0.0,variegated_sandy_clay,0.5476712016661561,critical,0.0,0.0,5,False,3.4812079451488134,ZONE_D,0.7714534806826087,86.4,critical
0.0,0.0,0.2596698210156301,0.0,variegated_sandy_clay,0.5476115709469682,critical,0.0,0.0,6,False,3.2028659260973895,ZONE_D,0.7717916954274716,86.4,critical
0.0,0.0,0.2596698210156301,0.0,variegated_sandy_clay,0.5475567080368391,critical,0.0,0.0,7,False,2.946778906112478,ZONE_D,0.7721031300562506,86.4,critical
0.0,0.0,0.2596698210156301,0.0,variegated_sandy_clay,0.5475062317228044,critical,0.0,0.0,8,False,2.7111674737162925,ZONE_D,0.7723898858298368,86.4,critical
0.0,0.0,0.2596698210156301,0.0,variegated_sandy_clay,0.5474597912720058,critical,0.0,0.0,9,False,2.4943944913173675,ZONE_D,0.772653902076778,86.4,critical
0.0,0.0,0.2596698210156301,0.0,variegated_sandy_clay,0.5474170639946356,critical,0.0,0.0,10,False,2.2949537196186958,ZONE_D,0.7728969682210303,86.4,critical
0.0,0.0,0.2596698210156301,0.0,variegated_sandy_clay,0.5473777530017389,critical,0.0,0.0,11,False,2.111459351567971,ZONE_D,0.7731207349863519,86.3,critical
0.0,0.0,0.2596698210156301,0.0,variegated_sandy_clay,0.5473415851422907,critical,0.0,0.0,12,False,1.9426363831269646,ZONE_D,0.773326724822563,86.3,critical
46.26834,46.26834,0.2596698210156301,0.0,variegated_sandy_clay,0.5572206263300219,critical,0.0,0.0,13,False,48.05565175395168,ZONE_D,0.6268389506968529,93.7,critical
0.0,46.26834,0.2596698210156301,0.0,variegated_sandy_clay,0.5563974657718814,critical,0.0,0.0,14,False,44.213333987595085,ZONE_D,0.6304023858693856,93.5,critical
23.766209,70.034549,0.2596698210156301,0.0,variegated_sandy_clay,0.5607316852506655,critical,0.0,0.0,15,False,64.44443998742769,ZONE_D,0.6120814173429612,94.4,critical
0.0,70.034549,0.2596698210156301,0.0,variegated_sandy_clay,0.5596277959212541,critical,0.0,0.0,16,False,59.29174706434746,ZONE_D,0.6166457888560264,94.2,critical
0.0,70.034549,0.2596698210156301,0.0,variegated_sandy_clay,0.5586121687093601,critical,0.0,0.0,17,False,54.55104072016746,ZONE_D,0.6209057562090964,94.0,critical
12.906802,82.941351,0.2596698210156301,0.0,variegated_sandy_clay,0.5604428407052843,critical,0.0,0.0,18,False,63.09618232680685,ZONE_D,0.6132691945894126,94.3,critical
0.0,82.941351,0.2596698210156301,0.0,variegated_sandy_clay,0.5593620461105798,critical,0.0,0.0,19,False,58.05129013421206,ZONE_D,0.6177547985634495,94.1,critical
0.0,36.673011,0.2596698210156301,0.0,variegated_sandy_clay,0.5583676670803606,critical,0.0,0.0,20,False,53.40976525000814,ZONE_D,0.6219401037614244,93.9,critical
0.0,36.673011,0.2596698210156301,0.0,variegated_sandy_clay,0.5574527942075828,critical,0.0,0.0,21,False,49.139356204933314,ZONE_D,0.6258411754507078,93.7,critical
0.0,12.906802,0.2596698210156301,0.0,variegated_sandy_clay,0.5566110705308875,critical,0.0,0.0,22,False,45.21039021482968,ZONE_D,0.7238948826523911,88.8,critical
0.0,12.906802,0.2596698210156301,0.0,variegated_sandy_clay,0.555836647363483,critical,0.0,0.0,23,False,41.59556700036626,ZONE_D,0.7277814614569231,88.6,critical
0.0,12.906802,0.2596698210156301,0.0,variegated_sandy_clay,0.5551241436537528,critical,0.0,0.0,24,False,38.26976909202677,ZONE_D,0.7313943316223843,88.4,critical
16.923323,16.923323,0.2596698210156301,0.0,variegated_sandy_clay,0.5580941837957464,critical,0.0,0.0,25,False,52.13321030227314,ZONE_D,0.6231011469794981,93.8,critical
8.998831,25.922154,0.2596698210156301,0.0,variegated_sandy_clay,0.5591290457724667,critical,0.0,0.0,26,False,56.9636999553023,ZONE_D,0.6187304274242613,94.1,critical
0.0,25.922154,0.2596698210156301,0.0,variegated_sandy_clay,0.5581532964206727,critical,0.0,0.0,27,False,52.40913398049652,ZONE_D,0.6228498237523458,93.9,critical
0.0,25.922154,0.2596698210156301,0.0,variegated_sandy_clay,0.5572555636794766,critical,0.0,0.0,28,False,48.2187309943157,ZONE_D,0.6266885990432268,93.7,critical
0.0,25.922154,0.2596698210156301,0.0,variegated_sandy_clay,0.5564296096851091,critical,0.0,0.0,29,False,44.36337413183399,ZONE_D,0.6302624759415205,93.5,critical
0.0,25.922154,0.2596698210156301,0.0,variegated_sandy_clay,0.5556696953258506,critical,0.0,0.0,0,False,40.81627458410487,ZONE_D,0.6335867950483954,93.3,critical
0.0,25.922154,0.2596698210156301,0.0,variegated_sandy_clay,0.5549705403640182,critical,0.0,0.0,1,False,37.552785457082486,ZONE_D,0.6366764418005592,93.2,critical
0.0,8.998831,0.2596698210156301,0.0,variegated_sandy_clay,0.5543272867464238,critical,0.0,0.0,2,False,34.55023051356202,ZONE_D,0.73547765769693,88.2,critical
0.0,0.0,0.2596698210156301,0.0,variegated_sandy_clay,0.5537354648483661,critical,0.0,0.0,3,False,31.787746608158354,ZONE_D,0.7385399536152658,88.1,critical
0.0,0.0,0.2596698210156301,0.0,variegated_sandy_clay,0.5531909624166028,critical,0.0,0.0,4,False,29.24613872048831,ZONE_D,0.7413800124545417,87.9,critical
7.085228,7.085228,0.2596698210156301,0.0,variegated_sandy_clay,0.5542079027876259,critical,0.0,0.0,5,False,33.99297457925965,ZONE_D,0.6400811705523807,93.0,critical
0.0,7.085228,0.2596698210156301,0.0,variegated_sandy_clay,0.5536256263038777,critical,0.0,0.0,6,False,31.275046398284413,ZONE_D,0.7391111048729132,88.0,critical
13.428866,20.514094,0.2596698210156301,0.0,variegated_sandy_clay,0.5559668448168011,critical,0.0,0.0,7,False,42.20329775601451,ZONE_D,0.6322827190360534,93.4,critical
0.0,20.514094,0.2596698210156301,0.0,variegated_sandy_clay,0.5552439310934771,critical,0.0,0.0,8,False,38.8289083793594,ZONE_D,0.6354647156189427,93.2,critical
0.0,20.514094,0.2596698210156301,0.0,variegated_sandy_clay,0.554578818360074,critical,0.0,0.0,9,False,35.72432028058334,ZONE_D,0.6384207137780779,93.1,critical
0.0,20.514094,0.2596698210156301,0.0,variegated_sandy_clay,0.5539668851046077,critical,0.0,0.0,10,False,32.86796134057976,ZONE_D,0.6411647583064637,92.9,critical
1.5651855,22.0792795,0.2596698210156301,0.0,variegated_sandy_clay,0.55373919750282,critical,0.0,0.0,11,False,31.805169751652933,ZONE_D,0.6421917909842794,92.9,critical
0.0,14.9940515,0.2596698210156301,0.0,variegated_sandy_clay,0.5531943966244848,critical,0.0,0.0,12,False,29.262168786345782,ZONE_D,0.7413620315953527,87.9,critical
0.0,14.994051500000001,0.2596698210156301,0.0,variegated_sandy_clay,0.5526931556192873,critical,0.0,0.0,13,False,26.92249495181796,ZONE_D,0.7439956933673814,87.8,critical
0.30755132,1.8727368200000016,0.2596698210156301,0.0,variegated_sandy_clay,0.5522978800180992,critical,0.0,0.0,14,False,25.077442428306266,ZONE_D,0.6487702751647194,92.6,critical
0.0,1.8727368200000016,0.2596698210156301,0.0,variegated_sandy_clay,0.5518683205229599,critical,0.0,0.0,15,False,23.072360839351596,ZONE_D,0.7483705810320019,87.6,critical
0.0,1.8727368200000016,0.2596698210156301,0.0,variegated_sandy_clay,0.5514731067087059,critical,0.0,0.0,16,False,21.227596722557763,ZONE_D,0.7504850607348624,87.5,critical
1.6915324,3.5642692200000017,0.2596698210156301,0.0,variegated_sandy_clay,0.5514718785994586,critical,0.0,0.0,17,False,21.221864200593,ZONE_D,0.6526014347902693,92.4,critical
34.185513,36.18459672,0.2596698210156301,0.0,variegated_sandy_clay,0.558432110246196,critical,0.0,0.0,18,False,53.71057062577758,ZONE_D,0.6216671470152351,93.9,critical
0.0,36.18459672,0.2596698210156301,0.0,variegated_sandy_clay,0.5575120847823707,critical,0.0,0.0,19,False,49.41611051080046,ZONE_D,0.625586874544378,93.7,critical
0.0,36.18459672,0.2596698210156301,0.0,variegated_sandy_clay,0.5566656204930615,critical,0.0,0.0,20,False,45.465016468167356,ZONE_D,0.6292371117230203,93.5,critical
0.0,35.8770454,0.2596698210156301,0.0,variegated_sandy_clay,0.5558868357514993,critical,0.0,0.0,21,False,41.829834462567575,ZONE_D,0.6326333199607965,93.4,critical
0.0,35.8770454,0.2596698210156301,0.0,variegated_sandy_clay,0.5551703191998265,critical,0.0,0.0,22,False,38.48530556215448,ZONE_D,0.6357905252883304,93.2,critical
0.0,35.8770454,0.2596698210156301,0.0,variegated_sandy_clay,0.5545110921484705,critical,0.0,0.0,23,False,35.40819042776306,ZONE_D,0.6387232566801807,93.1,critical
0.0,34.185513,0.2596698210156301,0.0,variegated_sandy_clay,0.5539045739818977,critical,0.0,0.0,24,False,32.57710783519487,ZONE_D,0.6414454990643684,92.9,critical
0.0,0.0,0.2596698210156301,0.0,variegated_sandy_clay,0.5533465503303714,critical,0.0,0.0,25,False,29.972386108548207,ZONE_D,0.7405662581526191,88.0,critical
1.0841434,1.0841434,0.2596698210156301,0.0,variegated_sandy_clay,0.5530654057025414,critical,0.0,0.0,26,False,28.660069832283295,ZONE_D,0.645250437332104,92.7,critical
0.0,1.0841434,0.2596698210156301,0.0,variegated_sandy_clay,0.5525744782420154,critical,0.0,0.0,27,False,26.36853717207861,ZONE_D,0.7446219997979469,87.8,critical
0.0,1.0841434,0.2596698210156301,0.0,variegated_sandy_clay,0.5521228031739703,critical,0.0,0.0,28,False,24.260225347116616,ZONE_D,0.7470153384082936,87.6,critical
0.0,1.0841434,0.2596698210156301,0.0,variegated_sandy_clay,0.5517072420503881,critical,0.0,0.0,29,False,22.32048482826338,ZONE_D,0.7492309456902289,87.5,critical
0.0,1.0841434,0.2596698210156301,0.0,variegated_sandy_clay,0.5513249073596993,critical,0.0,0.0,0,False,20.53583739806227,ZONE_D,0.751281043059255,87.4,critical
0.0,1.0841434,0.2596698210156301,0.0,variegated_sandy_clay,0.550973142463012,critical,0.0,0.0,1,False,18.893882497823167,ZONE_D,0.7531771582395984,87.3,critical
0.0,1.0841434,0.2596698210156301,0.0,variegated_sandy_clay,0.5506495031345522,critical,0.0,0.0,2,False,17.383211062784934,ZONE_D,0.7549301418009567,87.3,critical
0.0,0.0,0.2596698210156301,0.0,variegated_sandy_clay,0.5503517405780483,critical,0.0,0.0,3,False,15.993326246637942,ZONE_D,0.7565501874020915,87.2,critical
0.15377566,0.15377566,0.2596698210156301,0.0,variegated_sandy_clay,0.5501107299940646,critical,0.0,0.0,4,False,14.868346144563798,ZONE_D,0.6590144010973127,92.0,critical
0.0,0.15377566,0.2596698210156301,0.0,variegated_sandy_clay,0.5498560453593905,critical,0.0,0.0,5,False,13.679538825081355,ZONE_D,0.7592626086117077,87.0,critical
0.0,0.15377566,0.2596698210156301,0.0,variegated_sandy_clay,0.5496217241837666,critical,0.0,0.0,6,False,12.585783290721077,ZONE_D,0.7605515847325547,87.0,critical
0.0,0.15377566,0.2596698210156301,0.0,variegated_sandy_clay,0.5494061382949045,critical,0.0,0.0,7,False,11.57947962036299,ZONE_D,0.7617413716682764,86.9,critical
0.0,0.15377566,0.2596698210156301,0.0,variegated_sandy_clay,0.5492077897019839,critical,0.0,0.0,8,False,10.653635549029046,ZONE_D,0.7628393212169544,86.9,critical
0.0,0.15377566,0.2596698210156301,0.0,variegated_sandy_clay,0.5490253001869179,critical,0.0,0.0,9,False,9.801817882380577,ZONE_D,0.7638522828935697,86.8,critical
0.0,0.15377566,0.2596698210156301,0.0,variegated_sandy_clay,0.5488574017278529,critical,0.0,0.0,10,False,9.018107795898072,ZONE_D,0.7647866316783698,86.8,critical
11.798171,11.798171,0.2596698210156301,0.0,variegated_sandy_clay,0.551230513800694,critical,0.0,0.0,11,False,20.09523070814118,ZONE_D,0.6537294904251166,92.3,critical
4.51431,16.312481,0.2596698210156301,0.0,variegated_sandy_clay,0.5518534212924202,critical,0.0,0.0,12,False,23.002814773712956,ZONE_D,0.6508261556527059,92.5,critical
0.0,16.312481,0.2596698210156301,0.0,variegated_sandy_clay,0.5514593987548656,critical,0.0,0.0,13,False,21.163611253307486,ZONE_D,0.6526596658189316,92.4,critical
1.1183013,17.4307823,0.2596698210156301,0.0,variegated_sandy_clay,0.5513364602679707,critical,0.0,0.0,14,False,20.589763626991843,ZONE_D,0.6532338534168743,92.3,critical
0.0,17.4307823,0.2596698210156301,0.0,variegated_sandy_clay,0.5509837716517397,critical,0.0,0.0,15,False,18.943497023551842,ZONE_D,0.6548867161709042,92.3,critical
0.5889884,18.0197707,0.2596698210156301,0.0,variegated_sandy_clay,0.5507854646371685,critical,0.0,0.0,16,False,18.017847030066083,ZONE_D,0.6558197539693693,92.2,critical
6.985034,25.0048047,0.2596698210156301,0.0,variegated_sandy_clay,0.5519732728876429,critical,0.0,0.0,17,False,23.56225352365784,ZONE_D,0.6502704902602641,92.5,critical
0.97275573,14.179389429999999,0.2596698210156301,0.0,variegated_sandy_clay,0.5517780662774241,critical,0.0,0.0,18,False,22.651075480521488,ZONE_D,0.6511760090026321,92.4,critical
0.0,9.665079429999999,0.2596698210156301,0.0,variegated_sandy_clay,0.5513900687942042,critical,0.0,0.0,19,False,20.83999548120101,ZONE_D,0.7509308515109457,87.5,critical
4.408594,14.07367343,0.2596698210156301,0.0,variegated_sandy_clay,0.5519775708614283,critical,0.0,0.0,20,False,23.58231544337933,ZONE_D,0.6502505812787421,92.5,critical
0.0,12.955372129999999,0.2596698210156301,0.0,variegated_sandy_clay,0.5515736218724102,critical,0.0,0.0,21,False,21.696777607707986,ZONE_D,0.7499461505864462,87.5,critical
22.204466,35.15983813,0.2596698210156301,0.0,variegated_sandy_clay,0.5559589539473145,critical,0.0,0.0,22,False,42.16646505342631,ZONE_D,0.6323172796707028,93.4,critical
0.0,34.570849730000006,0.2596698210156301,0.0,variegated_sandy_clay,0.5552366711430794,critical,0.0,0.0,23,False,38.795020657067425,ZONE_D,0.6354968336543102,93.2,critical
0.0,27.585815730000004,0.2596698210156301,0.0,variegated_sandy_clay,0.5545721388832602,critical,0.0,0.0,24,False,35.69314207096411,ZONE_D,0.6384505392387572,93.1,critical
0.0,26.61306,0.2596698210156301,0.0,variegated_sandy_clay,0.5539607396892724,critical,0.0,0.0,25,False,32.83927600296144,ZONE_D,0.6411924353539827,92.9,critical
0.0,26.61306,0.2596698210156301,0.0,variegated_sandy_clay,0.5533982252757351,critical,0.0,0.0,26,False,30.213592466995443,ZONE_D,0.6437359855850713,92.8,critical
0.0,22.204466000000004,0.2596698210156301,0.0,variegated_sandy_clay,0.5528806870314116,critical,0.0,0.0,27,False,27.797846995145754,ZONE_D,0.6460940543537862,92.7,critical
0.47825903,22.682725030000004,0.2596698210156301,0.0,variegated_sandy_clay,0.5525069888842382,critical,0.0,0.0,28,False,26.05351289660437,ZONE_D,0.6478075111347645,92.6,critical
0.0,0.47825903,0.2596698210156301,0.0,variegated_sandy_clay,0.5520607099673005,critical,0.0,0.0,29,False,23.970389021993892,ZONE_D,0.7473455617085966,87.6,critical
0.0,0.47825903,0.2596698210156301,0.0,variegated_sandy_clay,0.5516501135424052,critical,0.0,0.0,0,False,22.053822536177528,ZONE_D,0.7495365602607867,87.5,critical
0.0,0.47825903,0.2596698210156301,0.0,variegated_sandy_clay,0.5512723465950135,critical,0.0,0.0,1,False,20.290496245636433,ZONE_D,0.7515637539756899,87.4,critical
47.86095,48.33920903,0.2596698210156301,0.0,variegated_sandy_clay,0.561178294921129,critical,0.0,0.0,2,False,66.52910774085505,ZONE_D,0.6102539131734668,94.5,critical
0.0,48.33920903,0.2596698210156301,0.0,variegated_sandy_clay,0.5600386966540835,critical,0.0,0.0,3,False,61.20973398724617,ZONE_D,0.6149388612143102,94.3,critical
7.3260894,55.66529843,0.2596698210156301,0.0,variegated_sandy_clay,0.5605597234687321,critical,0.0,0.0,4,False,63.641763275912496,ZONE_D,0.6127879982021226,94.4,critical
0.0,55.1870394,0.2596698210156301,0.0,variegated_sandy_clay,0.5594695834442565,critical,0.0,0.0,5,False,58.55324883916488,ZONE_D,0.6173055506588714,94.1,critical
2.5483143,57.735353700000005,0.2596698210156301,0.0,variegated_sandy_clay,0.5590125453863953,critical,0.0,0.0,6,False,56.419903852874555,ZONE_D,0.6192193992978067,94.0,critical
6.4469943,64.182348,0.2596698210156301,0.0,variegated_sandy_clay,0.5594272854188905,critical,0.0,0.0,7,False,58.35581171376067,ZONE_D,0.6174821768843863,94.1,critical
1.0841434,65.2664914,0.2596698210156301,0.0,variegated_sandy_clay,0.558659952057574,critical,0.0,0.0,8,False,54.77408202840595,ZONE_D,0.6207040137529622,94.0,critical
1.2468346,18.652376,0.2596698210156301,0.0,variegated_sandy_clay,0.5579888255018004,critical,0.0,0.0,9,False,51.64142283668329,ZONE_D,0.6235495915452178,93.8,critical
3.1854086,21.8377846,0.2596698210156301,0.0,variegated_sandy_clay,0.557786670476578,critical,0.0,0.0,10,False,50.69781124440165,ZONE_D,0.6244118494073739,93.8,critical
0.0,14.5116952,0.2596698210156301,0.0,variegated_sandy_clay,0.556918251527354,critical,0.0,0.0,11,False,46.64423806934344,ZONE_D,0.7223647149838357,88.9,critical
2.932344,17.444039200000002,0.2596698210156301,0.0,variegated_sandy_clay,0.556747479470225,critical,0.0,0.0,12,False,45.84711471033988,ZONE_D,0.6288822489308983,93.6,critical
8.661066,23.5567909,0.2596698210156301,0.0,variegated_sandy_clay,0.5578176567531802,critical,0.0,0.0,13,False,50.84244781611809,ZONE_D,0.6242795280007347,93.8,critical
0.0,17.1097966,0.2596698210156301,0.0,variegated_sandy_clay,0.556946760278072,critical,0.0,0.0,14,False,46.77731013930228,ZONE_D,0.628020027543558,93.6,critical
0.43595493,16.461608130000002,0.2596698210156301,0.0,variegated_sandy_clay,0.556238893827696,critical,0.0,0.0,15,False,43.473157855048676,ZONE_D,0.6310934978012098,93.4,critical
4.5865564,19.80132993,0.2596698210156301,0.0,variegated_sandy_clay,0.5564768311004086,critical,0.0,0.0,16,False,44.58379247083643,ZONE_D,0.6300570521154386,93.5,critical
21.08126,37.69718133000001,0.2596698210156301,0.0,variegated_sandy_clay,0.5602294937028117,critical,0.0,0.0,17,False,62.100329245785936,ZONE_D,0.6141494774951611,94.3,critical
0.0,37.69718133000001,0.2596698210156301,0.0,variegated_sandy_clay,0.5591657573925771,critical,0.0,0.0,18,False,57.13506106922737,ZONE_D,0.6185765025067379,94.1,critical
0.0,34.764837330000006,0.2596698210156301,0.0,variegated_sandy_clay,0.5581870727417073,critical,0.0,0.0,19,False,52.56679381624793,ZONE_D,0.6227063113470134,93.9,critical
0.0,26.10377133,0.2596698210156301,0.0,variegated_sandy_clay,0.5572866393949911,critical,0.0,0.0,20,False,48.36378504561016,ZONE_D,0.626554926390635,93.7,critical
26.390703,52.49447433,0.2596698210156301,0.0,variegated_sandy_clay,0.5621120240490441,critical,0.0,0.0,21,False,70.88753330154681,ZONE_D,0.6064681801314301,94.7,critical
0.0,52.058519399999994,0.2596698210156301,0.0,variegated_sandy_clay,0.5608977689229985,critical,0.0,0.0,22,False,65.21967908093829,ZONE_D,0.6114005344323585,94.4,critical
0.0,47.471963,0.2596698210156301,0.0,variegated_sandy_clay,0.5597806002763451,critical,0.0,0.0,23,False,60.00500146233419,ZONE_D,0.6160099168697596,94.2,critical
0.0,26.390703,0.2596698210156301,0.0,variegated_sandy_clay,0.5587527555027927,critical,0.0,0.0,24,False,55.20726644524495,ZONE_D,0.6203125696807444,94.0,critical
0.0,26.390703,0.2596698210156301,0.0,variegated_sandy_clay,0.5578070926597798,critical,0.0,0.0,25,False,50.793137139900466,ZONE_D,0.6243246337896313,93.8,critical
0.0,26.390703,0.2596698210156301,0.0,variegated_sandy_clay,0.5569370408429434,critical,0.0,0.0,26,False,46.73194212706667,ZONE_D,0.628062025440233,93.6,critical
0.0,26.390703,0.2596698210156301,0.0,variegated_sandy_clay,0.5561365545284249,critical,0.0,0.0,27,False,42.995462338788464,ZONE_D,0.6315403333561997,93.4,critical
0.0,0.0,0.2596698210156301,0.0,variegated_sandy_clay,0.555400071565765,critical,0.0,0.0,28,False,39.557734979207744,ZONE_D,0.7299909449632466,88.5,critical
0.0,0.0,0.2596698210156301,0.0,variegated_sandy_clay,0.5547224745295,critical,0.0,0.0,29,False,36.394873123007095,ZONE_D,0.7334469176738783,88.3,critical
0.0,0.0,0.2596698210156301,0.0,variegated_sandy_clay,0.5540990551609151,critical,0.0,0.0,0,False,33.484899737965556,ZONE_D,0.7366555955268229,88.2,critical
0.0,0.0,0.2596698210156301,0.0,variegated_sandy_clay,0.5535254816528767,critical,0.0,0.0,1,False,30.807594978338102,ZONE_D,0.7396326191314774,88.0,critical
0.0,0.0,0.2596698210156301,0.0,variegated_sandy_clay,0.5529977685504268,critical,0.0,0.0,2,False,28.344355687982357,ZONE_D,0.7423929453824591,87.9,critical
1.8019875,1.8019875,0.2596698210156301,0.0,variegated_sandy_clay,0.5528982986058056,critical,0.0,0.0,3,False,27.880053636995058,ZONE_D,0.6460135265186474,92.7,critical
3.289921,5.091908500000001,0.2596698210156301,0.0,variegated_sandy_clay,0.5531255498962441,critical,0.0,0.0,4,False,28.940808628283254,ZONE_D,0.6449762318005686,92.8,critical
0.0,5.091908500000001,0.2596698210156301,0.0,variegated_sandy_clay,0.552629813571504,critical,0.0,0.0,5,False,26.626829333308134,ZONE_D,0.7443298427005562,87.8,critical
0.0,5.091908500000001,0.2596698210156301,0.0,variegated_sandy_clay,0.552173714134798,critical,0.0,0.0,6,False,24.497865607398378,ZONE_D,0.7467448020330808,87.7,critical
0.0,5.091908500000001,0.2596698210156301,0.0,variegated_sandy_clay,0.551754082395541,critical,0.0,0.0,7,False,22.53912442242667,ZONE_D,0.7489805545361804,87.6,critical
0.0,5.091908500000001,0.2596698210156301,0.0,variegated_sandy_clay,0.5513680025576365,critical,0.0,0.0,8,False,20.73699553548903,ZONE_D,0.7510494036430017,87.4,critical
2.8690908,7.9609993,0.2596698210156301,0.0,variegated_sandy_clay,0.5516274528300039,critical,0.0,0.0,9,False,21.948047718619893,ZONE_D,0.6518763956903338,92.4,critical
38.49156,44.6505718,0.2596698210156301,0.0,variegated_sandy_clay,0.5594977532330672,critical,0.0,0.0,10,False,58.684738715534095,ZONE_D,0.6171879765444229,94.1,critical
8.948882,50.3095328,0.2596698210156301,0.0,variegated_sandy_clay,0.5604096911488545,critical,0.0,0.0,11,False,62.94144807920835,ZONE_D,0.6134058060832057,94.3,critical
0.16514435,50.47467715,0.2596698210156301,0.0,variegated_sandy_clay,0.5593669268154229,critical,0.0,0.0,12,False,58.07407210395719,ZONE_D,0.6177343947689069,94.1,critical
0.0,50.47467715,0.2596698210156301,0.0,variegated_sandy_clay,0.5583721575455909,critical,0.0,0.0,13,False,53.430725674026405,ZONE_D,0.6219210760892339,93.9,critical
0.34418306,50.818860210000004,0.2596698210156301,0.0,variegated_sandy_clay,0.5575306618372462,critical,0.0,0.0,14,False,49.50282378597958,ZONE_D,0.6255072389330018,93.7,critical
51.02652,101.84538021,0.2596698210156301,0.0,variegated_sandy_clay,0.5676134828212442,critical,0.0,0.0,15,False,96.57131653267012,ZONE_D,0.5850795156040092,95.7,critical
4.5556345,103.53192391,0.2596698210156301,0.0,variegated_sandy_clay,0.5669357021794258,critical,0.0,0.0,16,False,93.40553488928357,ZONE_D,0.5876340075122489,95.6,critical
6.883661,71.92402491,0.2596698210156301,0.0,variegated_sandy_clay,0.5668105346464137,critical,0.0,0.0,17,False,92.82090167034974,ZONE_D,0.5881081942470547,95.6,critical
0.0,62.97514291,0.2596698210156301,0.0,variegated_sandy_clay,0.5652209696447161,critical,0.0,0.0,18,False,85.3993521426629,ZONE_D,0.5941949027403411,95.3,critical
0.0,62.809998560000004,0.2596698210156301,0.0,variegated_sandy_clay,0.5637581369536828,critical,0.0,0.0,19,False,78.57119695181974,ZONE_D,0.599907297477336,95.0,critical
0.0,62.809998560000004,0.2596698210156301,0.0,variegated_sandy_clay,0.5624122659067606,critical,0.0,0.0,20,False,72.28899090626227,ZONE_D,0.6052608325535367,94.7,critical
0.0,62.4658155,0.2596698210156301,0.0,variegated_sandy_clay,0.5611740047672283,critical,0.0,0.0,21,False,66.50908232249654,ZONE_D,0.6102714163535166,94.5,critical
0.0,11.4392955,0.2596698210156301,0.0,variegated_sandy_clay,0.5600347495219493,critical,0.0,0.0,22,False,61.1913097129348,ZONE_D,0.6149552130900453,94.3,critical
0.0,6.883661,0.2596698210156301,0.0,variegated_sandy_clay,0.558986584096693,critical,0.0,0.0,23,False,56.298722725238726,ZONE_D,0.7122277388358519,89.4,critical
0.0,0.0,0.2596698210156301,0.0,variegated_sandy_clay,0.5580222253515785,critical,0.0,0.0,24,False,51.79732539412085,ZONE_D,0.7169184632484799,89.2,critical
0.0,0.0,0.2596698210156301,0.0,variegated_sandy_clay,0.5571349724744369,critical,0.0,0.0,25,False,47.6558399215985,ZONE_D,0.7212890441441681,88.9,critical
0.0,0.0,0.2596698210156301,0.0,variegated_sandy_clay,0.556318660420459,critical,0.0,0.0,26,False,43.845489344335824,ZONE_D,0.7253575064893986,88.7,critical
0.0,0.0,0.2596698210156301,0.0,variegated_sandy_clay,0.555567617074602,critical,0.0,0.0,27,False,40.33979757794569,ZONE_D,0.729141422863661,88.5,critical
0.0,0.0,0.2596698210156301,0.0,variegated_sandy_clay,0.5548766238391017,critical,0.0,0.0,28,False,37.114405448866435,ZONE_D,0.7326578320807785,88.4,critical
0.0,0.0,0.2596698210156301,0.0,variegated_sandy_clay,0.5542408793722332,critical,0.0,0.0,29,False,34.146901435517684,ZONE_D,0.7359231758638016,88.2,critical
0.71084493,0.71084493,0.2596698210156301,0.0,variegated_sandy_clay,0.5538082543880656,critical,0.0,0.0,0,False,32.12751087264606,ZONE_D,0.6418799479620743,92.9,critical
15.462246,16.17309093,0.2596698210156301,0.0,variegated_sandy_clay,0.5565704927827105,critical,0.0,0.0,1,False,45.02098293432087,ZONE_D,0.629649998586694,93.5,critical
0.16514435,16.33823528,0.2596698210156301,0.0,variegated_sandy_clay,0.5558346938019981,critical,0.0,0.0,2,False,41.586448239843996,ZONE_D,0.6328620161054176,93.4,critical
7.519648,23.857883280000003,0.2596698210156301,0.0,variegated_sandy_clay,0.5567333212334346,critical,0.0,0.0,3,False,45.78102742733992,ZONE_D,0.6289435969711931,93.6,critical
135.9027,159.76058328000002,0.2596698210156301,0.0,variegated_sandy_clay,0.5850520080680781,critical,0.0,0.0,4,False,178.02327858051598,ZONE_D,0.5262237944356617,98.7,critical
24.354631,184.11521428000003,0.2596698210156301,0.0,variegated_sandy_clay,0.5854752158768647,critical,0.0,0.0,5,False,188.14395413200378,ZONE_D,0.5197276220123855,99.0,critical
0.32134113,184.43655541,0.2596698210156301,0.0,variegated_sandy_clay,0.5840669224829944,critical,0.0,0.0,6,False,173.4221352754257,ZONE_D,0.5292311404026355,98.5,critical
1.3211548,185.04686528000002,0.2596698210156301,0.0,variegated_sandy_clay,0.581381108832537,critical,0.0,0.0,7,False,160.87722173324633,ZONE_D,0.5376079864749727,98.1,critical
0.0,169.58461928000003,0.2596698210156301,0.0,variegated_sandy_clay,0.5786271872540389,critical,0.0,0.0,8,False,148.01418929675646,ZONE_D,0.5464771537786951,97.7,critical
0.0,169.41947493000004,0.2596698210156301,0.0,variegated_sandy_clay,0.5760934570874146,critical,0.0,0.0,9,False,136.17962814836815,ZONE_D,0.5548996412321695,97.3,critical
0.0,161.89982693000002,0.2596698210156301,0.0,variegated_sandy_clay,0.573762312799434,critical,0.0,0.0,10,False,125.2913062642043,ZONE_D,0.5628813152763058,96.9,critical
0.0,25.99712693,0.2596698210156301,0.0,variegated_sandy_clay,0.5716175565175824,critical,0.0,0.0,11,False,115.2735665299931,ZONE_D,0.5704303418704098,96.5,critical
0.0,1.64249593,0.2596698210156301,0.0,variegated_sandy_clay,0.5696442854797237,critical,0.0,0.0,12,False,106.05680104032186,ZONE_D,0.5775568644562621,96.1,critical
0.0,1.3211548,0.2596698210156301,0.0,variegated_sandy_clay,0.5678287884827921,critical,0.0,0.0,13,False,97.57696743060153,ZONE_D,0.5842726903441848,95.8,critical
25.377424,25.377424,0.2596698210156301,0.0,variegated_sandy_clay,0.5715916512116526,critical,0.0,0.0,14,False,115.15256788099234,ZONE_D,0.5705227601488632,96.5,critical
38.00756,63.384984,0.2596698210156301,0.0,variegated_sandy_clay,0.5777577114714758,critical,0.0,0.0,15,False,143.95303690913101,ZONE_D,0.5493384515438775,97.5,critical
0.0,63.384984,0.2596698210156301,0.0,variegated_sandy_clay,0.575293500750012,critical,0.0,0.0,16,False,132.44318757717483,ZONE_D,0.5576129997016517,97.1,critical
0.0,63.384984,0.2596698210156301,0.0,variegated_sandy_clay,0.5730263174392594,critical,0.0,0.0,17,False,121.85361498608347,ZONE_D,0.5654492209999225,96.7,critical
0.6605774,64.0455614,0.2596698210156301,0.0,variegated_sandy_clay,0.5710818349625905,critical,0.0,0.0,18,False,112.77131527033809,ZONE_D,0.5723476645523606,96.4,critical
1.4224753,65.4680367,0.2596698210156301,0.0,variegated_sandy_clay,0.5694559438822449,critical,0.0,0.0,19,False,105.17709404487708,ZONE_D,0.5782463854323568,96.1,critical
3.6262438,69.0942805,0.2596698210156301,0.0,variegated_sandy_clay,0.5684318695164338,critical,0.0,0.0,20,False,100.39384172293221,ZONE_D,0.5820245360857877,95.9,critical
1.9669563,45.6838128,0.2596698210156301,0.0,variegated_sandy_clay,0.5671344290850059,critical,0.0,0.0,21,False,94.3337496403641,ZONE_D,0.5868827160265663,95.7,critical
33.095898,40.7721508,0.2596698210156301,0.0,variegated_sandy_clay,0.5726053028069507,critical,0.0,0.0,22,False,119.88713746765794,ZONE_D,0.5669287136423196,96.7,critical
0.9173608,41.689511599999996,0.2596698210156301,0.0,variegated_sandy_clay,0.5707494590562657,critical,0.0,0.0,23,False,111.21885201301656,ZONE_D,0.5735437150906276,96.3,critical
2.5413406,44.2308522,0.2596698210156301,0.0,variegated_sandy_clay,0.5693896876787596,critical,0.0,0.0,24,False,104.86762419606116,ZONE_D,0.5784893418591337,96.1,critical
6.3946733,49.9649481,0.2596698210156301,0.0,variegated_sandy_clay,0.5689636200722041,critical,0.0,0.0,25,False,102.87754521703295,ZONE_D,0.5800565901315609,96.0,critical
6.028696,54.571168799999995,0.2596698210156301,0.0,variegated_sandy_clay,0.5684932647375106,critical,0.0,0.0,26,False,100.68060686770681,ZONE_D,0.5817966380278413,95.9,critical
2.8999448,53.8448698,0.2596698210156301,0.0,variegated_sandy_clay,0.5673906643605497,critical,0.0,0.0,27,False,95.53057481012434,ZONE_D,0.5859168435805331,95.7,critical
1.7151875,53.593101,0.2596698210156301,0.0,variegated_sandy_clay,0.5661225166657845,critical,0.0,0.0,28,False,89.60755928038363,ZONE_D,0.5907282088031834,95.5,critical
10.162136,30.659339000000003,0.2596698210156301,0.0,variegated_sandy_clay,0.5667643260771482,critical,0.0,0.0,29,False,92.60507042448295,ZONE_D,0.5882834450173619,95.6,critical
46.809875,76.5518532,0.2596698210156301,0.0,variegated_sandy_clay,0.5752008968610339,critical,0.0,0.0,0,False,132.01065281040067,ZONE_D,0.5579288159456562,97.1,critical
16.021414,90.0319266,0.2596698210156301,0.0,variegated_sandy_clay,0.5763712356425212,critical,0.0,0.0,1,False,137.4770777897799,ZONE_D,0.5539636151391057,97.3,critical
72.381516,156.0187693,0.2596698210156301,0.0,variegated_sandy_clay,0.5854752158768647,critical,0.0,0.0,2,False,198.86653356004803,ZONE_D,0.5130178264575485,99.3,critical
0.78151095,150.77158425000002,0.2596698210156301,0.0,variegated_sandy_clay,0.5854752158768647,critical,0.0,0.0,3,False,183.74755440861708,ZONE_D,0.5225297356321702,98.9,critical
0.0,147.87163945000003,0.2596698210156301,0.0,variegated_sandy_clay,0.5831321321110492,critical,0.0,0.0,4,False,169.05591113544583,ZONE_D,0.5321169005404613,98.4,critical
0.3381251,146.49457705,0.2596698210156301,0.0,variegated_sandy_clay,0.5803105976145304,critical,0.0,0.0,5,False,155.87707190023818,ZONE_D,0.541021210408745,97.9,critical
1.4804151,137.81285615000002,0.2596698210156301,0.0,variegated_sandy_clay,0.5779592200835499,critical,0.0,0.0,6,False,144.89424447058755,ZONE_D,0.5486726566129329,97.6,critical
0.0,91.00298115000001,0.2596698210156301,0.0,variegated_sandy_clay,0.5754788976230504,critical,0.0,0.0,7,False,133.3091403370998,ZONE_D,0.5569817955424845,97.2,critical
0.0,74.98156715000002,0.2596698210156301,0.0,variegated_sandy_clay,0.5731968907967881,critical,0.0,0.0,8,False,122.65032998618528,ZONE_D,0.5648520027957015,96.8,critical
0.0,2.6000511500000143,0.2596698210156301,0.0,variegated_sandy_clay,0.5710973431621396,critical,0.0,0.0,9,False,112.84375105623317,ZONE_D,0.5722919802847737,96.4,critical
0.0,1.8185402000000144,0.2596698210156301,0.0,variegated_sandy_clay,0.569165666087633,critical,0.0,0.0,10,False,103.82126288510914,ZONE_D,0.5793123261864538,96.0,critical
0.0,1.8185402000000144,0.2596698210156301,0.0,variegated_sandy_clay,0.5673884373843656,critical,0.0,0.0,11,False,95.52017303720733,ZONE_D,0.5859252244158479,95.7,critical
0.0,1.4804151000000143,0.2596698210156301,0.0,variegated_sandy_clay,0.5657530124994702,critical,0.0,0.0,12,False,87.88280168730908,ZONE_D,0.5921441492198151,95.4,critical
0.0,0.0,0.2596698210156301,0.0,variegated_sandy_clay,0.5642476400105428,critical,0.0,0.0,13,False,80.8560808343852,ZONE_D,0.5979835887969651,95.1,critical
0.0,0.0,0.2596698210156301,0.0,variegated_sandy_clay,0.5628626304601685,critical,0.0,0.0,14,False,74.39118556049317,ZONE_D,0.6034587906867964,94.8,critical
5.842479,5.842479000000014,0.2596698210156301,0.0,variegated_sandy_clay,0.5628400260980345,critical,0.0,0.0,15,False,74.2856737725853,ZONE_D,0.6035489816203291,94.8,critical
0.6819691,6.524448100000014,0.2596698210156301,0.0,variegated_sandy_clay,0.5617136650781666,critical,0.0,0.0,16,False,69.02808834144312,ZONE_D,0.6080775359226078,94.6,critical
49.873688,56.398136100000016,0.2596698210156301,0.0,variegated_sandy_clay,0.5712127074304414,critical,0.0,0.0,17,False,113.38259513108426,ZONE_D,0.5718780892783842,96.4,critical
4.7655525,61.163688600000015,0.2596698210156301,0.0,variegated_sandy_clay,0.5702920912461104,critical,0.0,0.0,18,False,109.08257586653198,ZONE_D,0.5751977430631535,96.2,critical
0.10569238,61.269380980000015,0.2596698210156301,0.0,variegated_sandy_clay,0.568447426857517,critical,0.0,0.0,19,False,100.46650703938217,ZONE_D,0.581966770602563,95.9,critical
0.6442218,61.91360278000002,0.2596698210156301,0.0,variegated_sandy_clay,0.5668655505919372,critical,0.0,0.0,20,False,93.07787045890115,ZONE_D,0.5878996767086446,95.6,critical
5.7563744,67.66997718000002,0.2596698210156301,0.0,variegated_sandy_clay,0.566504644712286,critical,0.0,0.0,21,False,91.39214924130368,ZONE_D,0.5892702594462319,95.5,critical
0.9739384,62.80143658000002,0.2596698210156301,0.0,variegated_sandy_clay,0.5651480059256769,critical,0.0,0.0,22,False,85.05877485043099,ZONE_D,0.5944772487204695,95.3,critical
49.481834,111.60130148000002,0.2596698210156301,0.0,variegated_sandy_clay,0.5742865004111026,critical,0.0,0.0,23,False,127.7396847163522,ZONE_D,0.5610665872440336,96.9,critical
0.0,61.72761348000002,0.2596698210156301,0.0,variegated_sandy_clay,0.572099832401916,critical,0.0,0.0,24,False,117.52618344979058,ZONE_D,0.5687152531267983,96.6,critical
0.0,56.96206098000002,0.2596698210156301,0.0,variegated_sandy_clay,0.5700880007134153,critical,0.0,0.0,25,False,108.12930865568104,ZONE_D,0.5759388996984285,96.2,critical
0.0,56.85636860000002,0.2596698210156301,0.0,variegated_sandy_clay,0.5682370262052359,critical,0.0,0.0,26,False,99.48376648638948,ZONE_D,0.5827489751640577,95.9,critical
0.0,56.21214680000001,0.2596698210156301,0.0,variegated_sandy_clay,0.5665340474473641,critical,0.0,0.0,27,False,91.5294837020905,ZONE_D,0.5891583600213699,95.5,critical
0.0,50.455772400000015,0.2596698210156301,0.0,variegated_sandy_clay,0.5649664232841872,critical,0.0,0.0,28,False,84.21119025401404,ZONE_D,0.595181080985713,95.2,critical
0.0,49.48183400000001,0.2596698210156301,0.0,variegated_sandy_clay,0.5635239429964141,critical,0.0,0.0,29,False,77.47803524249292,ZONE_D,0.6008320454844216,95.0,critical
0.0,0.0,0.2596698210156301,0.0,variegated_sandy_clay,0.5621967970644355,critical,0.0,0.0,0,False,71.28323358130947,ZONE_D,0.606126798913751,94.7,critical
0.0,0.0,0.2596698210156301,0.0,variegated_sandy_clay,0.5609757638623205,critical,0.0,0.0,1,False,65.5837409132012,ZONE_D,0.6110813058841158,94.4,critical
0.0,0.0,0.2596698210156301,0.0,variegated_sandy_clay,0.5598523590846377,critical,0.0,0.0,2,False,60.339954517687396,ZONE_D,0.6157117558580157,94.2,critical
0.0,0.0,0.2596698210156301,0.0,variegated_sandy_clay,0.5588187767935627,critical,0.0,0.0,3,False,55.51543813298569,ZONE_D,0.7130395518482044,89.3,critical
0.0,0.0,0.2596698210156301,0.0,variegated_sandy_clay,0.5578678351795995,critical,0.0,0.0,4,False,51.07666877995324,ZONE_D,0.7176751741409154,89.1,critical
1.6466075,1.6466075000000142,0.2596698210156301,0.0,variegated_sandy_clay,0.5573456883073823,critical,0.0,0.0,5,False,48.63941132886791,ZONE_D,0.6263010836772905,93.7,critical
8.356673,10.003280500000015,0.2596698210156301,0.0,variegated_sandy_clay,0.5583028236905715,critical,0.0,0.0,6,False,53.10709172398315,ZONE_D,0.6222149977440178,93.9,critical
1.0487261,11.052006600000015,0.2596698210156301,0.0,variegated_sandy_clay,0.5576178096848501,critical,0.0,0.0,7,False,49.90960921785786,ZONE_D,0.6251339264084641,93.7,critical
0.0,11.052006600000015,0.2596698210156301,0.0,variegated_sandy_clay,0.5567628920990748,critical,0.0,0.0,8,False,45.919057197222315,ZONE_D,0.7231378010550745,88.8,critical
0.0,11.052006600000015,0.2596698210156301,0.0,variegated_sandy_clay,0.555976329949314,critical,0.0,0.0,9,False,42.24757209934882,ZONE_D,0.7270773579275711,88.6,critical
0.0,11.052006600000015,0.2596698210156301,0.0,variegated_sandy_clay,0.5552526578366676,critical,0.0,0.0,10,False,38.86964274165552,ZONE_D,0.730740029703484,88.5,critical
