# S1 DEM window: AWS Terrain Tiles Terrarium z15 (SRTM-derived mirror, NOT USGS tile)
# tiles: z15/24447/13793,z15/24448/13793,z15/24449/13793,z15/24447/13794,z15/24448/13794,z15/24449/13794,z15/24447/13795,z15/24448/13795,z15/24449/13795
# decode: elev = R*256 + G + B/256 - 32768 | pixel_m=4.243 | s1_mosaic_px=402,446
i,j,lat,lon,elev_m
0,0,27.346230,88.598642,1208.85
1,0,27.346230,88.598685,1211.56
2,0,27.346230,88.598728,1214.30
3,0,27.346230,88.598771,1216.92
4,0,27.346230,88.598814,1219.28
5,0,27.346230,88.598857,1221.36
6,0,27.346230,88.598900,1223.24
7,0,27.346230,88.598943,1225.01
8,0,27.346230,88.598986,1226.74
9,0,27.346230,88.599029,1228.48
10,0,27.346230,88.599072,1230.25
11,0,27.346230,88.599114,1232.05
12,0,27.346230,88.599157,1233.89
13,0,27.346230,88.599200,1235.80
14,0,27.346230,88.599243,1237.82
15,0,27.346230,88.599286,1239.98
16,0,27.346230,88.599329,1242.31
17,0,27.346230,88.599372,1244.81
18,0,27.346230,88.599415,1247.42
19,0,27.346230,88.599458,1250.09
20,0,27.346230,88.599501,1252.74
21,0,27.346230,88.599544,1255.35
22,0,27.346230,88.599586,1257.91
23,0,27.346230,88.599629,1260.41
24,0,27.346230,88.599672,1262.82
25,0,27.346230,88.599715,1265.15
26,0,27.346230,88.599758,1267.39
27,0,27.346230,88.599801,1269.55
28,0,27.346230,88.599844,1271.62
29,0,27.346230,88.599887,1273.61
30,0,27.346230,88.599930,1275.55
31,0,27.346230,88.599973,1277.47
32,0,27.346230,88.600016,1279.39
33,0,27.346230,88.600059,1281.29
34,0,27.346230,88.600101,1283.10
35,0,27.346230,88.600144,1284.72
36,0,27.346230,88.600187,1286.07
37,0,27.346230,88.600230,1287.16
38,0,27.346230,88.600273,1288.06
39,0,27.346230,88.600316,1288.84
40,0,27.346230,88.600359,1289.60
41,0,27.346230,88.600402,1290.39
42,0,27.346230,88.600445,1291.29
43,0,27.346230,88.600488,1292.34
44,0,27.346230,88.600531,1293.61
45,0,27.346230,88.600574,1295.13
46,0,27.346230,88.600616,1296.88
47,0,27.346230,88.600659,1298.85
48,0,27.346230,88.600702,1301.04
49,0,27.346230,88.600745,1303.46
50,0,27.346230,88.600788,1306.17
51,0,27.346230,88.600831,1309.23
52,0,27.346230,88.600874,1312.68
53,0,27.346230,88.600917,1316.51
54,0,27.346230,88.600960,1320.57
55,0,27.346230,88.601003,1324.75
56,0,27.346230,88.601046,1328.90
57,0,27.346230,88.601089,1332.92
58,0,27.346230,88.601131,1336.75
59,0,27.346230,88.601174,1340.31
60,0,27.346230,88.601217,1343.54
61,0,27.346230,88.601260,1346.42
62,0,27.346230,88.601303,1348.98
63,0,27.346230,88.601346,1351.24
0,1,27.346192,88.598642,1209.91
1,1,27.346192,88.598685,1212.40
2,1,27.346192,88.598728,1214.90
3,1,27.346192,88.598771,1217.30
4,1,27.346192,88.598814,1219.46
5,1,27.346192,88.598857,1221.37
6,1,27.346192,88.598900,1223.12
7,1,27.346192,88.598943,1224.79
8,1,27.346192,88.598986,1226.50
9,1,27.346192,88.599029,1228.26
10,1,27.346192,88.599072,1230.09
11,1,27.346192,88.599114,1231.99
12,1,27.346192,88.599157,1233.94
13,1,27.346192,88.599200,1235.96
14,1,27.346192,88.599243,1238.10
15,1,27.346192,88.599286,1240.39
16,1,27.346192,88.599329,1242.86
17,1,27.346192,88.599372,1245.52
18,1,27.346192,88.599415,1248.29
19,1,27.346192,88.599458,1251.12
20,1,27.346192,88.599501,1253.96
21,1,27.346192,88.599544,1256.75
22,1,27.346192,88.599586,1259.47
23,1,27.346192,88.599629,1262.09
24,1,27.346192,88.599672,1264.57
25,1,27.346192,88.599715,1266.91
26,1,27.346192,88.599758,1269.11
27,1,27.346192,88.599801,1271.18
28,1,27.346192,88.599844,1273.12
29,1,27.346192,88.599887,1274.96
30,1,27.346192,88.599930,1276.77
31,1,27.346192,88.599973,1278.59
32,1,27.346192,88.600016,1280.48
33,1,27.346192,88.600059,1282.41
34,1,27.346192,88.600101,1284.27
35,1,27.346192,88.600144,1285.92
36,1,27.346192,88.600187,1287.24
37,1,27.346192,88.600230,1288.21
38,1,27.346192,88.600273,1288.95
39,1,27.346192,88.600316,1289.55
40,1,27.346192,88.600359,1290.14
41,1,27.346192,88.600402,1290.80
42,1,27.346192,88.600445,1291.60
43,1,27.346192,88.600488,1292.58
44,1,27.346192,88.600531,1293.80
45,1,27.346192,88.600574,1295.29
46,1,27.346192,88.600616,1297.04
47,1,27.346192,88.600659,1299.05
48,1,27.346192,88.600702,1301.30
49,1,27.346192,88.600745,1303.81
50,1,27.346192,88.600788,1306.61
51,1,27.346192,88.600831,1309.75
52,1,27.346192,88.600874,1313.26
53,1,27.346192,88.600917,1317.11
54,1,27.346192,88.600960,1321.18
55,1,27.346192,88.601003,1325.34
56,1,27.346192,88.601046,1329.46
57,1,27.346192,88.601089,1333.46
58,1,27.346192,88.601131,1337.29
59,1,27.346192,88.601174,1340.89
60,1,27.346192,88.601217,1344.22
61,1,27.346192,88.601260,1347.25
62,1,27.346192,88.601303,1349.96
63,1,27.346192,88.601346,1352.34
0,2,27.346154,88.598642,1211.09
1,2,27.346154,88.598685,1213.37
2,2,27.346154,88.598728,1215.66
3,2,27.346154,88.598771,1217.84
4,2,27.346154,88.598814,1219.81
5,2,27.346154,88.598857,1221.56
6,2,27.346154,88.598900,1223.18
7,2,27.346154,88.598943,1224.78
8,2,27.346154,88.598986,1226.45
9,2,27.346154,88.599029,1228.23
10,2,27.346154,88.599072,1230.13
11,2,27.346154,88.599114,1232.12
12,2,27.346154,88.599157,1234.19
13,2,27.346154,88.599200,1236.35
14,2,27.346154,88.599243,1238.62
15,2,27.346154,88.599286,1241.05
16,2,27.346154,88.599329,1243.65
17,2,27.346154,88.599372,1246.42
18,2,27.346154,88.599415,1249.32
19,2,27.346154,88.599458,1252.28
20,2,27.346154,88.599501,1255.28
21,2,27.346154,88.599544,1258.25
22,2,27.346154,88.599586,1261.13
23,2,27.346154,88.599629,1263.88
24,2,27.346154,88.599672,1266.42
25,2,27.346154,88.599715,1268.75
26,2,27.346154,88.599758,1270.87
27,2,27.346154,88.599801,1272.81
28,2,27.346154,88.599844,1274.59
29,2,27.346154,88.599887,1276.25
30,2,27.346154,88.599930,1277.89
31,2,27.346154,88.599973,1279.60
32,2,27.346154,88.600016,1281.46
33,2,27.346154,88.600059,1283.43
34,2,27.346154,88.600101,1285.34
35,2,27.346154,88.600144,1287.03
36,2,27.346154,88.600187,1288.32
37,2,27.346154,88.600230,1289.17
38,2,27.346154,88.600273,1289.74
39,2,27.346154,88.600316,1290.18
40,2,27.346154,88.600359,1290.64
41,2,27.346154,88.600402,1291.21
42,2,27.346154,88.600445,1291.95
43,2,27.346154,88.600488,1292.89
44,2,27.346154,88.600531,1294.08
45,2,27.346154,88.600574,1295.54
46,2,27.346154,88.600616,1297.27
47,2,27.346154,88.600659,1299.28
48,2,27.346154,88.600702,1301.57
49,2,27.346154,88.600745,1304.16
50,2,27.346154,88.600788,1307.05
51,2,27.346154,88.600831,1310.27
52,2,27.346154,88.600874,1313.84
53,2,27.346154,88.600917,1317.71
54,2,27.346154,88.600960,1321.77
55,2,27.346154,88.601003,1325.90
56,2,27.346154,88.601046,1329.98
57,2,27.346154,88.601089,1333.93
58,2,27.346154,88.601131,1337.73
59,2,27.346154,88.601174,1341.35
60,2,27.346154,88.601217,1344.77
61,2,27.346154,88.601260,1347.95
62,2,27.346154,88.601303,1350.82
63,2,27.346154,88.601346,1353.33
0,3,27.346116,88.598642,1212.34
1,3,27.346116,88.598685,1214.46
2,3,27.346116,88.598728,1216.59
3,3,27.346116,88.598771,1218.60
4,3,27.346116,88.598814,1220.40
5,3,27.346116,88.598857,1221.98
6,3,27.346116,88.598900,1223.48
7,3,27.346116,88.598943,1224.99
8,3,27.346116,88.598986,1226.63
9,3,27.346116,88.599029,1228.45
10,3,27.346116,88.599072,1230.42
11,3,27.346116,88.599114,1232.51
12,3,27.346116,88.599157,1234.71
13,3,27.346116,88.599200,1237.01
14,3,27.346116,88.599243,1239.42
15,3,27.346116,88.599286,1241.97
16,3,27.346116,88.599329,1244.68
17,3,27.346116,88.599372,1247.54
18,3,27.346116,88.599415,1250.51
19,3,27.346116,88.599458,1253.57
20,3,27.346116,88.599501,1256.68
21,3,27.346116,88.599544,1259.79
22,3,27.346116,88.599586,1262.80
23,3,27.346116,88.599629,1265.64
24,3,27.346116,88.599672,1268.22
25,3,27.346116,88.599715,1270.51
26,3,27.346116,88.599758,1272.54
27,3,27.346116,88.599801,1274.34
28,3,27.346116,88.599844,1275.96
29,3,27.346116,88.599887,1277.46
30,3,27.346116,88.599930,1278.96
31,3,27.346116,88.599973,1280.55
32,3,27.346116,88.600016,1282.35
33,3,27.346116,88.600059,1284.31
34,3,27.346116,88.600101,1286.24
35,3,27.346116,88.600144,1287.92
36,3,27.346116,88.600187,1289.15
37,3,27.346116,88.600230,1289.90
38,3,27.346116,88.600273,1290.34
39,3,27.346116,88.600316,1290.66
40,3,27.346116,88.600359,1291.02
41,3,27.346116,88.600402,1291.55
42,3,27.346116,88.600445,1292.27
43,3,27.346116,88.600488,1293.21
44,3,27.346116,88.600531,1294.38
45,3,27.346116,88.600574,1295.82
46,3,27.346116,88.600616,1297.54
47,3,27.346116,88.600659,1299.54
48,3,27.346116,88.600702,1301.85
49,3,27.346116,88.600745,1304.48
50,3,27.346116,88.600788,1307.44
51,3,27.346116,88.600831,1310.71
52,3,27.346116,88.600874,1314.32
53,3,27.346116,88.600917,1318.21
54,3,27.346116,88.600960,1322.27
55,3,27.346116,88.601003,1326.38
56,3,27.346116,88.601046,1330.41
57,3,27.346116,88.601089,1334.31
58,3,27.346116,88.601131,1338.07
59,3,27.346116,88.601174,1341.70
60,3,27.346116,88.601217,1345.19
61,3,27.346116,88.601260,1348.50
62,3,27.346116,88.601303,1351.54
63,3,27.346116,88.601346,1354.18
0,4,27.346078,88.598642,1213.63
1,4,27.346078,88.598685,1215.69
2,4,27.346078,88.598728,1217.72
3,4,27.346078,88.598771,1219.61
4,4,27.346078,88.598814,1221.26
5,4,27.346078,88.598857,1222.70
6,4,27.346078,88.598900,1224.05
7,4,27.346078,88.598943,1225.48
8,4,27.346078,88.598986,1227.09
9,4,27.346078,88.599029,1228.95
10,4,27.346078,88.599072,1231.02
11,4,27.346078,88.599114,1233.23
12,4,27.346078,88.599157,1235.56
13,4,27.346078,88.599200,1237.98
14,4,27.346078,88.599243,1240.50
15,4,27.346078,88.599286,1243.16
16,4,27.346078,88.599329,1245.94
17,4,27.346078,88.599372,1248.86
18,4,27.346078,88.599415,1251.89
19,4,27.346078,88.599458,1255.00
20,4,27.346078,88.599501,1258.17
21,4,27.346078,88.599544,1261.34
22,4,27.346078,88.599586,1264.41
23,4,27.346078,88.599629,1267.27
24,4,27.346078,88.599672,1269.83
25,4,27.346078,88.599715,1272.06
26,4,27.346078,88.599758,1274.00
27,4,27.346078,88.599801,1275.70
28,4,27.346078,88.599844,1277.20
29,4,27.346078,88.599887,1278.59
30,4,27.346078,88.599930,1279.98
31,4,27.346078,88.599973,1281.47
32,4,27.346078,88.600016,1283.17
33,4,27.346078,88.600059,1285.04
34,4,27.346078,88.600101,1286.87
35,4,27.346078,88.600144,1288.46
36,4,27.346078,88.600187,1289.60
37,4,27.346078,88.600230,1290.26
38,4,27.346078,88.600273,1290.63
39,4,27.346078,88.600316,1290.89
40,4,27.346078,88.600359,1291.23
41,4,27.346078,88.600402,1291.75
42,4,27.346078,88.600445,1292.48
43,4,27.346078,88.600488,1293.44
44,4,27.346078,88.600531,1294.63
45,4,27.346078,88.600574,1296.08
46,4,27.346078,88.600616,1297.80
47,4,27.346078,88.600659,1299.81
48,4,27.346078,88.600702,1302.12
49,4,27.346078,88.600745,1304.76
50,4,27.346078,88.600788,1307.71
51,4,27.346078,88.600831,1311.00
52,4,27.346078,88.600874,1314.62
53,4,27.346078,88.600917,1318.52
54,4,27.346078,88.600960,1322.59
55,4,27.346078,88.601003,1326.69
56,4,27.346078,88.601046,1330.70
57,4,27.346078,88.601089,1334.56
58,4,27.346078,88.601131,1338.30
59,4,27.346078,88.601174,1341.93
60,4,27.346078,88.601217,1345.48
61,4,27.346078,88.601260,1348.90
62,4,27.346078,88.601303,1352.07
63,4,27.346078,88.601346,1354.82
0,5,27.346040,88.598642,1214.93
1,5,27.346040,88.598685,1217.01
2,5,27.346040,88.598728,1219.02
3,5,27.346040,88.598771,1220.84
4,5,27.346040,88.598814,1222.39
5,5,27.346040,88.598857,1223.69
6,5,27.346040,88.598900,1224.91
7,5,27.346040,88.598943,1226.23
8,5,27.346040,88.598986,1227.84
9,5,27.346040,88.599029,1229.75
10,5,27.346040,88.599072,1231.93
11,5,27.346040,88.599114,1234.27
12,5,27.346040,88.599157,1236.72
13,5,27.346040,88.599200,1239.24
14,5,27.346040,88.599243,1241.84
15,5,27.346040,88.599286,1244.56
16,5,27.346040,88.599329,1247.40
17,5,27.346040,88.599372,1250.36
18,5,27.346040,88.599415,1253.41
19,5,27.346040,88.599458,1256.54
20,5,27.346040,88.599501,1259.71
21,5,27.346040,88.599544,1262.86
22,5,27.346040,88.599586,1265.90
23,5,27.346040,88.599629,1268.71
24,5,27.346040,88.599672,1271.21
25,5,27.346040,88.599715,1273.36
26,5,27.346040,88.599758,1275.21
27,5,27.346040,88.599801,1276.84
28,5,27.346040,88.599844,1278.29
29,5,27.346040,88.599887,1279.64
30,5,27.346040,88.599930,1280.97
31,5,27.346040,88.599973,1282.37
32,5,27.346040,88.600016,1283.93
33,5,27.346040,88.600059,1285.61
34,5,27.346040,88.600101,1287.24
35,5,27.346040,88.600144,1288.64
36,5,27.346040,88.600187,1289.66
37,5,27.346040,88.600230,1290.26
38,5,27.346040,88.600273,1290.62
39,5,27.346040,88.600316,1290.90
40,5,27.346040,88.600359,1291.27
41,5,27.346040,88.600402,1291.83
42,5,27.346040,88.600445,1292.59
43,5,27.346040,88.600488,1293.59
44,5,27.346040,88.600531,1294.82
45,5,27.346040,88.600574,1296.32
46,5,27.346040,88.600616,1298.07
47,5,27.346040,88.600659,1300.09
48,5,27.346040,88.600702,1302.39
49,5,27.346040,88.600745,1304.97
50,5,27.346040,88.600788,1307.88
51,5,27.346040,88.600831,1311.11
52,5,27.346040,88.600874,1314.71
53,5,27.346040,88.600917,1318.61
54,5,27.346040,88.600960,1322.70
55,5,27.346040,88.601003,1326.82
56,5,27.346040,88.601046,1330.84
57,5,27.346040,88.601089,1334.69
58,5,27.346040,88.601131,1338.42
59,5,27.346040,88.601174,1342.05
60,5,27.346040,88.601217,1345.64
61,5,27.346040,88.601260,1349.14
62,5,27.346040,88.601303,1352.39
63,5,27.346040,88.601346,1355.25
0,6,27.346002,88.598642,1216.23
1,6,27.346002,88.598685,1218.36
2,6,27.346002,88.598728,1220.38
3,6,27.346002,88.598771,1222.19
4,6,27.346002,88.598814,1223.66
5,6,27.346002,88.598857,1224.86
6,6,27.346002,88.598900,1225.98
7,6,27.346002,88.598943,1227.24
8,6,27.346002,88.598986,1228.84
9,6,27.346002,88.599029,1230.81
10,6,27.346002,88.599072,1233.07
11,6,27.346002,88.599114,1235.53
12,6,27.346002,88.599157,1238.07
13,6,27.346002,88.599200,1240.67
14,6,27.346002,88.599243,1243.34
15,6,27.346002,88.599286,1246.09
16,6,27.346002,88.599329,1248.96
17,6,27.346002,88.599372,1251.94
18,6,27.346002,88.599415,1255.00
19,6,27.346002,88.599458,1258.11
20,6,27.346002,88.599501,1261.23
21,6,27.346002,88.599544,1264.32
22,6,27.346002,88.599586,1267.27
23,6,27.346002,88.599629,1269.99
24,6,27.346002,88.599672,1272.39
25,6,27.346002,88.599715,1274.46
26,6,27.346002,88.599758,1276.25
27,6,27.346002,88.599801,1277.83
28,6,27.346002,88.599844,1279.26
29,6,27.346002,88.599887,1280.59
30,6,27.346002,88.599930,1281.89
31,6,27.346002,88.599973,1283.22
32,6,27.346002,88.600016,1284.62
33,6,27.346002,88.600059,1286.07
34,6,27.346002,88.600101,1287.45
35,6,27.346002,88.600144,1288.63
36,6,27.346002,88.600187,1289.50
37,6,27.346002,88.600230,1290.07
38,6,27.346002,88.600273,1290.45
39,6,27.346002,88.600316,1290.79
40,6,27.346002,88.600359,1291.23
41,6,27.346002,88.600402,1291.86
42,6,27.346002,88.600445,1292.69
43,6,27.346002,88.600488,1293.75
44,6,27.346002,88.600531,1295.04
45,6,27.346002,88.600574,1296.57
46,6,27.346002,88.600616,1298.35
47,6,27.346002,88.600659,1300.36
48,6,27.346002,88.600702,1302.62
49,6,27.346002,88.600745,1305.13
50,6,27.346002,88.600788,1307.95
51,6,27.346002,88.600831,1311.11
52,6,27.346002,88.600874,1314.66
53,6,27.346002,88.600917,1318.55
54,6,27.346002,88.600960,1322.66
55,6,27.346002,88.601003,1326.80
56,6,27.346002,88.601046,1330.84
57,6,27.346002,88.601089,1334.70
58,6,27.346002,88.601131,1338.42
59,6,27.346002,88.601174,1342.06
60,6,27.346002,88.601217,1345.67
61,6,27.346002,88.601260,1349.21
62,6,27.346002,88.601303,1352.52
63,6,27.346002,88.601346,1355.46
0,7,27.345963,88.598642,1217.50
1,7,27.345963,88.598685,1219.68
2,7,27.345963,88.598728,1221.73
3,7,27.345963,88.598771,1223.52
4,7,27.345963,88.598814,1224.97
5,7,27.345963,88.598857,1226.14
6,7,27.345963,88.598900,1227.23
7,7,27.345963,88.598943,1228.46
8,7,27.345963,88.598986,1230.06
9,7,27.345963,88.599029,1232.07
10,7,27.345963,88.599072,1234.38
11,7,27.345963,88.599114,1236.89
12,7,27.345963,88.599157,1239.50
13,7,27.345963,88.599200,1242.15
14,7,27.345963,88.599243,1244.86
15,7,27.345963,88.599286,1247.66
16,7,27.345963,88.599329,1250.54
17,7,27.345963,88.599372,1253.52
18,7,27.345963,88.599415,1256.55
19,7,27.345963,88.599458,1259.62
20,7,27.345963,88.599501,1262.67
21,7,27.345963,88.599544,1265.67
22,7,27.345963,88.599586,1268.52
23,7,27.345963,88.599629,1271.14
24,7,27.345963,88.599672,1273.45
25,7,27.345963,88.599715,1275.45
26,7,27.345963,88.599758,1277.19
27,7,27.345963,88.599801,1278.73
28,7,27.345963,88.599844,1280.14
29,7,27.345963,88.599887,1281.46
30,7,27.345963,88.599930,1282.73
31,7,27.345963,88.599973,1283.98
32,7,27.345963,88.600016,1285.22
33,7,27.345963,88.600059,1286.45
34,7,27.345963,88.600101,1287.59
35,7,27.345963,88.600144,1288.58
36,7,27.345963,88.600187,1289.32
37,7,27.345963,88.600230,1289.85
38,7,27.345963,88.600273,1290.27
39,7,27.345963,88.600316,1290.69
40,7,27.345963,88.600359,1291.23
41,7,27.345963,88.600402,1291.96
42,7,27.345963,88.600445,1292.88
43,7,27.345963,88.600488,1294.01
44,7,27.345963,88.600531,1295.34
45,7,27.345963,88.600574,1296.89
46,7,27.345963,88.600616,1298.66
47,7,27.345963,88.600659,1300.64
48,7,27.345963,88.600702,1302.82
49,7,27.345963,88.600745,1305.25
50,7,27.345963,88.600788,1307.96
51,7,27.345963,88.600831,1311.05
52,7,27.345963,88.600874,1314.54
53,7,27.345963,88.600917,1318.42
54,7,27.345963,88.600960,1322.52
55,7,27.345963,88.601003,1326.67
56,7,27.345963,88.601046,1330.72
57,7,27.345963,88.601089,1334.58
58,7,27.345963,88.601131,1338.30
59,7,27.345963,88.601174,1341.94
60,7,27.345963,88.601217,1345.55
61,7,27.345963,88.601260,1349.10
62,7,27.345963,88.601303,1352.45
63,7,27.345963,88.601346,1355.45
0,8,27.345925,88.598642,1218.70
1,8,27.345925,88.598685,1220.92
2,8,27.345925,88.598728,1222.95
3,8,27.345925,88.598771,1224.74
4,8,27.345925,88.598814,1226.21
5,8,27.345925,88.598857,1227.42
6,8,27.345925,88.598900,1228.57
7,8,27.345925,88.598943,1229.87
8,8,27.345925,88.598986,1231.49
9,8,27.345925,88.599029,1233.48
10,8,27.345925,88.599072,1235.78
11,8,27.345925,88.599114,1238.27
12,8,27.345925,88.599157,1240.88
13,8,27.345925,88.599200,1243.57
14,8,27.345925,88.599243,1246.32
15,8,27.345925,88.599286,1249.15
16,8,27.345925,88.599329,1252.05
17,8,27.345925,88.599372,1255.00
18,8,27.345925,88.599415,1258.00
19,8,27.345925,88.599458,1260.99
20,8,27.345925,88.599501,1263.97
21,8,27.345925,88.599544,1266.88
22,8,27.345925,88.599586,1269.64
23,8,27.345925,88.599629,1272.19
24,8,27.345925,88.599672,1274.45
25,8,27.345925,88.599715,1276.39
26,8,27.345925,88.599758,1278.09
27,8,27.345925,88.599801,1279.60
28,8,27.345925,88.599844,1280.98
29,8,27.345925,88.599887,1282.25
30,8,27.345925,88.599930,1283.46
31,8,27.345925,88.599973,1284.61
32,8,27.345925,88.600016,1285.73
33,8,27.345925,88.600059,1286.81
34,8,27.345925,88.600101,1287.80
35,8,27.345925,88.600144,1288.64
36,8,27.345925,88.600187,1289.30
37,8,27.345925,88.600230,1289.80
38,8,27.345925,88.600273,1290.23
39,8,27.345925,88.600316,1290.72
40,8,27.345925,88.600359,1291.36
41,8,27.345925,88.600402,1292.21
42,8,27.345925,88.600445,1293.25
43,8,27.345925,88.600488,1294.47
44,8,27.345925,88.600531,1295.83
45,8,27.345925,88.600574,1297.34
46,8,27.345925,88.600616,1299.02
47,8,27.345925,88.600659,1300.89
48,8,27.345925,88.600702,1302.98
49,8,27.345925,88.600745,1305.32
50,8,27.345925,88.600788,1307.97
51,8,27.345925,88.600831,1311.00
52,8,27.345925,88.600874,1314.45
53,8,27.345925,88.600917,1318.28
54,8,27.345925,88.600960,1322.34
55,8,27.345925,88.601003,1326.47
56,8,27.345925,88.601046,1330.50
57,8,27.345925,88.601089,1334.34
58,8,27.345925,88.601131,1338.05
59,8,27.345925,88.601174,1341.68
60,8,27.345925,88.601217,1345.28
61,8,27.345925,88.601260,1348.82
62,8,27.345925,88.601303,1352.18
63,8,27.345925,88.601346,1355.23
0,9,27.345887,88.598642,1219.83
1,9,27.345887,88.598685,1222.04
2,9,27.345887,88.598728,1224.03
3,9,27.345887,88.598771,1225.79
4,9,27.345887,88.598814,1227.31
5,9,27.345887,88.598857,1228.66
6,9,27.345887,88.598900,1229.97
7,9,27.345887,88.598943,1231.39
8,9,27.345887,88.598986,1233.05
9,9,27.345887,88.599029,1234.99
10,9,27.345887,88.599072,1237.19
11,9,27.345887,88.599114,1239.60
12,9,27.345887,88.599157,1242.17
13,9,27.345887,88.599200,1244.87
14,9,27.345887,88.599243,1247.66
15,9,27.345887,88.599286,1250.53
16,9,27.345887,88.599329,1253.43
17,9,27.345887,88.599372,1256.35
18,9,27.345887,88.599415,1259.27
19,9,27.345887,88.599458,1262.19
20,9,27.345887,88.599501,1265.09
21,9,27.345887,88.599544,1267.93
22,9,27.345887,88.599586,1270.64
23,9,27.345887,88.599629,1273.14
24,9,27.345887,88.599672,1275.37
25,9,27.345887,88.599715,1277.30
26,9,27.345887,88.599758,1278.98
27,9,27.345887,88.599801,1280.46
28,9,27.345887,88.599844,1281.77
29,9,27.345887,88.599887,1282.96
30,9,27.345887,88.599930,1284.07
31,9,27.345887,88.599973,1285.12
32,9,27.345887,88.600016,1286.16
33,9,27.345887,88.600059,1287.18
34,9,27.345887,88.600101,1288.11
35,9,27.345887,88.600144,1288.92
36,9,27.345887,88.600187,1289.54
37,9,27.345887,88.600230,1290.00
38,9,27.345887,88.600273,1290.43
39,9,27.345887,88.600316,1290.95
40,9,27.345887,88.600359,1291.69
41,9,27.345887,88.600402,1292.67
42,9,27.345887,88.600445,1293.84
43,9,27.345887,88.600488,1295.14
44,9,27.345887,88.600531,1296.50
45,9,27.345887,88.600574,1297.91
46,9,27.345887,88.600616,1299.44
47,9,27.345887,88.600659,1301.15
48,9,27.345887,88.600702,1303.12
49,9,27.345887,88.600745,1305.39
50,9,27.345887,88.600788,1308.00
51,9,27.345887,88.600831,1310.99
52,9,27.345887,88.600874,1314.40
53,9,27.345887,88.600917,1318.18
54,9,27.345887,88.600960,1322.17
55,9,27.345887,88.601003,1326.23
56,9,27.345887,88.601046,1330.20
57,9,27.345887,88.601089,1334.01
58,9,27.345887,88.601131,1337.70
59,9,27.345887,88.601174,1341.30
60,9,27.345887,88.601217,1344.86
61,9,27.345887,88.601260,1348.37
62,9,27.345887,88.601303,1351.72
63,9,27.345887,88.601346,1354.82
0,10,27.345849,88.598642,1220.87
1,10,27.345849,88.598685,1223.04
2,10,27.345849,88.598728,1224.98
3,10,27.345849,88.598771,1226.73
4,10,27.345849,88.598814,1228.34
5,10,27.345849,88.598857,1229.85
6,10,27.345849,88.598900,1231.36
7,10,27.345849,88.598943,1232.92
8,10,27.345849,88.598986,1234.62
9,10,27.345849,88.599029,1236.51
10,10,27.345849,88.599072,1238.59
11,10,27.345849,88.599114,1240.88
12,10,27.345849,88.599157,1243.38
13,10,27.345849,88.599200,1246.07
14,10,27.345849,88.599243,1248.89
15,10,27.345849,88.599286,1251.79
16,10,27.345849,88.599329,1254.68
17,10,27.345849,88.599372,1257.55
18,10,27.345849,88.599415,1260.40
19,10,27.345849,88.599458,1263.23
20,10,27.345849,88.599501,1266.05
21,10,27.345849,88.599544,1268.82
22,10,27.345849,88.599586,1271.48
23,10,27.345849,88.599629,1273.95
24,10,27.345849,88.599672,1276.17
25,10,27.345849,88.599715,1278.11
26,10,27.345849,88.599758,1279.79
27,10,27.345849,88.599801,1281.25
28,10,27.345849,88.599844,1282.52
29,10,27.345849,88.599887,1283.62
30,10,27.345849,88.599930,1284.63
31,10,27.345849,88.599973,1285.61
32,10,27.345849,88.600016,1286.60
33,10,27.345849,88.600059,1287.61
34,10,27.345849,88.600101,1288.57
35,10,27.345849,88.600144,1289.40
36,10,27.345849,88.600187,1290.02
37,10,27.345849,88.600230,1290.46
38,10,27.345849,88.600273,1290.88
39,10,27.345849,88.600316,1291.41
40,10,27.345849,88.600359,1292.20
41,10,27.345849,88.600402,1293.30
42,10,27.345849,88.600445,1294.58
43,10,27.345849,88.600488,1295.95
44,10,27.345849,88.600531,1297.27
45,10,27.345849,88.600574,1298.56
46,10,27.345849,88.600616,1299.92
47,10,27.345849,88.600659,1301.45
48,10,27.345849,88.600702,1303.28
49,10,27.345849,88.600745,1305.48
50,10,27.345849,88.600788,1308.05
51,10,27.345849,88.600831,1311.02
52,10,27.345849,88.600874,1314.39
53,10,27.345849,88.600917,1318.10
54,10,27.345849,88.600960,1322.02
55,10,27.345849,88.601003,1326.00
56,10,27.345849,88.601046,1329.89
57,10,27.345849,88.601089,1333.64
58,10,27.345849,88.601131,1337.27
59,10,27.345849,88.601174,1340.82
60,10,27.345849,88.601217,1344.33
61,10,27.345849,88.601260,1347.78
62,10,27.345849,88.601303,1351.11
63,10,27.345849,88.601346,1354.25
0,11,27.345811,88.598642,1221.79
1,11,27.345811,88.598685,1223.95
2,11,27.345811,88.598728,1225.87
3,11,27.345811,88.598771,1227.63
4,11,27.345811,88.598814,1229.32
5,11,27.345811,88.598857,1230.99
6,11,27.345811,88.598900,1232.66
7,11,27.345811,88.598943,1234.37
8,11,27.345811,88.598986,1236.12
9,11,27.345811,88.599029,1237.95
10,11,27.345811,88.599072,1239.94
11,11,27.345811,88.599114,1242.12
12,11,27.345811,88.599157,1244.55
13,11,27.345811,88.599200,1247.22
14,11,27.345811,88.599243,1250.04
15,11,27.345811,88.599286,1252.93
16,11,27.345811,88.599329,1255.80
17,11,27.345811,88.599372,1258.62
18,11,27.345811,88.599415,1261.39
19,11,27.345811,88.599458,1264.14
20,11,27.345811,88.599501,1266.87
21,11,27.345811,88.599544,1269.55
22,11,27.345811,88.599586,1272.14
23,11,27.345811,88.599629,1274.57
24,11,27.345811,88.599672,1276.78
25,11,27.345811,88.599715,1278.74
26,11,27.345811,88.599758,1280.46
27,11,27.345811,88.599801,1281.95
28,11,27.345811,88.599844,1283.19
29,11,27.345811,88.599887,1284.24
30,11,27.345811,88.599930,1285.19
31,11,27.345811,88.599973,1286.11
32,11,27.345811,88.600016,1287.11
33,11,27.345811,88.600059,1288.17
34,11,27.345811,88.600101,1289.20
35,11,27.345811,88.600144,1290.08
36,11,27.345811,88.600187,1290.73
37,11,27.345811,88.600230,1291.17
38,11,27.345811,88.600273,1291.56
39,11,27.345811,88.600316,1292.08
40,11,27.345811,88.600359,1292.90
41,11,27.345811,88.600402,1294.05
42,11,27.345811,88.600445,1295.39
43,11,27.345811,88.600488,1296.78
44,11,27.345811,88.600531,1298.07
45,11,27.345811,88.600574,1299.24
46,11,27.345811,88.600616,1300.45
47,11,27.345811,88.600659,1301.82
48,11,27.345811,88.600702,1303.53
49,11,27.345811,88.600745,1305.64
50,11,27.345811,88.600788,1308.15
51,11,27.345811,88.600831,1311.07
52,11,27.345811,88.600874,1314.39
53,11,27.345811,88.600917,1318.05
54,11,27.345811,88.600960,1321.90
55,11,27.345811,88.601003,1325.80
56,11,27.345811,88.601046,1329.62
57,11,27.345811,88.601089,1333.28
58,11,27.345811,88.601131,1336.83
59,11,27.345811,88.601174,1340.29
60,11,27.345811,88.601217,1343.71
61,11,27.345811,88.601260,1347.09
62,11,27.345811,88.601303,1350.38
63,11,27.345811,88.601346,1353.55
0,12,27.345773,88.598642,1222.59
1,12,27.345773,88.598685,1224.77
2,12,27.345773,88.598728,1226.72
3,12,27.345773,88.598771,1228.54
4,12,27.345773,88.598814,1230.31
5,12,27.345773,88.598857,1232.07
6,12,27.345773,88.598900,1233.84
7,12,27.345773,88.598943,1235.61
8,12,27.345773,88.598986,1237.40
9,12,27.345773,88.599029,1239.24
10,12,27.345773,88.599072,1241.19
11,12,27.345773,88.599114,1243.33
12,12,27.345773,88.599157,1245.71
13,12,27.345773,88.599200,1248.34
14,12,27.345773,88.599243,1251.11
15,12,27.345773,88.599286,1253.96
16,12,27.345773,88.599329,1256.78
17,12,27.345773,88.599372,1259.55
18,12,27.345773,88.599415,1262.27
19,12,27.345773,88.599458,1264.93
20,12,27.345773,88.599501,1267.55
21,12,27.345773,88.599544,1270.12
22,12,27.345773,88.599586,1272.59
23,12,27.345773,88.599629,1274.94
24,12,27.345773,88.599672,1277.14
25,12,27.345773,88.599715,1279.14
26,12,27.345773,88.599758,1280.94
27,12,27.345773,88.599801,1282.50
28,12,27.345773,88.599844,1283.79
29,12,27.345773,88.599887,1284.85
30,12,27.345773,88.599930,1285.79
31,12,27.345773,88.599973,1286.73
32,12,27.345773,88.600016,1287.77
33,12,27.345773,88.600059,1288.89
34,12,27.345773,88.600101,1290.00
35,12,27.345773,88.600144,1290.97
36,12,27.345773,88.600187,1291.66
37,12,27.345773,88.600230,1292.11
38,12,27.345773,88.600273,1292.49
39,12,27.345773,88.600316,1292.98
40,12,27.345773,88.600359,1293.77
41,12,27.345773,88.600402,1294.90
42,12,27.345773,88.600445,1296.21
43,12,27.345773,88.600488,1297.56
44,12,27.345773,88.600531,1298.80
45,12,27.345773,88.600574,1299.91
46,12,27.345773,88.600616,1301.03
47,12,27.345773,88.600659,1302.31
48,12,27.345773,88.600702,1303.91
49,12,27.345773,88.600745,1305.91
50,12,27.345773,88.600788,1308.32
51,12,27.345773,88.600831,1311.14
52,12,27.345773,88.600874,1314.40
53,12,27.345773,88.600917,1318.01
54,12,27.345773,88.600960,1321.83
55,12,27.345773,88.601003,1325.69
56,12,27.345773,88.601046,1329.43
57,12,27.345773,88.601089,1332.99
58,12,27.345773,88.601131,1336.41
59,12,27.345773,88.601174,1339.74
60,12,27.345773,88.601217,1343.04
61,12,27.345773,88.601260,1346.32
62,12,27.345773,88.601303,1349.56
63,12,27.345773,88.601346,1352.76
0,13,27.345735,88.598642,1223.25
1,13,27.345735,88.598685,1225.49
2,13,27.345735,88.598728,1227.54
3,13,27.345735,88.598771,1229.45
4,13,27.345735,88.598814,1231.28
5,13,27.345735,88.598857,1233.06
6,13,27.345735,88.598900,1234.83
7,13,27.345735,88.598943,1236.61
8,13,27.345735,88.598986,1238.42
9,13,27.345735,88.599029,1240.31
10,13,27.345735,88.599072,1242.32
11,13,27.345735,88.599114,1244.48
12,13,27.345735,88.599157,1246.86
13,13,27.345735,88.599200,1249.42
14,13,27.345735,88.599243,1252.11
15,13,27.345735,88.599286,1254.88
16,13,27.345735,88.599329,1257.64
17,13,27.345735,88.599372,1260.36
18,13,27.345735,88.599415,1263.02
19,13,27.345735,88.599458,1265.62
20,13,27.345735,88.599501,1268.12
21,13,27.345735,88.599544,1270.53
22,13,27.345735,88.599586,1272.85
23,13,27.345735,88.599629,1275.09
24,13,27.345735,88.599672,1277.25
25,13,27.345735,88.599715,1279.30
26,13,27.345735,88.599758,1281.20
27,13,27.345735,88.599801,1282.87
28,13,27.345735,88.599844,1284.27
29,13,27.345735,88.599887,1285.43
30,13,27.345735,88.599930,1286.45
31,13,27.345735,88.599973,1287.46
32,13,27.345735,88.600016,1288.56
33,13,27.345735,88.600059,1289.77
34,13,27.345735,88.600101,1290.96
35,13,27.345735,88.600144,1291.99
36,13,27.345735,88.600187,1292.74
37,13,27.345735,88.600230,1293.22
38,13,27.345735,88.600273,1293.60
39,13,27.345735,88.600316,1294.06
40,13,27.345735,88.600359,1294.78
41,13,27.345735,88.600402,1295.79
42,13,27.345735,88.600445,1296.98
43,13,27.345735,88.600488,1298.23
44,13,27.345735,88.600531,1299.41
45,13,27.345735,88.600574,1300.50
46,13,27.345735,88.600616,1301.62
47,13,27.345735,88.600659,1302.89
48,13,27.345735,88.600702,1304.41
49,13,27.345735,88.600745,1306.28
50,13,27.345735,88.600788,1308.54
51,13,27.345735,88.600831,1311.22
52,13,27.345735,88.600874,1314.39
53,13,27.345735,88.600917,1317.97
54,13,27.345735,88.600960,1321.78
55,13,27.345735,88.601003,1325.62
56,13,27.345735,88.601046,1329.30
57,13,27.345735,88.601089,1332.74
58,13,27.345735,88.601131,1336.00
59,13,27.345735,88.601174,1339.17
60,13,27.345735,88.601217,1342.32
61,13,27.345735,88.601260,1345.49
62,13,27.345735,88.601303,1348.69
63,13,27.345735,88.601346,1351.93
0,14,27.345697,88.598642,1223.76
1,14,27.345697,88.598685,1226.08
2,14,27.345697,88.598728,1228.25
3,14,27.345697,88.598771,1230.26
4,14,27.345697,88.598814,1232.12
5,14,27.345697,88.598857,1233.89
6,14,27.345697,88.598900,1235.61
7,14,27.345697,88.598943,1237.36
8,14,27.345697,88.598986,1239.21
9,14,27.345697,88.599029,1241.18
10,14,27.345697,88.599072,1243.28
11,14,27.345697,88.599114,1245.52
12,14,27.345697,88.599157,1247.91
13,14,27.345697,88.599200,1250.41
14,14,27.345697,88.599243,1253.02
15,14,27.345697,88.599286,1255.68
16,14,27.345697,88.599329,1258.36
17,14,27.345697,88.599372,1261.04
18,14,27.345697,88.599415,1263.66
19,14,27.345697,88.599458,1266.18
20,14,27.345697,88.599501,1268.57
21,14,27.345697,88.599544,1270.82
22,14,27.345697,88.599586,1272.97
23,14,27.345697,88.599629,1275.08
24,14,27.345697,88.599672,1277.19
25,14,27.345697,88.599715,1279.27
26,14,27.345697,88.599758,1281.27
27,14,27.345697,88.599801,1283.07
28,14,27.345697,88.599844,1284.62
29,14,27.345697,88.599887,1285.92
30,14,27.345697,88.599930,1287.08
31,14,27.345697,88.599973,1288.21
32,14,27.345697,88.600016,1289.41
33,14,27.345697,88.600059,1290.71
34,14,27.345697,88.600101,1291.96
35,14,27.345697,88.600144,1293.05
36,14,27.345697,88.600187,1293.85
37,14,27.345697,88.600230,1294.37
38,14,27.345697,88.600273,1294.77
39,14,27.345697,88.600316,1295.19
40,14,27.345697,88.600359,1295.80
41,14,27.345697,88.600402,1296.66
42,14,27.345697,88.600445,1297.68
43,14,27.345697,88.600488,1298.79
44,14,27.345697,88.600531,1299.90
45,14,27.345697,88.600574,1301.02
46,14,27.345697,88.600616,1302.18
47,14,27.345697,88.600659,1303.47
48,14,27.345697,88.600702,1304.95
49,14,27.345697,88.600745,1306.68
50,14,27.345697,88.600788,1308.77
51,14,27.345697,88.600831,1311.30
52,14,27.345697,88.600874,1314.36
53,14,27.345697,88.600917,1317.89
54,14,27.345697,88.600960,1321.69
55,14,27.345697,88.601003,1325.50
56,14,27.345697,88.601046,1329.11
57,14,27.345697,88.601089,1332.42
58,14,27.345697,88.601131,1335.53
59,14,27.345697,88.601174,1338.54
60,14,27.345697,88.601217,1341.55
61,14,27.345697,88.601260,1344.62
62,14,27.345697,88.601303,1347.80
63,14,27.345697,88.601346,1351.08
0,15,27.345658,88.598642,1224.12
1,15,27.345658,88.598685,1226.50
2,15,27.345658,88.598728,1228.75
3,15,27.345658,88.598771,1230.85
4,15,27.345658,88.598814,1232.75
5,15,27.345658,88.598857,1234.48
6,15,27.345658,88.598900,1236.16
7,15,27.345658,88.598943,1237.89
8,15,27.345658,88.598986,1239.77
9,15,27.345658,88.599029,1241.83
10,15,27.345658,88.599072,1244.05
11,15,27.345658,88.599114,1246.39
12,15,27.345658,88.599157,1248.80
13,15,27.345658,88.599200,1251.27
14,15,27.345658,88.599243,1253.79
15,15,27.345658,88.599286,1256.36
16,15,27.345658,88.599329,1258.97
17,15,27.345658,88.599372,1261.59
18,15,27.345658,88.599415,1264.17
19,15,27.345658,88.599458,1266.62
20,15,27.345658,88.599501,1268.91
21,15,27.345658,88.599544,1271.01
22,15,27.345658,88.599586,1273.02
23,15,27.345658,88.599629,1275.01
24,15,27.345658,88.599672,1277.05
25,15,27.345658,88.599715,1279.13
26,15,27.345658,88.599758,1281.18
27,15,27.345658,88.599801,1283.10
28,15,27.345658,88.599844,1284.80
29,15,27.345658,88.599887,1286.27
30,15,27.345658,88.599930,1287.61
31,15,27.345658,88.599973,1288.89
32,15,27.345658,88.600016,1290.22
33,15,27.345658,88.600059,1291.59
34,15,27.345658,88.600101,1292.88
35,15,27.345658,88.600144,1294.00
36,15,27.345658,88.600187,1294.85
37,15,27.345658,88.600230,1295.41
38,15,27.345658,88.600273,1295.83
39,15,27.345658,88.600316,1296.23
40,15,27.345658,88.600359,1296.74
41,15,27.345658,88.600402,1297.43
42,15,27.345658,88.600445,1298.27
43,15,27.345658,88.600488,1299.23
44,15,27.345658,88.600531,1300.28
45,15,27.345658,88.600574,1301.41
46,15,27.345658,88.600616,1302.63
47,15,27.345658,88.600659,1303.96
48,15,27.345658,88.600702,1305.41
49,15,27.345658,88.600745,1307.05
50,15,27.345658,88.600788,1308.99
51,15,27.345658,88.600831,1311.37
52,15,27.345658,88.600874,1314.30
53,15,27.345658,88.600917,1317.74
54,15,27.345658,88.600960,1321.46
55,15,27.345658,88.601003,1325.21
56,15,27.345658,88.601046,1328.73
57,15,27.345658,88.601089,1331.92
58,15,27.345658,88.601131,1334.90
59,15,27.345658,88.601174,1337.79
60,15,27.345658,88.601217,1340.70
61,15,27.345658,88.601260,1343.73
62,15,27.345658,88.601303,1346.91
63,15,27.345658,88.601346,1350.26
0,16,27.345620,88.598642,1224.34
1,16,27.345620,88.598685,1226.70
2,16,27.345620,88.598728,1228.98
3,16,27.345620,88.598771,1231.12
4,16,27.345620,88.598814,1233.04
5,16,27.345620,88.598857,1234.78
6,16,27.345620,88.598900,1236.46
7,16,27.345620,88.598943,1238.20
8,16,27.345620,88.598986,1240.13
9,16,27.345620,88.599029,1242.29
10,16,27.345620,88.599072,1244.60
11,16,27.345620,88.599114,1247.01
12,16,27.345620,88.599157,1249.46
13,16,27.345620,88.599200,1251.92
14,16,27.345620,88.599243,1254.39
15,16,27.345620,88.599286,1256.91
16,16,27.345620,88.599329,1259.46
17,16,27.345620,88.599372,1262.03
18,16,27.345620,88.599415,1264.54
19,16,27.345620,88.599458,1266.93
20,16,27.345620,88.599501,1269.13
21,16,27.345620,88.599544,1271.14
22,16,27.345620,88.599586,1273.06
23,16,27.345620,88.599629,1274.96
24,16,27.345620,88.599672,1276.92
25,16,27.345620,88.599715,1278.95
26,16,27.345620,88.599758,1280.98
27,16,27.345620,88.599801,1282.95
28,16,27.345620,88.599844,1284.76
29,16,27.345620,88.599887,1286.42
30,16,27.345620,88.599930,1287.96
31,16,27.345620,88.599973,1289.43
32,16,27.345620,88.600016,1290.88
33,16,27.345620,88.600059,1292.30
34,16,27.345620,88.600101,1293.62
35,16,27.345620,88.600144,1294.75
36,16,27.345620,88.600187,1295.61
37,16,27.345620,88.600230,1296.21
38,16,27.345620,88.600273,1296.65
39,16,27.345620,88.600316,1297.04
40,16,27.345620,88.600359,1297.48
41,16,27.345620,88.600402,1298.04
42,16,27.345620,88.600445,1298.73
43,16,27.345620,88.600488,1299.56
44,16,27.345620,88.600531,1300.54
45,16,27.345620,88.600574,1301.66
46,16,27.345620,88.600616,1302.91
47,16,27.345620,88.600659,1304.26
48,16,27.345620,88.600702,1305.71
49,16,27.345620,88.600745,1307.30
50,16,27.345620,88.600788,1309.15
51,16,27.345620,88.600831,1311.41
52,16,27.345620,88.600874,1314.20
53,16,27.345620,88.600917,1317.48
54,16,27.345620,88.600960,1321.04
55,16,27.345620,88.601003,1324.63
56,16,27.345620,88.601046,1328.02
57,16,27.345620,88.601089,1331.11
58,16,27.345620,88.601131,1334.02
59,16,27.345620,88.601174,1336.87
60,16,27.345620,88.601217,1339.77
61,16,27.345620,88.601260,1342.83
62,16,27.345620,88.601303,1346.06
63,16,27.345620,88.601346,1349.50
0,17,27.345582,88.598642,1224.41
1,17,27.345582,88.598685,1226.68
2,17,27.345582,88.598728,1228.92
3,17,27.345582,88.598771,1231.05
4,17,27.345582,88.598814,1232.99
5,17,27.345582,88.598857,1234.77
6,17,27.345582,88.598900,1236.50
7,17,27.345582,88.598943,1238.32
8,17,27.345582,88.598986,1240.32
9,17,27.345582,88.599029,1242.54
10,17,27.345582,88.599072,1244.92
11,17,27.345582,88.599114,1247.39
12,17,27.345582,88.599157,1249.88
13,17,27.345582,88.599200,1252.36
14,17,27.345582,88.599243,1254.84
15,17,27.345582,88.599286,1257.32
16,17,27.345582,88.599329,1259.83
17,17,27.345582,88.599372,1262.33
18,17,27.345582,88.599415,1264.77
19,17,27.345582,88.599458,1267.09
20,17,27.345582,88.599501,1269.25
21,17,27.345582,88.599544,1271.23
22,17,27.345582,88.599586,1273.11
23,17,27.345582,88.599629,1274.96
24,17,27.345582,88.599672,1276.84
25,17,27.345582,88.599715,1278.77
26,17,27.345582,88.599758,1280.72
27,17,27.345582,88.599801,1282.66
28,17,27.345582,88.599844,1284.55
29,17,27.345582,88.599887,1286.37
30,17,27.345582,88.599930,1288.11
31,17,27.345582,88.599973,1289.77
32,17,27.345582,88.600016,1291.35
33,17,27.345582,88.600059,1292.81
34,17,27.345582,88.600101,1294.12
35,17,27.345582,88.600144,1295.23
36,17,27.345582,88.600187,1296.08
37,17,27.345582,88.600230,1296.70
38,17,27.345582,88.600273,1297.17
39,17,27.345582,88.600316,1297.56
40,17,27.345582,88.600359,1297.97
41,17,27.345582,88.600402,1298.45
42,17,27.345582,88.600445,1299.04
43,17,27.345582,88.600488,1299.77
44,17,27.345582,88.600531,1300.67
45,17,27.345582,88.600574,1301.75
46,17,27.345582,88.600616,1302.98
47,17,27.345582,88.600659,1304.35
48,17,27.345582,88.600702,1305.82
49,17,27.345582,88.600745,1307.42
50,17,27.345582,88.600788,1309.26
51,17,27.345582,88.600831,1311.44
52,17,27.345582,88.600874,1314.07
53,17,27.345582,88.600917,1317.12
54,17,27.345582,88.600960,1320.43
55,17,27.345582,88.601003,1323.78
56,17,27.345582,88.601046,1326.99
57,17,27.345582,88.601089,1330.00
58,17,27.345582,88.601131,1332.90
59,17,27.345582,88.601174,1335.79
60,17,27.345582,88.601217,1338.78
61,17,27.345582,88.601260,1341.93
62,17,27.345582,88.601303,1345.27
63,17,27.345582,88.601346,1348.83
0,18,27.345544,88.598642,1224.34
1,18,27.345544,88.598685,1226.50
2,18,27.345544,88.598728,1228.66
3,18,27.345544,88.598771,1230.74
4,18,27.345544,88.598814,1232.70
5,18,27.345544,88.598857,1234.54
6,18,27.345544,88.598900,1236.36
7,18,27.345544,88.598943,1238.27
8,18,27.345544,88.598986,1240.36
9,18,27.345544,88.599029,1242.65
10,18,27.345544,88.599072,1245.08
11,18,27.345544,88.599114,1247.59
12,18,27.345544,88.599157,1250.11
13,18,27.345544,88.599200,1252.63
14,18,27.345544,88.599243,1255.13
15,18,27.345544,88.599286,1257.61
16,18,27.345544,88.599329,1260.07
17,18,27.345544,88.599372,1262.50
18,18,27.345544,88.599415,1264.86
19,18,27.345544,88.599458,1267.12
20,18,27.345544,88.599501,1269.25
21,18,27.345544,88.599544,1271.25
22,18,27.345544,88.599586,1273.15
23,18,27.345544,88.599629,1274.99
24,18,27.345544,88.599672,1276.81
25,18,27.345544,88.599715,1278.63
26,18,27.345544,88.599758,1280.46
27,18,27.345544,88.599801,1282.34
28,18,27.345544,88.599844,1284.26
29,18,27.345544,88.599887,1286.21
30,18,27.345544,88.599930,1288.13
31,18,27.345544,88.599973,1289.96
32,18,27.345544,88.600016,1291.64
33,18,27.345544,88.600059,1293.13
34,18,27.345544,88.600101,1294.41
35,18,27.345544,88.600144,1295.48
36,18,27.345544,88.600187,1296.32
37,18,27.345544,88.600230,1296.94
38,18,27.345544,88.600273,1297.42
39,18,27.345544,88.600316,1297.82
40,18,27.345544,88.600359,1298.21
41,18,27.345544,88.600402,1298.65
42,18,27.345544,88.600445,1299.17
43,18,27.345544,88.600488,1299.83
44,18,27.345544,88.600531,1300.67
45,18,27.345544,88.600574,1301.71
46,18,27.345544,88.600616,1302.92
47,18,27.345544,88.600659,1304.29
48,18,27.345544,88.600702,1305.80
49,18,27.345544,88.600745,1307.46
50,18,27.345544,88.600788,1309.34
51,18,27.345544,88.600831,1311.48
52,18,27.345544,88.600874,1313.96
53,18,27.345544,88.600917,1316.75
54,18,27.345544,88.600960,1319.74
55,18,27.345544,88.601003,1322.80
56,18,27.345544,88.601046,1325.82
57,18,27.345544,88.601089,1328.76
58,18,27.345544,88.601131,1331.68
59,18,27.345544,88.601174,1334.66
60,18,27.345544,88.601217,1337.78
61,18,27.345544,88.601260,1341.07
62,18,27.345544,88.601303,1344.56
63,18,27.345544,88.601346,1348.26
0,19,27.345506,88.598642,1224.18
1,19,27.345506,88.598685,1226.22
2,19,27.345506,88.598728,1228.29
3,19,27.345506,88.598771,1230.32
4,19,27.345506,88.598814,1232.28
5,19,27.345506,88.598857,1234.18
6,19,27.345506,88.598900,1236.09
7,19,27.345506,88.598943,1238.10
8,19,27.345506,88.598986,1240.28
9,19,27.345506,88.599029,1242.64
10,19,27.345506,88.599072,1245.12
11,19,27.345506,88.599114,1247.68
12,19,27.345506,88.599157,1250.25
13,19,27.345506,88.599200,1252.79
14,19,27.345506,88.599243,1255.30
15,19,27.345506,88.599286,1257.77
16,19,27.345506,88.599329,1260.18
17,19,27.345506,88.599372,1262.53
18,19,27.345506,88.599415,1264.81
19,19,27.345506,88.599458,1267.02
20,19,27.345506,88.599501,1269.15
21,19,27.345506,88.599544,1271.20
22,19,27.345506,88.599586,1273.16
23,19,27.345506,88.599629,1275.03
24,19,27.345506,88.599672,1276.82
25,19,27.345506,88.599715,1278.55
26,19,27.345506,88.599758,1280.29
27,19,27.345506,88.599801,1282.08
28,19,27.345506,88.599844,1284.00
29,19,27.345506,88.599887,1286.04
30,19,27.345506,88.599930,1288.07
31,19,27.345506,88.599973,1290.02
32,19,27.345506,88.600016,1291.77
33,19,27.345506,88.600059,1293.27
34,19,27.345506,88.600101,1294.53
35,19,27.345506,88.600144,1295.56
36,19,27.345506,88.600187,1296.37
37,19,27.345506,88.600230,1296.98
38,19,27.345506,88.600273,1297.47
39,19,27.345506,88.600316,1297.87
40,19,27.345506,88.600359,1298.24
41,19,27.345506,88.600402,1298.64
42,19,27.345506,88.600445,1299.12
43,19,27.345506,88.600488,1299.73
44,19,27.345506,88.600531,1300.53
45,19,27.345506,88.600574,1301.54
46,19,27.345506,88.600616,1302.75
47,19,27.345506,88.600659,1304.16
48,19,27.345506,88.600702,1305.74
49,19,27.345506,88.600745,1307.50
50,19,27.345506,88.600788,1309.45
51,19,27.345506,88.600831,1311.58
52,19,27.345506,88.600874,1313.92
53,19,27.345506,88.600917,1316.44
54,19,27.345506,88.600960,1319.11
55,19,27.345506,88.601003,1321.87
56,19,27.345506,88.601046,1324.69
57,19,27.345506,88.601089,1327.55
58,19,27.345506,88.601131,1330.51
59,19,27.345506,88.601174,1333.59
60,19,27.345506,88.601217,1336.85
61,19,27.345506,88.601260,1340.30
62,19,27.345506,88.601303,1343.95
63,19,27.345506,88.601346,1347.77
0,20,27.345468,88.598642,1223.93
1,20,27.345468,88.598685,1225.90
2,20,27.345468,88.598728,1227.91
3,20,27.345468,88.598771,1229.91
4,20,27.345468,88.598814,1231.86
5,20,27.345468,88.598857,1233.78
6,20,27.345468,88.598900,1235.75
7,20,27.345468,88.598943,1237.83
8,20,27.345468,88.598986,1240.09
9,20,27.345468,88.599029,1242.54
10,20,27.345468,88.599072,1245.11
11,20,27.345468,88.599114,1247.73
12,20,27.345468,88.599157,1250.34
13,20,27.345468,88.599200,1252.89
14,20,27.345468,88.599243,1255.37
15,20,27.345468,88.599286,1257.79
16,20,27.345468,88.599329,1260.13
17,20,27.345468,88.599372,1262.40
18,20,27.345468,88.599415,1264.62
19,20,27.345468,88.599458,1266.79
20,20,27.345468,88.599501,1268.94
21,20,27.345468,88.599544,1271.05
22,20,27.345468,88.599586,1273.10
23,20,27.345468,88.599629,1275.04
24,20,27.345468,88.599672,1276.86
25,20,27.345468,88.599715,1278.56
26,20,27.345468,88.599758,1280.24
27,20,27.345468,88.599801,1282.00
28,20,27.345468,88.599844,1283.90
29,20,27.345468,88.599887,1285.94
30,20,27.345468,88.599930,1288.02
31,20,27.345468,88.599973,1289.99
32,20,27.345468,88.600016,1291.76
33,20,27.345468,88.600059,1293.25
34,20,27.345468,88.600101,1294.50
35,20,27.345468,88.600144,1295.50
36,20,27.345468,88.600187,1296.29
37,20,27.345468,88.600230,1296.89
38,20,27.345468,88.600273,1297.35
39,20,27.345468,88.600316,1297.73
40,20,27.345468,88.600359,1298.06
41,20,27.345468,88.600402,1298.42
42,20,27.345468,88.600445,1298.86
43,20,27.345468,88.600488,1299.44
44,20,27.345468,88.600531,1300.24
45,20,27.345468,88.600574,1301.27
46,20,27.345468,88.600616,1302.54
47,20,27.345468,88.600659,1304.02
48,20,27.345468,88.600702,1305.71
49,20,27.345468,88.600745,1307.59
50,20,27.345468,88.600788,1309.62
51,20,27.345468,88.600831,1311.76
52,20,27.345468,88.600874,1313.98
53,20,27.345468,88.600917,1316.28
54,20,27.345468,88.600960,1318.67
55,20,27.345468,88.601003,1321.16
56,20,27.345468,88.601046,1323.79
57,20,27.345468,88.601089,1326.56
58,20,27.345468,88.601131,1329.52
59,20,27.345468,88.601174,1332.67
60,20,27.345468,88.601217,1336.05
61,20,27.345468,88.601260,1339.65
62,20,27.345468,88.601303,1343.44
63,20,27.345468,88.601346,1347.38
0,21,27.345430,88.598642,1223.63
1,21,27.345430,88.598685,1225.59
2,21,27.345430,88.598728,1227.57
3,21,27.345430,88.598771,1229.56
4,21,27.345430,88.598814,1231.50
5,21,27.345430,88.598857,1233.42
6,21,27.345430,88.598900,1235.39
7,21,27.345430,88.598943,1237.51
8,21,27.345430,88.598986,1239.85
9,21,27.345430,88.599029,1242.40
10,21,27.345430,88.599072,1245.08
11,21,27.345430,88.599114,1247.78
12,21,27.345430,88.599157,1250.41
13,21,27.345430,88.599200,1252.94
14,21,27.345430,88.599243,1255.36
15,21,27.345430,88.599286,1257.69
16,21,27.345430,88.599329,1259.94
17,21,27.345430,88.599372,1262.13
18,21,27.345430,88.599415,1264.29
19,21,27.345430,88.599458,1266.44
20,21,27.345430,88.599501,1268.62
21,21,27.345430,88.599544,1270.80
22,21,27.345430,88.599586,1272.94
23,21,27.345430,88.599629,1274.98
24,21,27.345430,88.599672,1276.87
25,21,27.345430,88.599715,1278.62
26,21,27.345430,88.599758,1280.33
27,21,27.345430,88.599801,1282.07
28,21,27.345430,88.599844,1283.95
29,21,27.345430,88.599887,1285.94
30,21,27.345430,88.599930,1287.96
31,21,27.345430,88.599973,1289.89
32,21,27.345430,88.600016,1291.62
33,21,27.345430,88.600059,1293.11
34,21,27.345430,88.600101,1294.35
35,21,27.345430,88.600144,1295.35
36,21,27.345430,88.600187,1296.12
37,21,27.345430,88.600230,1296.69
38,21,27.345430,88.600273,1297.11
39,21,27.345430,88.600316,1297.43
40,21,27.345430,88.600359,1297.70
41,21,27.345430,88.600402,1298.00
42,21,27.345430,88.600445,1298.41
43,21,27.345430,88.600488,1298.98
44,21,27.345430,88.600531,1299.81
45,21,27.345430,88.600574,1300.93
46,21,27.345430,88.600616,1302.31
47,21,27.345430,88.600659,1303.93
48,21,27.345430,88.600702,1305.75
49,21,27.345430,88.600745,1307.75
50,21,27.345430,88.600788,1309.86
51,21,27.345430,88.600831,1312.02
52,21,27.345430,88.600874,1314.16
53,21,27.345430,88.600917,1316.29
54,21,27.345430,88.600960,1318.46
55,21,27.345430,88.601003,1320.75
56,21,27.345430,88.601046,1323.21
57,21,27.345430,88.601089,1325.89
58,21,27.345430,88.601131,1328.81
59,21,27.345430,88.601174,1332.00
60,21,27.345430,88.601217,1335.46
61,21,27.345430,88.601260,1339.18
62,21,27.345430,88.601303,1343.09
63,21,27.345430,88.601346,1347.12
0,22,27.345392,88.598642,1223.34
1,22,27.345392,88.598685,1225.30
2,22,27.345392,88.598728,1227.31
3,22,27.345392,88.598771,1229.30
4,22,27.345392,88.598814,1231.23
5,22,27.345392,88.598857,1233.12
6,22,27.345392,88.598900,1235.07
7,22,27.345392,88.598943,1237.20
8,22,27.345392,88.598986,1239.59
9,22,27.345392,88.599029,1242.24
10,22,27.345392,88.599072,1245.02
11,22,27.345392,88.599114,1247.79
12,22,27.345392,88.599157,1250.45
13,22,27.345392,88.599200,1252.93
14,22,27.345392,88.599243,1255.26
15,22,27.345392,88.599286,1257.49
16,22,27.345392,88.599329,1259.64
17,22,27.345392,88.599372,1261.74
18,22,27.345392,88.599415,1263.84
19,22,27.345392,88.599458,1265.96
20,22,27.345392,88.599501,1268.15
21,22,27.345392,88.599544,1270.39
22,22,27.345392,88.599586,1272.61
23,22,27.345392,88.599629,1274.76
24,22,27.345392,88.599672,1276.76
25,22,27.345392,88.599715,1278.61
26,22,27.345392,88.599758,1280.39
27,22,27.345392,88.599801,1282.18
28,22,27.345392,88.599844,1284.02
29,22,27.345392,88.599887,1285.94
30,22,27.345392,88.599930,1287.86
31,22,27.345392,88.599973,1289.69
32,22,27.345392,88.600016,1291.37
33,22,27.345392,88.600059,1292.85
34,22,27.345392,88.600101,1294.10
35,22,27.345392,88.600144,1295.11
36,22,27.345392,88.600187,1295.86
37,22,27.345392,88.600230,1296.38
38,22,27.345392,88.600273,1296.73
39,22,27.345392,88.600316,1296.98
40,22,27.345392,88.600359,1297.19
41,22,27.345392,88.600402,1297.44
42,22,27.345392,88.600445,1297.82
43,22,27.345392,88.600488,1298.41
44,22,27.345392,88.600531,1299.32
45,22,27.345392,88.600574,1300.55
46,22,27.345392,88.600616,1302.08
47,22,27.345392,88.600659,1303.85
48,22,27.345392,88.600702,1305.83
49,22,27.345392,88.600745,1307.95
50,22,27.345392,88.600788,1310.13
51,22,27.345392,88.600831,1312.31
52,22,27.345392,88.600874,1314.41
53,22,27.345392,88.600917,1316.42
54,22,27.345392,88.600960,1318.45
55,22,27.345392,88.601003,1320.57
56,22,27.345392,88.601046,1322.91
57,22,27.345392,88.601089,1325.52
58,22,27.345392,88.601131,1328.42
59,22,27.345392,88.601174,1331.62
60,22,27.345392,88.601217,1335.15
61,22,27.345392,88.601260,1338.97
62,22,27.345392,88.601303,1342.97
63,22,27.345392,88.601346,1347.05
0,23,27.345353,88.598642,1223.11
1,23,27.345353,88.598685,1225.09
2,23,27.345353,88.598728,1227.12
3,23,27.345353,88.598771,1229.13
4,23,27.345353,88.598814,1231.05
5,23,27.345353,88.598857,1232.91
6,23,27.345353,88.598900,1234.84
7,23,27.345353,88.598943,1236.96
8,23,27.345353,88.598986,1239.38
9,23,27.345353,88.599029,1242.08
10,23,27.345353,88.599072,1244.92
11,23,27.345353,88.599114,1247.74
12,23,27.345353,88.599157,1250.39
13,23,27.345353,88.599200,1252.82
14,23,27.345353,88.599243,1255.08
15,23,27.345353,88.599286,1257.20
16,23,27.345353,88.599329,1259.25
17,23,27.345353,88.599372,1261.26
18,23,27.345353,88.599415,1263.29
19,23,27.345353,88.599458,1265.36
20,23,27.345353,88.599501,1267.53
21,23,27.345353,88.599544,1269.79
22,23,27.345353,88.599586,1272.07
23,23,27.345353,88.599629,1274.29
24,23,27.345353,88.599672,1276.41
25,23,27.345353,88.599715,1278.40
26,23,27.345353,88.599758,1280.30
27,23,27.345353,88.599801,1282.15
28,23,27.345353,88.599844,1284.00
29,23,27.345353,88.599887,1285.84
30,23,27.345353,88.599930,1287.64
31,23,27.345353,88.599973,1289.38
32,23,27.345353,88.600016,1291.01
33,23,27.345353,88.600059,1292.48
34,23,27.345353,88.600101,1293.77
35,23,27.345353,88.600144,1294.80
36,23,27.345353,88.600187,1295.53
37,23,27.345353,88.600230,1295.98
38,23,27.345353,88.600273,1296.23
39,23,27.345353,88.600316,1296.39
40,23,27.345353,88.600359,1296.53
41,23,27.345353,88.600402,1296.75
42,23,27.345353,88.600445,1297.15
43,23,27.345353,88.600488,1297.80
44,23,27.345353,88.600531,1298.81
45,23,27.345353,88.600574,1300.18
46,23,27.345353,88.600616,1301.86
47,23,27.345353,88.600659,1303.79
48,23,27.345353,88.600702,1305.91
49,23,27.345353,88.600745,1308.13
50,23,27.345353,88.600788,1310.39
51,23,27.345353,88.600831,1312.60
52,23,27.345353,88.600874,1314.67
53,23,27.345353,88.600917,1316.62
54,23,27.345353,88.600960,1318.55
55,23,27.345353,88.601003,1320.59
56,23,27.345353,88.601046,1322.87
57,23,27.345353,88.601089,1325.46
58,23,27.345353,88.601131,1328.37
59,23,27.345353,88.601174,1331.62
60,23,27.345353,88.601217,1335.21
61,23,27.345353,88.601260,1339.10
62,23,27.345353,88.601303,1343.15
63,23,27.345353,88.601346,1347.25
0,24,27.345315,88.598642,1222.99
1,24,27.345315,88.598685,1224.99
2,24,27.345315,88.598728,1227.04
3,24,27.345315,88.598771,1229.05
4,24,27.345315,88.598814,1230.98
5,24,27.345315,88.598857,1232.84
6,24,27.345315,88.598900,1234.75
7,24,27.345315,88.598943,1236.85
8,24,27.345315,88.598986,1239.26
9,24,27.345315,88.599029,1241.96
10,24,27.345315,88.599072,1244.79
11,24,27.345315,88.599114,1247.59
12,24,27.345315,88.599157,1250.22
13,24,27.345315,88.599200,1252.61
14,24,27.345315,88.599243,1254.80
15,24,27.345315,88.599286,1256.85
16,24,27.345315,88.599329,1258.81
17,24,27.345315,88.599372,1260.72
18,24,27.345315,88.599415,1262.64
19,24,27.345315,88.599458,1264.63
20,24,27.345315,88.599501,1266.73
21,24,27.345315,88.599544,1268.95
22,24,27.345315,88.599586,1271.23
23,24,27.345315,88.599629,1273.51
24,24,27.345315,88.599672,1275.73
25,24,27.345315,88.599715,1277.85
26,24,27.345315,88.599758,1279.89
27,24,27.345315,88.599801,1281.85
28,24,27.345315,88.599844,1283.73
29,24,27.345315,88.599887,1285.53
30,24,27.345315,88.599930,1287.27
31,24,27.345315,88.599973,1288.93
32,24,27.345315,88.600016,1290.54
33,24,27.345315,88.600059,1292.04
34,24,27.345315,88.600101,1293.36
35,24,27.345315,88.600144,1294.41
36,24,27.345315,88.600187,1295.11
37,24,27.345315,88.600230,1295.47
38,24,27.345315,88.600273,1295.61
39,24,27.345315,88.600316,1295.66
40,24,27.345315,88.600359,1295.76
41,24,27.345315,88.600402,1296.00
42,24,27.345315,88.600445,1296.46
43,24,27.345315,88.600488,1297.23
44,24,27.345315,88.600531,1298.35
45,24,27.345315,88.600574,1299.85
46,24,27.345315,88.600616,1301.66
47,24,27.345315,88.600659,1303.72
48,24,27.345315,88.600702,1305.95
49,24,27.345315,88.600745,1308.27
50,24,27.345315,88.600788,1310.59
51,24,27.345315,88.600831,1312.84
52,24,27.345315,88.600874,1314.91
53,24,27.345315,88.600917,1316.82
54,24,27.345315,88.600960,1318.72
55,24,27.345315,88.601003,1320.74
56,24,27.345315,88.601046,1323.04
57,24,27.345315,88.601089,1325.69
58,24,27.345315,88.601131,1328.70
59,24,27.345315,88.601174,1332.04
60,24,27.345315,88.601217,1335.71
61,24,27.345315,88.601260,1339.64
62,24,27.345315,88.601303,1343.71
63,24,27.345315,88.601346,1347.78
0,25,27.345277,88.598642,1223.02
1,25,27.345277,88.598685,1225.02
2,25,27.345277,88.598728,1227.07
3,25,27.345277,88.598771,1229.10
4,25,27.345277,88.598814,1231.04
5,25,27.345277,88.598857,1232.91
6,25,27.345277,88.598900,1234.83
7,25,27.345277,88.598943,1236.91
8,25,27.345277,88.598986,1239.27
9,25,27.345277,88.599029,1241.89
10,25,27.345277,88.599072,1244.64
11,25,27.345277,88.599114,1247.36
12,25,27.345277,88.599157,1249.93
13,25,27.345277,88.599200,1252.28
14,25,27.345277,88.599243,1254.45
15,25,27.345277,88.599286,1256.45
16,25,27.345277,88.599329,1258.33
17,25,27.345277,88.599372,1260.13
18,25,27.345277,88.599415,1261.93
19,25,27.345277,88.599458,1263.78
20,25,27.345277,88.599501,1265.77
21,25,27.345277,88.599544,1267.89
22,25,27.345277,88.599586,1270.12
23,25,27.345277,88.599629,1272.40
24,25,27.345277,88.599672,1274.69
25,25,27.345277,88.599715,1276.94
26,25,27.345277,88.599758,1279.13
27,25,27.345277,88.599801,1281.22
28,25,27.345277,88.599844,1283.18
29,25,27.345277,88.599887,1285.00
30,25,27.345277,88.599930,1286.73
31,25,27.345277,88.599973,1288.38
32,25,27.345277,88.600016,1290.00
33,25,27.345277,88.600059,1291.55
34,25,27.345277,88.600101,1292.92
35,25,27.345277,88.600144,1293.98
36,25,27.345277,88.600187,1294.62
37,25,27.345277,88.600230,1294.88
38,25,27.345277,88.600273,1294.89
39,25,27.345277,88.600316,1294.85
40,25,27.345277,88.600359,1294.93
41,25,27.345277,88.600402,1295.24
42,25,27.345277,88.600445,1295.82
43,25,27.345277,88.600488,1296.73
44,25,27.345277,88.600531,1297.99
45,25,27.345277,88.600574,1299.61
46,25,27.345277,88.600616,1301.51
47,25,27.345277,88.600659,1303.65
48,25,27.345277,88.600702,1305.95
49,25,27.345277,88.600745,1308.34
50,25,27.345277,88.600788,1310.73
51,25,27.345277,88.600831,1313.01
52,25,27.345277,88.600874,1315.11
53,25,27.345277,88.600917,1317.04
54,25,27.345277,88.600960,1318.96
55,25,27.345277,88.601003,1321.04
56,25,27.345277,88.601046,1323.43
57,25,27.345277,88.601089,1326.23
58,25,27.345277,88.601131,1329.39
59,25,27.345277,88.601174,1332.88
60,25,27.345277,88.601217,1336.64
61,25,27.345277,88.601260,1340.61
62,25,27.345277,88.601303,1344.65
63,25,27.345277,88.601346,1348.64
0,26,27.345239,88.598642,1223.23
1,26,27.345239,88.598685,1225.21
2,26,27.345239,88.598728,1227.26
3,26,27.345239,88.598771,1229.29
4,26,27.345239,88.598814,1231.26
5,26,27.345239,88.598857,1233.16
6,26,27.345239,88.598900,1235.09
7,26,27.345239,88.598943,1237.16
8,26,27.345239,88.598986,1239.44
9,26,27.345239,88.599029,1241.93
10,26,27.345239,88.599072,1244.53
11,26,27.345239,88.599114,1247.12
12,26,27.345239,88.599157,1249.59
13,26,27.345239,88.599200,1251.89
14,26,27.345239,88.599243,1254.03
15,26,27.345239,88.599286,1256.00
16,26,27.345239,88.599329,1257.80
17,26,27.345239,88.599372,1259.49
18,26,27.345239,88.599415,1261.14
19,26,27.345239,88.599458,1262.84
20,26,27.345239,88.599501,1264.68
21,26,27.345239,88.599544,1266.69
22,26,27.345239,88.599586,1268.83
23,26,27.345239,88.599629,1271.08
24,26,27.345239,88.599672,1273.41
25,26,27.345239,88.599715,1275.79
26,26,27.345239,88.599758,1278.12
27,26,27.345239,88.599801,1280.36
28,26,27.345239,88.599844,1282.44
29,26,27.345239,88.599887,1284.34
30,26,27.345239,88.599930,1286.11
31,26,27.345239,88.599973,1287.80
32,26,27.345239,88.600016,1289.46
33,26,27.345239,88.600059,1291.06
34,26,27.345239,88.600101,1292.45
35,26,27.345239,88.600144,1293.50
36,26,27.345239,88.600187,1294.09
37,26,27.345239,88.600230,1294.23
38,26,27.345239,88.600273,1294.14
39,26,27.345239,88.600316,1294.04
40,26,27.345239,88.600359,1294.13
41,26,27.345239,88.600402,1294.55
42,26,27.345239,88.600445,1295.29
43,26,27.345239,88.600488,1296.36
44,26,27.345239,88.600531,1297.76
45,26,27.345239,88.600574,1299.46
46,26,27.345239,88.600616,1301.43
47,26,27.345239,88.600659,1303.60
48,26,27.345239,88.600702,1305.94
49,26,27.345239,88.600745,1308.38
50,26,27.345239,88.600788,1310.82
51,26,27.345239,88.600831,1313.18
52,26,27.345239,88.600874,1315.35
53,26,27.345239,88.600917,1317.36
54,26,27.345239,88.600960,1319.38
55,26,27.345239,88.601003,1321.58
56,26,27.345239,88.601046,1324.14
57,26,27.345239,88.601089,1327.12
58,26,27.345239,88.601131,1330.46
59,26,27.345239,88.601174,1334.09
60,26,27.345239,88.601217,1337.93
61,26,27.345239,88.601260,1341.89
62,26,27.345239,88.601303,1345.86
63,26,27.345239,88.601346,1349.75
0,27,27.345201,88.598642,1223.63
1,27,27.345201,88.598685,1225.60
2,27,27.345201,88.598728,1227.64
3,27,27.345201,88.598771,1229.68
4,27,27.345201,88.598814,1231.67
5,27,27.345201,88.598857,1233.61
6,27,27.345201,88.598900,1235.56
7,27,27.345201,88.598943,1237.60
8,27,27.345201,88.598986,1239.79
9,27,27.345201,88.599029,1242.12
10,27,27.345201,88.599072,1244.53
11,27,27.345201,88.599114,1246.94
12,27,27.345201,88.599157,1249.28
13,27,27.345201,88.599200,1251.50
14,27,27.345201,88.599243,1253.57
15,27,27.345201,88.599286,1255.49
16,27,27.345201,88.599329,1257.21
17,27,27.345201,88.599372,1258.78
18,27,27.345201,88.599415,1260.29
19,27,27.345201,88.599458,1261.85
20,27,27.345201,88.599501,1263.54
21,27,27.345201,88.599544,1265.41
22,27,27.345201,88.599586,1267.46
23,27,27.345201,88.599629,1269.67
24,27,27.345201,88.599672,1272.03
25,27,27.345201,88.599715,1274.50
26,27,27.345201,88.599758,1276.98
27,27,27.345201,88.599801,1279.38
28,27,27.345201,88.599844,1281.61
29,27,27.345201,88.599887,1283.64
30,27,27.345201,88.599930,1285.52
31,27,27.345201,88.599973,1287.29
32,27,27.345201,88.600016,1289.00
33,27,27.345201,88.600059,1290.61
34,27,27.345201,88.600101,1291.99
35,27,27.345201,88.600144,1293.00
36,27,27.345201,88.600187,1293.52
37,27,27.345201,88.600230,1293.58
38,27,27.345201,88.600273,1293.43
39,27,27.345201,88.600316,1293.31
40,27,27.345201,88.600359,1293.46
41,27,27.345201,88.600402,1294.01
42,27,27.345201,88.600445,1294.92
43,27,27.345201,88.600488,1296.16
44,27,27.345201,88.600531,1297.67
45,27,27.345201,88.600574,1299.44
46,27,27.345201,88.600616,1301.43
47,27,27.345201,88.600659,1303.61
48,27,27.345201,88.600702,1305.96
49,27,27.345201,88.600745,1308.43
50,27,27.345201,88.600788,1310.93
51,27,27.345201,88.600831,1313.38
52,27,27.345201,88.600874,1315.68
53,27,27.345201,88.600917,1317.87
54,27,27.345201,88.600960,1320.09
55,27,27.345201,88.601003,1322.49
56,27,27.345201,88.601046,1325.25
57,27,27.345201,88.601089,1328.41
58,27,27.345201,88.601131,1331.89
59,27,27.345201,88.601174,1335.60
60,27,27.345201,88.601217,1339.46
61,27,27.345201,88.601260,1343.36
62,27,27.345201,88.601303,1347.24
63,27,27.345201,88.601346,1351.00
0,28,27.345163,88.598642,1224.25
1,28,27.345163,88.598685,1226.21
2,28,27.345163,88.598728,1228.24
3,28,27.345163,88.598771,1230.29
4,28,27.345163,88.598814,1232.30
5,28,27.345163,88.598857,1234.27
6,28,27.345163,88.598900,1236.23
7,28,27.345163,88.598943,1238.24
8,28,27.345163,88.598986,1240.32
9,28,27.345163,88.599029,1242.48
10,28,27.345163,88.599072,1244.68
11,28,27.345163,88.599114,1246.89
12,28,27.345163,88.599157,1249.05
13,28,27.345163,88.599200,1251.14
14,28,27.345163,88.599243,1253.11
15,28,27.345163,88.599286,1254.93
16,28,27.345163,88.599329,1256.55
17,28,27.345163,88.599372,1258.00
18,28,27.345163,88.599415,1259.39
19,28,27.345163,88.599458,1260.82
20,28,27.345163,88.599501,1262.39
21,28,27.345163,88.599544,1264.15
22,28,27.345163,88.599586,1266.12
23,28,27.345163,88.599629,1268.29
24,28,27.345163,88.599672,1270.67
25,28,27.345163,88.599715,1273.21
26,28,27.345163,88.599758,1275.80
27,28,27.345163,88.599801,1278.36
28,28,27.345163,88.599844,1280.77
29,28,27.345163,88.599887,1283.00
30,28,27.345163,88.599930,1285.04
31,28,27.345163,88.599973,1286.94
32,28,27.345163,88.600016,1288.69
33,28,27.345163,88.600059,1290.27
34,28,27.345163,88.600101,1291.57
35,28,27.345163,88.600144,1292.49
36,28,27.345163,88.600187,1292.93
37,28,27.345163,88.600230,1292.96
38,28,27.345163,88.600273,1292.82
39,28,27.345163,88.600316,1292.75
40,28,27.345163,88.600359,1293.02
41,28,27.345163,88.600402,1293.71
42,28,27.345163,88.600445,1294.78
43,28,27.345163,88.600488,1296.15
44,28,27.345163,88.600531,1297.76
45,28,27.345163,88.600574,1299.55
46,28,27.345163,88.600616,1301.54
47,28,27.345163,88.600659,1303.70
48,28,27.345163,88.600702,1306.05
49,28,27.345163,88.600745,1308.54
50,28,27.345163,88.600788,1311.10
51,28,27.345163,88.600831,1313.67
52,28,27.345163,88.600874,1316.19
53,28,27.345163,88.600917,1318.66
54,28,27.345163,88.600960,1321.18
55,28,27.345163,88.601003,1323.88
56,28,27.345163,88.601046,1326.85
57,28,27.345163,88.601089,1330.13
58,28,27.345163,88.601131,1333.65
59,28,27.345163,88.601174,1337.34
60,28,27.345163,88.601217,1341.12
61,28,27.345163,88.601260,1344.91
62,28,27.345163,88.601303,1348.66
63,28,27.345163,88.601346,1352.29
0,29,27.345125,88.598642,1225.07
1,29,27.345125,88.598685,1227.05
2,29,27.345125,88.598728,1229.07
3,29,27.345125,88.598771,1231.12
4,29,27.345125,88.598814,1233.14
5,29,27.345125,88.598857,1235.13
6,29,27.345125,88.598900,1237.09
7,29,27.345125,88.598943,1239.05
8,29,27.345125,88.598986,1241.02
9,29,27.345125,88.599029,1243.01
10,29,27.345125,88.599072,1245.00
11,29,27.345125,88.599114,1246.98
12,29,27.345125,88.599157,1248.93
13,29,27.345125,88.599200,1250.83
14,29,27.345125,88.599243,1252.64
15,29,27.345125,88.599286,1254.31
16,29,27.345125,88.599329,1255.81
17,29,27.345125,88.599372,1257.15
18,29,27.345125,88.599415,1258.45
19,29,27.345125,88.599458,1259.79
20,29,27.345125,88.599501,1261.28
21,29,27.345125,88.599544,1262.97
22,29,27.345125,88.599586,1264.89
23,29,27.345125,88.599629,1267.03
24,29,27.345125,88.599672,1269.42
25,29,27.345125,88.599715,1272.01
26,29,27.345125,88.599758,1274.70
27,29,27.345125,88.599801,1277.40
28,29,27.345125,88.599844,1280.00
29,29,27.345125,88.599887,1282.45
30,29,27.345125,88.599930,1284.70
31,29,27.345125,88.599973,1286.73
32,29,27.345125,88.600016,1288.52
33,29,27.345125,88.600059,1290.01
34,29,27.345125,88.600101,1291.18
35,29,27.345125,88.600144,1291.97
36,29,27.345125,88.600187,1292.36
37,29,27.345125,88.600230,1292.41
38,29,27.345125,88.600273,1292.36
39,29,27.345125,88.600316,1292.43
40,29,27.345125,88.600359,1292.84
41,29,27.345125,88.600402,1293.70
42,29,27.345125,88.600445,1294.90
43,29,27.345125,88.600488,1296.38
44,29,27.345125,88.600531,1298.03
45,29,27.345125,88.600574,1299.84
46,29,27.345125,88.600616,1301.80
47,29,27.345125,88.600659,1303.93
48,29,27.345125,88.600702,1306.25
49,29,27.345125,88.600745,1308.75
50,29,27.345125,88.600788,1311.39
51,29,27.345125,88.600831,1314.13
52,29,27.345125,88.600874,1316.93
53,29,27.345125,88.600917,1319.78
54,29,27.345125,88.600960,1322.71
55,29,27.345125,88.601003,1325.75
56,29,27.345125,88.601046,1328.92
57,29,27.345125,88.601089,1332.25
58,29,27.345125,88.601131,1335.69
59,29,27.345125,88.601174,1339.22
60,29,27.345125,88.601217,1342.83
61,29,27.345125,88.601260,1346.46
62,29,27.345125,88.601303,1350.04
63,29,27.345125,88.601346,1353.52
0,30,27.345087,88.598642,1226.09
1,30,27.345087,88.598685,1228.07
2,30,27.345087,88.598728,1230.10
3,30,27.345087,88.598771,1232.14
4,30,27.345087,88.598814,1234.15
5,30,27.345087,88.598857,1236.12
6,30,27.345087,88.598900,1238.04
7,30,27.345087,88.598943,1239.93
8,30,27.345087,88.598986,1241.78
9,30,27.345087,88.599029,1243.59
10,30,27.345087,88.599072,1245.38
11,30,27.345087,88.599114,1247.14
12,30,27.345087,88.599157,1248.86
13,30,27.345087,88.599200,1250.54
14,30,27.345087,88.599243,1252.15
15,30,27.345087,88.599286,1253.64
16,30,27.345087,88.599329,1255.00
17,30,27.345087,88.599372,1256.25
18,30,27.345087,88.599415,1257.48
19,30,27.345087,88.599458,1258.78
20,30,27.345087,88.599501,1260.24
21,30,27.345087,88.599544,1261.91
22,30,27.345087,88.599586,1263.82
23,30,27.345087,88.599629,1265.96
24,30,27.345087,88.599672,1268.36
25,30,27.345087,88.599715,1270.98
26,30,27.345087,88.599758,1273.73
27,30,27.345087,88.599801,1276.54
28,30,27.345087,88.599844,1279.31
29,30,27.345087,88.599887,1281.95
30,30,27.345087,88.599930,1284.40
31,30,27.345087,88.599973,1286.56
32,30,27.345087,88.600016,1288.36
33,30,27.345087,88.600059,1289.76
34,30,27.345087,88.600101,1290.79
35,30,27.345087,88.600144,1291.48
36,30,27.345087,88.600187,1291.83
37,30,27.345087,88.600230,1291.96
38,30,27.345087,88.600273,1292.06
39,30,27.345087,88.600316,1292.31
40,30,27.345087,88.600359,1292.91
41,30,27.345087,88.600402,1293.92
42,30,27.345087,88.600445,1295.25
43,30,27.345087,88.600488,1296.81
44,30,27.345087,88.600531,1298.51
45,30,27.345087,88.600574,1300.31
46,30,27.345087,88.600616,1302.25
47,30,27.345087,88.600659,1304.35
48,30,27.345087,88.600702,1306.66
49,30,27.345087,88.600745,1309.19
50,30,27.345087,88.600788,1311.93
51,30,27.345087,88.600831,1314.86
52,30,27.345087,88.600874,1317.97
53,30,27.345087,88.600917,1321.23
54,30,27.345087,88.600960,1324.58
55,30,27.345087,88.601003,1327.95
56,30,27.345087,88.601046,1331.29
57,30,27.345087,88.601089,1334.59
58,30,27.345087,88.601131,1337.87
59,30,27.345087,88.601174,1341.17
60,30,27.345087,88.601217,1344.53
61,30,27.345087,88.601260,1347.95
62,30,27.345087,88.601303,1351.34
63,30,27.345087,88.601346,1354.66
0,31,27.345049,88.598642,1227.25
1,31,27.345049,88.598685,1229.25
2,31,27.345049,88.598728,1231.28
3,31,27.345049,88.598771,1233.29
4,31,27.345049,88.598814,1235.25
5,31,27.345049,88.598857,1237.15
6,31,27.345049,88.598900,1238.98
7,31,27.345049,88.598943,1240.75
8,31,27.345049,88.598986,1242.46
9,31,27.345049,88.599029,1244.12
10,31,27.345049,88.599072,1245.72
11,31,27.345049,88.599114,1247.27
12,31,27.345049,88.599157,1248.77
13,31,27.345049,88.599200,1250.22
14,31,27.345049,88.599243,1251.61
15,31,27.345049,88.599286,1252.92
16,31,27.345049,88.599329,1254.14
17,31,27.345049,88.599372,1255.32
18,31,27.345049,88.599415,1256.52
19,31,27.345049,88.599458,1257.82
20,31,27.345049,88.599501,1259.30
21,31,27.345049,88.599544,1261.01
22,31,27.345049,88.599586,1262.95
23,31,27.345049,88.599629,1265.13
24,31,27.345049,88.599672,1267.55
25,31,27.345049,88.599715,1270.19
26,31,27.345049,88.599758,1272.97
27,31,27.345049,88.599801,1275.83
28,31,27.345049,88.599844,1278.69
29,31,27.345049,88.599887,1281.46
30,31,27.345049,88.599930,1284.02
31,31,27.345049,88.599973,1286.27
32,31,27.345049,88.600016,1288.08
33,31,27.345049,88.600059,1289.42
34,31,27.345049,88.600101,1290.38
35,31,27.345049,88.600144,1291.01
36,31,27.345049,88.600187,1291.39
37,31,27.345049,88.600230,1291.65
38,31,27.345049,88.600273,1291.93
39,31,27.345049,88.600316,1292.39
40,31,27.345049,88.600359,1293.18
41,31,27.345049,88.600402,1294.36
42,31,27.345049,88.600445,1295.81
43,31,27.345049,88.600488,1297.46
44,31,27.345049,88.600531,1299.20
45,31,27.345049,88.600574,1301.01
46,31,27.345049,88.600616,1302.94
47,31,27.345049,88.600659,1305.04
48,31,27.345049,88.600702,1307.37
49,31,27.345049,88.600745,1309.97
50,31,27.345049,88.600788,1312.83
51,31,27.345049,88.600831,1315.96
52,31,27.345049,88.600874,1319.37
53,31,27.345049,88.600917,1322.99
54,31,27.345049,88.600960,1326.69
55,31,27.345049,88.601003,1330.33
56,31,27.345049,88.601046,1333.77
57,31,27.345049,88.601089,1336.98
58,31,27.345049,88.601131,1340.05
59,31,27.345049,88.601174,1343.08
60,31,27.345049,88.601217,1346.16
61,31,27.345049,88.601260,1349.33
62,31,27.345049,88.601303,1352.52
63,31,27.345049,88.601346,1355.65
0,32,27.345010,88.598642,1228.53
1,32,27.345010,88.598685,1230.55
2,32,27.345010,88.598728,1232.57
3,32,27.345010,88.598771,1234.52
4,32,27.345010,88.598814,1236.39
5,32,27.345010,88.598857,1238.15
6,32,27.345010,88.598900,1239.82
7,32,27.345010,88.598943,1241.43
8,32,27.345010,88.598986,1242.98
9,32,27.345010,88.599029,1244.48
10,32,27.345010,88.599072,1245.93
11,32,27.345010,88.599114,1247.31
12,32,27.345010,88.599157,1248.61
13,32,27.345010,88.599200,1249.84
14,32,27.345010,88.599243,1251.00
15,32,27.345010,88.599286,1252.13
16,32,27.345010,88.599329,1253.24
17,32,27.345010,88.599372,1254.37
18,32,27.345010,88.599415,1255.58
19,32,27.345010,88.599458,1256.94
20,32,27.345010,88.599501,1258.50
21,32,27.345010,88.599544,1260.31
22,32,27.345010,88.599586,1262.34
23,32,27.345010,88.599629,1264.59
24,32,27.345010,88.599672,1267.06
25,32,27.345010,88.599715,1269.71
26,32,27.345010,88.599758,1272.48
27,32,27.345010,88.599801,1275.31
28,32,27.345010,88.599844,1278.15
29,32,27.345010,88.599887,1280.92
30,32,27.345010,88.599930,1283.48
31,32,27.345010,88.599973,1285.73
32,32,27.345010,88.600016,1287.54
33,32,27.345010,88.600059,1288.90
34,32,27.345010,88.600101,1289.89
35,32,27.345010,88.600144,1290.59
36,32,27.345010,88.600187,1291.09
37,32,27.345010,88.600230,1291.51
38,32,27.345010,88.600273,1291.98
39,32,27.345010,88.600316,1292.64
40,32,27.345010,88.600359,1293.62
41,32,27.345010,88.600402,1294.96
42,32,27.345010,88.600445,1296.56
43,32,27.345010,88.600488,1298.31
44,32,27.345010,88.600531,1300.12
45,32,27.345010,88.600574,1301.96
46,32,27.345010,88.600616,1303.92
47,32,27.345010,88.600659,1306.06
48,32,27.345010,88.600702,1308.47
49,32,27.345010,88.600745,1311.19
50,32,27.345010,88.600788,1314.22
51,32,27.345010,88.600831,1317.56
52,32,27.345010,88.600874,1321.20
53,32,27.345010,88.600917,1325.06
54,32,27.345010,88.600960,1328.96
55,32,27.345010,88.601003,1332.73
56,32,27.345010,88.601046,1336.17
57,32,27.345010,88.601089,1339.25
58,32,27.345010,88.601131,1342.11
59,32,27.345010,88.601174,1344.86
60,32,27.345010,88.601217,1347.67
61,32,27.345010,88.601260,1350.57
62,32,27.345010,88.601303,1353.53
63,32,27.345010,88.601346,1356.45
0,33,27.344972,88.598642,1229.87
1,33,27.344972,88.598685,1231.90
2,33,27.344972,88.598728,1233.89
3,33,27.344972,88.598771,1235.77
4,33,27.344972,88.598814,1237.49
5,33,27.344972,88.598857,1239.05
6,33,27.344972,88.598900,1240.51
7,33,27.344972,88.598943,1241.89
8,33,27.344972,88.598986,1243.27
9,33,27.344972,88.599029,1244.64
10,33,27.344972,88.599072,1245.96
11,33,27.344972,88.599114,1247.21
12,33,27.344972,88.599157,1248.34
13,33,27.344972,88.599200,1249.37
14,33,27.344972,88.599243,1250.34
15,33,27.344972,88.599286,1251.31
16,33,27.344972,88.599329,1252.33
17,33,27.344972,88.599372,1253.45
18,33,27.344972,88.599415,1254.71
19,33,27.344972,88.599458,1256.16
20,33,27.344972,88.599501,1257.86
21,33,27.344972,88.599544,1259.82
22,33,27.344972,88.599586,1261.99
23,33,27.344972,88.599629,1264.36
24,33,27.344972,88.599672,1266.89
25,33,27.344972,88.599715,1269.54
26,33,27.344972,88.599758,1272.25
27,33,27.344972,88.599801,1274.99
28,33,27.344972,88.599844,1277.71
29,33,27.344972,88.599887,1280.32
30,33,27.344972,88.599930,1282.76
31,33,27.344972,88.599973,1284.93
32,33,27.344972,88.600016,1286.75
33,33,27.344972,88.600059,1288.21
34,33,27.344972,88.600101,1289.36
35,33,27.344972,88.600144,1290.25
36,33,27.344972,88.600187,1290.96
37,33,27.344972,88.600230,1291.57
38,33,27.344972,88.600273,1292.23
39,33,27.344972,88.600316,1293.07
40,33,27.344972,88.600359,1294.22
41,33,27.344972,88.600402,1295.72
42,33,27.344972,88.600445,1297.47
43,33,27.344972,88.600488,1299.34
44,33,27.344972,88.600531,1301.25
45,33,27.344972,88.600574,1303.17
46,33,27.344972,88.600616,1305.20
47,33,27.344972,88.600659,1307.44
48,33,27.344972,88.600702,1309.98
49,33,27.344972,88.600745,1312.88
50,33,27.344972,88.600788,1316.10
51,33,27.344972,88.600831,1319.62
52,33,27.344972,88.600874,1323.40
53,33,27.344972,88.600917,1327.35
54,33,27.344972,88.600960,1331.29
55,33,27.344972,88.601003,1335.02
56,33,27.344972,88.601046,1338.38
57,33,27.344972,88.601089,1341.30
58,33,27.344972,88.601131,1343.95
59,33,27.344972,88.601174,1346.46
60,33,27.344972,88.601217,1349.01
61,33,27.344972,88.601260,1351.65
62,33,27.344972,88.601303,1354.35
63,33,27.344972,88.601346,1357.04
0,34,27.344934,88.598642,1231.19
1,34,27.344934,88.598685,1233.20
2,34,27.344934,88.598728,1235.14
3,34,27.344934,88.598771,1236.92
4,34,27.344934,88.598814,1238.48
5,34,27.344934,88.598857,1239.83
6,34,27.344934,88.598900,1241.05
7,34,27.344934,88.598943,1242.21
8,34,27.344934,88.598986,1243.41
9,34,27.344934,88.599029,1244.65
10,34,27.344934,88.599072,1245.87
11,34,27.344934,88.599114,1247.01
12,34,27.344934,88.599157,1248.01
13,34,27.344934,88.599200,1248.88
14,34,27.344934,88.599243,1249.69
15,34,27.344934,88.599286,1250.54
16,34,27.344934,88.599329,1251.50
17,34,27.344934,88.599372,1252.62
18,34,27.344934,88.599415,1253.96
19,34,27.344934,88.599458,1255.54
20,34,27.344934,88.599501,1257.39
21,34,27.344934,88.599544,1259.52
22,34,27.344934,88.599586,1261.86
23,34,27.344934,88.599629,1264.35
24,34,27.344934,88.599672,1266.94
25,34,27.344934,88.599715,1269.58
26,34,27.344934,88.599758,1272.23
27,34,27.344934,88.599801,1274.84
28,34,27.344934,88.599844,1277.36
29,34,27.344934,88.599887,1279.76
30,34,27.344934,88.599930,1282.00
31,34,27.344934,88.599973,1284.06
32,34,27.344934,88.600016,1285.90
33,34,27.344934,88.600059,1287.50
34,34,27.344934,88.600101,1288.88
35,34,27.344934,88.600144,1290.05
36,34,27.344934,88.600187,1291.01
37,34,27.344934,88.600230,1291.84
38,34,27.344934,88.600273,1292.68
39,34,27.344934,88.600316,1293.68
40,34,27.344934,88.600359,1295.00
41,34,27.344934,88.600402,1296.64
42,34,27.344934,88.600445,1298.52
43,34,27.344934,88.600488,1300.53
44,34,27.344934,88.600531,1302.55
45,34,27.344934,88.600574,1304.59
46,34,27.344934,88.600616,1306.73
47,34,27.344934,88.600659,1309.10
48,34,27.344934,88.600702,1311.81
49,34,27.344934,88.600745,1314.89
50,34,27.344934,88.600788,1318.29
51,34,27.344934,88.600831,1321.94
52,34,27.344934,88.600874,1325.79
53,34,27.344934,88.600917,1329.71
54,34,27.344934,88.600960,1333.56
55,34,27.344934,88.601003,1337.16
56,34,27.344934,88.601046,1340.36
57,34,27.344934,88.601089,1343.12
58,34,27.344934,88.601131,1345.57
59,34,27.344934,88.601174,1347.88
60,34,27.344934,88.601217,1350.19
61,34,27.344934,88.601260,1352.56
62,34,27.344934,88.601303,1354.99
63,34,27.344934,88.601346,1357.43
0,35,27.344896,88.598642,1232.38
1,35,27.344896,88.598685,1234.34
2,35,27.344896,88.598728,1236.20
3,35,27.344896,88.598771,1237.87
4,35,27.344896,88.598814,1239.28
5,35,27.344896,88.598857,1240.44
6,35,27.344896,88.598900,1241.46
7,35,27.344896,88.598943,1242.43
8,35,27.344896,88.598986,1243.47
9,35,27.344896,88.599029,1244.59
10,35,27.344896,88.599072,1245.71
11,35,27.344896,88.599114,1246.75
12,35,27.344896,88.599157,1247.64
13,35,27.344896,88.599200,1248.39
14,35,27.344896,88.599243,1249.10
15,35,27.344896,88.599286,1249.88
16,35,27.344896,88.599329,1250.82
17,35,27.344896,88.599372,1251.99
18,35,27.344896,88.599415,1253.41
19,35,27.344896,88.599458,1255.12
20,35,27.344896,88.599501,1257.12
21,35,27.344896,88.599544,1259.40
22,35,27.344896,88.599586,1261.88
23,35,27.344896,88.599629,1264.48
24,35,27.344896,88.599672,1267.12
25,35,27.344896,88.599715,1269.75
26,35,27.344896,88.599758,1272.32
27,35,27.344896,88.599801,1274.79
28,35,27.344896,88.599844,1277.12
29,35,27.344896,88.599887,1279.30
30,35,27.344896,88.599930,1281.35
31,35,27.344896,88.599973,1283.30
32,35,27.344896,88.600016,1285.18
33,35,27.344896,88.600059,1286.95
34,35,27.344896,88.600101,1288.59
35,35,27.344896,88.600144,1290.05
36,35,27.344896,88.600187,1291.29
37,35,27.344896,88.600230,1292.34
38,35,27.344896,88.600273,1293.36
39,35,27.344896,88.600316,1294.52
40,35,27.344896,88.600359,1295.96
41,35,27.344896,88.600402,1297.72
42,35,27.344896,88.600445,1299.71
43,35,27.344896,88.600488,1301.83
44,35,27.344896,88.600531,1303.98
45,35,27.344896,88.600574,1306.16
46,35,27.344896,88.600616,1308.46
47,35,27.344896,88.600659,1311.00
48,35,27.344896,88.600702,1313.86
49,35,27.344896,88.600745,1317.09
50,35,27.344896,88.600788,1320.61
51,35,27.344896,88.600831,1324.31
52,35,27.344896,88.600874,1328.13
53,35,27.344896,88.600917,1331.96
54,35,27.344896,88.600960,1335.66
55,35,27.344896,88.601003,1339.08
56,35,27.344896,88.601046,1342.11
57,35,27.344896,88.601089,1344.70
58,35,27.344896,88.601131,1346.99
59,35,27.344896,88.601174,1349.11
60,35,27.344896,88.601217,1351.20
61,35,27.344896,88.601260,1353.31
62,35,27.344896,88.601303,1355.47
63,35,27.344896,88.601346,1357.66
0,36,27.344858,88.598642,1233.34
1,36,27.344858,88.598685,1235.21
2,36,27.344858,88.598728,1236.96
3,36,27.344858,88.598771,1238.52
4,36,27.344858,88.598814,1239.80
5,36,27.344858,88.598857,1240.84
6,36,27.344858,88.598900,1241.75
7,36,27.344858,88.598943,1242.61
8,36,27.344858,88.598986,1243.53
9,36,27.344858,88.599029,1244.53
10,36,27.344858,88.599072,1245.53
11,36,27.344858,88.599114,1246.47
12,36,27.344858,88.599157,1247.28
13,36,27.344858,88.599200,1247.96
14,36,27.344858,88.599243,1248.64
15,36,27.344858,88.599286,1249.41
16,36,27.344858,88.599329,1250.38
17,36,27.344858,88.599372,1251.62
18,36,27.344858,88.599415,1253.13
19,36,27.344858,88.599458,1254.93
20,36,27.344858,88.599501,1257.05
21,36,27.344858,88.599544,1259.44
22,36,27.344858,88.599586,1262.01
23,36,27.344858,88.599629,1264.67
24,36,27.344858,88.599672,1267.34
25,36,27.344858,88.599715,1269.93
26,36,27.344858,88.599758,1272.43
27,36,27.344858,88.599801,1274.80
28,36,27.344858,88.599844,1276.99
29,36,27.344858,88.599887,1279.03
30,36,27.344858,88.599930,1280.96
31,36,27.344858,88.599973,1282.87
32,36,27.344858,88.600016,1284.79
33,36,27.344858,88.600059,1286.73
34,36,27.344858,88.600101,1288.60
35,36,27.344858,88.600144,1290.32
36,36,27.344858,88.600187,1291.80
37,36,27.344858,88.600230,1293.08
38,36,27.344858,88.600273,1294.29
39,36,27.344858,88.600316,1295.59
40,36,27.344858,88.600359,1297.13
41,36,27.344858,88.600402,1298.96
42,36,27.344858,88.600445,1301.01
43,36,27.344858,88.600488,1303.21
44,36,27.344858,88.600531,1305.49
45,36,27.344858,88.600574,1307.84
46,36,27.344858,88.600616,1310.34
47,36,27.344858,88.600659,1313.05
48,36,27.344858,88.600702,1316.05
49,36,27.344858,88.600745,1319.34
50,36,27.344858,88.600788,1322.85
51,36,27.344858,88.600831,1326.51
52,36,27.344858,88.600874,1330.23
53,36,27.344858,88.600917,1333.93
54,36,27.344858,88.600960,1337.47
55,36,27.344858,88.601003,1340.73
56,36,27.344858,88.601046,1343.61
57,36,27.344858,88.601089,1346.06
58,36,27.344858,88.601131,1348.20
59,36,27.344858,88.601174,1350.16
60,36,27.344858,88.601217,1352.03
61,36,27.344858,88.601260,1353.90
62,36,27.344858,88.601303,1355.80
63,36,27.344858,88.601346,1357.73
0,37,27.344820,88.598642,1234.04
1,37,27.344820,88.598685,1235.77
2,37,27.344820,88.598728,1237.38
3,37,27.344820,88.598771,1238.82
4,37,27.344820,88.598814,1240.03
5,37,27.344820,88.598857,1241.04
6,37,27.344820,88.598900,1241.91
7,37,27.344820,88.598943,1242.74
8,37,27.344820,88.598986,1243.59
9,37,27.344820,88.599029,1244.48
10,37,27.344820,88.599072,1245.37
11,37,27.344820,88.599114,1246.21
12,37,27.344820,88.599157,1246.95
13,37,27.344820,88.599200,1247.63
14,37,27.344820,88.599243,1248.34
15,37,27.344820,88.599286,1249.17
16,37,27.344820,88.599329,1250.21
17,37,27.344820,88.599372,1251.53
18,37,27.344820,88.599415,1253.12
19,37,27.344820,88.599458,1255.00
20,37,27.344820,88.599501,1257.18
21,37,27.344820,88.599544,1259.61
22,37,27.344820,88.599586,1262.21
23,37,27.344820,88.599629,1264.88
24,37,27.344820,88.599672,1267.53
25,37,27.344820,88.599715,1270.10
26,37,27.344820,88.599758,1272.55
27,37,27.344820,88.599801,1274.87
28,37,27.344820,88.599844,1277.01
29,37,27.344820,88.599887,1279.01
30,37,27.344820,88.599930,1280.93
31,37,27.344820,88.599973,1282.85
32,37,27.344820,88.600016,1284.85
33,37,27.344820,88.600059,1286.92
34,37,27.344820,88.600101,1288.96
35,37,27.344820,88.600144,1290.88
36,37,27.344820,88.600187,1292.58
37,37,27.344820,88.600230,1294.06
38,37,27.344820,88.600273,1295.46
39,37,27.344820,88.600316,1296.89
40,37,27.344820,88.600359,1298.50
41,37,27.344820,88.600402,1300.35
42,37,27.344820,88.600445,1302.41
43,37,27.344820,88.600488,1304.64
44,37,27.344820,88.600531,1307.04
45,37,27.344820,88.600574,1309.59
46,37,27.344820,88.600616,1312.29
47,37,27.344820,88.600659,1315.17
48,37,27.344820,88.600702,1318.25
49,37,27.344820,88.600745,1321.51
50,37,27.344820,88.600788,1324.91
51,37,27.344820,88.600831,1328.41
52,37,27.344820,88.600874,1331.98
53,37,27.344820,88.600917,1335.54
54,37,27.344820,88.600960,1338.95
55,37,27.344820,88.601003,1342.09
56,37,27.344820,88.601046,1344.85
57,37,27.344820,88.601089,1347.19
58,37,27.344820,88.601131,1349.20
59,37,27.344820,88.601174,1351.00
60,37,27.344820,88.601217,1352.69
61,37,27.344820,88.601260,1354.34
62,37,27.344820,88.601303,1355.99
63,37,27.344820,88.601346,1357.69
0,38,27.344782,88.598642,1234.49
1,38,27.344782,88.598685,1236.07
2,38,27.344782,88.598728,1237.52
3,38,27.344782,88.598771,1238.84
4,38,27.344782,88.598814,1240.00
5,38,27.344782,88.598857,1241.03
6,38,27.344782,88.598900,1241.95
7,38,27.344782,88.598943,1242.80
8,38,27.344782,88.598986,1243.62
9,38,27.344782,88.599029,1244.43
10,38,27.344782,88.599072,1245.21
11,38,27.344782,88.599114,1245.96
12,38,27.344782,88.599157,1246.68
13,38,27.344782,88.599200,1247.40
14,38,27.344782,88.599243,1248.19
15,38,27.344782,88.599286,1249.12
16,38,27.344782,88.599329,1250.27
17,38,27.344782,88.599372,1251.66
18,38,27.344782,88.599415,1253.32
19,38,27.344782,88.599458,1255.25
20,38,27.344782,88.599501,1257.45
21,38,27.344782,88.599544,1259.89
22,38,27.344782,88.599586,1262.47
23,38,27.344782,88.599629,1265.12
24,38,27.344782,88.599672,1267.75
25,38,27.344782,88.599715,1270.29
26,38,27.344782,88.599758,1272.73
27,38,27.344782,88.599801,1275.05
28,38,27.344782,88.599844,1277.21
29,38,27.344782,88.599887,1279.25
30,38,27.344782,88.599930,1281.24
31,38,27.344782,88.599973,1283.25
32,38,27.344782,88.600016,1285.35
33,38,27.344782,88.600059,1287.52
34,38,27.344782,88.600101,1289.69
35,38,27.344782,88.600144,1291.75
36,38,27.344782,88.600187,1293.61
37,38,27.344782,88.600230,1295.27
38,38,27.344782,88.600273,1296.82
39,38,27.344782,88.600316,1298.37
40,38,27.344782,88.600359,1300.03
41,38,27.344782,88.600402,1301.85
42,38,27.344782,88.600445,1303.88
43,38,27.344782,88.600488,1306.12
44,38,27.344782,88.600531,1308.60
45,38,27.344782,88.600574,1311.32
46,38,27.344782,88.600616,1314.21
47,38,27.344782,88.600659,1317.24
48,38,27.344782,88.600702,1320.35
49,38,27.344782,88.600745,1323.51
50,38,27.344782,88.600788,1326.74
51,38,27.344782,88.600831,1330.04
52,38,27.344782,88.600874,1333.42
53,38,27.344782,88.600917,1336.83
54,38,27.344782,88.600960,1340.13
55,38,27.344782,88.601003,1343.18
56,38,27.344782,88.601046,1345.84
57,38,27.344782,88.601089,1348.08
58,38,27.344782,88.601131,1349.98
59,38,27.344782,88.601174,1351.64
60,38,27.344782,88.601217,1353.16
61,38,27.344782,88.601260,1354.61
62,38,27.344782,88.601303,1356.06
63,38,27.344782,88.601346,1357.55
0,39,27.344744,88.598642,1234.72
1,39,27.344744,88.598685,1236.14
2,39,27.344744,88.598728,1237.45
3,39,27.344744,88.598771,1238.66
4,39,27.344744,88.598814,1239.79
5,39,27.344744,88.598857,1240.85
6,39,27.344744,88.598900,1241.82
7,39,27.344744,88.598943,1242.73
8,39,27.344744,88.598986,1243.55
9,39,27.344744,88.599029,1244.31
10,39,27.344744,88.599072,1245.04
11,39,27.344744,88.599114,1245.75
12,39,27.344744,88.599157,1246.48
13,39,27.344744,88.599200,1247.28
14,39,27.344744,88.599243,1248.18
15,39,27.344744,88.599286,1249.23
16,39,27.344744,88.599329,1250.48
17,39,27.344744,88.599372,1251.95
18,39,27.344744,88.599415,1253.66
19,39,27.344744,88.599458,1255.62
20,39,27.344744,88.599501,1257.82
21,39,27.344744,88.599544,1260.24
22,39,27.344744,88.599586,1262.79
23,39,27.344744,88.599629,1265.41
24,39,27.344744,88.599672,1268.01
25,39,27.344744,88.599715,1270.56
26,39,27.344744,88.599758,1273.02
27,39,27.344744,88.599801,1275.39
28,39,27.344744,88.599844,1277.64
29,39,27.344744,88.599887,1279.80
30,39,27.344744,88.599930,1281.91
31,39,27.344744,88.599973,1284.04
32,39,27.344744,88.600016,1286.25
33,39,27.344744,88.600059,1288.52
34,39,27.344744,88.600101,1290.77
35,39,27.344744,88.600144,1292.92
36,39,27.344744,88.600187,1294.89
37,39,27.344744,88.600230,1296.68
38,39,27.344744,88.600273,1298.34
39,39,27.344744,88.600316,1299.97
40,39,27.344744,88.600359,1301.64
41,39,27.344744,88.600402,1303.43
42,39,27.344744,88.600445,1305.39
43,39,27.344744,88.600488,1307.61
44,39,27.344744,88.600531,1310.14
45,39,27.344744,88.600574,1312.97
46,39,27.344744,88.600616,1316.00
47,39,27.344744,88.600659,1319.12
48,39,27.344744,88.600702,1322.22
49,39,27.344744,88.600745,1325.27
50,39,27.344744,88.600788,1328.31
51,39,27.344744,88.600831,1331.41
52,39,27.344744,88.600874,1334.61
53,39,27.344744,88.600917,1337.88
54,39,27.344744,88.600960,1341.06
55,39,27.344744,88.601003,1344.02
56,39,27.344744,88.601046,1346.59
57,39,27.344744,88.601089,1348.72
58,39,27.344744,88.601131,1350.52
59,39,27.344744,88.601174,1352.05
60,39,27.344744,88.601217,1353.43
61,39,27.344744,88.601260,1354.73
62,39,27.344744,88.601303,1356.02
63,39,27.344744,88.601346,1357.35
0,40,27.344705,88.598642,1234.76
1,40,27.344705,88.598685,1236.05
2,40,27.344705,88.598728,1237.23
3,40,27.344705,88.598771,1238.36
4,40,27.344705,88.598814,1239.45
5,40,27.344705,88.598857,1240.51
6,40,27.344705,88.598900,1241.53
7,40,27.344705,88.598943,1242.47
8,40,27.344705,88.598986,1243.32
9,40,27.344705,88.599029,1244.09
10,40,27.344705,88.599072,1244.82
11,40,27.344705,88.599114,1245.57
12,40,27.344705,88.599157,1246.37
13,40,27.344705,88.599200,1247.27
14,40,27.344705,88.599243,1248.28
15,40,27.344705,88.599286,1249.45
16,40,27.344705,88.599329,1250.79
17,40,27.344705,88.599372,1252.33
18,40,27.344705,88.599415,1254.08
19,40,27.344705,88.599458,1256.05
20,40,27.344705,88.599501,1258.23
21,40,27.344705,88.599544,1260.62
22,40,27.344705,88.599586,1263.15
23,40,27.344705,88.599629,1265.76
24,40,27.344705,88.599672,1268.37
25,40,27.344705,88.599715,1270.96
26,40,27.344705,88.599758,1273.49
27,40,27.344705,88.599801,1275.96
28,40,27.344705,88.599844,1278.35
29,40,27.344705,88.599887,1280.66
30,40,27.344705,88.599930,1282.93
31,40,27.344705,88.599973,1285.20
32,40,27.344705,88.600016,1287.52
33,40,27.344705,88.600059,1289.87
34,40,27.344705,88.600101,1292.18
35,40,27.344705,88.600144,1294.39
36,40,27.344705,88.600187,1296.41
37,40,27.344705,88.600230,1298.26
38,40,27.344705,88.600273,1299.98
39,40,27.344705,88.600316,1301.63
40,40,27.344705,88.600359,1303.29
41,40,27.344705,88.600402,1305.03
42,40,27.344705,88.600445,1306.94
43,40,27.344705,88.600488,1309.11
44,40,27.344705,88.600531,1311.62
45,40,27.344705,88.600574,1314.48
46,40,27.344705,88.600616,1317.55
47,40,27.344705,88.600659,1320.68
48,40,27.344705,88.600702,1323.75
49,40,27.344705,88.600745,1326.70
50,40,27.344705,88.600788,1329.61
51,40,27.344705,88.600831,1332.55
52,40,27.344705,88.600874,1335.60
53,40,27.344705,88.600917,1338.73
54,40,27.344705,88.600960,1341.80
55,40,27.344705,88.601003,1344.63
56,40,27.344705,88.601046,1347.09
57,40,27.344705,88.601089,1349.11
58,40,27.344705,88.601131,1350.79
59,40,27.344705,88.601174,1352.22
60,40,27.344705,88.601217,1353.50
61,40,27.344705,88.601260,1354.70
62,40,27.344705,88.601303,1355.89
63,40,27.344705,88.601346,1357.11
0,41,27.344667,88.598642,1234.62
1,41,27.344667,88.598685,1235.82
2,41,27.344667,88.598728,1236.92
3,41,27.344667,88.598771,1237.97
4,41,27.344667,88.598814,1239.01
5,41,27.344667,88.598857,1240.05
6,41,27.344667,88.598900,1241.06
7,41,27.344667,88.598943,1242.03
8,41,27.344667,88.598986,1242.92
9,41,27.344667,88.599029,1243.76
10,41,27.344667,88.599072,1244.58
11,41,27.344667,88.599114,1245.43
12,41,27.344667,88.599157,1246.35
13,41,27.344667,88.599200,1247.37
14,41,27.344667,88.599243,1248.50
15,41,27.344667,88.599286,1249.77
16,41,27.344667,88.599329,1251.18
17,41,27.344667,88.599372,1252.77
18,41,27.344667,88.599415,1254.53
19,41,27.344667,88.599458,1256.49
20,41,27.344667,88.599501,1258.67
21,41,27.344667,88.599544,1261.04
22,41,27.344667,88.599586,1263.56
23,41,27.344667,88.599629,1266.18
24,41,27.344667,88.599672,1268.84
25,41,27.344667,88.599715,1271.50
26,41,27.344667,88.599758,1274.15
27,41,27.344667,88.599801,1276.76
28,41,27.344667,88.599844,1279.31
29,41,27.344667,88.599887,1281.80
30,41,27.344667,88.599930,1284.25
31,41,27.344667,88.599973,1286.68
32,41,27.344667,88.600016,1289.11
33,41,27.344667,88.600059,1291.54
34,41,27.344667,88.600101,1293.88
35,41,27.344667,88.600144,1296.10
36,41,27.344667,88.600187,1298.13
37,41,27.344667,88.600230,1299.97
38,41,27.344667,88.600273,1301.67
39,41,27.344667,88.600316,1303.30
40,41,27.344667,88.600359,1304.92
41,41,27.344667,88.600402,1306.61
42,41,27.344667,88.600445,1308.46
43,41,27.344667,88.600488,1310.57
44,41,27.344667,88.600531,1313.02
45,41,27.344667,88.600574,1315.80
46,41,27.344667,88.600616,1318.79
47,41,27.344667,88.600659,1321.86
48,41,27.344667,88.600702,1324.86
49,41,27.344667,88.600745,1327.75
50,41,27.344667,88.600788,1330.60
51,41,27.344667,88.600831,1333.46
52,41,27.344667,88.600874,1336.41
53,41,27.344667,88.600917,1339.41
54,41,27.344667,88.600960,1342.34
55,41,27.344667,88.601003,1345.03
56,41,27.344667,88.601046,1347.34
57,41,27.344667,88.601089,1349.24
58,41,27.344667,88.601131,1350.81
59,41,27.344667,88.601174,1352.16
60,41,27.344667,88.601217,1353.37
61,41,27.344667,88.601260,1354.53
62,41,27.344667,88.601303,1355.68
63,41,27.344667,88.601346,1356.85
0,42,27.344629,88.598642,1234.35
1,42,27.344629,88.598685,1235.47
2,42,27.344629,88.598728,1236.52
3,42,27.344629,88.598771,1237.51
4,42,27.344629,88.598814,1238.50
5,42,27.344629,88.598857,1239.49
6,42,27.344629,88.598900,1240.48
7,42,27.344629,88.598943,1241.46
8,42,27.344629,88.598986,1242.43
9,42,27.344629,88.599029,1243.37
10,42,27.344629,88.599072,1244.34
11,42,27.344629,88.599114,1245.34
12,42,27.344629,88.599157,1246.42
13,42,27.344629,88.599200,1247.58
14,42,27.344629,88.599243,1248.84
15,42,27.344629,88.599286,1250.20
16,42,27.344629,88.599329,1251.68
17,42,27.344629,88.599372,1253.28
18,42,27.344629,88.599415,1255.04
19,42,27.344629,88.599458,1256.98
20,42,27.344629,88.599501,1259.14
21,42,27.344629,88.599544,1261.49
22,42,27.344629,88.599586,1264.01
23,42,27.344629,88.599629,1266.65
24,42,27.344629,88.599672,1269.37
25,42,27.344629,88.599715,1272.14
26,42,27.344629,88.599758,1274.93
27,42,27.344629,88.599801,1277.70
28,42,27.344629,88.599844,1280.45
29,42,27.344629,88.599887,1283.14
30,42,27.344629,88.599930,1285.79
31,42,27.344629,88.599973,1288.39
32,42,27.344629,88.600016,1290.93
33,42,27.344629,88.600059,1293.41
34,42,27.344629,88.600101,1295.76
35,42,27.344629,88.600144,1297.95
36,42,27.344629,88.600187,1299.93
37,42,27.344629,88.600230,1301.70
38,42,27.344629,88.600273,1303.33
39,42,27.344629,88.600316,1304.89
40,42,27.344629,88.600359,1306.46
41,42,27.344629,88.600402,1308.10
42,42,27.344629,88.600445,1309.90
43,42,27.344629,88.600488,1311.93
44,42,27.344629,88.600531,1314.28
45,42,27.344629,88.600574,1316.92
46,42,27.344629,88.600616,1319.76
47,42,27.344629,88.600659,1322.69
48,42,27.344629,88.600702,1325.60
49,42,27.344629,88.600745,1328.45
50,42,27.344629,88.600788,1331.27
51,42,27.344629,88.600831,1334.09
52,42,27.344629,88.600874,1336.97
53,42,27.344629,88.600917,1339.85
54,42,27.344629,88.600960,1342.63
55,42,27.344629,88.601003,1345.17
56,42,27.344629,88.601046,1347.35
57,42,27.344629,88.601089,1349.13
58,42,27.344629,88.601131,1350.62
59,42,27.344629,88.601174,1351.91
60,42,27.344629,88.601217,1353.10
61,42,27.344629,88.601260,1354.27
62,42,27.344629,88.601303,1355.42
63,42,27.344629,88.601346,1356.59
0,43,27.344591,88.598642,1233.94
1,43,27.344591,88.598685,1235.02
2,43,27.344591,88.598728,1236.01
3,43,27.344591,88.598771,1236.97
4,43,27.344591,88.598814,1237.91
5,43,27.344591,88.598857,1238.88
6,43,27.344591,88.598900,1239.86
7,43,27.344591,88.598943,1240.86
8,43,27.344591,88.598986,1241.90
9,43,27.344591,88.599029,1242.98
10,43,27.344591,88.599072,1244.12
11,43,27.344591,88.599114,1245.31
12,43,27.344591,88.599157,1246.57
13,43,27.344591,88.599200,1247.90
14,43,27.344591,88.599243,1249.30
15,43,27.344591,88.599286,1250.76
16,43,27.344591,88.599329,1252.29
17,43,27.344591,88.599372,1253.90
18,43,27.344591,88.599415,1255.63
19,43,27.344591,88.599458,1257.54
20,43,27.344591,88.599501,1259.66
21,43,27.344591,88.599544,1261.99
22,43,27.344591,88.599586,1264.50
23,43,27.344591,88.599629,1267.17
24,43,27.344591,88.599672,1269.95
25,43,27.344591,88.599715,1272.82
26,43,27.344591,88.599758,1275.74
27,43,27.344591,88.599801,1278.70
28,43,27.344591,88.599844,1281.65
29,43,27.344591,88.599887,1284.58
30,43,27.344591,88.599930,1287.45
31,43,27.344591,88.599973,1290.23
32,43,27.344591,88.600016,1292.88
33,43,27.344591,88.600059,1295.38
34,43,27.344591,88.600101,1297.70
35,43,27.344591,88.600144,1299.80
36,43,27.344591,88.600187,1301.68
37,43,27.344591,88.600230,1303.34
38,43,27.344591,88.600273,1304.86
39,43,27.344591,88.600316,1306.34
40,43,27.344591,88.600359,1307.84
41,43,27.344591,88.600402,1309.44
42,43,27.344591,88.600445,1311.18
43,43,27.344591,88.600488,1313.14
44,43,27.344591,88.600531,1315.35
45,43,27.344591,88.600574,1317.81
46,43,27.344591,88.600616,1320.46
47,43,27.344591,88.600659,1323.22
48,43,27.344591,88.600702,1326.02
49,43,27.344591,88.600745,1328.81
50,43,27.344591,88.600788,1331.60
51,43,27.344591,88.600831,1334.39
52,43,27.344591,88.600874,1337.20
53,43,27.344591,88.600917,1339.97
54,43,27.344591,88.600960,1342.61
55,43,27.344591,88.601003,1345.02
56,43,27.344591,88.601046,1347.09
57,43,27.344591,88.601089,1348.80
58,43,27.344591,88.601131,1350.25
59,43,27.344591,88.601174,1351.54
60,43,27.344591,88.601217,1352.75
61,43,27.344591,88.601260,1353.95
62,43,27.344591,88.601303,1355.15
63,43,27.344591,88.601346,1356.36
0,44,27.344553,88.598642,1233.42
1,44,27.344553,88.598685,1234.45
2,44,27.344553,88.598728,1235.42
3,44,27.344553,88.598771,1236.34
4,44,27.344553,88.598814,1237.28
5,44,27.344553,88.598857,1238.23
6,44,27.344553,88.598900,1239.23
7,44,27.344553,88.598943,1240.30
8,44,27.344553,88.598986,1241.43
9,44,27.344553,88.599029,1242.65
10,44,27.344553,88.599072,1243.96
11,44,27.344553,88.599114,1245.34
12,44,27.344553,88.599157,1246.79
13,44,27.344553,88.599200,1248.31
14,44,27.344553,88.599243,1249.88
15,44,27.344553,88.599286,1251.46
16,44,27.344553,88.599329,1253.04
17,44,27.344553,88.599372,1254.64
18,44,27.344553,88.599415,1256.34
19,44,27.344553,88.599458,1258.18
20,44,27.344553,88.599501,1260.24
21,44,27.344553,88.599544,1262.54
22,44,27.344553,88.599586,1265.05
23,44,27.344553,88.599629,1267.73
24,44,27.344553,88.599672,1270.55
25,44,27.344553,88.599715,1273.49
26,44,27.344553,88.599758,1276.53
27,44,27.344553,88.599801,1279.65
28,44,27.344553,88.599844,1282.83
29,44,27.344553,88.599887,1286.02
30,44,27.344553,88.599930,1289.14
31,44,27.344553,88.599973,1292.11
32,44,27.344553,88.600016,1294.86
33,44,27.344553,88.600059,1297.34
34,44,27.344553,88.600101,1299.56
35,44,27.344553,88.600144,1301.53
36,44,27.344553,88.600187,1303.26
37,44,27.344553,88.600230,1304.78
38,44,27.344553,88.600273,1306.19
39,44,27.344553,88.600316,1307.57
40,44,27.344553,88.600359,1309.00
41,44,27.344553,88.600402,1310.54
42,44,27.344553,88.600445,1312.23
43,44,27.344553,88.600488,1314.11
44,44,27.344553,88.600531,1316.19
45,44,27.344553,88.600574,1318.48
46,44,27.344553,88.600616,1320.93
47,44,27.344553,88.600659,1323.51
48,44,27.344553,88.600702,1326.16
49,44,27.344553,88.600745,1328.85
50,44,27.344553,88.600788,1331.57
51,44,27.344553,88.600831,1334.30
52,44,27.344553,88.600874,1337.02
53,44,27.344553,88.600917,1339.70
54,44,27.344553,88.600960,1342.23
55,44,27.344553,88.601003,1344.55
56,44,27.344553,88.601046,1346.57
57,44,27.344553,88.601089,1348.28
58,44,27.344553,88.601131,1349.75
59,44,27.344553,88.601174,1351.09
60,44,27.344553,88.601217,1352.36
61,44,27.344553,88.601260,1353.63
62,44,27.344553,88.601303,1354.90
63,44,27.344553,88.601346,1356.17
0,45,27.344515,88.598642,1232.83
1,45,27.344515,88.598685,1233.83
2,45,27.344515,88.598728,1234.77
3,45,27.344515,88.598771,1235.68
4,45,27.344515,88.598814,1236.62
5,45,27.344515,88.598857,1237.61
6,45,27.344515,88.598900,1238.68
7,45,27.344515,88.598943,1239.82
8,45,27.344515,88.598986,1241.07
9,45,27.344515,88.599029,1242.42
10,45,27.344515,88.599072,1243.88
11,45,27.344515,88.599114,1245.43
12,45,27.344515,88.599157,1247.08
13,45,27.344515,88.599200,1248.80
14,45,27.344515,88.599243,1250.54
15,45,27.344515,88.599286,1252.25
16,45,27.344515,88.599329,1253.90
17,45,27.344515,88.599372,1255.50
18,45,27.344515,88.599415,1257.14
19,45,27.344515,88.599458,1258.91
20,45,27.344515,88.599501,1260.91
21,45,27.344515,88.599544,1263.16
22,45,27.344515,88.599586,1265.64
23,45,27.344515,88.599629,1268.32
24,45,27.344515,88.599672,1271.16
25,45,27.344515,88.599715,1274.14
26,45,27.344515,88.599758,1277.27
27,45,27.344515,88.599801,1280.53
28,45,27.344515,88.599844,1283.93
29,45,27.344515,88.599887,1287.38
30,45,27.344515,88.599930,1290.76
31,45,27.344515,88.599973,1293.93
32,45,27.344515,88.600016,1296.75
33,45,27.344515,88.600059,1299.18
34,45,27.344515,88.600101,1301.25
35,45,27.344515,88.600144,1303.04
36,45,27.344515,88.600187,1304.58
37,45,27.344515,88.600230,1305.95
38,45,27.344515,88.600273,1307.24
39,45,27.344515,88.600316,1308.52
40,45,27.344515,88.600359,1309.88
41,45,27.344515,88.600402,1311.36
42,45,27.344515,88.600445,1312.99
43,45,27.344515,88.600488,1314.79
44,45,27.344515,88.600531,1316.75
45,45,27.344515,88.600574,1318.89
46,45,27.344515,88.600616,1321.17
47,45,27.344515,88.600659,1323.57
48,45,27.344515,88.600702,1326.06
49,45,27.344515,88.600745,1328.61
50,45,27.344515,88.600788,1331.21
51,45,27.344515,88.600831,1333.84
52,45,27.344515,88.600874,1336.46
53,45,27.344515,88.600917,1339.04
54,45,27.344515,88.600960,1341.51
55,45,27.344515,88.601003,1343.80
56,45,27.344515,88.601046,1345.84
57,45,27.344515,88.601089,1347.61
58,45,27.344515,88.601131,1349.18
59,45,27.344515,88.601174,1350.62
60,45,27.344515,88.601217,1352.00
61,45,27.344515,88.601260,1353.36
62,45,27.344515,88.601303,1354.71
63,45,27.344515,88.601346,1356.04
0,46,27.344477,88.598642,1232.26
1,46,27.344477,88.598685,1233.25
2,46,27.344477,88.598728,1234.17
3,46,27.344477,88.598771,1235.09
4,46,27.344477,88.598814,1236.05
5,46,27.344477,88.598857,1237.10
6,46,27.344477,88.598900,1238.24
7,46,27.344477,88.598943,1239.48
8,46,27.344477,88.598986,1240.84
9,46,27.344477,88.599029,1242.30
10,46,27.344477,88.599072,1243.89
11,46,27.344477,88.599114,1245.59
12,46,27.344477,88.599157,1247.41
13,46,27.344477,88.599200,1249.30
14,46,27.344477,88.599243,1251.21
15,46,27.344477,88.599286,1253.05
16,46,27.344477,88.599329,1254.76
17,46,27.344477,88.599372,1256.36
18,46,27.344477,88.599415,1257.96
19,46,27.344477,88.599458,1259.69
20,46,27.344477,88.599501,1261.64
21,46,27.344477,88.599544,1263.86
22,46,27.344477,88.599586,1266.33
23,46,27.344477,88.599629,1269.00
24,46,27.344477,88.599672,1271.86
25,46,27.344477,88.599715,1274.86
26,46,27.344477,88.599758,1278.05
27,46,27.344477,88.599801,1281.41
28,46,27.344477,88.599844,1284.97
29,46,27.344477,88.599887,1288.64
30,46,27.344477,88.599930,1292.23
31,46,27.344477,88.599973,1295.54
32,46,27.344477,88.600016,1298.40
33,46,27.344477,88.600059,1300.73
34,46,27.344477,88.600101,1302.65
35,46,27.344477,88.600144,1304.24
36,46,27.344477,88.600187,1305.59
37,46,27.344477,88.600230,1306.81
38,46,27.344477,88.600273,1307.97
39,46,27.344477,88.600316,1309.15
40,46,27.344477,88.600359,1310.43
41,46,27.344477,88.600402,1311.85
42,46,27.344477,88.600445,1313.43
43,46,27.344477,88.600488,1315.15
44,46,27.344477,88.600531,1317.03
45,46,27.344477,88.600574,1319.05
46,46,27.344477,88.600616,1321.19
47,46,27.344477,88.600659,1323.43
48,46,27.344477,88.600702,1325.76
49,46,27.344477,88.600745,1328.16
50,46,27.344477,88.600788,1330.61
51,46,27.344477,88.600831,1333.10
52,46,27.344477,88.600874,1335.62
53,46,27.344477,88.600917,1338.15
54,46,27.344477,88.600960,1340.60
55,46,27.344477,88.601003,1342.92
56,46,27.344477,88.601046,1345.04
57,46,27.344477,88.601089,1346.93
58,46,27.344477,88.601131,1348.64
59,46,27.344477,88.601174,1350.23
60,46,27.344477,88.601217,1351.73
61,46,27.344477,88.601260,1353.18
62,46,27.344477,88.601303,1354.59
63,46,27.344477,88.601346,1355.98
0,47,27.344439,88.598642,1231.80
1,47,27.344439,88.598685,1232.80
2,47,27.344439,88.598728,1233.73
3,47,27.344439,88.598771,1234.66
4,47,27.344439,88.598814,1235.66
5,47,27.344439,88.598857,1236.76
6,47,27.344439,88.598900,1237.98
7,47,27.344439,88.598943,1239.30
8,47,27.344439,88.598986,1240.75
9,47,27.344439,88.599029,1242.32
10,47,27.344439,88.599072,1244.01
11,47,27.344439,88.599114,1245.83
12,47,27.344439,88.599157,1247.77
13,47,27.344439,88.599200,1249.78
14,47,27.344439,88.599243,1251.80
15,47,27.344439,88.599286,1253.73
16,47,27.344439,88.599329,1255.50
17,47,27.344439,88.599372,1257.14
18,47,27.344439,88.599415,1258.75
19,47,27.344439,88.599458,1260.48
20,47,27.344439,88.599501,1262.43
21,47,27.344439,88.599544,1264.67
22,47,27.344439,88.599586,1267.14
23,47,27.344439,88.599629,1269.83
24,47,27.344439,88.599672,1272.70
25,47,27.344439,88.599715,1275.73
26,47,27.344439,88.599758,1278.94
27,47,27.344439,88.599801,1282.36
28,47,27.344439,88.599844,1286.00
29,47,27.344439,88.599887,1289.77
30,47,27.344439,88.599930,1293.45
31,47,27.344439,88.599973,1296.81
32,47,27.344439,88.600016,1299.64
33,47,27.344439,88.600059,1301.89
34,47,27.344439,88.600101,1303.65
35,47,27.344439,88.600144,1305.06
36,47,27.344439,88.600187,1306.25
37,47,27.344439,88.600230,1307.32
38,47,27.344439,88.600273,1308.35
39,47,27.344439,88.600316,1309.42
40,47,27.344439,88.600359,1310.62
41,47,27.344439,88.600402,1311.98
42,47,27.344439,88.600445,1313.51
43,47,27.344439,88.600488,1315.18
44,47,27.344439,88.600531,1317.00
45,47,27.344439,88.600574,1318.93
46,47,27.344439,88.600616,1320.98
47,47,27.344439,88.600659,1323.11
48,47,27.344439,88.600702,1325.29
49,47,27.344439,88.600745,1327.54
50,47,27.344439,88.600788,1329.84
51,47,27.344439,88.600831,1332.21
52,47,27.344439,88.600874,1334.67
53,47,27.344439,88.600917,1337.17
54,47,27.344439,88.600960,1339.66
55,47,27.344439,88.601003,1342.06
56,47,27.344439,88.601046,1344.30
57,47,27.344439,88.601089,1346.36
58,47,27.344439,88.601131,1348.25
59,47,27.344439,88.601174,1349.99
60,47,27.344439,88.601217,1351.61
61,47,27.344439,88.601260,1353.14
62,47,27.344439,88.601303,1354.60
63,47,27.344439,88.601346,1356.02
0,48,27.344400,88.598642,1231.54
1,48,27.344400,88.598685,1232.57
2,48,27.344400,88.598728,1233.54
3,48,27.344400,88.598771,1234.52
4,48,27.344400,88.598814,1235.55
5,48,27.344400,88.598857,1236.69
6,48,27.344400,88.598900,1237.94
7,48,27.344400,88.598943,1239.32
8,48,27.344400,88.598986,1240.83
9,48,27.344400,88.599029,1242.48
10,48,27.344400,88.599072,1244.25
11,48,27.344400,88.599114,1246.14
12,48,27.344400,88.599157,1248.12
13,48,27.344400,88.599200,1250.17
14,48,27.344400,88.599243,1252.21
15,48,27.344400,88.599286,1254.17
16,48,27.344400,88.599329,1256.00
17,48,27.344400,88.599372,1257.71
18,48,27.344400,88.599415,1259.42
19,48,27.344400,88.599458,1261.24
20,48,27.344400,88.599501,1263.28
21,48,27.344400,88.599544,1265.58
22,48,27.344400,88.599586,1268.12
23,48,27.344400,88.599629,1270.86
24,48,27.344400,88.599672,1273.76
25,48,27.344400,88.599715,1276.82
26,48,27.344400,88.599758,1280.05
27,48,27.344400,88.599801,1283.46
28,48,27.344400,88.599844,1287.06
29,48,27.344400,88.599887,1290.76
30,48,27.344400,88.599930,1294.35
31,48,27.344400,88.599973,1297.61
32,48,27.344400,88.600016,1300.34
33,48,27.344400,88.600059,1302.48
34,48,27.344400,88.600101,1304.14
35,48,27.344400,88.600144,1305.44
36,48,27.344400,88.600187,1306.51
37,48,27.344400,88.600230,1307.44
38,48,27.344400,88.600273,1308.34
39,48,27.344400,88.600316,1309.30
40,48,27.344400,88.600359,1310.41
41,48,27.344400,88.600402,1311.72
42,48,27.344400,88.600445,1313.20
43,48,27.344400,88.600488,1314.85
44,48,27.344400,88.600531,1316.64
45,48,27.344400,88.600574,1318.54
46,48,27.344400,88.600616,1320.54
47,48,27.344400,88.600659,1322.60
48,48,27.344400,88.600702,1324.69
49,48,27.344400,88.600745,1326.81
50,48,27.344400,88.600788,1329.00
51,48,27.344400,88.600831,1331.30
52,48,27.344400,88.600874,1333.72
53,48,27.344400,88.600917,1336.27
54,48,27.344400,88.600960,1338.85
55,48,27.344400,88.601003,1341.39
56,48,27.344400,88.601046,1343.80
57,48,27.344400,88.601089,1346.03
58,48,27.344400,88.601131,1348.09
59,48,27.344400,88.601174,1349.98
60,48,27.344400,88.601217,1351.70
61,48,27.344400,88.601260,1353.27
62,48,27.344400,88.601303,1354.75
63,48,27.344400,88.601346,1356.18
0,49,27.344362,88.598642,1231.49
1,49,27.344362,88.598685,1232.60
2,49,27.344362,88.598728,1233.64
3,49,27.344362,88.598771,1234.66
4,49,27.344362,88.598814,1235.73
5,49,27.344362,88.598857,1236.88
6,49,27.344362,88.598900,1238.12
7,49,27.344362,88.598943,1239.51
8,49,27.344362,88.598986,1241.06
9,49,27.344362,88.599029,1242.76
10,49,27.344362,88.599072,1244.59
11,49,27.344362,88.599114,1246.50
12,49,27.344362,88.599157,1248.46
13,49,27.344362,88.599200,1250.44
14,49,27.344362,88.599243,1252.41
15,49,27.344362,88.599286,1254.34
16,49,27.344362,88.599329,1256.21
17,49,27.344362,88.599372,1258.06
18,49,27.344362,88.599415,1259.94
19,49,27.344362,88.599458,1261.95
20,49,27.344362,88.599501,1264.16
21,49,27.344362,88.599544,1266.60
22,49,27.344362,88.599586,1269.24
23,49,27.344362,88.599629,1272.06
24,49,27.344362,88.599672,1275.03
25,49,27.344362,88.599715,1278.13
26,49,27.344362,88.599758,1281.35
27,49,27.344362,88.599801,1284.69
28,49,27.344362,88.599844,1288.12
29,49,27.344362,88.599887,1291.57
30,49,27.344362,88.599930,1294.88
31,49,27.344362,88.599973,1297.89
32,49,27.344362,88.600016,1300.44
33,49,27.344362,88.600059,1302.48
34,49,27.344362,88.600101,1304.09
35,49,27.344362,88.600144,1305.36
36,49,27.344362,88.600187,1306.36
37,49,27.344362,88.600230,1307.19
38,49,27.344362,88.600273,1307.96
39,49,27.344362,88.600316,1308.81
40,49,27.344362,88.600359,1309.83
41,49,27.344362,88.600402,1311.09
42,49,27.344362,88.600445,1312.55
43,49,27.344362,88.600488,1314.19
44,49,27.344362,88.600531,1315.98
45,49,27.344362,88.600574,1317.90
46,49,27.344362,88.600616,1319.90
47,49,27.344362,88.600659,1321.94
48,49,27.344362,88.600702,1323.98
49,49,27.344362,88.600745,1326.04
50,49,27.344362,88.600788,1328.17
51,49,27.344362,88.600831,1330.43
52,49,27.344362,88.600874,1332.88
53,49,27.344362,88.600917,1335.52
54,49,27.344362,88.600960,1338.25
55,49,27.344362,88.601003,1340.96
56,49,27.344362,88.601046,1343.55
57,49,27.344362,88.601089,1345.96
58,49,27.344362,88.601131,1348.18
59,49,27.344362,88.601174,1350.20
60,49,27.344362,88.601217,1351.98
61,49,27.344362,88.601260,1353.58
62,49,27.344362,88.601303,1355.04
63,49,27.344362,88.601346,1356.44
0,50,27.344324,88.598642,1231.57
1,50,27.344324,88.598685,1232.76
2,50,27.344324,88.598728,1233.89
3,50,27.344324,88.598771,1234.98
4,50,27.344324,88.598814,1236.07
5,50,27.344324,88.598857,1237.21
6,50,27.344324,88.598900,1238.43
7,50,27.344324,88.598943,1239.80
8,50,27.344324,88.598986,1241.36
9,50,27.344324,88.599029,1243.09
10,50,27.344324,88.599072,1244.94
11,50,27.344324,88.599114,1246.83
12,50,27.344324,88.599157,1248.72
13,50,27.344324,88.599200,1250.58
14,50,27.344324,88.599243,1252.43
15,50,27.344324,88.599286,1254.30
16,50,27.344324,88.599329,1256.23
17,50,27.344324,88.599372,1258.23
18,50,27.344324,88.599415,1260.34
19,50,27.344324,88.599458,1262.60
20,50,27.344324,88.599501,1265.04
21,50,27.344324,88.599544,1267.65
22,50,27.344324,88.599586,1270.43
23,50,27.344324,88.599629,1273.34
24,50,27.344324,88.599672,1276.39
25,50,27.344324,88.599715,1279.52
26,50,27.344324,88.599758,1282.71
27,50,27.344324,88.599801,1285.91
28,50,27.344324,88.599844,1289.09
29,50,27.344324,88.599887,1292.18
30,50,27.344324,88.599930,1295.10
31,50,27.344324,88.599973,1297.76
32,50,27.344324,88.600016,1300.08
33,50,27.344324,88.600059,1302.02
34,50,27.344324,88.600101,1303.62
35,50,27.344324,88.600144,1304.88
36,50,27.344324,88.600187,1305.86
37,50,27.344324,88.600230,1306.62
38,50,27.344324,88.600273,1307.30
39,50,27.344324,88.600316,1308.05
40,50,27.344324,88.600359,1309.01
41,50,27.344324,88.600402,1310.23
42,50,27.344324,88.600445,1311.69
43,50,27.344324,88.600488,1313.35
44,50,27.344324,88.600531,1315.17
45,50,27.344324,88.600574,1317.11
46,50,27.344324,88.600616,1319.13
47,50,27.344324,88.600659,1321.18
48,50,27.344324,88.600702,1323.21
49,50,27.344324,88.600745,1325.24
50,50,27.344324,88.600788,1327.36
51,50,27.344324,88.600831,1329.62
52,50,27.344324,88.600874,1332.14
53,50,27.344324,88.600917,1334.90
54,50,27.344324,88.600960,1337.79
55,50,27.344324,88.601003,1340.67
56,50,27.344324,88.601046,1343.45
57,50,27.344324,88.601089,1346.02
58,50,27.344324,88.601131,1348.38
59,50,27.344324,88.601174,1350.50
60,50,27.344324,88.601217,1352.34
61,50,27.344324,88.601260,1353.95
62,50,27.344324,88.601303,1355.39
63,50,27.344324,88.601346,1356.75
0,51,27.344286,88.598642,1231.68
1,51,27.344286,88.598685,1232.95
2,51,27.344286,88.598728,1234.15
3,51,27.344286,88.598771,1235.30
4,51,27.344286,88.598814,1236.42
5,51,27.344286,88.598857,1237.55
6,51,27.344286,88.598900,1238.76
7,51,27.344286,88.598943,1240.11
8,51,27.344286,88.598986,1241.66
9,51,27.344286,88.599029,1243.38
10,51,27.344286,88.599072,1245.21
11,51,27.344286,88.599114,1247.07
12,51,27.344286,88.599157,1248.86
13,51,27.344286,88.599200,1250.59
14,51,27.344286,88.599243,1252.32
15,51,27.344286,88.599286,1254.14
16,51,27.344286,88.599329,1256.13
17,51,27.344286,88.599372,1258.31
18,51,27.344286,88.599415,1260.67
19,51,27.344286,88.599458,1263.19
20,51,27.344286,88.599501,1265.86
21,51,27.344286,88.599544,1268.66
22,51,27.344286,88.599586,1271.58
23,51,27.344286,88.599629,1274.59
24,51,27.344286,88.599672,1277.69
25,51,27.344286,88.599715,1280.83
26,51,27.344286,88.599758,1283.95
27,51,27.344286,88.599801,1286.98
28,51,27.344286,88.599844,1289.86
29,51,27.344286,88.599887,1292.55
30,51,27.344286,88.599930,1295.05
31,51,27.344286,88.599973,1297.34
32,51,27.344286,88.600016,1299.41
33,51,27.344286,88.600059,1301.25
34,51,27.344286,88.600101,1302.82
35,51,27.344286,88.600144,1304.10
36,51,27.344286,88.600187,1305.08
37,51,27.344286,88.600230,1305.80
38,51,27.344286,88.600273,1306.44
39,51,27.344286,88.600316,1307.15
40,51,27.344286,88.600359,1308.09
41,51,27.344286,88.600402,1309.32
42,51,27.344286,88.600445,1310.80
43,51,27.344286,88.600488,1312.49
44,51,27.344286,88.600531,1314.33
45,51,27.344286,88.600574,1316.29
46,51,27.344286,88.600616,1318.32
47,51,27.344286,88.600659,1320.37
48,51,27.344286,88.600702,1322.41
49,51,27.344286,88.600745,1324.46
50,51,27.344286,88.600788,1326.59
51,51,27.344286,88.600831,1328.91
52,51,27.344286,88.600874,1331.51
53,51,27.344286,88.600917,1334.38
54,51,27.344286,88.600960,1337.39
55,51,27.344286,88.601003,1340.42
56,51,27.344286,88.601046,1343.33
57,51,27.344286,88.601089,1346.04
58,51,27.344286,88.601131,1348.52
59,51,27.344286,88.601174,1350.73
60,51,27.344286,88.601217,1352.64
61,51,27.344286,88.601260,1354.27
62,51,27.344286,88.601303,1355.71
63,51,27.344286,88.601346,1357.04
0,52,27.344248,88.598642,1231.73
1,52,27.344248,88.598685,1233.05
2,52,27.344248,88.598728,1234.29
3,52,27.344248,88.598771,1235.49
4,52,27.344248,88.598814,1236.64
5,52,27.344248,88.598857,1237.79
6,52,27.344248,88.598900,1239.00
7,52,27.344248,88.598943,1240.34
8,52,27.344248,88.598986,1241.86
9,52,27.344248,88.599029,1243.56
10,52,27.344248,88.599072,1245.34
11,52,27.344248,88.599114,1247.12
12,52,27.344248,88.599157,1248.83
13,52,27.344248,88.599200,1250.46
14,52,27.344248,88.599243,1252.12
15,52,27.344248,88.599286,1253.94
16,52,27.344248,88.599329,1256.01
17,52,27.344248,88.599372,1258.37
18,52,27.344248,88.599415,1260.95
19,52,27.344248,88.599458,1263.71
20,52,27.344248,88.599501,1266.60
21,52,27.344248,88.599544,1269.57
22,52,27.344248,88.599586,1272.61
23,52,27.344248,88.599629,1275.69
24,52,27.344248,88.599672,1278.80
25,52,27.344248,88.599715,1281.89
26,52,27.344248,88.599758,1284.89
27,52,27.344248,88.599801,1287.73
28,52,27.344248,88.599844,1290.33
29,52,27.344248,88.599887,1292.67
30,52,27.344248,88.599930,1294.80
31,52,27.344248,88.599973,1296.76
32,52,27.344248,88.600016,1298.59
33,52,27.344248,88.600059,1300.29
34,52,27.344248,88.600101,1301.81
35,52,27.344248,88.600144,1303.09
36,52,27.344248,88.600187,1304.07
37,52,27.344248,88.600230,1304.82
38,52,27.344248,88.600273,1305.48
39,52,27.344248,88.600316,1306.22
40,52,27.344248,88.600359,1307.20
41,52,27.344248,88.600402,1308.49
42,52,27.344248,88.600445,1310.03
43,52,27.344248,88.600488,1311.75
44,52,27.344248,88.600531,1313.61
45,52,27.344248,88.600574,1315.54
46,52,27.344248,88.600616,1317.54
47,52,27.344248,88.600659,1319.57
48,52,27.344248,88.600702,1321.62
49,52,27.344248,88.600745,1323.70
50,52,27.344248,88.600788,1325.91
51,52,27.344248,88.600831,1328.30
52,52,27.344248,88.600874,1330.97
53,52,27.344248,88.600917,1333.90
54,52,27.344248,88.600960,1336.98
55,52,27.344248,88.601003,1340.08
56,52,27.344248,88.601046,1343.07
57,52,27.344248,88.601089,1345.87
58,52,27.344248,88.601131,1348.44
59,52,27.344248,88.601174,1350.74
60,52,27.344248,88.601217,1352.73
61,52,27.344248,88.601260,1354.43
62,52,27.344248,88.601303,1355.91
63,52,27.344248,88.601346,1357.26
0,53,27.344210,88.598642,1231.69
1,53,27.344210,88.598685,1233.01
2,53,27.344210,88.598728,1234.27
3,53,27.344210,88.598771,1235.48
4,53,27.344210,88.598814,1236.67
5,53,27.344210,88.598857,1237.86
6,53,27.344210,88.598900,1239.11
7,53,27.344210,88.598943,1240.45
8,53,27.344210,88.598986,1241.95
9,53,27.344210,88.599029,1243.58
10,53,27.344210,88.599072,1245.28
11,53,27.344210,88.599114,1246.98
12,53,27.344210,88.599157,1248.62
13,53,27.344210,88.599200,1250.22
14,53,27.344210,88.599243,1251.89
15,53,27.344210,88.599286,1253.76
16,53,27.344210,88.599329,1255.94
17,53,27.344210,88.599372,1258.46
18,53,27.344210,88.599415,1261.23
19,53,27.344210,88.599458,1264.18
20,53,27.344210,88.599501,1267.24
21,53,27.344210,88.599544,1270.35
22,53,27.344210,88.599586,1273.47
23,53,27.344210,88.599629,1276.59
24,53,27.344210,88.599672,1279.66
25,53,27.344210,88.599715,1282.65
26,53,27.344210,88.599758,1285.49
27,53,27.344210,88.599801,1288.11
28,53,27.344210,88.599844,1290.46
29,53,27.344210,88.599887,1292.54
30,53,27.344210,88.599930,1294.40
31,53,27.344210,88.599973,1296.11
32,53,27.344210,88.600016,1297.74
33,53,27.344210,88.600059,1299.29
34,53,27.344210,88.600101,1300.71
35,53,27.344210,88.600144,1301.95
36,53,27.344210,88.600187,1302.95
37,53,27.344210,88.600230,1303.76
38,53,27.344210,88.600273,1304.52
39,53,27.344210,88.600316,1305.37
40,53,27.344210,88.600359,1306.47
41,53,27.344210,88.600402,1307.86
42,53,27.344210,88.600445,1309.48
43,53,27.344210,88.600488,1311.24
44,53,27.344210,88.600531,1313.08
45,53,27.344210,88.600574,1314.95
46,53,27.344210,88.600616,1316.86
47,53,27.344210,88.600659,1318.84
48,53,27.344210,88.600702,1320.89
49,53,27.344210,88.600745,1323.04
50,53,27.344210,88.600788,1325.33
51,53,27.344210,88.600831,1327.82
52,53,27.344210,88.600874,1330.54
53,53,27.344210,88.600917,1333.48
54,53,27.344210,88.600960,1336.54
55,53,27.344210,88.601003,1339.61
56,53,27.344210,88.601046,1342.61
57,53,27.344210,88.601089,1345.44
58,53,27.344210,88.601131,1348.07
59,53,27.344210,88.601174,1350.45
60,53,27.344210,88.601217,1352.55
61,53,27.344210,88.601260,1354.36
62,53,27.344210,88.601303,1355.93
63,53,27.344210,88.601346,1357.32
0,54,27.344172,88.598642,1231.62
1,54,27.344172,88.598685,1232.93
2,54,27.344172,88.598728,1234.18
3,54,27.344172,88.598771,1235.40
4,54,27.344172,88.598814,1236.61
5,54,27.344172,88.598857,1237.84
6,54,27.344172,88.598900,1239.11
7,54,27.344172,88.598943,1240.46
8,54,27.344172,88.598986,1241.92
9,54,27.344172,88.599029,1243.47
10,54,27.344172,88.599072,1245.09
11,54,27.344172,88.599114,1246.71
12,54,27.344172,88.599157,1248.32
13,54,27.344172,88.599200,1249.95
14,54,27.344172,88.599243,1251.69
15,54,27.344172,88.599286,1253.66
16,54,27.344172,88.599329,1255.96
17,54,27.344172,88.599372,1258.61
18,54,27.344172,88.599415,1261.52
19,54,27.344172,88.599458,1264.61
20,54,27.344172,88.599501,1267.80
21,54,27.344172,88.599544,1271.02
22,54,27.344172,88.599586,1274.21
23,54,27.344172,88.599629,1277.34
24,54,27.344172,88.599672,1280.34
25,54,27.344172,88.599715,1283.18
26,54,27.344172,88.599758,1285.81
27,54,27.344172,88.599801,1288.21
28,54,27.344172,88.599844,1290.34
29,54,27.344172,88.599887,1292.21
30,54,27.344172,88.599930,1293.89
31,54,27.344172,88.599973,1295.43
32,54,27.344172,88.600016,1296.89
33,54,27.344172,88.600059,1298.31
34,54,27.344172,88.600101,1299.63
35,54,27.344172,88.600144,1300.83
36,54,27.344172,88.600187,1301.86
37,54,27.344172,88.600230,1302.77
38,54,27.344172,88.600273,1303.67
39,54,27.344172,88.600316,1304.69
40,54,27.344172,88.600359,1305.95
41,54,27.344172,88.600402,1307.46
42,54,27.344172,88.600445,1309.17
43,54,27.344172,88.600488,1310.96
44,54,27.344172,88.600531,1312.76
45,54,27.344172,88.600574,1314.54
46,54,27.344172,88.600616,1316.36
47,54,27.344172,88.600659,1318.26
48,54,27.344172,88.600702,1320.30
49,54,27.344172,88.600745,1322.52
50,54,27.344172,88.600788,1324.92
51,54,27.344172,88.600831,1327.49
52,54,27.344172,88.600874,1330.24
53,54,27.344172,88.600917,1333.14
54,54,27.344172,88.600960,1336.11
55,54,27.344172,88.601003,1339.10
56,54,27.344172,88.601046,1342.03
57,54,27.344172,88.601089,1344.83
58,54,27.344172,88.601131,1347.48
59,54,27.344172,88.601174,1349.92
60,54,27.344172,88.601217,1352.10
61,54,27.344172,88.601260,1354.02
62,54,27.344172,88.601303,1355.70
63,54,27.344172,88.601346,1357.17
0,55,27.344134,88.598642,1231.62
1,55,27.344134,88.598685,1232.91
2,55,27.344134,88.598728,1234.15
3,55,27.344134,88.598771,1235.37
4,55,27.344134,88.598814,1236.58
5,55,27.344134,88.598857,1237.81
6,55,27.344134,88.598900,1239.09
7,55,27.344134,88.598943,1240.41
8,55,27.344134,88.598986,1241.81
9,55,27.344134,88.599029,1243.28
10,55,27.344134,88.599072,1244.82
11,55,27.344134,88.599114,1246.40
12,55,27.344134,88.599157,1248.02
13,55,27.344134,88.599200,1249.72
14,55,27.344134,88.599243,1251.58
15,55,27.344134,88.599286,1253.67
16,55,27.344134,88.599329,1256.09
17,55,27.344134,88.599372,1258.83
18,55,27.344134,88.599415,1261.83
19,55,27.344134,88.599458,1265.01
20,55,27.344134,88.599501,1268.30
21,55,27.344134,88.599544,1271.62
22,55,27.344134,88.599586,1274.88
23,55,27.344134,88.599629,1278.01
24,55,27.344134,88.599672,1280.92
25,55,27.344134,88.599715,1283.58
26,55,27.344134,88.599758,1285.98
27,55,27.344134,88.599801,1288.14
28,55,27.344134,88.599844,1290.05
29,55,27.344134,88.599887,1291.77
30,55,27.344134,88.599930,1293.31
31,55,27.344134,88.599973,1294.74
32,55,27.344134,88.600016,1296.11
33,55,27.344134,88.600059,1297.42
34,55,27.344134,88.600101,1298.68
35,55,27.344134,88.600144,1299.86
36,55,27.344134,88.600187,1300.95
37,55,27.344134,88.600230,1302.00
38,55,27.344134,88.600273,1303.07
39,55,27.344134,88.600316,1304.27
40,55,27.344134,88.600359,1305.69
41,55,27.344134,88.600402,1307.32
42,55,27.344134,88.600445,1309.09
43,55,27.344134,88.600488,1310.91
44,55,27.344134,88.600531,1312.66
45,55,27.344134,88.600574,1314.36
46,55,27.344134,88.600616,1316.07
47,55,27.344134,88.600659,1317.91
48,55,27.344134,88.600702,1319.95
49,55,27.344134,88.600745,1322.23
50,55,27.344134,88.600788,1324.72
51,55,27.344134,88.600831,1327.36
52,55,27.344134,88.600874,1330.11
53,55,27.344134,88.600917,1332.93
54,55,27.344134,88.600960,1335.78
55,55,27.344134,88.601003,1338.63
56,55,27.344134,88.601046,1341.44
57,55,27.344134,88.601089,1344.16
58,55,27.344134,88.601131,1346.77
59,55,27.344134,88.601174,1349.20
60,55,27.344134,88.601217,1351.43
61,55,27.344134,88.601260,1353.43
62,55,27.344134,88.601303,1355.18
63,55,27.344134,88.601346,1356.71
0,56,27.344096,88.598642,1231.78
1,56,27.344096,88.598685,1233.06
2,56,27.344096,88.598728,1234.29
3,56,27.344096,88.598771,1235.49
4,56,27.344096,88.598814,1236.68
5,56,27.344096,88.598857,1237.86
6,56,27.344096,88.598900,1239.07
7,56,27.344096,88.598943,1240.33
8,56,27.344096,88.598986,1241.65
9,56,27.344096,88.599029,1243.05
10,56,27.344096,88.599072,1244.53
11,56,27.344096,88.599114,1246.11
12,56,27.344096,88.599157,1247.80
13,56,27.344096,88.599200,1249.62
14,56,27.344096,88.599243,1251.62
15,56,27.344096,88.599286,1253.86
16,56,27.344096,88.599329,1256.38
17,56,27.344096,88.599372,1259.17
18,56,27.344096,88.599415,1262.20
19,56,27.344096,88.599458,1265.42
20,56,27.344096,88.599501,1268.77
21,56,27.344096,88.599544,1272.19
22,56,27.344096,88.599586,1275.52
23,56,27.344096,88.599629,1278.66
24,56,27.344096,88.599672,1281.48
25,56,27.344096,88.599715,1283.94
26,56,27.344096,88.599758,1286.09
27,56,27.344096,88.599801,1287.98
28,56,27.344096,88.599844,1289.70
29,56,27.344096,88.599887,1291.26
30,56,27.344096,88.599930,1292.71
31,56,27.344096,88.599973,1294.08
32,56,27.344096,88.600016,1295.41
33,56,27.344096,88.600059,1296.70
34,56,27.344096,88.600101,1297.96
35,56,27.344096,88.600144,1299.20
36,56,27.344096,88.600187,1300.39
37,56,27.344096,88.600230,1301.58
38,56,27.344096,88.600273,1302.83
39,56,27.344096,88.600316,1304.20
40,56,27.344096,88.600359,1305.74
41,56,27.344096,88.600402,1307.46
42,56,27.344096,88.600445,1309.27
43,56,27.344096,88.600488,1311.07
44,56,27.344096,88.600531,1312.79
45,56,27.344096,88.600574,1314.43
46,56,27.344096,88.600616,1316.08
47,56,27.344096,88.600659,1317.88
48,56,27.344096,88.600702,1319.92
49,56,27.344096,88.600745,1322.25
50,56,27.344096,88.600788,1324.78
51,56,27.344096,88.600831,1327.45
52,56,27.344096,88.600874,1330.16
53,56,27.344096,88.600917,1332.89
54,56,27.344096,88.600960,1335.61
55,56,27.344096,88.601003,1338.30
56,56,27.344096,88.601046,1340.95
57,56,27.344096,88.601089,1343.54
58,56,27.344096,88.601131,1346.03
59,56,27.344096,88.601174,1348.38
60,56,27.344096,88.601217,1350.56
61,56,27.344096,88.601260,1352.55
62,56,27.344096,88.601303,1354.32
63,56,27.344096,88.601346,1355.87
0,57,27.344057,88.598642,1232.13
1,57,27.344057,88.598685,1233.43
2,57,27.344057,88.598728,1234.67
3,57,27.344057,88.598771,1235.84
4,57,27.344057,88.598814,1236.96
5,57,27.344057,88.598857,1238.04
6,57,27.344057,88.598900,1239.12
7,57,27.344057,88.598943,1240.25
8,57,27.344057,88.598986,1241.47
9,57,27.344057,88.599029,1242.81
10,57,27.344057,88.599072,1244.29
11,57,27.344057,88.599114,1245.91
12,57,27.344057,88.599157,1247.70
13,57,27.344057,88.599200,1249.68
14,57,27.344057,88.599243,1251.85
15,57,27.344057,88.599286,1254.22
16,57,27.344057,88.599329,1256.81
17,57,27.344057,88.599372,1259.61
18,57,27.344057,88.599415,1262.63
19,57,27.344057,88.599458,1265.84
20,57,27.344057,88.599501,1269.25
21,57,27.344057,88.599544,1272.74
22,57,27.344057,88.599586,1276.16
23,57,27.344057,88.599629,1279.32
24,57,27.344057,88.599672,1282.05
25,57,27.344057,88.599715,1284.30
26,57,27.344057,88.599758,1286.19
27,57,27.344057,88.599801,1287.83
28,57,27.344057,88.599844,1289.33
29,57,27.344057,88.599887,1290.75
30,57,27.344057,88.599930,1292.13
31,57,27.344057,88.599973,1293.48
32,57,27.344057,88.600016,1294.83
33,57,27.344057,88.600059,1296.18
34,57,27.344057,88.600101,1297.54
35,57,27.344057,88.600144,1298.88
36,57,27.344057,88.600187,1300.23
37,57,27.344057,88.600230,1301.58
38,57,27.344057,88.600273,1302.98
39,57,27.344057,88.600316,1304.48
40,57,27.344057,88.600359,1306.11
41,57,27.344057,88.600402,1307.86
42,57,27.344057,88.600445,1309.66
43,57,27.344057,88.600488,1311.43
44,57,27.344057,88.600531,1313.12
45,57,27.344057,88.600574,1314.74
46,57,27.344057,88.600616,1316.39
47,57,27.344057,88.600659,1318.18
48,57,27.344057,88.600702,1320.23
49,57,27.344057,88.600745,1322.56
50,57,27.344057,88.600788,1325.09
51,57,27.344057,88.600831,1327.73
52,57,27.344057,88.600874,1330.39
53,57,27.344057,88.600917,1333.02
54,57,27.344057,88.600960,1335.59
55,57,27.344057,88.601003,1338.12
56,57,27.344057,88.601046,1340.59
57,57,27.344057,88.601089,1343.00
58,57,27.344057,88.601131,1345.30
59,57,27.344057,88.601174,1347.50
60,57,27.344057,88.601217,1349.54
61,57,27.344057,88.601260,1351.43
62,57,27.344057,88.601303,1353.14
63,57,27.344057,88.601346,1354.67
0,58,27.344019,88.598642,1232.64
1,58,27.344019,88.598685,1233.97
2,58,27.344019,88.598728,1235.23
3,58,27.344019,88.598771,1236.38
4,58,27.344019,88.598814,1237.41
5,58,27.344019,88.598857,1238.35
6,58,27.344019,88.598900,1239.27
7,58,27.344019,88.598943,1240.25
8,58,27.344019,88.598986,1241.36
9,58,27.344019,88.599029,1242.65
10,58,27.344019,88.599072,1244.13
11,58,27.344019,88.599114,1245.82
12,58,27.344019,88.599157,1247.74
13,58,27.344019,88.599200,1249.87
14,58,27.344019,88.599243,1252.20
15,58,27.344019,88.599286,1254.70
16,58,27.344019,88.599329,1257.35
17,58,27.344019,88.599372,1260.15
18,58,27.344019,88.599415,1263.13
19,58,27.344019,88.599458,1266.32
20,58,27.344019,88.599501,1269.73
21,58,27.344019,88.599544,1273.29
22,58,27.344019,88.599586,1276.76
23,58,27.344019,88.599629,1279.92
24,58,27.344019,88.599672,1282.55
25,58,27.344019,88.599715,1284.62
26,58,27.344019,88.599758,1286.28
27,58,27.344019,88.599801,1287.68
28,58,27.344019,88.599844,1288.98
29,58,27.344019,88.599887,1290.28
30,58,27.344019,88.599930,1291.59
31,58,27.344019,88.599973,1292.95
32,58,27.344019,88.600016,1294.35
33,58,27.344019,88.600059,1295.81
34,58,27.344019,88.600101,1297.31
35,58,27.344019,88.600144,1298.83
36,58,27.344019,88.600187,1300.34
37,58,27.344019,88.600230,1301.86
38,58,27.344019,88.600273,1303.40
39,58,27.344019,88.600316,1305.00
40,58,27.344019,88.600359,1306.67
41,58,27.344019,88.600402,1308.42
42,58,27.344019,88.600445,1310.20
43,58,27.344019,88.600488,1311.95
44,58,27.344019,88.600531,1313.62
45,58,27.344019,88.600574,1315.25
46,58,27.344019,88.600616,1316.91
47,58,27.344019,88.600659,1318.71
48,58,27.344019,88.600702,1320.76
49,58,27.344019,88.600745,1323.06
50,58,27.344019,88.600788,1325.54
51,58,27.344019,88.600831,1328.11
52,58,27.344019,88.600874,1330.68
53,58,27.344019,88.600917,1333.20
54,58,27.344019,88.600960,1335.65
55,58,27.344019,88.601003,1338.02
56,58,27.344019,88.601046,1340.31
57,58,27.344019,88.601089,1342.51
58,58,27.344019,88.601131,1344.60
59,58,27.344019,88.601174,1346.58
60,58,27.344019,88.601217,1348.45
61,58,27.344019,88.601260,1350.18
62,58,27.344019,88.601303,1351.80
63,58,27.344019,88.601346,1353.30
0,59,27.343981,88.598642,1233.27
1,59,27.343981,88.598685,1234.63
2,59,27.343981,88.598728,1235.90
3,59,27.343981,88.598771,1237.03
4,59,27.343981,88.598814,1237.98
5,59,27.343981,88.598857,1238.78
6,59,27.343981,88.598900,1239.54
7,59,27.343981,88.598943,1240.37
8,59,27.343981,88.598986,1241.38
9,59,27.343981,88.599029,1242.63
10,59,27.343981,88.599072,1244.12
11,59,27.343981,88.599114,1245.88
12,59,27.343981,88.599157,1247.90
13,59,27.343981,88.599200,1250.16
14,59,27.343981,88.599243,1252.63
15,59,27.343981,88.599286,1255.24
16,59,27.343981,88.599329,1257.95
17,59,27.343981,88.599372,1260.75
18,59,27.343981,88.599415,1263.70
19,59,27.343981,88.599458,1266.86
20,59,27.343981,88.599501,1270.26
21,59,27.343981,88.599544,1273.81
22,59,27.343981,88.599586,1277.28
23,59,27.343981,88.599629,1280.40
24,59,27.343981,88.599672,1282.93
25,59,27.343981,88.599715,1284.85
26,59,27.343981,88.599758,1286.32
27,59,27.343981,88.599801,1287.53
28,59,27.343981,88.599844,1288.68
29,59,27.343981,88.599887,1289.87
30,59,27.343981,88.599930,1291.12
31,59,27.343981,88.599973,1292.48
32,59,27.343981,88.600016,1293.96
33,59,27.343981,88.600059,1295.55
34,59,27.343981,88.600101,1297.21
35,59,27.343981,88.600144,1298.91
36,59,27.343981,88.600187,1300.60
37,59,27.343981,88.600230,1302.27
38,59,27.343981,88.600273,1303.93
39,59,27.343981,88.600316,1305.61
40,59,27.343981,88.600359,1307.32
41,59,27.343981,88.600402,1309.07
42,59,27.343981,88.600445,1310.83
43,59,27.343981,88.600488,1312.56
44,59,27.343981,88.600531,1314.24
45,59,27.343981,88.600574,1315.89
46,59,27.343981,88.600616,1317.57
47,59,27.343981,88.600659,1319.38
48,59,27.343981,88.600702,1321.40
49,59,27.343981,88.600745,1323.62
50,59,27.343981,88.600788,1326.00
51,59,27.343981,88.600831,1328.45
52,59,27.343981,88.600874,1330.91
53,59,27.343981,88.600917,1333.32
54,59,27.343981,88.600960,1335.66
55,59,27.343981,88.601003,1337.91
56,59,27.343981,88.601046,1340.03
57,59,27.343981,88.601089,1342.02
58,59,27.343981,88.601131,1343.90
59,59,27.343981,88.601174,1345.67
60,59,27.343981,88.601217,1347.35
61,59,27.343981,88.601260,1348.95
62,59,27.343981,88.601303,1350.48
63,59,27.343981,88.601346,1351.95
0,60,27.343943,88.598642,1233.97
1,60,27.343943,88.598685,1235.37
2,60,27.343943,88.598728,1236.65
3,60,27.343943,88.598771,1237.75
4,60,27.343943,88.598814,1238.64
5,60,27.343943,88.598857,1239.33
6,60,27.343943,88.598900,1239.97
7,60,27.343943,88.598943,1240.68
8,60,27.343943,88.598986,1241.61
9,60,27.343943,88.599029,1242.82
10,60,27.343943,88.599072,1244.30
11,60,27.343943,88.599114,1246.09
12,60,27.343943,88.599157,1248.17
13,60,27.343943,88.599200,1250.52
14,60,27.343943,88.599243,1253.07
15,60,27.343943,88.599286,1255.77
16,60,27.343943,88.599329,1258.54
17,60,27.343943,88.599372,1261.39
18,60,27.343943,88.599415,1264.36
19,60,27.343943,88.599458,1267.49
20,60,27.343943,88.599501,1270.84
21,60,27.343943,88.599544,1274.32
22,60,27.343943,88.599586,1277.68
23,60,27.343943,88.599629,1280.69
24,60,27.343943,88.599672,1283.11
25,60,27.343943,88.599715,1284.92
26,60,27.343943,88.599758,1286.28
27,60,27.343943,88.599801,1287.39
28,60,27.343943,88.599844,1288.44
29,60,27.343943,88.599887,1289.54
30,60,27.343943,88.599930,1290.75
31,60,27.343943,88.599973,1292.09
32,60,27.343943,88.600016,1293.63
33,60,27.343943,88.600059,1295.34
34,60,27.343943,88.600101,1297.16
35,60,27.343943,88.600144,1299.03
36,60,27.343943,88.600187,1300.88
37,60,27.343943,88.600230,1302.67
38,60,27.343943,88.600273,1304.43
39,60,27.343943,88.600316,1306.18
40,60,27.343943,88.600359,1307.94
41,60,27.343943,88.600402,1309.71
42,60,27.343943,88.600445,1311.48
43,60,27.343943,88.600488,1313.22
44,60,27.343943,88.600531,1314.92
45,60,27.343943,88.600574,1316.59
46,60,27.343943,88.600616,1318.29
47,60,27.343943,88.600659,1320.08
48,60,27.343943,88.600702,1322.02
49,60,27.343943,88.600745,1324.12
50,60,27.343943,88.600788,1326.34
51,60,27.343943,88.600831,1328.63
52,60,27.343943,88.600874,1330.96
53,60,27.343943,88.600917,1333.28
54,60,27.343943,88.600960,1335.54
55,60,27.343943,88.601003,1337.69
56,60,27.343943,88.601046,1339.68
57,60,27.343943,88.601089,1341.50
58,60,27.343943,88.601131,1343.19
59,60,27.343943,88.601174,1344.79
60,60,27.343943,88.601217,1346.33
61,60,27.343943,88.601260,1347.84
62,60,27.343943,88.601303,1349.34
63,60,27.343943,88.601346,1350.81
0,61,27.343905,88.598642,1234.71
1,61,27.343905,88.598685,1236.13
2,61,27.343905,88.598728,1237.41
3,61,27.343905,88.598771,1238.50
4,61,27.343905,88.598814,1239.35
5,61,27.343905,88.598857,1239.98
6,61,27.343905,88.598900,1240.56
7,61,27.343905,88.598943,1241.21
8,61,27.343905,88.598986,1242.09
9,61,27.343905,88.599029,1243.26
10,61,27.343905,88.599072,1244.72
11,61,27.343905,88.599114,1246.50
12,61,27.343905,88.599157,1248.58
13,61,27.343905,88.599200,1250.95
14,61,27.343905,88.599243,1253.54
15,61,27.343905,88.599286,1256.29
16,61,27.343905,88.599329,1259.14
17,61,27.343905,88.599372,1262.07
18,61,27.343905,88.599415,1265.09
19,61,27.343905,88.599458,1268.23
20,61,27.343905,88.599501,1271.49
21,61,27.343905,88.599544,1274.80
22,61,27.343905,88.599586,1277.96
23,61,27.343905,88.599629,1280.79
24,61,27.343905,88.599672,1283.09
25,61,27.343905,88.599715,1284.83
26,61,27.343905,88.599758,1286.18
27,61,27.343905,88.599801,1287.28
28,61,27.343905,88.599844,1288.30
29,61,27.343905,88.599887,1289.34
30,61,27.343905,88.599930,1290.50
31,61,27.343905,88.599973,1291.82
32,61,27.343905,88.600016,1293.38
33,61,27.343905,88.600059,1295.18
34,61,27.343905,88.600101,1297.13
35,61,27.343905,88.600144,1299.13
36,61,27.343905,88.600187,1301.10
37,61,27.343905,88.600230,1302.98
38,61,27.343905,88.600273,1304.82
39,61,27.343905,88.600316,1306.64
40,61,27.343905,88.600359,1308.46
41,61,27.343905,88.600402,1310.29
42,61,27.343905,88.600445,1312.11
43,61,27.343905,88.600488,1313.90
44,61,27.343905,88.600531,1315.63
45,61,27.343905,88.600574,1317.32
46,61,27.343905,88.600616,1319.01
47,61,27.343905,88.600659,1320.74
48,61,27.343905,88.600702,1322.55
49,61,27.343905,88.600745,1324.47
50,61,27.343905,88.600788,1326.49
51,61,27.343905,88.600831,1328.59
52,61,27.343905,88.600874,1330.79
53,61,27.343905,88.600917,1333.02
54,61,27.343905,88.600960,1335.23
55,61,27.343905,88.601003,1337.32
56,61,27.343905,88.601046,1339.22
57,61,27.343905,88.601089,1340.92
58,61,27.343905,88.601131,1342.47
59,61,27.343905,88.601174,1343.96
60,61,27.343905,88.601217,1345.44
61,61,27.343905,88.601260,1346.95
62,61,27.343905,88.601303,1348.47
63,61,27.343905,88.601346,1350.00
0,62,27.343867,88.598642,1235.48
1,62,27.343867,88.598685,1236.89
2,62,27.343867,88.598728,1238.18
3,62,27.343867,88.598771,1239.26
4,62,27.343867,88.598814,1240.10
5,62,27.343867,88.598857,1240.73
6,62,27.343867,88.598900,1241.30
7,62,27.343867,88.598943,1241.94
8,62,27.343867,88.598986,1242.80
9,62,27.343867,88.599029,1243.95
10,62,27.343867,88.599072,1245.40
11,62,27.343867,88.599114,1247.15
12,62,27.343867,88.599157,1249.21
13,62,27.343867,88.599200,1251.56
14,62,27.343867,88.599243,1254.14
15,62,27.343867,88.599286,1256.91
16,62,27.343867,88.599329,1259.82
17,62,27.343867,88.599372,1262.82
18,62,27.343867,88.599415,1265.90
19,62,27.343867,88.599458,1269.03
20,62,27.343867,88.599501,1272.18
21,62,27.343867,88.599544,1275.28
22,62,27.343867,88.599586,1278.19
23,62,27.343867,88.599629,1280.80
24,62,27.343867,88.599672,1282.96
25,62,27.343867,88.599715,1284.69
26,62,27.343867,88.599758,1286.07
27,62,27.343867,88.599801,1287.22
28,62,27.343867,88.599844,1288.27
29,62,27.343867,88.599887,1289.30
30,62,27.343867,88.599930,1290.41
31,62,27.343867,88.599973,1291.72
32,62,27.343867,88.600016,1293.30
33,62,27.343867,88.600059,1295.16
34,62,27.343867,88.600101,1297.18
35,62,27.343867,88.600144,1299.28
36,62,27.343867,88.600187,1301.32
37,62,27.343867,88.600230,1303.28
38,62,27.343867,88.600273,1305.18
39,62,27.343867,88.600316,1307.06
40,62,27.343867,88.600359,1308.95
41,62,27.343867,88.600402,1310.86
42,62,27.343867,88.600445,1312.76
43,62,27.343867,88.600488,1314.61
44,62,27.343867,88.600531,1316.38
45,62,27.343867,88.600574,1318.07
46,62,27.343867,88.600616,1319.71
47,62,27.343867,88.600659,1321.34
48,62,27.343867,88.600702,1322.99
49,62,27.343867,88.600745,1324.70
50,62,27.343867,88.600788,1326.50
51,62,27.343867,88.600831,1328.41
52,62,27.343867,88.600874,1330.46
53,62,27.343867,88.600917,1332.62
54,62,27.343867,88.600960,1334.78
55,62,27.343867,88.601003,1336.84
56,62,27.343867,88.601046,1338.68
57,62,27.343867,88.601089,1340.30
58,62,27.343867,88.601131,1341.77
59,62,27.343867,88.601174,1343.20
60,62,27.343867,88.601217,1344.67
61,62,27.343867,88.601260,1346.23
62,62,27.343867,88.601303,1347.84
63,62,27.343867,88.601346,1349.45
0,63,27.343829,88.598642,1236.24
1,63,27.343829,88.598685,1237.65
2,63,27.343829,88.598728,1238.93
3,63,27.343829,88.598771,1240.02
4,63,27.343829,88.598814,1240.87
5,63,27.343829,88.598857,1241.54
6,63,27.343829,88.598900,1242.15
7,63,27.343829,88.598943,1242.84
8,63,27.343829,88.598986,1243.73
9,63,27.343829,88.599029,1244.91
10,63,27.343829,88.599072,1246.37
11,63,27.343829,88.599114,1248.11
12,63,27.343829,88.599157,1250.15
13,63,27.343829,88.599200,1252.46
14,63,27.343829,88.599243,1255.00
15,63,27.343829,88.599286,1257.75
16,63,27.343829,88.599329,1260.67
17,63,27.343829,88.599372,1263.70
18,63,27.343829,88.599415,1266.79
19,63,27.343829,88.599458,1269.88
20,63,27.343829,88.599501,1272.89
21,63,27.343829,88.599544,1275.76
22,63,27.343829,88.599586,1278.43
23,63,27.343829,88.599629,1280.83
24,63,27.343829,88.599672,1282.88
25,63,27.343829,88.599715,1284.59
26,63,27.343829,88.599758,1286.03
27,63,27.343829,88.599801,1287.26
28,63,27.343829,88.599844,1288.36
29,63,27.343829,88.599887,1289.43
30,63,27.343829,88.599930,1290.56
31,63,27.343829,88.599973,1291.87
32,63,27.343829,88.600016,1293.46
33,63,27.343829,88.600059,1295.34
34,63,27.343829,88.600101,1297.41
35,63,27.343829,88.600144,1299.54
36,63,27.343829,88.600187,1301.62
37,63,27.343829,88.600230,1303.62
38,63,27.343829,88.600273,1305.56
39,63,27.343829,88.600316,1307.50
40,63,27.343829,88.600359,1309.47
41,63,27.343829,88.600402,1311.47
42,63,27.343829,88.600445,1313.45
43,63,27.343829,88.600488,1315.37
44,63,27.343829,88.600531,1317.16
45,63,27.343829,88.600574,1318.82
46,63,27.343829,88.600616,1320.38
47,63,27.343829,88.600659,1321.88
48,63,27.343829,88.600702,1323.35
49,63,27.343829,88.600745,1324.85
50,63,27.343829,88.600788,1326.43
51,63,27.343829,88.600831,1328.15
52,63,27.343829,88.600874,1330.06
53,63,27.343829,88.600917,1332.14
54,63,27.343829,88.600960,1334.26
55,63,27.343829,88.601003,1336.29
56,63,27.343829,88.601046,1338.11
57,63,27.343829,88.601089,1339.67
58,63,27.343829,88.601131,1341.10
59,63,27.343829,88.601174,1342.51
60,63,27.343829,88.601217,1344.02
61,63,27.343829,88.601260,1345.68
62,63,27.343829,88.601303,1347.39
63,63,27.343829,88.601346,1349.11
