slide_no,date,lead_d,region,y14,y7,train_exclude,r24,r3,r7,r30,d_r24_1d,d_r7_3d,accel,dryspell,soil,soil_prov,d_soil_3d,d_soil_7d,fos_med,fos_prov,d_fos_7d,seis_n50,seis_dist,seis_yrs,slope,elev,aspect,curv,twi,spi,draind,ndvi,d_road,d_river,lulc,susceptibility,analogue_m,stratum,traj_id,window_year,r7_lag3,r7_lag7,r30_lag7,soil_lag3,fos_lag7,r24max7,wetdays7,fos_min14,r7slope7,soil_miss,fos_miss,lulc_AGRI,lulc_BARREN,lulc_BUILT,lulc_FOREST,lulc_WATER,lulc_WETLAND,fold
NEWS-17MILE-20220615,2022-04-16,60.0,bg,0,0,0,0.1,2.8,68.1,382.9,0.1,-128.2,-17.457,2,,MISSING (window-absent),,,1.287,ANALYTICAL-ensemble,0.009,10,18.18,1,25.5,1401.0,344.0,-0.0267,4.14,14.3,0.0,0.784,130.8,873.8,FOREST,0.38,2101.2,POS,NEWS-17MILE-20220615,,,,,,,0.1,0.0,1.287,,1,0,0,0,0,1,0,0,2
NEWS-17MILE-20220615,2022-04-17,59.0,bg,0,0,0,3.3,3.4,25.5,386.2,3.2,-106.1,-26.457,0,,MISSING (window-absent),,,1.287,ANALYTICAL-ensemble,0.023,10,18.18,1,25.5,1401.0,344.0,-0.0267,4.14,14.3,0.0,0.784,130.8,873.8,FOREST,0.38,2101.2,POS,NEWS-17MILE-20220615,,,,,,,3.3,0.0,1.287,,1,0,0,0,0,1,0,0,2
NEWS-17MILE-20220615,2022-04-18,58.0,bg,0,0,0,43.1,46.5,57.7,429.3,39.8,-38.7,-20.814,0,,MISSING (window-absent),,,1.282,ANALYTICAL-ensemble,0.016,10,18.18,1,25.5,1401.0,344.0,-0.0267,4.14,14.3,0.0,0.784,130.8,873.8,FOREST,0.38,2101.2,POS,NEWS-17MILE-20220615,,,,,,,43.1,1.0,1.282,,1,0,0,0,0,1,0,0,2
NEWS-17MILE-20220615,2022-04-19,57.0,bg,0,0,0,2.2,48.5,59.8,430.5,-40.9,-8.3,-18.5,1,,MISSING (window-absent),,,1.271,ANALYTICAL-ensemble,0.004,10,18.18,1,25.5,1401.0,344.0,-0.0267,4.14,14.3,0.0,0.784,130.8,873.8,FOREST,0.38,2101.2,POS,NEWS-17MILE-20220615,,68.1,,,,,43.1,1.0,1.271,0.7300000000000008,1,0,0,0,0,1,0,0,2
NEWS-17MILE-20220615,2022-04-20,56.0,bg,0,0,0,0.2,45.4,51.5,409.0,-2.0,26.0,-20.686,2,,MISSING (window-absent),,,1.285,ANALYTICAL-ensemble,0.014,10,18.18,1,25.5,1401.0,344.0,-0.0267,4.14,14.3,0.0,0.784,130.8,873.8,FOREST,0.38,2101.2,POS,NEWS-17MILE-20220615,,25.5,,,,,43.1,1.0,1.271,0.10999999999999624,1,0,0,0,0,1,0,0,2
NEWS-17MILE-20220615,2022-04-21,55.0,bg,0,0,0,0.0,2.3,48.8,397.4,-0.2,-8.9,-11.829,3,,MISSING (window-absent),,,1.286,ANALYTICAL-ensemble,0.009,10,18.18,1,25.5,1401.0,344.0,-0.0267,4.14,14.3,0.0,0.784,130.8,873.8,FOREST,0.38,2101.2,POS,NEWS-17MILE-20220615,,57.7,,,,,43.1,1.0,1.271,-0.46857142857142536,1,0,0,0,0,1,0,0,2
NEWS-17MILE-20220615,2022-04-22,54.0,bg,0,0,0,18.4,18.6,67.2,415.5,18.4,7.4,-4.171,0,,MISSING (window-absent),,,1.285,ANALYTICAL-ensemble,-0.001,10,18.18,1,25.5,1401.0,344.0,-0.0267,4.14,14.3,0.0,0.784,130.8,873.8,FOREST,0.38,2101.2,POS,NEWS-17MILE-20220615,,59.8,,,,,43.1,2.0,1.271,1.3464285714285698,1,0,0,0,0,1,0,0,2
NEWS-17MILE-20220615,2022-04-23,53.0,bg,0,0,0,3.3,21.7,70.4,404.6,-15.1,18.9,0.329,0,,MISSING (window-absent),,,1.286,ANALYTICAL-ensemble,-0.001,10,18.18,1,25.5,1401.0,344.0,-0.0267,4.14,14.3,0.0,0.784,130.8,873.8,FOREST,0.38,2101.2,POS,NEWS-17MILE-20220615,,51.5,68.1,382.9,,1.287,43.1,2.0,1.271,5.096428571428575,1,0,0,0,0,1,0,0,2
NEWS-17MILE-20220615,2022-04-24,52.0,bg,0,0,0,9.7,31.4,76.9,398.0,6.4,28.1,7.343,0,,MISSING (window-absent),,,1.286,ANALYTICAL-ensemble,-0.001,10,18.18,1,25.5,1401.0,344.0,-0.0267,4.14,14.3,0.0,0.784,130.8,873.8,FOREST,0.38,2101.2,POS,NEWS-17MILE-20220615,,48.8,25.5,386.2,,1.287,43.1,2.0,1.271,3.3750000000000004,1,0,0,0,0,1,0,0,2
NEWS-17MILE-20220615,2022-04-25,51.0,bg,0,0,0,2.8,15.9,36.6,400.2,-6.9,-30.6,-3.014,0,,MISSING (window-absent),,,1.286,ANALYTICAL-ensemble,0.004,10,18.18,1,25.5,1401.0,344.0,-0.0267,4.14,14.3,0.0,0.784,130.8,873.8,FOREST,0.38,2101.2,POS,NEWS-17MILE-20220615,,67.2,57.7,429.3,,1.282,18.4,1.0,1.271,0.10000000000000393,1,0,0,0,0,1,0,0,2
NEWS-17MILE-20220615,2022-04-26,50.0,bg,0,0,0,0.2,12.7,34.6,399.8,-2.6,-35.8,-3.6,1,,MISSING (window-absent),,,1.286,ANALYTICAL-ensemble,0.015,10,18.18,1,25.5,1401.0,344.0,-0.0267,4.14,14.3,0.0,0.784,130.8,873.8,FOREST,0.38,2101.2,POS,NEWS-17MILE-20220615,,70.4,59.8,430.5,,1.271,18.4,1.0,1.271,-2.335714285714287,1,0,0,0,0,1,0,0,2
NEWS-17MILE-20220615,2022-04-27,49.0,bg,0,0,0,6.8,9.8,41.2,406.2,6.6,-35.7,-1.471,0,,MISSING (window-absent),,,1.286,ANALYTICAL-ensemble,0.001,10,18.18,1,25.5,1401.0,344.0,-0.0267,4.14,14.3,0.0,0.784,130.8,873.8,FOREST,0.38,2101.2,POS,NEWS-17MILE-20220615,,76.9,51.5,409.0,,1.285,18.4,1.0,1.271,-4.350000000000001,1,0,0,0,0,1,0,0,2
NEWS-17MILE-20220615,2022-04-28,48.0,bg,0,0,0,0.0,7.0,41.2,405.3,-6.8,4.6,-1.086,1,,MISSING (window-absent),,,1.286,ANALYTICAL-ensemble,0.0,10,18.18,1,25.5,1401.0,344.0,-0.0267,4.14,14.3,0.0,0.784,130.8,873.8,FOREST,0.38,2101.2,POS,NEWS-17MILE-20220615,,36.6,48.8,397.4,,1.286,18.4,1.0,1.271,-6.382142857142855,1,0,0,0,0,1,0,0,2
NEWS-17MILE-20220615,2022-04-29,47.0,bg,0,0,0,0.1,6.9,23.0,404.9,0.1,-11.6,-6.314,2,,MISSING (window-absent),,,1.291,ANALYTICAL-ensemble,0.006,10,18.18,1,25.5,1401.0,344.0,-0.0267,4.14,14.3,0.0,0.784,130.8,873.8,FOREST,0.38,2101.2,POS,NEWS-17MILE-20220615,,34.6,67.2,415.5,,1.285,9.7,0.0,1.271,-7.4642857142857215,1,0,0,0,0,1,0,0,2
NEWS-17MILE-20220615,2022-04-30,46.0,bg,0,0,0,14.9,15.0,34.6,400.2,14.8,-6.6,-5.114,0,,MISSING (window-absent),,,1.287,ANALYTICAL-ensemble,0.001,10,18.18,1,25.5,1401.0,344.0,-0.0267,4.14,14.3,0.0,0.784,130.8,873.8,FOREST,0.38,2101.2,POS,NEWS-17MILE-20220615,,41.2,70.4,404.6,,1.286,14.9,1.0,1.271,-5.267857142857146,1,0,0,0,0,1,0,0,2
NEWS-17MILE-20220615,2022-05-01,45.0,bg,0,0,0,1.0,16.1,25.9,374.7,-13.9,-15.3,-7.286,1,,MISSING (window-absent),,,1.293,ANALYTICAL-ensemble,0.007,10,18.18,1,25.5,1401.0,344.0,-0.0267,4.14,14.3,0.0,0.784,130.8,873.8,FOREST,0.38,2101.2,POS,NEWS-17MILE-20220615,,41.2,76.9,398.0,,1.286,14.9,1.0,1.271,-1.7964285714285726,1,0,0,0,0,1,0,0,2
NEWS-17MILE-20220615,2022-05-02,44.0,bg,0,0,0,3.7,19.7,26.7,368.2,2.7,3.7,-1.414,0,,MISSING (window-absent),,,1.298,ANALYTICAL-ensemble,0.012,10,18.18,1,25.5,1401.0,344.0,-0.0267,4.14,14.3,0.0,0.784,130.8,873.8,FOREST,0.38,2101.2,POS,NEWS-17MILE-20220615,,23.0,36.6,400.2,,1.286,14.9,1.0,1.271,-2.1750000000000016,1,0,0,0,0,1,0,0,2
NEWS-17MILE-20220615,2022-05-03,43.0,bg,0,0,0,7.8,12.5,34.4,350.5,4.1,-0.2,-0.029,0,,MISSING (window-absent),,,1.301,ANALYTICAL-ensemble,0.015,10,18.18,1,25.5,1401.0,344.0,-0.0267,4.14,14.3,0.0,0.784,130.8,873.8,FOREST,0.38,2101.2,POS,NEWS-17MILE-20220615,,34.6,34.6,399.8,,1.286,14.9,1.0,1.285,-1.6607142857142885,1,0,0,0,0,1,0,0,2
NEWS-17MILE-20220615,2022-05-04,42.0,bg,0,0,0,19.0,30.6,46.6,351.3,11.2,20.7,0.771,0,,MISSING (window-absent),,,1.299,ANALYTICAL-ensemble,0.013,10,18.18,1,25.5,1401.0,344.0,-0.0267,4.14,14.3,0.0,0.784,130.8,873.8,FOREST,0.38,2101.2,POS,NEWS-17MILE-20220615,,25.9,41.2,406.2,,1.286,19.0,2.0,1.285,1.110714285714285,1,0,0,0,0,1,0,0,2
NEWS-17MILE-20220615,2022-05-05,41.0,bg,0,0,0,32.2,59.1,78.9,369.4,13.2,52.2,5.386,0,,MISSING (window-absent),,,1.297,ANALYTICAL-ensemble,0.011,10,18.18,1,25.5,1401.0,344.0,-0.0267,4.14,14.3,0.0,0.784,130.8,873.8,FOREST,0.38,2101.2,POS,NEWS-17MILE-20220615,,26.7,41.2,405.3,,1.286,32.2,3.0,1.285,7.150000000000002,1,0,0,0,0,1,0,0,2
NEWS-17MILE-20220615,2022-05-06,40.0,bg,0,0,0,0.1,51.4,78.9,368.0,-32.1,44.5,7.986,1,0.2381,PROXY-spatial,,,1.289,ANALYTICAL-ensemble,-0.002,10,18.18,1,25.5,1401.0,344.0,-0.0267,4.14,14.3,0.0,0.784,130.8,873.8,FOREST,0.38,2101.2,POS,NEWS-17MILE-20220615,,34.4,23.0,404.9,,1.291,32.2,3.0,1.286,9.242857142857146,0,0,0,0,0,1,0,0,2
NEWS-17MILE-20220615,2022-05-07,39.0,bg,0,0,0,1.9,34.3,65.9,302.5,1.8,19.3,4.471,2,0.2381,PROXY-spatial,,,1.302,ANALYTICAL-ensemble,0.015,10,18.18,1,25.5,1401.0,344.0,-0.0267,4.14,14.3,0.0,0.784,130.8,873.8,FOREST,0.38,2101.2,POS,NEWS-17MILE-20220615,,46.6,34.6,400.2,,1.287,32.2,2.0,1.286,9.60357142857143,0,0,0,0,0,1,0,0,2
NEWS-17MILE-20220615,2022-05-08,38.0,bg,0,0,0,0.1,2.2,65.0,267.5,-1.8,-13.9,5.586,3,0.2381,PROXY-spatial,,,1.305,ANALYTICAL-ensemble,0.012,10,18.18,1,25.5,1401.0,344.0,-0.0267,4.14,14.3,0.0,0.784,130.8,873.8,FOREST,0.38,2101.2,POS,NEWS-17MILE-20220615,,78.9,25.9,374.7,,1.293,32.2,2.0,1.286,7.507142857142861,0,0,0,0,0,1,0,0,2
NEWS-17MILE-20220615,2022-05-09,37.0,bg,0,0,0,0.5,2.6,61.8,239.7,0.4,-17.1,5.014,4,0.2381,PROXY-spatial,0.0,,1.311,ANALYTICAL-ensemble,0.013,10,18.18,1,25.5,1401.0,344.0,-0.0267,4.14,14.3,0.0,0.784,130.8,873.8,FOREST,0.38,2101.2,POS,NEWS-17MILE-20220615,,78.9,26.7,368.2,0.2381,1.298,32.2,2.0,1.286,3.7857142857142887,0,0,0,0,0,1,0,0,2
NEWS-17MILE-20220615,2022-05-10,36.0,bg,0,0,0,10.3,11.0,64.3,204.1,9.8,-1.6,4.271,0,0.2546,PROXY-spatial,0.0165,,1.316,ANALYTICAL-ensemble,0.015,10,18.18,1,25.5,1401.0,344.0,-0.0267,4.14,14.3,0.0,0.784,130.8,873.8,FOREST,0.38,2101.2,POS,NEWS-17MILE-20220615,,65.9,34.4,350.5,0.2381,1.301,32.2,3.0,1.286,0.1785714285714278,0,0,0,0,0,1,0,0,2
NEWS-17MILE-20220615,2022-05-11,35.0,bg,0,0,0,29.9,40.8,75.2,223.1,19.6,10.2,4.086,0,0.2546,PROXY-spatial,0.0165,,1.311,ANALYTICAL-ensemble,0.012,10,18.18,1,25.5,1401.0,344.0,-0.0267,4.14,14.3,0.0,0.784,130.8,873.8,FOREST,0.38,2101.2,POS,NEWS-17MILE-20220615,,65.0,46.6,351.3,0.2381,1.299,32.2,3.0,1.286,-1.5857142857142827,0,0,0,0,0,1,0,0,2
NEWS-17MILE-20220615,2022-05-12,34.0,bg,0,0,0,38.8,79.1,81.8,261.9,8.9,20.0,0.414,0,0.2329,PROXY-spatial,-0.0052,,1.302,ANALYTICAL-ensemble,0.005,10,18.18,1,25.5,1401.0,344.0,-0.0267,4.14,14.3,0.0,0.784,130.8,873.8,FOREST,0.38,2101.2,POS,NEWS-17MILE-20220615,,61.8,78.9,369.4,0.2381,1.297,38.8,3.0,1.287,0.9499999999999997,0,0,0,0,0,1,0,0,2
NEWS-17MILE-20220615,2022-05-13,33.0,bg,0,0,0,6.8,75.5,88.5,260.1,-32.0,24.2,1.371,0,0.2247,PROXY-spatial,-0.0299,-0.0134,1.302,ANALYTICAL-ensemble,0.013,10,18.18,1,25.5,1401.0,344.0,-0.0267,4.14,14.3,0.0,0.784,130.8,873.8,FOREST,0.38,2101.2,POS,NEWS-17MILE-20220615,,64.3,78.9,368.0,0.2546,1.289,38.8,3.0,1.287,4.099999999999999,0,0,0,0,0,1,0,0,2
NEWS-17MILE-20220615,2022-05-14,32.0,bg,0,0,0,13.7,59.3,100.2,271.2,6.9,25.0,4.9,0,0.2182,PROXY-spatial,-0.0364,-0.0199,1.302,ANALYTICAL-ensemble,0.0,10,18.18,1,25.5,1401.0,344.0,-0.0267,4.14,14.3,0.0,0.784,130.8,873.8,FOREST,0.38,2101.2,POS,NEWS-17MILE-20220615,,75.2,65.9,302.5,0.2546,1.302,38.8,4.0,1.289,6.303571428571431,0,0,0,0,0,1,0,0,2
NEWS-17MILE-20220615,2022-05-15,31.0,bg,0,0,0,7.8,28.3,107.9,279.0,-5.9,26.1,6.129,0,0.2226,PROXY-spatial,-0.0103,-0.0155,1.301,ANALYTICAL-ensemble,-0.004,10,18.18,1,25.5,1401.0,344.0,-0.0267,4.14,14.3,0.0,0.784,130.8,873.8,FOREST,0.38,2101.2,POS,NEWS-17MILE-20220615,,81.8,65.0,267.5,0.2329,1.305,38.8,4.0,1.289,7.978571428571431,0,0,0,0,0,1,0,0,2
NEWS-17MILE-20220615,2022-05-16,30.0,pre,0,0,0,29.6,51.1,137.0,308.5,21.8,48.5,10.743,0,0.2148,PROXY-spatial,-0.0099,-0.0233,1.301,ANALYTICAL-ensemble,-0.01,10,18.18,1,25.5,1401.0,344.0,-0.0267,4.14,14.3,0.0,0.784,130.8,873.8,FOREST,0.38,2101.2,POS,NEWS-17MILE-20220615,,88.5,61.8,239.7,0.2247,1.311,38.8,5.0,1.289,10.782142857142857,0,0,0,0,0,1,0,0,2
NEWS-17MILE-20220615,2022-05-17,29.0,pre,0,0,0,25.8,63.2,152.4,331.0,-3.8,52.2,12.586,0,0.2152,PROXY-spatial,-0.003,-0.0394,1.293,ANALYTICAL-ensemble,-0.023,10,18.18,1,25.5,1401.0,344.0,-0.0267,4.14,14.3,0.0,0.784,130.8,873.8,FOREST,0.38,2101.2,POS,NEWS-17MILE-20220615,,100.2,64.3,204.1,0.2182,1.316,38.8,5.0,1.289,12.907142857142862,0,0,0,0,0,1,0,0,2
NEWS-17MILE-20220615,2022-05-18,28.0,pre,0,0,0,14.6,70.0,137.1,302.5,-11.2,29.2,8.843,0,0.2226,PROXY-spatial,0.0,-0.032,1.295,ANALYTICAL-ensemble,-0.016,10,18.18,1,25.5,1401.0,344.0,-0.0267,4.14,14.3,0.0,0.784,130.8,873.8,FOREST,0.38,2101.2,POS,NEWS-17MILE-20220615,,107.9,75.2,223.1,0.2226,1.311,38.8,5.0,1.289,11.803571428571423,0,0,0,0,0,1,0,0,2
NEWS-17MILE-20220615,2022-05-19,27.0,pre,0,0,0,35.1,75.5,133.4,335.5,20.5,-3.6,7.371,0,0.2292,PROXY-spatial,0.0144,-0.0037,1.283,ANALYTICAL-ensemble,-0.019,10,18.18,1,25.5,1401.0,344.0,-0.0267,4.14,14.3,0.0,0.784,130.8,873.8,FOREST,0.38,2101.2,POS,NEWS-17MILE-20220615,,137.0,81.8,261.9,0.2148,1.302,35.1,5.0,1.283,9.035714285714278,0,0,0,0,0,1,0,0,2
NEWS-17MILE-20220615,2022-05-20,26.0,pre,0,0,0,21.2,70.9,147.8,356.4,-13.9,-4.6,8.471,0,0.231,PROXY-spatial,0.0158,0.0063,1.276,ANALYTICAL-ensemble,-0.026,10,18.18,1,25.5,1401.0,344.0,-0.0267,4.14,14.3,0.0,0.784,130.8,873.8,FOREST,0.38,2101.2,POS,NEWS-17MILE-20220615,,152.4,88.5,260.1,0.2152,1.302,35.1,6.0,1.276,6.925000000000002,0,0,0,0,0,1,0,0,2
NEWS-17MILE-20220615,2022-05-21,25.0,pre,0,0,0,41.8,98.1,175.9,398.3,20.6,38.8,10.814,0,0.2378,PROXY-spatial,0.0152,0.0196,1.266,ANALYTICAL-ensemble,-0.036,10,18.18,1,25.5,1401.0,344.0,-0.0267,4.14,14.3,0.0,0.784,130.8,873.8,FOREST,0.38,2101.2,POS,NEWS-17MILE-20220615,,137.1,100.2,271.2,0.2226,1.302,41.8,6.0,1.266,7.378571428571433,0,0,0,0,0,1,0,0,2
NEWS-17MILE-20220615,2022-05-22,24.0,pre,0,0,0,26.8,89.8,194.9,406.7,-15.0,61.5,12.429,0,0.2439,PROXY-spatial,0.0147,0.0213,1.266,ANALYTICAL-ensemble,-0.035,10,18.18,1,25.5,1401.0,344.0,-0.0267,4.14,14.3,0.0,0.784,130.8,873.8,FOREST,0.38,2101.2,POS,NEWS-17MILE-20220615,,133.4,107.9,279.0,0.2292,1.301,41.8,7.0,1.266,8.264285714285716,0,0,0,0,0,1,0,0,2
NEWS-17MILE-20220615,2022-05-23,23.0,pre,0,0,0,25.6,94.2,190.9,428.9,-1.2,43.1,7.7,0,0.2552,PROXY-spatial,0.0242,0.0404,1.266,ANALYTICAL-ensemble,-0.035,10,18.18,1,25.5,1401.0,344.0,-0.0267,4.14,14.3,0.0,0.784,130.8,873.8,FOREST,0.38,2101.2,POS,NEWS-17MILE-20220615,,147.8,137.0,308.5,0.231,1.301,41.8,7.0,1.266,9.771428571428576,0,0,0,0,0,1,0,0,2
NEWS-17MILE-20220615,2022-05-24,22.0,pre,0,0,0,0.6,53.0,165.7,419.9,-25.0,-10.2,1.9,1,0.2518,PROXY-spatial,0.014,0.0366,1.266,ANALYTICAL-ensemble,-0.027,10,18.18,1,25.5,1401.0,344.0,-0.0267,4.14,14.3,0.0,0.784,130.8,873.8,FOREST,0.38,2101.2,POS,NEWS-17MILE-20220615,,175.9,152.4,331.0,0.2378,1.293,41.8,6.0,1.266,8.85357142857143,0,0,0,0,0,1,0,0,2
NEWS-17MILE-20220615,2022-05-25,21.0,pre,0,0,0,0.3,26.6,151.5,417.4,-0.3,-43.4,2.057,2,0.2488,PROXY-spatial,0.0049,0.0262,1.27,ANALYTICAL-ensemble,-0.025,10,18.18,1,25.5,1401.0,344.0,-0.0267,4.14,14.3,0.0,0.784,130.8,873.8,FOREST,0.38,2101.2,POS,NEWS-17MILE-20220615,,194.9,137.1,302.5,0.2439,1.295,41.8,5.0,1.266,3.7535714285714197,0,0,0,0,0,1,0,0,2
NEWS-17MILE-20220615,2022-05-26,20.0,pre,0,0,0,19.6,20.6,135.9,436.8,19.3,-55.0,0.357,0,0.2553,PROXY-spatial,0.0001,0.0261,1.27,ANALYTICAL-ensemble,-0.013,10,18.18,1,25.5,1401.0,344.0,-0.0267,4.14,14.3,0.0,0.784,130.8,873.8,FOREST,0.38,2101.2,POS,NEWS-17MILE-20220615,,190.9,133.4,335.5,0.2552,1.283,41.8,5.0,1.266,-4.060714285714281,0,0,0,0,0,1,0,0,2
NEWS-17MILE-20220615,2022-05-27,19.0,pre,0,0,0,7.1,27.0,121.9,437.1,-12.5,-43.8,-3.7,0,0.2626,PROXY-spatial,0.0108,0.0316,1.27,ANALYTICAL-ensemble,-0.006,10,18.18,1,25.5,1401.0,344.0,-0.0267,4.14,14.3,0.0,0.784,130.8,873.8,FOREST,0.38,2101.2,POS,NEWS-17MILE-20220615,,165.7,147.8,356.4,0.2518,1.276,41.8,4.0,1.266,-11.40714285714287,0,0,0,0,0,1,0,0,2
NEWS-17MILE-20220615,2022-05-28,18.0,pre,0,0,0,20.5,47.1,100.5,457.5,13.4,-51.0,-10.771,0,0.2532,PROXY-spatial,0.0044,0.0154,1.267,ANALYTICAL-ensemble,0.001,10,18.18,1,25.5,1401.0,344.0,-0.0267,4.14,14.3,0.0,0.784,130.8,873.8,FOREST,0.38,2101.2,POS,NEWS-17MILE-20220615,,151.5,175.9,398.3,0.2488,1.266,26.8,4.0,1.266,-16.10714285714285,0,0,0,0,0,1,0,0,2
NEWS-17MILE-20220615,2022-05-29,17.0,pre,0,0,0,1.2,28.7,74.9,458.6,-19.3,-61.0,-17.143,1,0.2338,PROXY-spatial,-0.0215,-0.0101,1.27,ANALYTICAL-ensemble,0.004,10,18.18,1,25.5,1401.0,344.0,-0.0267,4.14,14.3,0.0,0.784,130.8,873.8,FOREST,0.38,2101.2,POS,NEWS-17MILE-20220615,,135.9,194.9,406.7,0.2553,1.266,25.6,3.0,1.266,-18.142857142857142,0,0,0,0,0,1,0,0,2
NEWS-17MILE-20220615,2022-05-30,16.0,pre,0,0,0,19.8,41.5,69.1,463.5,18.6,-52.8,-17.4,0,0.2404,PROXY-spatial,-0.0222,-0.0148,1.27,ANALYTICAL-ensemble,0.004,10,18.18,1,25.5,1401.0,344.0,-0.0267,4.14,14.3,0.0,0.784,130.8,873.8,FOREST,0.38,2101.2,POS,NEWS-17MILE-20220615,,121.9,190.9,428.9,0.2626,1.266,20.5,3.0,1.266,-17.085714285714293,0,0,0,0,0,1,0,0,2
NEWS-17MILE-20220615,2022-05-31,15.0,pre,0,0,0,5.1,26.1,73.6,467.6,-14.7,-26.9,-13.157,0,0.2407,PROXY-spatial,-0.0125,-0.0111,1.27,ANALYTICAL-ensemble,0.004,10,18.18,1,25.5,1401.0,344.0,-0.0267,4.14,14.3,0.0,0.784,130.8,873.8,FOREST,0.38,2101.2,POS,NEWS-17MILE-20220615,,100.5,165.7,419.9,0.2532,1.266,20.5,3.0,1.266,-14.796428571428589,0,0,0,0,0,1,0,0,2
NEWS-17MILE-20220615,2022-06-01,14.0,pre,1,0,0,1.5,26.5,74.8,465.4,-3.6,-0.1,-10.957,1,0.2422,PROXY-spatial,0.0084,-0.0066,1.27,ANALYTICAL-ensemble,0.0,10,18.18,1,25.5,1401.0,344.0,-0.0267,4.14,14.3,0.0,0.784,130.8,873.8,FOREST,0.38,2101.2,POS,NEWS-17MILE-20220615,,74.9,151.5,417.4,0.2338,1.27,20.5,3.0,1.266,-11.117857142857146,0,0,0,0,0,1,0,0,2
NEWS-17MILE-20220615,2022-06-02,13.0,pre,1,0,0,31.7,38.3,86.8,489.2,30.2,17.7,-7.014,0,0.2348,PROXY-spatial,-0.0056,-0.0205,1.269,ANALYTICAL-ensemble,-0.001,10,18.18,1,25.5,1401.0,344.0,-0.0267,4.14,14.3,0.0,0.784,130.8,873.8,FOREST,0.38,2101.2,POS,NEWS-17MILE-20220615,,69.1,135.9,436.8,0.2404,1.27,31.7,3.0,1.266,-5.642857142857147,0,0,0,0,0,1,0,0,2
NEWS-17MILE-20220615,2022-06-03,12.0,pre,1,0,0,61.4,94.5,141.1,531.6,29.7,67.5,2.743,0,0.2311,PROXY-spatial,-0.0096,-0.0315,1.264,ANALYTICAL-ensemble,-0.006,10,18.18,1,25.5,1401.0,344.0,-0.0267,4.14,14.3,0.0,0.784,130.8,873.8,FOREST,0.38,2101.2,POS,NEWS-17MILE-20220615,,73.6,121.9,437.1,0.2407,1.27,61.4,4.0,1.264,5.403571428571421,0,0,0,0,0,1,0,0,2
NEWS-17MILE-20220615,2022-06-04,11.0,pre,1,0,0,31.9,124.9,152.5,531.2,-29.5,77.7,7.429,0,0.2328,PROXY-spatial,-0.0094,-0.0204,1.264,ANALYTICAL-ensemble,-0.003,10,18.18,1,25.5,1401.0,344.0,-0.0267,4.14,14.3,0.0,0.784,130.8,873.8,FOREST,0.38,2101.2,POS,NEWS-17MILE-20220615,,74.8,100.5,457.5,0.2422,1.267,61.4,4.0,1.264,13.928571428571432,0,0,0,0,0,1,0,0,2
NEWS-17MILE-20220615,2022-06-05,10.0,pre,1,0,0,6.1,99.3,157.4,537.2,-25.8,70.6,11.786,0,0.2384,PROXY-spatial,0.0036,0.0046,1.262,ANALYTICAL-ensemble,-0.008,10,18.18,1,25.5,1401.0,344.0,-0.0267,4.14,14.3,0.0,0.784,130.8,873.8,FOREST,0.38,2101.2,POS,NEWS-17MILE-20220615,,86.8,74.9,458.6,0.2348,1.27,61.4,4.0,1.262,17.464285714285708,0,0,0,0,0,1,0,0,2
NEWS-17MILE-20220615,2022-06-06,9.0,pre,1,0,0,13.4,51.4,151.0,548.7,7.3,9.9,11.7,0,0.2348,PROXY-spatial,0.0037,-0.0056,1.264,ANALYTICAL-ensemble,-0.006,10,18.18,1,25.5,1401.0,344.0,-0.0267,4.14,14.3,0.0,0.784,130.8,873.8,FOREST,0.38,2101.2,POS,NEWS-17MILE-20220615,,141.1,69.1,463.5,0.2311,1.27,61.4,4.0,1.262,16.539285714285718,0,0,0,0,0,1,0,0,2
NEWS-17MILE-20220615,2022-06-07,8.0,pre,1,0,0,14.5,34.0,160.4,563.1,1.1,7.9,12.4,0,0.2376,PROXY-spatial,0.0048,-0.0031,1.264,ANALYTICAL-ensemble,-0.006,10,18.18,1,25.5,1401.0,344.0,-0.0267,4.14,14.3,0.0,0.784,130.8,873.8,FOREST,0.38,2101.2,POS,NEWS-17MILE-20220615,,152.5,73.6,467.6,0.2328,1.27,61.4,5.0,1.262,14.33928571428571,0,0,0,0,0,1,0,0,2
NEWS-17MILE-20220615,2022-06-08,7.0,pre,1,1,0,71.2,99.2,230.2,633.8,56.7,72.8,22.2,0,0.2368,PROXY-spatial,-0.0016,-0.0054,1.257,ANALYTICAL-ensemble,-0.013,10,18.18,1,25.5,1401.0,344.0,-0.0267,4.14,14.3,0.0,0.784,130.8,873.8,FOREST,0.38,2101.2,POS,NEWS-17MILE-20220615,,157.4,74.8,465.4,0.2384,1.27,71.2,6.0,1.257,16.689285714285713,0,0,0,0,0,1,0,0,2
NEWS-17MILE-20220615,2022-06-09,6.0,pre,1,1,0,32.2,118.0,230.7,655.7,-39.0,79.7,20.557,0,0.2399,PROXY-spatial,0.0051,0.0051,1.252,ANALYTICAL-ensemble,-0.017,10,18.18,1,25.5,1401.0,344.0,-0.0267,4.14,14.3,0.0,0.784,130.8,873.8,FOREST,0.38,2101.2,POS,NEWS-17MILE-20220615,,151.0,86.8,489.2,0.2348,1.269,71.2,6.0,1.252,15.257142857142853,0,0,0,0,0,1,0,0,2
NEWS-17MILE-20220615,2022-06-10,5.0,pre,1,1,0,32.7,136.2,202.1,658.5,0.5,41.7,8.714,0,0.245,PROXY-spatial,0.0074,0.0139,1.252,ANALYTICAL-ensemble,-0.012,10,18.18,1,25.5,1401.0,344.0,-0.0267,4.14,14.3,0.0,0.784,130.8,873.8,FOREST,0.38,2101.2,POS,NEWS-17MILE-20220615,,160.4,141.1,531.6,0.2376,1.264,71.2,6.0,1.252,13.378571428571435,0,0,0,0,0,1,0,0,2
NEWS-17MILE-20220615,2022-06-11,4.0,pre,1,1,0,9.1,74.1,179.3,628.8,-23.6,-50.9,3.829,0,0.2469,PROXY-spatial,0.0101,0.0141,1.253,ANALYTICAL-ensemble,-0.011,10,18.18,1,25.5,1401.0,344.0,-0.0267,4.14,14.3,0.0,0.784,130.8,873.8,FOREST,0.38,2101.2,POS,NEWS-17MILE-20220615,,230.2,152.5,531.2,0.2368,1.264,71.2,5.0,1.252,8.507142857142858,0,0,0,0,0,1,0,0,2
NEWS-17MILE-20220615,2022-06-12,3.0,pre,1,1,0,20.3,62.1,193.6,642.3,11.2,-37.1,5.171,0,0.2451,PROXY-spatial,0.0052,0.0067,1.253,ANALYTICAL-ensemble,-0.009,10,18.18,1,25.5,1401.0,344.0,-0.0267,4.14,14.3,0.0,0.784,130.8,873.8,FOREST,0.38,2101.2,POS,NEWS-17MILE-20220615,,230.7,157.4,537.2,0.2399,1.262,71.2,6.0,1.252,4.910714285714283,0,0,0,0,0,1,0,0,2
NEWS-17MILE-20220615,2022-06-13,2.0,pre,1,1,0,25.1,54.5,205.2,653.7,4.8,3.1,7.743,0,0.2436,PROXY-spatial,-0.0014,0.0088,1.253,ANALYTICAL-ensemble,-0.011,10,18.18,1,25.5,1401.0,344.0,-0.0267,4.14,14.3,0.0,0.784,130.8,873.8,FOREST,0.38,2101.2,POS,NEWS-17MILE-20220615,,202.1,151.0,548.7,0.245,1.264,71.2,6.0,1.252,0.34999999999999554,0,0,0,0,0,1,0,0,2
NEWS-17MILE-20220615,2022-06-14,1.0,pre,1,1,0,38.7,84.1,229.4,684.5,13.6,50.1,9.857,0,0.2446,PROXY-spatial,-0.0023,0.007,1.252,ANALYTICAL-ensemble,-0.012,10,18.18,1,25.5,1401.0,344.0,-0.0267,4.14,14.3,0.0,0.784,130.8,873.8,FOREST,0.38,2101.2,POS,NEWS-17MILE-20220615,,179.3,160.4,563.1,0.2469,1.264,71.2,6.0,1.252,-2.210714285714277,0,0,0,0,0,1,0,0,2
NEWS-17MILE-20220615,2023-04-16,,N0,0,0,0,0.0,0.0,15.1,251.9,0.0,-16.9,-7.088,5,,MISSING (window-absent),,,1.313,ANALYTICAL-ensemble,0.008,10,18.18,2,25.5,1401.0,344.0,-0.0267,4.14,14.3,0.0,0.784,130.8,873.8,FOREST,0.376,,N0,NEWS-17MILE-20220615_N0_2023,2023.0,,,,,,0.0,0.0,1.313,,1,0,0,0,0,1,0,0,2
NEWS-17MILE-20220615,2023-04-17,,N0,0,0,0,4.4,4.4,18.3,249.6,4.4,3.2,-4.368,0,,MISSING (window-absent),,,1.313,ANALYTICAL-ensemble,0.008,10,18.18,2,25.5,1401.0,344.0,-0.0267,4.14,14.3,0.0,0.784,130.8,873.8,FOREST,0.376,,N0,NEWS-17MILE-20220615_N0_2023,2023.0,,,,,,4.4,0.0,1.313,,1,0,0,0,0,1,0,0,2
NEWS-17MILE-20220615,2023-04-18,,N0,0,0,0,1.2,5.6,5.7,243.7,-3.2,-9.4,-5.52,1,,MISSING (window-absent),,,1.315,ANALYTICAL-ensemble,0.011,10,18.18,2,25.5,1401.0,344.0,-0.0267,4.14,14.3,0.0,0.784,130.8,873.8,FOREST,0.376,,N0,NEWS-17MILE-20220615_N0_2023,2023.0,,,,,,4.4,0.0,1.313,,1,0,0,0,0,1,0,0,2
NEWS-17MILE-20220615,2023-04-19,,N0,0,0,0,2.9,8.5,8.5,239.1,1.7,-6.6,-3.992,0,,MISSING (window-absent),,,1.317,ANALYTICAL-ensemble,0.013,10,18.18,2,25.5,1401.0,344.0,-0.0267,4.14,14.3,0.0,0.784,130.8,873.8,FOREST,0.376,,N0,NEWS-17MILE-20220615_N0_2023,2023.0,15.1,,,,,4.4,0.0,1.313,-3.2399999999999998,1,0,0,0,0,1,0,0,2
NEWS-17MILE-20220615,2023-04-20,,N0,0,0,0,6.8,10.9,15.3,233.8,3.9,-3.0,-2.388,0,,MISSING (window-absent),,,1.315,ANALYTICAL-ensemble,0.011,10,18.18,2,25.5,1401.0,344.0,-0.0267,4.14,14.3,0.0,0.784,130.8,873.8,FOREST,0.376,,N0,NEWS-17MILE-20220615_N0_2023,2023.0,18.3,,,,,6.8,0.0,1.313,-0.9400000000000007,1,0,0,0,0,1,0,0,2
NEWS-17MILE-20220615,2023-04-21,,N0,0,0,0,32.4,42.1,47.7,255.0,25.6,42.0,4.662,0,,MISSING (window-absent),,,1.308,ANALYTICAL-ensemble,0.003,10,18.18,2,25.5,1401.0,344.0,-0.0267,4.14,14.3,0.0,0.784,130.8,873.8,FOREST,0.376,,N0,NEWS-17MILE-20220615_N0_2023,2023.0,5.7,,,,,32.4,1.0,1.308,4.479999999999999,1,0,0,0,0,1,0,0,2
NEWS-17MILE-20220615,2023-04-22,,N0,0,0,0,7.1,46.3,54.8,248.7,-25.3,46.3,5.677,0,,MISSING (window-absent),,,1.305,ANALYTICAL-ensemble,-0.004,10,18.18,2,25.5,1401.0,344.0,-0.0267,4.14,14.3,0.0,0.784,130.8,873.8,FOREST,0.376,,N0,NEWS-17MILE-20220615_N0_2023,2023.0,8.5,,,,,32.4,1.0,1.305,6.696428571428572,1,0,0,0,0,1,0,0,2
NEWS-17MILE-20220615,2023-04-23,,N0,0,0,0,12.9,52.4,67.7,232.6,5.8,52.4,7.519,0,,MISSING (window-absent),,,1.308,ANALYTICAL-ensemble,-0.005,10,18.18,2,25.5,1401.0,344.0,-0.0267,4.14,14.3,0.0,0.784,130.8,873.8,FOREST,0.376,,N0,NEWS-17MILE-20220615_N0_2023,2023.0,15.3,15.1,251.9,,1.313,32.4,2.0,1.305,10.2,1,0,0,0,0,1,0,0,2
NEWS-17MILE-20220615,2023-04-24,,N0,0,0,0,2.0,22.1,65.3,204.0,-10.9,17.6,6.71,1,,MISSING (window-absent),,,1.31,ANALYTICAL-ensemble,-0.003,10,18.18,2,25.5,1401.0,344.0,-0.0267,4.14,14.3,0.0,0.784,130.8,873.8,FOREST,0.376,,N0,NEWS-17MILE-20220615_N0_2023,2023.0,47.7,18.3,249.6,,1.313,32.4,2.0,1.305,12.025,1,0,0,0,0,1,0,0,2
NEWS-17MILE-20220615,2023-04-25,,N0,0,0,0,0.0,15.0,64.1,199.8,-2.0,9.3,8.348,2,,MISSING (window-absent),,,1.316,ANALYTICAL-ensemble,0.001,10,18.18,2,25.5,1401.0,344.0,-0.0267,4.14,14.3,0.0,0.784,130.8,873.8,FOREST,0.376,,N0,NEWS-17MILE-20220615_N0_2023,2023.0,54.8,5.7,243.7,,1.315,32.4,2.0,1.305,10.242857142857142,1,0,0,0,0,1,0,0,2
NEWS-17MILE-20220615,2023-04-26,,N0,0,0,0,2.9,5.0,64.2,202.7,2.9,-3.5,7.957,0,,MISSING (window-absent),,,1.316,ANALYTICAL-ensemble,-0.001,10,18.18,2,25.5,1401.0,344.0,-0.0267,4.14,14.3,0.0,0.784,130.8,873.8,FOREST,0.376,,N0,NEWS-17MILE-20220615_N0_2023,2023.0,67.7,8.5,239.1,,1.317,32.4,2.0,1.305,6.785714285714287,1,0,0,0,0,1,0,0,2
NEWS-17MILE-20220615,2023-04-27,,N0,0,0,0,13.1,16.0,70.5,215.8,10.2,5.2,7.881,0,,MISSING (window-absent),,,1.315,ANALYTICAL-ensemble,0.0,10,18.18,2,25.5,1401.0,344.0,-0.0267,4.14,14.3,0.0,0.784,130.8,873.8,FOREST,0.376,,N0,NEWS-17MILE-20220615_N0_2023,2023.0,65.3,15.3,233.8,,1.315,32.4,3.0,1.305,2.985714285714287,1,0,0,0,0,1,0,0,2
NEWS-17MILE-20220615,2023-04-28,,N0,0,0,0,10.4,26.5,48.5,216.0,-2.7,-15.6,0.114,0,,MISSING (window-absent),,,1.311,ANALYTICAL-ensemble,0.003,10,18.18,2,25.5,1401.0,344.0,-0.0267,4.14,14.3,0.0,0.784,130.8,873.8,FOREST,0.376,,N0,NEWS-17MILE-20220615_N0_2023,2023.0,64.1,47.7,255.0,,1.308,13.1,3.0,1.305,-0.5142857142857146,1,0,0,0,0,1,0,0,2
NEWS-17MILE-20220615,2023-04-29,,N0,0,0,0,30.8,54.3,72.2,245.5,20.4,8.0,2.485,0,,MISSING (window-absent),,,1.305,ANALYTICAL-ensemble,0.0,10,18.18,2,25.5,1401.0,344.0,-0.0267,4.14,14.3,0.0,0.784,130.8,873.8,FOREST,0.376,,N0,NEWS-17MILE-20220615_N0_2023,2023.0,64.2,54.8,248.7,,1.305,30.8,4.0,1.305,-0.48928571428571016,1,0,0,0,0,1,0,0,2
NEWS-17MILE-20220615,2023-04-30,,N0,0,0,0,7.8,49.0,67.1,251.3,-23.0,-3.4,-0.09,0,,MISSING (window-absent),,,1.302,ANALYTICAL-ensemble,-0.006,10,18.18,2,25.5,1401.0,344.0,-0.0267,4.14,14.3,0.0,0.784,130.8,873.8,FOREST,0.376,,N0,NEWS-17MILE-20220615_N0_2023,2023.0,70.5,67.7,232.6,,1.308,30.8,3.0,1.302,0.2107142857142866,1,0,0,0,0,1,0,0,2
NEWS-17MILE-20220615,2023-05-01,,N0,0,0,0,20.5,59.0,85.5,251.1,12.7,37.0,2.882,0,,MISSING (window-absent),,,1.303,ANALYTICAL-ensemble,-0.007,10,18.18,2,25.5,1401.0,344.0,-0.0267,4.14,14.3,0.0,0.784,130.8,873.8,FOREST,0.376,,N0,NEWS-17MILE-20220615_N0_2023,2023.0,48.5,65.3,204.0,,1.31,30.8,4.0,1.302,2.5607142857142824,1,0,0,0,0,1,0,0,2
NEWS-17MILE-20220615,2023-05-02,,N0,0,0,0,16.0,44.2,101.5,251.0,-4.5,29.3,5.337,0,,MISSING (window-absent),,,1.302,ANALYTICAL-ensemble,-0.014,10,18.18,2,25.5,1401.0,344.0,-0.0267,4.14,14.3,0.0,0.784,130.8,873.8,FOREST,0.376,,N0,NEWS-17MILE-20220615_N0_2023,2023.0,72.2,64.1,199.8,,1.316,30.8,5.0,1.302,5.7321428571428585,1,0,0,0,0,1,0,0,2
NEWS-17MILE-20220615,2023-05-03,,N0,0,0,0,0.4,36.8,98.9,234.4,-15.6,31.8,4.959,1,,MISSING (window-absent),,,1.304,ANALYTICAL-ensemble,-0.012,10,18.18,2,25.5,1401.0,344.0,-0.0267,4.14,14.3,0.0,0.784,130.8,873.8,FOREST,0.376,,N0,NEWS-17MILE-20220615_N0_2023,2023.0,67.1,64.2,202.7,,1.316,30.8,5.0,1.302,7.303571428571429,1,0,0,0,0,1,0,0,2
NEWS-17MILE-20220615,2023-05-04,,N0,0,0,0,4.7,21.0,90.5,220.7,4.3,5.0,2.862,0,,MISSING (window-absent),,,1.305,ANALYTICAL-ensemble,-0.01,10,18.18,2,25.5,1401.0,344.0,-0.0267,4.14,14.3,0.0,0.784,130.8,873.8,FOREST,0.376,,N0,NEWS-17MILE-20220615_N0_2023,2023.0,85.5,70.5,215.8,,1.315,30.8,4.0,1.302,7.635714285714287,1,0,0,0,0,1,0,0,2
NEWS-17MILE-20220615,2023-05-05,,N0,0,0,0,2.4,7.4,82.4,215.1,-2.3,-19.1,4.837,1,,MISSING (window-absent),,,1.308,ANALYTICAL-ensemble,-0.003,10,18.18,2,25.5,1401.0,344.0,-0.0267,4.14,14.3,0.0,0.784,130.8,873.8,FOREST,0.376,,N0,NEWS-17MILE-20220615_N0_2023,2023.0,101.5,48.5,216.0,,1.311,30.8,3.0,1.302,3.2428571428571447,1,0,0,0,0,1,0,0,2
NEWS-17MILE-20220615,2023-05-06,,N0,0,0,0,16.0,23.1,67.7,226.7,13.6,-31.2,-0.641,0,,MISSING (window-absent),,,1.308,ANALYTICAL-ensemble,0.003,10,18.18,2,25.5,1401.0,344.0,-0.0267,4.14,14.3,0.0,0.784,130.8,873.8,FOREST,0.376,,N0,NEWS-17MILE-20220615_N0_2023,2023.0,98.9,72.2,245.5,,1.305,20.5,3.0,1.302,-0.5499999999999963,1,0,0,0,0,1,0,0,2
NEWS-17MILE-20220615,2023-05-07,,N0,0,0,0,10.0,28.3,69.8,219.7,-6.0,-20.7,0.389,0,,MISSING (window-absent),,,1.306,ANALYTICAL-ensemble,0.004,10,18.18,2,25.5,1401.0,344.0,-0.0267,4.14,14.3,0.0,0.784,130.8,873.8,FOREST,0.376,,N0,NEWS-17MILE-20220615_N0_2023,2023.0,90.5,67.1,251.3,,1.302,20.5,4.0,1.302,-4.6857142857142895,1,0,0,0,0,1,0,0,2
NEWS-17MILE-20220615,2023-05-08,,N0,0,0,0,11.8,37.8,61.2,231.5,1.8,-21.2,-3.471,0,,MISSING (window-absent),,,1.305,ANALYTICAL-ensemble,0.002,10,18.18,2,25.5,1401.0,344.0,-0.0267,4.14,14.3,0.0,0.784,130.8,873.8,FOREST,0.376,,N0,NEWS-17MILE-20220615_N0_2023,2023.0,82.4,85.5,251.1,,1.303,16.0,4.0,1.302,-7.210714285714285,1,0,0,0,0,1,0,0,2
NEWS-17MILE-20220615,2023-05-09,,N0,0,0,0,19.7,41.5,65.0,251.3,7.9,-2.7,-5.209,0,0.1702,PROXY-spatial,,,1.303,ANALYTICAL-ensemble,0.001,10,18.18,2,25.5,1401.0,344.0,-0.0267,4.14,14.3,0.0,0.784,130.8,873.8,FOREST,0.376,,N0,NEWS-17MILE-20220615_N0_2023,2023.0,67.7,101.5,251.0,,1.302,19.7,4.0,1.302,-6.175000000000006,0,0,0,0,0,1,0,0,2
NEWS-17MILE-20220615,2023-05-10,,N0,0,0,0,3.5,35.1,68.1,253.6,-16.2,-1.7,-4.402,0,0.1702,PROXY-spatial,,,1.302,ANALYTICAL-ensemble,-0.002,10,18.18,2,25.5,1401.0,344.0,-0.0267,4.14,14.3,0.0,0.784,130.8,873.8,FOREST,0.376,,N0,NEWS-17MILE-20220615_N0_2023,2023.0,69.8,98.9,234.4,,1.304,19.7,4.0,1.302,-3.8750000000000004,0,0,0,0,0,1,0,0,2
NEWS-17MILE-20220615,2023-05-11,,N0,0,0,0,0.1,23.3,63.5,239.8,-3.4,2.3,-3.858,1,0.1702,PROXY-spatial,,,1.305,ANALYTICAL-ensemble,0.0,10,18.18,2,25.5,1401.0,344.0,-0.0267,4.14,14.3,0.0,0.784,130.8,873.8,FOREST,0.376,,N0,NEWS-17MILE-20220615_N0_2023,2023.0,61.2,90.5,220.7,,1.305,19.7,4.0,1.302,-2.167857142857143,0,0,0,0,0,1,0,0,2
NEWS-17MILE-20220615,2023-05-12,,N0,0,0,0,0.0,3.6,61.1,239.8,-0.1,-3.9,-3.048,2,0.1702,PROXY-spatial,0.0,,1.305,ANALYTICAL-ensemble,-0.003,10,18.18,2,25.5,1401.0,344.0,-0.0267,4.14,14.3,0.0,0.784,130.8,873.8,FOREST,0.376,,N0,NEWS-17MILE-20220615_N0_2023,2023.0,65.0,82.4,215.1,0.1702,1.308,19.7,4.0,1.302,-0.9107142857142805,0,0,0,0,0,1,0,0,2
NEWS-17MILE-20220615,2023-05-13,,N0,0,0,0,0.0,0.1,45.1,239.8,0.0,-23.0,-3.224,3,0.1702,PROXY-spatial,0.0,,1.308,ANALYTICAL-ensemble,0.0,10,18.18,2,25.5,1401.0,344.0,-0.0267,4.14,14.3,0.0,0.784,130.8,873.8,FOREST,0.376,,N0,NEWS-17MILE-20220615_N0_2023,2023.0,68.1,67.7,226.7,0.1702,1.308,19.7,3.0,1.302,-2.7071428571428555,0,0,0,0,0,1,0,0,2
NEWS-17MILE-20220615,2023-05-14,,N0,0,0,0,0.0,0.0,35.2,239.8,0.0,-28.3,-4.948,4,0.1702,PROXY-spatial,0.0,,1.313,ANALYTICAL-ensemble,0.007,10,18.18,2,25.5,1401.0,344.0,-0.0267,4.14,14.3,0.0,0.784,130.8,873.8,FOREST,0.376,,N0,NEWS-17MILE-20220615_N0_2023,2023.0,63.5,69.8,219.7,0.1702,1.306,19.7,2.0,1.302,-4.457142857142862,0,0,0,0,0,1,0,0,2
NEWS-17MILE-20220615,2023-05-15,,N0,0,0,0,1.0,1.0,24.4,240.8,1.0,-36.7,-5.258,5,0.1702,PROXY-spatial,0.0,,1.313,ANALYTICAL-ensemble,0.008,10,18.18,2,25.5,1401.0,344.0,-0.0267,4.14,14.3,0.0,0.784,130.8,873.8,FOREST,0.376,,N0,NEWS-17MILE-20220615_N0_2023,2023.0,61.1,61.2,231.5,0.1702,1.305,19.7,1.0,1.302,-7.357142857142855,0,0,0,0,0,1,0,0,2
NEWS-17MILE-20220615,2023-05-16,,N0,0,0,0,12.3,13.3,16.9,253.1,11.3,-28.2,-6.865,0,,MISSING (window-absent),,,1.309,ANALYTICAL-ensemble,0.006,10,18.18,2,25.5,1401.0,344.0,-0.0267,4.14,14.3,0.0,0.784,130.8,873.8,FOREST,0.376,,N0,NEWS-17MILE-20220615_N0_2023,2023.0,45.1,65.0,251.3,0.1702,1.303,12.3,1.0,1.302,-9.203571428571427,1,0,0,0,0,1,0,0,2
NEWS-17MILE-20220615,2023-05-17,,N0,0,0,0,5.2,18.6,18.6,253.9,-7.1,-16.6,-7.072,0,,MISSING (window-absent),,,1.307,ANALYTICAL-ensemble,0.005,10,18.18,2,25.5,1401.0,344.0,-0.0267,4.14,14.3,0.0,0.784,130.8,873.8,FOREST,0.376,,N0,NEWS-17MILE-20220615_N0_2023,2023.0,35.2,68.1,253.6,0.1702,1.302,12.3,1.0,1.302,-8.707142857142854,1,0,0,0,0,1,0,0,2
NEWS-17MILE-20220615,2023-05-18,,N0,0,0,0,9.2,26.8,27.8,262.0,4.0,3.4,-5.1,0,,MISSING (window-absent),,,1.306,ANALYTICAL-ensemble,0.001,10,18.18,2,25.5,1401.0,344.0,-0.0267,4.14,14.3,0.0,0.784,130.8,873.8,FOREST,0.376,,N0,NEWS-17MILE-20220615_N0_2023,2023.0,24.4,63.5,239.8,0.1702,1.305,12.3,1.0,1.302,-6.114285714285716,1,0,0,0,0,1,0,0,2
NEWS-17MILE-20220615,2023-05-19,,N0,0,0,0,33.2,47.7,61.0,292.3,24.0,44.1,-0.017,0,,MISSING (window-absent),,,1.303,ANALYTICAL-ensemble,-0.002,10,18.18,2,25.5,1401.0,344.0,-0.0267,4.14,14.3,0.0,0.784,130.8,873.8,FOREST,0.376,,N0,NEWS-17MILE-20220615_N0_2023,2023.0,16.9,61.1,239.8,,1.305,33.2,2.0,1.302,0.9678571428571436,1,0,0,0,0,1,0,0,2
NEWS-17MILE-20220615,2023-05-20,,N0,0,0,0,14.1,56.6,75.1,299.6,-19.1,56.5,4.28,0,,MISSING (window-absent),,,1.301,ANALYTICAL-ensemble,-0.007,10,18.18,2,25.5,1401.0,344.0,-0.0267,4.14,14.3,0.0,0.784,130.8,873.8,FOREST,0.376,,N0,NEWS-17MILE-20220615_N0_2023,2023.0,18.6,45.1,239.8,,1.308,33.2,3.0,1.301,7.2785714285714285,1,0,0,0,0,1,0,0,2
NEWS-17MILE-20220615,2023-05-21,,N0,0,0,0,9.2,56.6,84.3,276.4,-4.9,56.5,7.021,0,,MISSING (window-absent),,,1.301,ANALYTICAL-ensemble,-0.012,10,18.18,2,25.5,1401.0,344.0,-0.0267,4.14,14.3,0.0,0.784,130.8,873.8,FOREST,0.376,,N0,NEWS-17MILE-20220615_N0_2023,2023.0,27.8,35.2,239.8,,1.313,33.2,3.0,1.301,12.089285714285712,1,0,0,0,0,1,0,0,2
NEWS-17MILE-20220615,2023-05-22,,N0,0,0,0,3.6,27.0,86.9,272.9,-5.6,25.9,8.935,0,,MISSING (window-absent),,,1.303,ANALYTICAL-ensemble,-0.01,10,18.18,2,25.5,1401.0,344.0,-0.0267,4.14,14.3,0.0,0.784,130.8,873.8,FOREST,0.376,,N0,NEWS-17MILE-20220615_N0_2023,2023.0,61.0,24.4,240.8,,1.313,33.2,3.0,1.301,13.882142857142856,1,0,0,0,0,1,0,0,2
NEWS-17MILE-20220615,2023-05-23,,N0,0,0,0,0.0,12.8,74.6,260.0,-3.6,-0.5,8.237,1,,MISSING (window-absent),,,1.305,ANALYTICAL-ensemble,-0.004,10,18.18,2,25.5,1401.0,344.0,-0.0267,4.14,14.3,0.0,0.784,130.8,873.8,FOREST,0.376,,N0,NEWS-17MILE-20220615_N0_2023,2023.0,75.1,16.9,253.1,,1.309,33.2,2.0,1.301,11.053571428571429,1,0,0,0,0,1,0,0,2
NEWS-17MILE-20220615,2023-05-24,,N0,0,0,0,35.1,38.7,104.5,293.1,35.1,20.2,12.265,0,,MISSING (window-absent),,,1.301,ANALYTICAL-ensemble,-0.006,10,18.18,2,25.5,1401.0,344.0,-0.0267,4.14,14.3,0.0,0.784,130.8,873.8,FOREST,0.376,,N0,NEWS-17MILE-20220615_N0_2023,2023.0,84.3,18.6,253.9,,1.307,35.1,3.0,1.301,9.610714285714282,1,0,0,0,0,1,0,0,2
NEWS-17MILE-20220615,2023-05-25,,N0,0,0,0,12.9,48.0,108.2,306.0,-22.2,21.3,11.487,0,,MISSING (window-absent),,,1.301,ANALYTICAL-ensemble,-0.005,10,18.18,2,25.5,1401.0,344.0,-0.0267,4.14,14.3,0.0,0.784,130.8,873.8,FOREST,0.376,,N0,NEWS-17MILE-20220615_N0_2023,2023.0,86.9,27.8,262.0,,1.306,35.1,4.0,1.301,6.810714285714286,1,0,0,0,0,1,0,0,2
NEWS-17MILE-20220615,2023-05-26,,N0,0,0,0,29.1,77.2,104.1,332.2,16.2,29.5,6.158,0,,MISSING (window-absent),,,1.298,ANALYTICAL-ensemble,-0.005,10,18.18,2,25.5,1401.0,344.0,-0.0267,4.14,14.3,0.0,0.784,130.8,873.8,FOREST,0.376,,N0,NEWS-17MILE-20220615_N0_2023,2023.0,74.6,61.0,292.3,,1.303,35.1,4.0,1.298,5.442857142857142,1,0,0,0,0,1,0,0,2
NEWS-17MILE-20220615,2023-05-27,,N0,0,0,0,18.7,60.8,108.7,337.8,-10.4,4.2,4.795,0,,MISSING (window-absent),,,1.292,ANALYTICAL-ensemble,-0.009,10,18.18,2,25.5,1401.0,344.0,-0.0267,4.14,14.3,0.0,0.784,130.8,873.8,FOREST,0.376,,N0,NEWS-17MILE-20220615_N0_2023,2023.0,104.5,75.1,299.6,,1.301,35.1,4.0,1.292,5.042857142857143,1,0,0,0,0,1,0,0,2
NEWS-17MILE-20220615,2023-05-28,,N0,0,0,0,19.3,67.2,118.8,346.7,0.6,10.6,4.922,0,,MISSING (window-absent),,,1.289,ANALYTICAL-ensemble,-0.012,10,18.18,2,25.5,1401.0,344.0,-0.0267,4.14,14.3,0.0,0.784,130.8,873.8,FOREST,0.376,,N0,NEWS-17MILE-20220615_N0_2023,2023.0,108.2,84.3,276.4,,1.301,35.1,5.0,1.289,5.83928571428572,1,0,0,0,0,1,0,0,2
NEWS-17MILE-20220615,2023-05-29,,N0,0,0,0,0.1,38.1,115.3,316.0,-19.2,11.2,4.055,1,,MISSING (window-absent),,,1.29,ANALYTICAL-ensemble,-0.013,10,18.18,2,25.5,1401.0,344.0,-0.0267,4.14,14.3,0.0,0.784,130.8,873.8,FOREST,0.376,,N0,NEWS-17MILE-20220615_N0_2023,2023.0,104.1,86.9,272.9,,1.303,35.1,5.0,1.289,5.3999999999999995,1,0,0,0,0,1,0,0,2
NEWS-17MILE-20220615,2023-05-30,,N0,0,0,0,0.0,19.4,115.3,308.2,-0.1,6.6,5.812,2,,MISSING (window-absent),,,1.294,ANALYTICAL-ensemble,-0.011,10,18.18,2,25.5,1401.0,344.0,-0.0267,4.14,14.3,0.0,0.784,130.8,873.8,FOREST,0.376,,N0,NEWS-17MILE-20220615_N0_2023,2023.0,108.7,74.6,260.0,,1.305,35.1,5.0,1.289,2.1892857142857167,1,0,0,0,0,1,0,0,2
NEWS-17MILE-20220615,2023-05-31,,N0,0,0,0,0.0,0.1,80.2,287.8,0.0,-38.6,-3.474,3,,MISSING (window-absent),,,1.301,ANALYTICAL-ensemble,0.0,10,18.18,2,25.5,1401.0,344.0,-0.0267,4.14,14.3,0.0,0.784,130.8,873.8,FOREST,0.376,,N0,NEWS-17MILE-20220615_N0_2023,2023.0,118.8,104.5,293.1,,1.301,29.1,4.0,1.289,-1.9642857142857104,1,0,0,0,0,1,0,0,2
NEWS-17MILE-20220615,2023-06-01,,N0,0,0,0,7.4,7.4,74.7,279.2,7.4,-40.6,-4.782,0,0.2354,PROXY-spatial,,,1.305,ANALYTICAL-ensemble,0.004,10,18.18,2,25.5,1401.0,344.0,-0.0267,4.14,14.3,0.0,0.784,130.8,873.8,FOREST,0.376,,N0,NEWS-17MILE-20220615_N0_2023,2023.0,115.3,108.2,306.0,,1.301,29.1,3.0,1.289,-5.310714285714284,0,0,0,0,0,1,0,0,2
NEWS-17MILE-20220615,2023-06-02,,N0,0,0,0,2.2,9.5,47.7,281.0,-5.2,-67.6,-8.06,1,0.2354,PROXY-spatial,,,1.305,ANALYTICAL-ensemble,0.007,10,18.18,2,25.5,1401.0,344.0,-0.0267,4.14,14.3,0.0,0.784,130.8,873.8,FOREST,0.376,,N0,NEWS-17MILE-20220615_N0_2023,2023.0,115.3,104.1,332.2,,1.298,19.3,2.0,1.289,-10.93928571428571,0,0,0,0,0,1,0,0,2
NEWS-17MILE-20220615,2023-06-03,,N0,0,0,0,5.6,15.1,34.5,281.8,3.4,-45.7,-10.6,0,0.2354,PROXY-spatial,,,1.305,ANALYTICAL-ensemble,0.013,10,18.18,2,25.5,1401.0,344.0,-0.0267,4.14,14.3,0.0,0.784,130.8,873.8,FOREST,0.376,,N0,NEWS-17MILE-20220615_N0_2023,2023.0,80.2,108.7,337.8,,1.292,19.3,1.0,1.289,-15.310714285714285,0,0,0,0,0,1,0,0,2
NEWS-17MILE-20220615,2023-06-04,,N0,0,0,0,0.3,8.0,15.5,279.8,-5.3,-59.2,-14.753,1,0.2354,PROXY-spatial,0.0,,1.305,ANALYTICAL-ensemble,0.016,10,18.18,2,25.5,1401.0,344.0,-0.0267,4.14,14.3,0.0,0.784,130.8,873.8,FOREST,0.376,,N0,NEWS-17MILE-20220615_N0_2023,2023.0,74.7,118.8,346.7,0.2354,1.289,7.4,0.0,1.289,-17.625,0,0,0,0,0,1,0,0,2
NEWS-17MILE-20220615,2023-06-05,,N0,0,0,0,5.3,11.2,20.7,269.1,5.0,-27.0,-13.513,0,0.2354,PROXY-spatial,0.0,,1.305,ANALYTICAL-ensemble,0.015,10,18.18,2,25.5,1401.0,344.0,-0.0267,4.14,14.3,0.0,0.784,130.8,873.8,FOREST,0.376,,N0,NEWS-17MILE-20220615_N0_2023,2023.0,47.7,115.3,316.0,0.2354,1.29,7.4,0.0,1.289,-16.192857142857143,0,0,0,0,0,1,0,0,2
NEWS-17MILE-20220615,2023-06-06,,N0,0,0,0,0.0,5.6,20.7,259.1,-5.3,-13.8,-13.513,1,0.2354,PROXY-spatial,0.0,,1.305,ANALYTICAL-ensemble,0.011,10,18.18,2,25.5,1401.0,344.0,-0.0267,4.14,14.3,0.0,0.784,130.8,873.8,FOREST,0.376,,N0,NEWS-17MILE-20220615_N0_2023,2023.0,34.5,115.3,308.2,0.2354,1.294,7.4,0.0,1.289,-11.382142857142862,0,0,0,0,0,1,0,0,2
NEWS-17MILE-20220615,2023-06-07,,N0,0,0,0,2.7,8.0,23.4,249.9,2.7,7.9,-8.109,0,0.2354,PROXY-spatial,0.0,,1.311,ANALYTICAL-ensemble,0.01,10,18.18,2,25.5,1401.0,344.0,-0.0267,4.14,14.3,0.0,0.784,130.8,873.8,FOREST,0.376,,N0,NEWS-17MILE-20220615_N0_2023,2023.0,15.5,80.2,287.8,0.2354,1.301,7.4,0.0,1.289,-7.9178571428571445,0,0,0,0,0,1,0,0,2
NEWS-17MILE-20220615,2023-06-08,,N0,0,0,0,2.4,5.0,18.4,232.6,-0.3,-2.3,-8.036,1,0.2012,PROXY-spatial,-0.0342,-0.0342,1.314,ANALYTICAL-ensemble,0.009,10,18.18,2,25.5,1401.0,344.0,-0.0267,4.14,14.3,0.0,0.784,130.8,873.8,FOREST,0.376,,N0,NEWS-17MILE-20220615_N0_2023,2023.0,20.7,74.7,279.2,0.2354,1.305,5.6,0.0,1.289,-3.7464285714285714,0,0,0,0,0,1,0,0,2
NEWS-17MILE-20220615,2023-06-09,,N0,0,0,0,3.2,8.3,19.4,232.3,0.8,-1.3,-4.038,0,0.2012,PROXY-spatial,-0.0342,-0.0342,1.314,ANALYTICAL-ensemble,0.009,10,18.18,2,25.5,1401.0,344.0,-0.0267,4.14,14.3,0.0,0.784,130.8,873.8,FOREST,0.376,,N0,NEWS-17MILE-20220615_N0_2023,2023.0,20.7,47.7,281.0,0.2354,1.305,5.6,0.0,1.289,-1.3142857142857143,0,0,0,0,0,1,0,0,2
NEWS-17MILE-20220615,2023-06-10,,N0,0,0,0,0.0,5.6,13.9,232.2,-3.2,-9.5,-2.944,1,0.2419,PROXY-spatial,0.0065,0.0065,1.315,ANALYTICAL-ensemble,0.01,10,18.18,2,25.5,1401.0,344.0,-0.0267,4.14,14.3,0.0,0.784,130.8,873.8,FOREST,0.376,,N0,NEWS-17MILE-20220615_N0_2023,2023.0,23.4,34.5,281.8,0.2354,1.305,5.3,0.0,1.289,-0.34642857142857103,0,0,0,0,0,1,0,0,2
NEWS-17MILE-20220615,2023-06-11,,N0,0,0,0,0.0,3.2,13.6,232.2,0.0,-4.8,-0.276,2,0.2354,PROXY-spatial,0.0342,0.0,1.319,ANALYTICAL-ensemble,0.014,10,18.18,2,25.5,1401.0,344.0,-0.0267,4.14,14.3,0.0,0.784,130.8,873.8,FOREST,0.376,,N0,NEWS-17MILE-20220615_N0_2023,2023.0,18.4,15.5,279.8,0.2012,1.305,5.3,0.0,1.29,-1.389285714285716,0,0,0,0,0,1,0,0,2
NEWS-17MILE-20220615,2023-06-12,,N0,0,0,0,39.4,39.4,47.7,271.6,39.4,28.3,3.856,0,0.2354,PROXY-spatial,0.0342,0.0,1.305,ANALYTICAL-ensemble,0.0,10,18.18,2,25.5,1401.0,344.0,-0.0267,4.14,14.3,0.0,0.784,130.8,873.8,FOREST,0.376,,N0,NEWS-17MILE-20220615_N0_2023,2023.0,19.4,20.7,269.1,0.2012,1.305,39.4,1.0,1.294,2.032142857142856,0,0,0,0,0,1,0,0,2
NEWS-17MILE-20220615,2023-06-13,,N0,0,0,0,20.2,59.6,67.9,291.8,-19.2,54.0,6.742,0,0.2345,PROXY-spatial,-0.0074,-0.0009,1.301,ANALYTICAL-ensemble,-0.004,10,18.18,2,25.5,1401.0,344.0,-0.0267,4.14,14.3,0.0,0.784,130.8,873.8,FOREST,0.376,,N0,NEWS-17MILE-20220615_N0_2023,2023.0,13.9,20.7,259.1,0.2419,1.305,39.4,2.0,1.301,6.65357142857143,0,0,0,0,0,1,0,0,2
NEWS-17MILE-20220615,2023-06-14,,N0,0,0,0,23.3,82.9,88.5,314.1,3.1,74.9,9.302,0,0.2371,PROXY-spatial,0.0017,0.0017,1.301,ANALYTICAL-ensemble,-0.01,10,18.18,2,25.5,1401.0,344.0,-0.0267,4.14,14.3,0.0,0.784,130.8,873.8,FOREST,0.376,,N0,NEWS-17MILE-20220615_N0_2023,2023.0,13.6,23.4,249.9,0.2354,1.311,39.4,3.0,1.301,12.182142857142855,0,0,0,0,0,1,0,0,2
NEWS-17MILE-20220615,2023-06-15,,N0,0,0,0,13.1,56.7,99.3,314.9,-10.2,51.6,11.562,0,0.2496,PROXY-spatial,0.0142,0.0484,1.301,ANALYTICAL-ensemble,-0.013,10,18.18,2,25.5,1401.0,344.0,-0.0267,4.14,14.3,0.0,0.784,130.8,873.8,FOREST,0.376,,N0,NEWS-17MILE-20220615_N0_2023,2023.0,47.7,18.4,232.6,0.2354,1.314,39.4,4.0,1.301,15.82857142857143,0,0,0,0,0,1,0,0,2
NEWS-17MILE-20220615,2015-08-22,,N1,0,0,0,8.7,55.9,86.9,375.6,-19.4,8.3,-1.374,0,0.3016,PROXY-spatial,0.0063,0.0216,1.288,ANALYTICAL-ensemble,0.004,9,18.18,2,25.5,1401.0,344.0,-0.0267,4.14,14.3,0.0,0.784,130.8,873.8,FOREST,0.396,,N1,NEWS-17MILE-20220615_N1_2015,2015.0,,,,,,8.7,0.0,1.288,,0,0,0,0,0,1,0,0,2
NEWS-17MILE-20220615,2015-08-23,,N1,0,0,0,22.2,59.0,101.0,378.2,13.5,26.4,0.511,0,0.3021,PROXY-spatial,0.003,0.0166,1.288,ANALYTICAL-ensemble,0.004,9,18.18,2,25.5,1401.0,344.0,-0.0267,4.14,14.3,0.0,0.784,130.8,873.8,FOREST,0.396,,N1,NEWS-17MILE-20220615_N1_2015,2015.0,,,,,,22.2,1.0,1.288,,0,0,0,0,0,1,0,0,2
NEWS-17MILE-20220615,2015-08-24,,N1,0,0,0,7.0,38.0,104.1,318.3,-15.2,14.4,0.733,0,0.3027,PROXY-spatial,0.0064,0.01,1.293,ANALYTICAL-ensemble,0.007,9,18.18,2,25.5,1401.0,344.0,-0.0267,4.14,14.3,0.0,0.784,130.8,873.8,FOREST,0.396,,N1,NEWS-17MILE-20220615_N1_2015,2015.0,,,,,,22.2,1.0,1.288,,0,0,0,0,0,1,0,0,2
NEWS-17MILE-20220615,2015-08-25,,N1,0,0,0,16.4,45.6,115.6,332.5,9.4,28.7,4.278,0,0.3031,PROXY-spatial,0.0015,0.0109,1.29,ANALYTICAL-ensemble,0.003,9,18.18,2,25.5,1401.0,344.0,-0.0267,4.14,14.3,0.0,0.784,130.8,873.8,FOREST,0.396,,N1,NEWS-17MILE-20220615_N1_2015,2015.0,86.9,,,0.3016,,22.2,2.0,1.288,8.919999999999993,0,0,0,0,0,1,0,0,2
NEWS-17MILE-20220615,2015-08-26,,N1,0,0,0,18.3,41.7,119.8,350.6,1.9,18.8,5.886,0,0.2954,PROXY-spatial,-0.0067,0.0001,1.289,ANALYTICAL-ensemble,0.002,9,18.18,2,25.5,1401.0,344.0,-0.0267,4.14,14.3,0.0,0.784,130.8,873.8,FOREST,0.396,,N1,NEWS-17MILE-20220615_N1_2015,2015.0,101.0,,,0.3021,,22.2,3.0,1.288,8.03999999999999,0,0,0,0,0,1,0,0,2
NEWS-17MILE-20220615,2015-08-27,,N1,0,0,0,28.9,63.5,129.5,373.9,10.6,25.4,7.847,0,0.2923,PROXY-spatial,-0.0104,-0.0068,1.284,ANALYTICAL-ensemble,-0.004,9,18.18,2,25.5,1401.0,344.0,-0.0267,4.14,14.3,0.0,0.784,130.8,873.8,FOREST,0.396,,N1,NEWS-17MILE-20220615_N1_2015,2015.0,104.1,,,0.3027,,28.9,4.0,1.284,8.025714285714283,0,0,0,0,0,1,0,0,2
NEWS-17MILE-20220615,2015-08-28,,N1,0,0,0,29.2,76.4,130.7,388.8,0.3,15.1,5.852,0,0.2978,PROXY-spatial,-0.0053,0.0015,1.274,ANALYTICAL-ensemble,-0.012,9,18.18,2,25.5,1401.0,344.0,-0.0267,4.14,14.3,0.0,0.784,130.8,873.8,FOREST,0.396,,N1,NEWS-17MILE-20220615_N1_2015,2015.0,115.6,,,0.3031,,29.2,5.0,1.274,7.289285714285716,0,0,0,0,0,1,0,0,2
NEWS-17MILE-20220615,2015-08-29,,N1,0,0,0,1.8,59.9,123.8,389.3,-27.4,4.0,5.264,1,0.2963,PROXY-spatial,0.0009,-0.0053,1.274,ANALYTICAL-ensemble,-0.014,9,18.18,2,25.5,1401.0,344.0,-0.0267,4.14,14.3,0.0,0.784,130.8,873.8,FOREST,0.396,,N1,NEWS-17MILE-20220615_N1_2015,2015.0,119.8,86.9,375.6,0.2954,1.288,29.2,5.0,1.274,4.839285714285713,0,0,0,0,0,1,0,0,2
NEWS-17MILE-20220615,2015-08-30,,N1,0,0,0,14.7,45.7,116.3,385.9,12.9,-13.2,2.191,0,0.2896,PROXY-spatial,-0.0027,-0.0125,1.285,ANALYTICAL-ensemble,-0.003,9,18.18,2,25.5,1401.0,344.0,-0.0267,4.14,14.3,0.0,0.784,130.8,873.8,FOREST,0.396,,N1,NEWS-17MILE-20220615_N1_2015,2015.0,129.5,101.0,378.2,0.2923,1.288,29.2,5.0,1.274,2.2821428571428606,0,0,0,0,0,1,0,0,2
NEWS-17MILE-20220615,2015-08-31,,N1,0,0,0,24.0,40.5,133.3,408.1,9.3,2.6,4.171,0,0.2869,PROXY-spatial,-0.0109,-0.0158,1.278,ANALYTICAL-ensemble,-0.015,9,18.18,2,25.5,1401.0,344.0,-0.0267,4.14,14.3,0.0,0.784,130.8,873.8,FOREST,0.396,,N1,NEWS-17MILE-20220615_N1_2015,2015.0,130.7,104.1,318.3,0.2978,1.293,29.2,6.0,1.274,1.442857142857145,0,0,0,0,0,1,0,0,2
NEWS-17MILE-20220615,2015-09-01,,N1,0,0,0,39.6,78.3,156.5,439.0,15.6,32.7,5.844,0,0.2897,PROXY-spatial,-0.0066,-0.0134,1.266,ANALYTICAL-ensemble,-0.024,9,18.18,2,25.5,1401.0,344.0,-0.0267,4.14,14.3,0.0,0.784,130.8,873.8,FOREST,0.396,,N1,NEWS-17MILE-20220615_N1_2015,2015.0,123.8,115.6,332.5,0.2963,1.29,39.6,6.0,1.266,3.6892857142857167,0,0,0,0,0,1,0,0,2
NEWS-17MILE-20220615,2015-09-02,,N1,0,0,0,7.5,71.1,145.7,436.6,-32.1,29.4,3.695,0,0.2974,REAL,0.0078,0.002,1.266,ANALYTICAL-ensemble,-0.023,9,18.18,2,25.5,1401.0,344.0,-0.0267,4.14,14.3,0.0,0.784,130.8,873.8,FOREST,0.396,,N1,NEWS-17MILE-20220615_N1_2015,2015.0,116.3,119.8,350.6,0.2896,1.289,39.6,5.0,1.266,3.917857142857138,0,0,0,0,0,1,0,0,2
NEWS-17MILE-20220615,2015-09-03,,N1,0,0,0,15.6,62.7,132.4,451.8,8.1,-0.9,0.408,0,0.2951,REAL,0.0082,0.0028,1.266,ANALYTICAL-ensemble,-0.018,9,18.18,2,25.5,1401.0,344.0,-0.0267,4.14,14.3,0.0,0.784,130.8,873.8,FOREST,0.396,,N1,NEWS-17MILE-20220615_N1_2015,2015.0,133.3,129.5,373.9,0.2869,1.284,39.6,5.0,1.266,3.1821428571428623,0,0,0,0,0,1,0,0,2
NEWS-17MILE-20220615,2015-09-04,,N1,0,0,0,24.7,47.8,127.9,468.9,9.1,-28.6,-0.397,0,0.2929,REAL,0.0032,-0.0049,1.266,ANALYTICAL-ensemble,-0.008,9,18.18,2,25.5,1401.0,344.0,-0.0267,4.14,14.3,0.0,0.784,130.8,873.8,FOREST,0.396,,N1,NEWS-17MILE-20220615_N1_2015,2015.0,156.5,130.7,388.8,0.2897,1.274,39.6,5.0,1.266,2.032142857142852,0,0,0,0,0,1,0,0,2
NEWS-17MILE-20220615,2015-09-05,,N1,0,0,0,15.0,55.2,141.1,462.9,-9.7,-4.6,2.466,0,0.2849,PROXY-spatial,-0.0125,-0.0114,1.266,ANALYTICAL-ensemble,-0.008,9,18.18,2,25.5,1401.0,344.0,-0.0267,4.14,14.3,0.0,0.784,130.8,873.8,FOREST,0.396,,N1,NEWS-17MILE-20220615_N1_2015,2015.0,145.7,123.8,389.3,0.2974,1.274,39.6,6.0,1.266,1.410714285714282,0,0,0,0,0,1,0,0,2
NEWS-17MILE-20220615,2015-09-06,,N1,0,0,0,12.4,52.1,138.7,462.7,-2.6,6.3,3.199,0,0.2646,PROXY-spatial,-0.0305,-0.025,1.266,ANALYTICAL-ensemble,-0.019,9,18.18,2,25.5,1401.0,344.0,-0.0267,4.14,14.3,0.0,0.784,130.8,873.8,FOREST,0.396,,N1,NEWS-17MILE-20220615_N1_2015,2015.0,132.4,116.3,385.9,0.2951,1.285,39.6,6.0,1.266,-1.157142857142868,0,0,0,0,0,1,0,0,2
NEWS-17MILE-20220615,2015-09-07,,N1,0,0,0,4.8,32.2,119.6,465.6,-7.6,-8.3,-1.952,0,0.2563,PROXY-spatial,-0.0366,-0.0306,1.268,ANALYTICAL-ensemble,-0.01,9,18.18,2,25.5,1401.0,344.0,-0.0267,4.14,14.3,0.0,0.784,130.8,873.8,FOREST,0.396,,N1,NEWS-17MILE-20220615_N1_2015,2015.0,127.9,133.3,408.1,0.2929,1.278,39.6,5.0,1.266,-4.142857142857145,0,0,0,0,0,1,0,0,2
NEWS-17MILE-20220615,2015-09-08,,N1,0,0,0,2.8,20.1,82.8,461.1,-2.0,-58.3,-10.527,0,0.2376,PROXY-spatial,-0.0473,-0.0521,1.27,ANALYTICAL-ensemble,0.004,9,18.18,2,25.5,1401.0,344.0,-0.0267,4.14,14.3,0.0,0.784,130.8,873.8,FOREST,0.396,,N1,NEWS-17MILE-20220615_N1_2015,2015.0,141.1,156.5,439.0,0.2849,1.266,24.7,4.0,1.266,-7.267857142857148,0,0,0,0,0,1,0,0,2
NEWS-17MILE-20220615,2015-09-09,,N1,0,0,0,0.0,7.7,75.3,458.7,-2.8,-63.4,-10.064,1,0.2212,PROXY-spatial,-0.0434,-0.0762,1.27,ANALYTICAL-ensemble,0.004,9,18.18,2,25.5,1401.0,344.0,-0.0267,4.14,14.3,0.0,0.784,130.8,873.8,FOREST,0.396,,N1,NEWS-17MILE-20220615_N1_2015,2015.0,138.7,145.7,436.6,0.2646,1.266,24.7,4.0,1.266,-10.107142857142863,0,0,0,0,0,1,0,0,2
NEWS-17MILE-20220615,2015-09-10,,N1,0,0,0,0.0,2.8,59.7,440.6,0.0,-59.9,-10.392,2,0.209,PROXY-spatial,-0.0473,-0.0861,1.282,ANALYTICAL-ensemble,0.016,9,18.18,2,25.5,1401.0,344.0,-0.0267,4.14,14.3,0.0,0.784,130.8,873.8,FOREST,0.396,,N1,NEWS-17MILE-20220615_N1_2015,2015.0,119.6,132.4,451.8,0.2563,1.266,24.7,3.0,1.266,-14.003571428571426,0,0,0,0,0,1,0,0,2
NEWS-17MILE-20220615,2015-09-11,,N1,0,0,0,5.2,5.2,40.2,424.7,5.2,-42.6,-12.533,0,0.2074,PROXY-spatial,-0.0302,-0.0855,1.284,ANALYTICAL-ensemble,0.018,9,18.18,2,25.5,1401.0,344.0,-0.0267,4.14,14.3,0.0,0.784,130.8,873.8,FOREST,0.396,,N1,NEWS-17MILE-20220615_N1_2015,2015.0,82.8,127.9,468.9,0.2376,1.266,15.0,2.0,1.266,-18.035714285714292,0,0,0,0,0,1,0,0,2
NEWS-17MILE-20220615,2015-09-12,,N1,0,0,0,0.5,5.7,25.7,402.0,-4.7,-49.6,-16.479,1,0.2118,PROXY-spatial,-0.0094,-0.0731,1.286,ANALYTICAL-ensemble,0.02,9,18.18,2,25.5,1401.0,344.0,-0.0267,4.14,14.3,0.0,0.784,130.8,873.8,FOREST,0.396,,N1,NEWS-17MILE-20220615_N1_2015,2015.0,75.3,141.1,462.9,0.2212,1.266,12.4,1.0,1.266,-18.603571428571428,0,0,0,0,0,1,0,0,2
NEWS-17MILE-20220615,2015-09-13,,N1,0,0,0,2.4,8.1,15.8,391.5,1.9,-43.9,-17.564,2,0.2323,PROXY-spatial,0.0233,-0.0323,1.287,ANALYTICAL-ensemble,0.021,9,18.18,2,25.5,1401.0,344.0,-0.0267,4.14,14.3,0.0,0.784,130.8,873.8,FOREST,0.396,,N1,NEWS-17MILE-20220615_N1_2015,2015.0,59.7,138.7,462.7,0.209,1.266,5.2,0.0,1.266,-16.45357142857143,0,0,0,0,0,1,0,0,2
NEWS-17MILE-20220615,2015-09-14,,N1,0,0,0,26.1,29.0,37.1,406.1,23.7,-3.1,-11.785,0,0.2378,PROXY-spatial,0.0304,-0.0185,1.287,ANALYTICAL-ensemble,0.019,9,18.18,2,25.5,1401.0,344.0,-0.0267,4.14,14.3,0.0,0.784,130.8,873.8,FOREST,0.396,,N1,NEWS-17MILE-20220615_N1_2015,2015.0,40.2,119.6,465.6,0.2074,1.268,26.1,1.0,1.266,-10.360714285714286,0,0,0,0,0,1,0,0,2
NEWS-17MILE-20220615,2015-09-15,,N1,0,0,0,33.2,61.7,67.4,431.1,7.1,41.7,-2.205,0,0.2464,PROXY-spatial,0.0346,0.0088,1.283,ANALYTICAL-ensemble,0.013,9,18.18,2,25.5,1401.0,344.0,-0.0267,4.14,14.3,0.0,0.784,130.8,873.8,FOREST,0.396,,N1,NEWS-17MILE-20220615_N1_2015,2015.0,25.7,82.8,461.1,0.2118,1.27,33.2,2.0,1.266,-3.332142857142859,0,0,0,0,0,1,0,0,2
NEWS-17MILE-20220615,2015-09-16,,N1,0,0,0,4.8,64.1,72.2,432.0,-28.4,56.4,-0.443,0,0.259,PROXY-spatial,0.0267,0.0378,1.282,ANALYTICAL-ensemble,0.012,9,18.18,2,25.5,1401.0,344.0,-0.0267,4.14,14.3,0.0,0.784,130.8,873.8,FOREST,0.396,,N1,NEWS-17MILE-20220615_N1_2015,2015.0,15.8,75.3,458.7,0.2323,1.27,33.2,2.0,1.266,3.689285714285713,0,0,0,0,0,1,0,0,2
NEWS-17MILE-20220615,2015-09-17,,N1,0,0,0,2.7,40.7,75.0,429.9,-2.1,37.9,2.184,0,0.2734,PROXY-spatial,0.0356,0.0644,1.283,ANALYTICAL-ensemble,0.001,9,18.18,2,25.5,1401.0,344.0,-0.0267,4.14,14.3,0.0,0.784,130.8,873.8,FOREST,0.396,,N1,NEWS-17MILE-20220615_N1_2015,2015.0,37.1,59.7,440.6,0.2378,1.282,33.2,2.0,1.266,8.892857142857144,0,0,0,0,0,1,0,0,2
NEWS-17MILE-20220615,2015-09-18,,N1,0,0,0,0.5,8.1,70.3,416.4,-2.2,2.9,4.296,1,0.2744,PROXY-spatial,0.028,0.067,1.285,ANALYTICAL-ensemble,0.001,9,18.18,2,25.5,1401.0,344.0,-0.0267,4.14,14.3,0.0,0.784,130.8,873.8,FOREST,0.396,,N1,NEWS-17MILE-20220615_N1_2015,2015.0,67.4,40.2,424.7,0.2464,1.284,33.2,2.0,1.266,10.260714285714288,0,0,0,0,0,1,0,0,2
NEWS-17MILE-20220615,2015-09-19,,N1,0,0,0,0.4,3.7,70.2,397.6,-0.1,-2.0,6.351,2,0.2697,PROXY-spatial,0.0107,0.0579,1.286,ANALYTICAL-ensemble,0.0,9,18.18,2,25.5,1401.0,344.0,-0.0267,4.14,14.3,0.0,0.784,130.8,873.8,FOREST,0.396,,N1,NEWS-17MILE-20220615_N1_2015,2015.0,72.2,25.7,402.0,0.259,1.286,33.2,2.0,1.266,8.47142857142857,0,0,0,0,0,1,0,0,2
NEWS-17MILE-20220615,2015-09-20,,N1,0,0,0,40.6,41.6,108.4,410.2,40.2,33.4,13.232,0,0.2709,PROXY-spatial,-0.0025,0.0386,1.286,ANALYTICAL-ensemble,-0.001,9,18.18,2,25.5,1401.0,344.0,-0.0267,4.14,14.3,0.0,0.784,130.8,873.8,FOREST,0.396,,N1,NEWS-17MILE-20220615_N1_2015,2015.0,75.0,15.8,391.5,0.2734,1.287,40.6,3.0,1.268,7.771428571428572,0,0,0,0,0,1,0,0,2
NEWS-17MILE-20220615,2015-09-21,,N1,0,0,0,68.7,109.8,151.0,470.2,28.1,80.7,16.277,0,0.2757,PROXY-spatial,0.0013,0.0379,1.266,ANALYTICAL-ensemble,-0.021,9,18.18,2,25.5,1401.0,344.0,-0.0267,4.14,14.3,0.0,0.784,130.8,873.8,FOREST,0.396,,N1,NEWS-17MILE-20220615_N1_2015,2015.0,70.3,37.1,406.1,0.2744,1.287,68.7,3.0,1.266,11.37142857142857,0,0,0,0,0,1,0,0,2
NEWS-29MILE-20200923,2020-07-25,60.0,bg,0,0,0,1.5,32.4,368.3,1183.2,-17.4,-47.7,4.486,1,0.3096,REAL,-0.0076,0.0194,0.92,ANALYTICAL-ensemble,-0.007,8,14.45,5,32.6,266.0,60.0,0.0022,5.93,153.7,1.379,0.7304999999999999,364.2,1816.5,FOREST,0.47,74.4,POS,NEWS-29MILE-20200923,,,,,,,1.5,0.0,0.92,,0,0,0,0,0,1,0,0,1
NEWS-29MILE-20200923,2020-07-26,59.0,bg,0,0,0,7.9,28.4,374.3,1183.5,6.4,-25.2,31.9,0,0.3067,PROXY-spatial,-0.0135,0.0111,0.921,ANALYTICAL-ensemble,-0.01,8,14.45,5,32.6,266.0,60.0,0.0022,5.93,153.7,1.379,0.7304999999999999,364.2,1816.5,FOREST,0.47,74.4,POS,NEWS-29MILE-20200923,,,,,,,7.9,0.0,0.92,,0,0,0,0,0,1,0,0,1
NEWS-29MILE-20200923,2020-07-27,58.0,bg,0,0,0,49.3,58.8,309.8,1189.3,41.4,-57.2,10.343,0,0.3045,PROXY-spatial,-0.0146,0.0,0.922,ANALYTICAL-ensemble,-0.001,8,14.45,5,32.6,266.0,60.0,0.0022,5.93,153.7,1.379,0.7304999999999999,364.2,1816.5,FOREST,0.47,74.4,POS,NEWS-29MILE-20200923,,,,,,,49.3,1.0,0.92,,0,0,0,0,0,1,0,0,1
NEWS-29MILE-20200923,2020-07-28,57.0,bg,0,0,0,104.7,161.9,334.8,1262.1,55.4,-33.5,2.529,0,0.3029,PROXY-spatial,-0.0067,-0.0094,0.915,ANALYTICAL-ensemble,-0.003,8,14.45,5,32.6,266.0,60.0,0.0022,5.93,153.7,1.379,0.7304999999999999,364.2,1816.5,FOREST,0.47,74.4,POS,NEWS-29MILE-20200923,,368.3,,,0.3096,,104.7,2.0,0.915,-16.499999999999996,0,0,0,0,0,1,0,0,1
NEWS-29MILE-20200923,2020-07-29,56.0,bg,0,0,0,0.7,154.7,195.1,1256.0,-104.0,-179.2,-31.557,1,0.3071,PROXY-spatial,0.0004,-0.0101,0.917,ANALYTICAL-ensemble,0.007,8,14.45,5,32.6,266.0,60.0,0.0022,5.93,153.7,1.379,0.7304999999999999,364.2,1816.5,FOREST,0.47,74.4,POS,NEWS-29MILE-20200923,,374.3,,,0.3067,,104.7,2.0,0.915,-38.589999999999996,0,0,0,0,0,1,0,0,1
NEWS-29MILE-20200923,2020-07-30,55.0,bg,0,0,0,36.5,141.9,219.6,1279.8,35.8,-90.2,-25.7,0,0.3074,PROXY-spatial,0.0029,-0.0128,0.917,ANALYTICAL-ensemble,0.005,8,14.45,5,32.6,266.0,60.0,0.0022,5.93,153.7,1.379,0.7304999999999999,364.2,1816.5,FOREST,0.47,74.4,POS,NEWS-29MILE-20200923,,309.8,,,0.3045,,104.7,3.0,0.915,-35.888571428571424,0,0,0,0,0,1,0,0,1
NEWS-29MILE-20200923,2020-07-31,54.0,bg,0,0,0,47.2,84.4,247.8,1319.8,10.7,-87.0,-17.029,0,0.3108,PROXY-spatial,0.0079,-0.0083,0.914,ANALYTICAL-ensemble,-0.002,8,14.45,5,32.6,266.0,60.0,0.0022,5.93,153.7,1.379,0.7304999999999999,364.2,1816.5,FOREST,0.47,74.4,POS,NEWS-29MILE-20200923,,334.8,,,0.3029,,104.7,4.0,0.914,-28.057142857142875,0,0,0,0,0,1,0,0,1
NEWS-29MILE-20200923,2020-08-01,53.0,bg,0,0,0,66.7,150.4,313.0,1310.7,19.5,117.9,-7.9,0,0.319,PROXY-spatial,0.0119,0.0094,0.915,ANALYTICAL-ensemble,-0.005,8,14.45,5,32.6,266.0,60.0,0.0022,5.93,153.7,1.379,0.7304999999999999,364.2,1816.5,FOREST,0.47,74.4,POS,NEWS-29MILE-20200923,,195.1,368.3,1183.2,0.3071,0.92,104.7,5.0,0.914,-15.110714285714277,0,0,0,0,0,1,0,0,1
NEWS-29MILE-20200923,2020-08-02,52.0,bg,0,0,0,0.0,113.9,305.1,1293.1,-66.7,85.5,-9.886,1,0.3182,REAL,0.0108,0.0115,0.916,ANALYTICAL-ensemble,-0.005,8,14.45,5,32.6,266.0,60.0,0.0022,5.93,153.7,1.379,0.7304999999999999,364.2,1816.5,FOREST,0.47,74.4,POS,NEWS-29MILE-20200923,,219.6,374.3,1183.5,0.3074,0.921,104.7,5.0,0.914,-0.17857142857142705,0,0,0,0,0,1,0,0,1
NEWS-29MILE-20200923,2020-08-03,51.0,bg,0,0,0,0.0,66.7,255.7,1264.7,0.0,7.9,-7.729,2,0.3135,REAL,0.0027,0.009,0.918,ANALYTICAL-ensemble,-0.004,8,14.45,5,32.6,266.0,60.0,0.0022,5.93,153.7,1.379,0.7304999999999999,364.2,1816.5,FOREST,0.47,74.4,POS,NEWS-29MILE-20200923,,247.8,309.8,1189.3,0.3108,0.922,104.7,4.0,0.914,2.717857142857125,0,0,0,0,0,1,0,0,1
NEWS-29MILE-20200923,2020-08-04,50.0,bg,0,0,0,0.0,0.0,151.1,1261.3,0.0,-161.9,-26.243,3,0.3094,REAL,-0.0096,0.0065,0.92,ANALYTICAL-ensemble,0.005,8,14.45,5,32.6,266.0,60.0,0.0022,5.93,153.7,1.379,0.7304999999999999,364.2,1816.5,FOREST,0.47,74.4,POS,NEWS-29MILE-20200923,,313.0,334.8,1262.1,0.319,0.915,66.7,3.0,0.914,-0.08928571428573398,0,0,0,0,0,1,0,0,1
NEWS-29MILE-20200923,2020-08-05,49.0,bg,0,0,0,3.9,3.9,154.3,1259.7,3.9,-150.8,-5.829,0,0.3034,REAL,-0.0148,-0.0037,0.923,ANALYTICAL-ensemble,0.006,8,14.45,5,32.6,266.0,60.0,0.0022,5.93,153.7,1.379,0.7304999999999999,364.2,1816.5,FOREST,0.47,74.4,POS,NEWS-29MILE-20200923,,305.1,195.1,1256.0,0.3182,0.917,66.7,3.0,0.914,-15.950000000000019,0,0,0,0,0,1,0,0,1
NEWS-29MILE-20200923,2020-08-06,48.0,bg,0,0,0,29.8,33.8,147.7,1249.4,25.9,-108.0,-10.271,0,0.3006,REAL,-0.0129,-0.0068,0.925,ANALYTICAL-ensemble,0.008,8,14.45,5,32.6,266.0,60.0,0.0022,5.93,153.7,1.379,0.7304999999999999,364.2,1816.5,FOREST,0.47,74.4,POS,NEWS-29MILE-20200923,,255.7,219.6,1279.8,0.3135,0.917,66.7,3.0,0.914,-27.56071428571427,0,0,0,0,0,1,0,0,1
NEWS-29MILE-20200923,2020-08-07,47.0,bg,0,0,0,28.5,62.3,129.0,1226.3,-1.3,-22.1,-16.971,0,0.291,REAL,-0.0184,-0.0198,0.925,ANALYTICAL-ensemble,0.011,8,14.45,5,32.6,266.0,60.0,0.0022,5.93,153.7,1.379,0.7304999999999999,364.2,1816.5,FOREST,0.47,74.4,POS,NEWS-29MILE-20200923,,151.1,247.8,1319.8,0.3094,0.914,66.7,3.0,0.914,-34.57857142857144,0,0,0,0,0,1,0,0,1
NEWS-29MILE-20200923,2020-08-08,46.0,bg,0,0,0,2.0,60.4,64.3,1215.1,-26.5,-90.0,-35.529,1,0.2822,REAL,-0.0212,-0.0368,0.926,ANALYTICAL-ensemble,0.011,8,14.45,5,32.6,266.0,60.0,0.0022,5.93,153.7,1.379,0.7304999999999999,364.2,1816.5,FOREST,0.47,74.4,POS,NEWS-29MILE-20200923,,154.3,313.0,1310.7,0.3034,0.915,29.8,2.0,0.914,-34.97142857142858,0,0,0,0,0,1,0,0,1
NEWS-29MILE-20200923,2020-08-09,45.0,bg,0,0,0,14.1,44.6,78.4,1131.8,12.1,-69.3,-32.386,0,0.2856,REAL,-0.015,-0.0326,0.93,ANALYTICAL-ensemble,0.014,8,14.45,5,32.6,266.0,60.0,0.0022,5.93,153.7,1.379,0.7304999999999999,364.2,1816.5,FOREST,0.47,74.4,POS,NEWS-29MILE-20200923,,147.7,305.1,1293.1,0.3006,0.916,29.8,3.0,0.914,-26.1,0,0,0,0,0,1,0,0,1
NEWS-29MILE-20200923,2020-08-10,44.0,bg,0,0,0,19.8,35.9,98.2,1116.4,5.7,-30.8,-22.5,0,0.2906,REAL,-0.0004,-0.0229,0.931,ANALYTICAL-ensemble,0.013,8,14.45,5,32.6,266.0,60.0,0.0022,5.93,153.7,1.379,0.7304999999999999,364.2,1816.5,FOREST,0.47,74.4,POS,NEWS-29MILE-20200923,,129.0,255.7,1264.7,0.291,0.918,29.8,4.0,0.914,-14.067857142857134,0,0,0,0,0,1,0,0,1
NEWS-29MILE-20200923,2020-08-11,43.0,bg,0,0,0,9.6,43.5,107.8,938.2,-10.2,43.5,-6.186,0,0.2943,PROXY-spatial,0.0121,-0.0151,0.938,ANALYTICAL-ensemble,0.018,8,14.45,5,32.6,266.0,60.0,0.0022,5.93,153.7,1.379,0.7304999999999999,364.2,1816.5,FOREST,0.47,74.4,POS,NEWS-29MILE-20200923,,64.3,151.1,1261.3,0.2822,0.92,29.8,4.0,0.914,-10.325,0,0,0,0,0,1,0,0,1
NEWS-29MILE-20200923,2020-08-12,42.0,bg,0,0,0,2.5,32.0,106.4,913.3,-7.1,28.0,-6.843,1,0.3017,PROXY-spatial,0.0161,-0.0017,0.941,ANALYTICAL-ensemble,0.018,8,14.45,5,32.6,266.0,60.0,0.0022,5.93,153.7,1.379,0.7304999999999999,364.2,1816.5,FOREST,0.47,74.4,POS,NEWS-29MILE-20200923,,78.4,154.3,1259.7,0.2856,0.923,29.8,4.0,0.914,-4.728571428571437,0,0,0,0,0,1,0,0,1
NEWS-29MILE-20200923,2020-08-13,41.0,bg,0,0,0,96.4,108.5,173.0,1009.7,93.9,74.8,3.614,0,0.3045,PROXY-spatial,0.0139,0.0039,0.932,ANALYTICAL-ensemble,0.007,8,14.45,5,32.6,266.0,60.0,0.0022,5.93,153.7,1.379,0.7304999999999999,364.2,1816.5,FOREST,0.47,74.4,POS,NEWS-29MILE-20200923,,98.2,147.7,1249.4,0.2906,0.925,96.4,4.0,0.914,8.771428571428574,0,0,0,0,0,1,0,0,1
NEWS-29MILE-20200923,2020-08-14,40.0,bg,0,0,0,34.0,132.9,178.5,1002.2,-62.4,70.7,7.071,0,0.3133,PROXY-spatial,0.019,0.0223,0.931,ANALYTICAL-ensemble,0.006,8,14.45,5,32.6,266.0,60.0,0.0022,5.93,153.7,1.379,0.7304999999999999,364.2,1816.5,FOREST,0.47,74.4,POS,NEWS-29MILE-20200923,,107.8,129.0,1226.3,0.2943,0.925,96.4,4.0,0.915,19.28571428571428,0,0,0,0,0,1,0,0,1
NEWS-29MILE-20200923,2020-08-15,39.0,bg,0,0,0,11.8,142.2,188.2,985.5,-22.2,81.8,17.7,0,0.3182,PROXY-spatial,0.0165,0.036,0.932,ANALYTICAL-ensemble,0.006,8,14.45,5,32.6,266.0,60.0,0.0022,5.93,153.7,1.379,0.7304999999999999,364.2,1816.5,FOREST,0.47,74.4,POS,NEWS-29MILE-20200923,,106.4,64.3,1215.1,0.3017,0.926,96.4,5.0,0.916,19.828571428571422,0,0,0,0,0,1,0,0,1
NEWS-29MILE-20200923,2020-08-16,38.0,bg,0,0,0,18.5,64.2,192.6,952.5,6.7,19.6,16.314,0,0.3153,PROXY-spatial,0.0108,0.0297,0.935,ANALYTICAL-ensemble,0.005,8,14.45,5,32.6,266.0,60.0,0.0022,5.93,153.7,1.379,0.7304999999999999,364.2,1816.5,FOREST,0.47,74.4,POS,NEWS-29MILE-20200923,,173.0,78.4,1131.8,0.3045,0.93,96.4,5.0,0.918,18.432142857142853,0,0,0,0,0,1,0,0,1
NEWS-29MILE-20200923,2020-08-17,37.0,bg,0,0,0,24.4,54.6,197.2,976.7,5.9,18.7,14.143,0,0.3146,PROXY-spatial,0.0013,0.024,0.935,ANALYTICAL-ensemble,0.004,8,14.45,5,32.6,266.0,60.0,0.0022,5.93,153.7,1.379,0.7304999999999999,364.2,1816.5,FOREST,0.47,74.4,POS,NEWS-29MILE-20200923,,178.5,98.2,1116.4,0.3133,0.931,96.4,5.0,0.92,16.278571428571425,0,0,0,0,0,1,0,0,1
NEWS-29MILE-20200923,2020-08-18,36.0,bg,0,0,0,1.7,44.6,189.3,976.5,-22.7,1.1,11.643,1,0.3097,REAL,-0.0085,0.0154,0.935,ANALYTICAL-ensemble,-0.003,8,14.45,5,32.6,266.0,60.0,0.0022,5.93,153.7,1.379,0.7304999999999999,364.2,1816.5,FOREST,0.47,74.4,POS,NEWS-29MILE-20200923,,188.2,107.8,938.2,0.3182,0.938,96.4,5.0,0.923,11.114285714285712,0,0,0,0,0,1,0,0,1
NEWS-29MILE-20200923,2020-08-19,35.0,bg,0,0,0,1.0,27.2,187.8,863.7,-0.7,-4.8,11.629,2,0.3037,PROXY-spatial,-0.0116,0.002,0.943,ANALYTICAL-ensemble,0.002,8,14.45,5,32.6,266.0,60.0,0.0022,5.93,153.7,1.379,0.7304999999999999,364.2,1816.5,FOREST,0.47,74.4,POS,NEWS-29MILE-20200923,,192.6,106.4,913.3,0.3153,0.941,96.4,5.0,0.925,2.6785714285714404,0,0,0,0,0,1,0,0,1
NEWS-29MILE-20200923,2020-08-20,34.0,bg,0,0,0,0.8,3.5,92.2,784.8,-0.2,-105.0,-11.543,3,0.3013,PROXY-spatial,-0.0133,-0.0032,0.947,ANALYTICAL-ensemble,0.015,8,14.45,5,32.6,266.0,60.0,0.0022,5.93,153.7,1.379,0.7304999999999999,364.2,1816.5,FOREST,0.47,74.4,POS,NEWS-29MILE-20200923,,197.2,173.0,1009.7,0.3146,0.932,34.0,4.0,0.925,-9.392857142857151,0,0,0,0,0,1,0,0,1
NEWS-29MILE-20200923,2020-08-21,33.0,bg,0,0,0,6.5,8.3,64.7,650.9,5.7,-124.6,-16.257,0,0.2985,PROXY-spatial,-0.0112,-0.0148,0.966,ANALYTICAL-ensemble,0.035,8,14.45,5,32.6,266.0,60.0,0.0022,5.93,153.7,1.379,0.7304999999999999,364.2,1816.5,FOREST,0.47,74.4,POS,NEWS-29MILE-20200923,,189.3,178.5,1002.2,0.3097,0.931,24.4,3.0,0.926,-20.739285714285735,0,0,0,0,0,1,0,0,1
NEWS-29MILE-20200923,2020-08-22,32.0,bg,0,0,0,32.5,39.8,85.4,671.4,26.0,-102.4,-14.686,0,0.2938,PROXY-spatial,-0.0099,-0.0244,0.962,ANALYTICAL-ensemble,0.03,8,14.45,5,32.6,266.0,60.0,0.0022,5.93,153.7,1.379,0.7304999999999999,364.2,1816.5,FOREST,0.47,74.4,POS,NEWS-29MILE-20200923,,187.8,188.2,985.5,0.3037,0.932,32.5,3.0,0.93,-24.41785714285714,0,0,0,0,0,1,0,0,1
NEWS-29MILE-20200923,2020-08-23,31.0,bg,0,0,0,62.2,101.3,129.2,714.7,29.7,37.0,-9.057,0,0.291,PROXY-spatial,-0.0103,-0.0243,0.954,ANALYTICAL-ensemble,0.019,8,14.45,5,32.6,266.0,60.0,0.0022,5.93,153.7,1.379,0.7304999999999999,364.2,1816.5,FOREST,0.47,74.4,POS,NEWS-29MILE-20200923,,92.2,192.6,952.5,0.3013,0.935,62.2,3.0,0.931,-19.10357142857144,0,0,0,0,0,1,0,0,1
NEWS-29MILE-20200923,2020-08-24,30.0,pre,0,0,0,6.7,101.4,111.5,719.9,-55.5,46.8,-12.243,0,0.2859,PROXY-spatial,-0.0126,-0.0287,0.949,ANALYTICAL-ensemble,0.014,8,14.45,5,32.6,266.0,60.0,0.0022,5.93,153.7,1.379,0.7304999999999999,364.2,1816.5,FOREST,0.47,74.4,POS,NEWS-29MILE-20200923,,64.7,197.2,976.7,0.2985,0.935,62.2,2.0,0.931,-12.764285714285716,0,0,0,0,0,1,0,0,1
NEWS-29MILE-20200923,2020-08-25,29.0,pre,0,0,0,0.3,69.2,110.0,712.2,-6.4,24.6,-11.329,1,0.2876,PROXY-spatial,-0.0062,-0.0221,0.952,ANALYTICAL-ensemble,0.017,8,14.45,5,32.6,266.0,60.0,0.0022,5.93,153.7,1.379,0.7304999999999999,364.2,1816.5,FOREST,0.47,74.4,POS,NEWS-29MILE-20200923,,85.4,189.3,976.5,0.2938,0.935,62.2,2.0,0.931,-4.653571428571429,0,0,0,0,0,1,0,0,1
NEWS-29MILE-20200923,2020-08-26,28.0,pre,0,0,0,22.3,29.3,131.3,685.2,22.0,2.1,-8.071,0,0.2867,PROXY-spatial,-0.0043,-0.017,0.961,ANALYTICAL-ensemble,0.018,8,14.45,5,32.6,266.0,60.0,0.0022,5.93,153.7,1.379,0.7304999999999999,364.2,1816.5,FOREST,0.47,74.4,POS,NEWS-29MILE-20200923,,129.2,187.8,863.7,0.291,0.943,62.2,3.0,0.931,8.35714285714286,0,0,0,0,0,1,0,0,1
NEWS-29MILE-20200923,2020-08-27,27.0,pre,0,0,0,14.4,37.0,144.9,594.9,-7.9,33.4,7.529,0,0.2833,PROXY-spatial,-0.0026,-0.018,0.967,ANALYTICAL-ensemble,0.02,8,14.45,5,32.6,266.0,60.0,0.0022,5.93,153.7,1.379,0.7304999999999999,364.2,1816.5,FOREST,0.47,74.4,POS,NEWS-29MILE-20200923,,111.5,92.2,784.8,0.2859,0.947,62.2,4.0,0.931,11.18571428571429,0,0,0,0,0,1,0,0,1
NEWS-29MILE-20200923,2020-08-28,26.0,pre,0,0,0,10.1,46.8,148.5,604.4,-4.3,38.5,11.971,0,0.2827,PROXY-spatial,-0.0049,-0.0158,0.967,ANALYTICAL-ensemble,0.001,8,14.45,5,32.6,266.0,60.0,0.0022,5.93,153.7,1.379,0.7304999999999999,364.2,1816.5,FOREST,0.47,74.4,POS,NEWS-29MILE-20200923,,110.0,64.7,650.9,0.2876,0.966,62.2,5.0,0.932,8.589285714285719,0,0,0,0,0,1,0,0,1
NEWS-29MILE-20200923,2020-08-29,25.0,pre,0,0,0,0.7,25.2,116.7,568.6,-9.4,-14.6,4.471,1,0.2842,PROXY-spatial,-0.0025,-0.0096,0.968,ANALYTICAL-ensemble,0.006,8,14.45,5,32.6,266.0,60.0,0.0022,5.93,153.7,1.379,0.7304999999999999,364.2,1816.5,FOREST,0.47,74.4,POS,NEWS-29MILE-20200923,,131.3,85.4,671.4,0.2867,0.962,62.2,4.0,0.935,2.5499999999999976,0,0,0,0,0,1,0,0,1
NEWS-29MILE-20200923,2020-08-30,24.0,pre,0,0,0,5.3,16.2,59.8,526.7,4.6,-85.1,-9.914,0,0.2853,PROXY-spatial,0.002,-0.0057,0.973,ANALYTICAL-ensemble,0.019,8,14.45,5,32.6,266.0,60.0,0.0022,5.93,153.7,1.379,0.7304999999999999,364.2,1816.5,FOREST,0.47,74.4,POS,NEWS-29MILE-20200923,,144.9,129.2,714.7,0.2833,0.954,22.3,3.0,0.935,-4.446428571428563,0,0,0,0,0,1,0,0,1
NEWS-29MILE-20200923,2020-08-31,23.0,pre,0,0,0,13.8,19.8,66.9,473.8,8.5,-81.6,-6.371,0,0.2884,PROXY-spatial,0.0057,0.0025,0.975,ANALYTICAL-ensemble,0.026,8,14.45,5,32.6,266.0,60.0,0.0022,5.93,153.7,1.379,0.7304999999999999,364.2,1816.5,FOREST,0.47,74.4,POS,NEWS-29MILE-20200923,,148.5,111.5,719.9,0.2827,0.949,22.3,4.0,0.935,-10.73214285714286,0,0,0,0,0,1,0,0,1
NEWS-29MILE-20200923,2020-09-01,22.0,pre,0,0,0,5.7,24.8,72.4,479.5,-8.1,-44.3,-5.371,0,0.2867,REAL,0.0025,-0.0009,0.973,ANALYTICAL-ensemble,0.021,8,14.45,5,32.6,266.0,60.0,0.0022,5.93,153.7,1.379,0.7304999999999999,364.2,1816.5,FOREST,0.47,74.4,POS,NEWS-29MILE-20200923,,116.7,110.0,712.2,0.2842,0.952,22.3,4.0,0.943,-15.049999999999995,0,0,0,0,0,1,0,0,1
NEWS-29MILE-20200923,2020-09-02,21.0,pre,0,0,0,3.6,23.2,53.7,483.2,-2.1,-6.1,-11.086,0,0.2869,REAL,0.0016,0.0002,0.975,ANALYTICAL-ensemble,0.014,8,14.45,5,32.6,266.0,60.0,0.0022,5.93,153.7,1.379,0.7304999999999999,364.2,1816.5,FOREST,0.47,74.4,POS,NEWS-29MILE-20200923,,59.8,131.3,685.2,0.2853,0.961,14.4,3.0,0.947,-16.985714285714284,0,0,0,0,0,1,0,0,1
NEWS-29MILE-20200923,2020-09-03,20.0,pre,0,0,0,1.4,10.8,40.8,484.6,-2.2,-26.1,-14.871,1,0.2901,REAL,0.0017,0.0068,0.975,ANALYTICAL-ensemble,0.008,8,14.45,5,32.6,266.0,60.0,0.0022,5.93,153.7,1.379,0.7304999999999999,364.2,1816.5,FOREST,0.47,74.4,POS,NEWS-29MILE-20200923,,66.9,144.9,594.9,0.2884,0.967,13.8,2.0,0.949,-15.589285714285714,0,0,0,0,0,1,0,0,1
NEWS-29MILE-20200923,2020-09-04,19.0,pre,0,0,0,20.1,25.1,50.7,500.7,18.7,-21.7,-13.971,0,0.2893,REAL,0.0026,0.0066,0.974,ANALYTICAL-ensemble,0.007,8,14.45,5,32.6,266.0,60.0,0.0022,5.93,153.7,1.379,0.7304999999999999,364.2,1816.5,FOREST,0.47,74.4,POS,NEWS-29MILE-20200923,,72.4,148.5,604.4,0.2867,0.967,20.1,2.0,0.949,-8.9,0,0,0,0,0,1,0,0,1
NEWS-29MILE-20200923,2020-09-05,18.0,pre,0,0,0,74.9,96.4,124.9,545.8,54.8,71.2,1.171,0,0.2919,REAL,0.005,0.0077,0.97,ANALYTICAL-ensemble,0.002,8,14.45,5,32.6,266.0,60.0,0.0022,5.93,153.7,1.379,0.7304999999999999,364.2,1816.5,FOREST,0.47,74.4,POS,NEWS-29MILE-20200923,,53.7,116.7,568.6,0.2869,0.968,74.9,3.0,0.949,4.689285714285712,0,0,0,0,0,1,0,0,1
NEWS-29MILE-20200923,2020-09-06,17.0,pre,0,0,0,28.6,123.6,148.2,545.9,-46.3,107.4,12.629,0,0.2917,REAL,0.0016,0.0064,0.967,ANALYTICAL-ensemble,-0.006,8,14.45,5,32.6,266.0,60.0,0.0022,5.93,153.7,1.379,0.7304999999999999,364.2,1816.5,FOREST,0.47,74.4,POS,NEWS-29MILE-20200923,,40.8,59.8,526.7,0.2901,0.973,74.9,4.0,0.949,12.353571428571426,0,0,0,0,0,1,0,0,1
NEWS-29MILE-20200923,2020-09-07,16.0,pre,0,0,0,61.3,164.8,195.7,605.2,32.7,145.0,18.4,0,0.2912,PROXY-spatial,0.0019,0.0028,0.959,ANALYTICAL-ensemble,-0.016,8,14.45,5,32.6,266.0,60.0,0.0022,5.93,153.7,1.379,0.7304999999999999,364.2,1816.5,FOREST,0.47,74.4,POS,NEWS-29MILE-20200923,,50.7,66.9,473.8,0.2893,0.975,74.9,4.0,0.952,22.96428571428572,0,0,0,0,0,1,0,0,1
NEWS-29MILE-20200923,2020-09-08,15.0,pre,0,0,0,37.5,127.4,227.5,628.7,-23.8,102.6,22.157,0,0.2943,PROXY-spatial,0.0024,0.0076,0.952,ANALYTICAL-ensemble,-0.021,8,14.45,5,32.6,266.0,60.0,0.0022,5.93,153.7,1.379,0.7304999999999999,364.2,1816.5,FOREST,0.47,74.4,POS,NEWS-29MILE-20200923,,124.9,72.4,479.5,0.2919,0.973,74.9,5.0,0.952,33.16785714285714,0,0,0,0,0,1,0,0,1
NEWS-29MILE-20200923,2020-09-09,14.0,pre,1,0,0,6.7,105.5,230.5,615.5,-30.8,82.3,25.257,0,0.2964,PROXY-spatial,0.0047,0.0095,0.955,ANALYTICAL-ensemble,-0.02,8,14.45,5,32.6,266.0,60.0,0.0022,5.93,153.7,1.379,0.7304999999999999,364.2,1816.5,FOREST,0.47,74.4,POS,NEWS-29MILE-20200923,,148.2,53.7,483.2,0.2917,0.975,74.9,5.0,0.952,35.48214285714286,0,0,0,0,0,1,0,0,1
NEWS-29MILE-20200923,2020-09-10,13.0,pre,1,0,0,3.5,47.7,232.6,609.3,-3.2,36.9,27.4,0,0.2986,PROXY-spatial,0.0074,0.0085,0.964,ANALYTICAL-ensemble,-0.011,8,14.45,5,32.6,266.0,60.0,0.0022,5.93,153.7,1.379,0.7304999999999999,364.2,1816.5,FOREST,0.47,74.4,POS,NEWS-29MILE-20200923,,195.7,40.8,484.6,0.2912,0.975,74.9,5.0,0.952,29.864285714285714,0,0,0,0,0,1,0,0,1
NEWS-29MILE-20200923,2020-09-11,12.0,pre,1,0,0,21.9,32.0,234.4,628.7,18.4,6.9,26.243,0,0.3022,PROXY-spatial,0.0079,0.0129,0.964,ANALYTICAL-ensemble,-0.01,8,14.45,5,32.6,266.0,60.0,0.0022,5.93,153.7,1.379,0.7304999999999999,364.2,1816.5,FOREST,0.47,74.4,POS,NEWS-29MILE-20200923,,227.5,50.7,500.7,0.2943,0.974,74.9,5.0,0.952,19.003571428571433,0,0,0,0,0,1,0,0,1
NEWS-29MILE-20200923,2020-09-12,11.0,pre,1,0,0,5.2,30.5,164.7,537.5,-16.7,-65.8,5.686,0,0.3014,PROXY-spatial,0.005,0.0095,0.97,ANALYTICAL-ensemble,0.0,8,14.45,5,32.6,266.0,60.0,0.0022,5.93,153.7,1.379,0.7304999999999999,364.2,1816.5,FOREST,0.47,74.4,POS,NEWS-29MILE-20200923,,230.5,124.9,545.8,0.2964,0.97,61.3,4.0,0.952,4.71428571428572,0,0,0,0,0,1,0,0,1
NEWS-29MILE-20200923,2020-09-13,10.0,pre,1,0,0,0.0,27.1,136.1,503.5,-5.2,-96.5,-1.729,1,0.3017,PROXY-spatial,0.0031,0.01,0.973,ANALYTICAL-ensemble,0.006,8,14.45,5,32.6,266.0,60.0,0.0022,5.93,153.7,1.379,0.7304999999999999,364.2,1816.5,FOREST,0.47,74.4,POS,NEWS-29MILE-20200923,,232.6,148.2,545.9,0.2986,0.967,61.3,3.0,0.952,-10.73214285714286,0,0,0,0,0,1,0,0,1
NEWS-29MILE-20200923,2020-09-14,9.0,pre,1,0,0,17.6,22.8,92.4,509.4,17.6,-142.0,-14.757,0,0.2965,REAL,-0.0057,0.0053,0.973,ANALYTICAL-ensemble,0.014,8,14.45,5,32.6,266.0,60.0,0.0022,5.93,153.7,1.379,0.7304999999999999,364.2,1816.5,FOREST,0.47,74.4,POS,NEWS-29MILE-20200923,,234.4,195.7,605.2,0.3022,0.959,37.5,3.0,0.952,-23.642857142857157,0,0,0,0,0,1,0,0,1
NEWS-29MILE-20200923,2020-09-15,8.0,pre,1,0,0,42.7,60.3,97.5,533.5,25.1,-67.2,-18.571,0,0.2935,REAL,-0.0079,-0.0008,0.97,ANALYTICAL-ensemble,0.018,8,14.45,5,32.6,266.0,60.0,0.0022,5.93,153.7,1.379,0.7304999999999999,364.2,1816.5,FOREST,0.47,74.4,POS,NEWS-29MILE-20200923,,164.7,227.5,628.7,0.3014,0.952,42.7,3.0,0.952,-27.77500000000001,0,0,0,0,0,1,0,0,1
NEWS-29MILE-20200923,2020-09-16,7.0,pre,1,1,0,19.8,80.1,110.7,529.0,-22.9,-25.4,-17.114,0,0.2894,REAL,-0.0123,-0.007,0.97,ANALYTICAL-ensemble,0.015,8,14.45,5,32.6,266.0,60.0,0.0022,5.93,153.7,1.379,0.7304999999999999,364.2,1816.5,FOREST,0.47,74.4,POS,NEWS-29MILE-20200923,,136.1,230.5,615.5,0.3017,0.955,42.7,4.0,0.952,-25.421428571428567,0,0,0,0,0,1,0,0,1
NEWS-29MILE-20200923,2020-09-17,6.0,pre,1,1,0,62.6,125.1,169.8,589.9,42.8,77.4,-8.971,0,0.282,REAL,-0.0145,-0.0166,0.963,ANALYTICAL-ensemble,-0.001,8,14.45,5,32.6,266.0,60.0,0.0022,5.93,153.7,1.379,0.7304999999999999,364.2,1816.5,FOREST,0.47,74.4,POS,NEWS-29MILE-20200923,,92.4,232.6,609.3,0.2965,0.964,62.6,5.0,0.952,-12.157142857142848,0,0,0,0,0,1,0,0,1
NEWS-29MILE-20200923,2020-09-18,5.0,pre,1,1,0,3.6,86.0,151.5,592.4,-59.0,54.0,-11.843,0,0.2783,REAL,-0.0152,-0.0239,0.958,ANALYTICAL-ensemble,-0.006,8,14.45,5,32.6,266.0,60.0,0.0022,5.93,153.7,1.379,0.7304999999999999,364.2,1816.5,FOREST,0.47,74.4,POS,NEWS-29MILE-20200923,,97.5,234.4,628.7,0.2935,0.964,62.6,4.0,0.952,1.6464285714285758,0,0,0,0,0,1,0,0,1
NEWS-29MILE-20200923,2020-09-19,4.0,pre,1,1,0,0.0,66.2,146.3,591.6,-3.6,35.6,-2.629,1,0.2758,REAL,-0.0136,-0.0256,0.967,ANALYTICAL-ensemble,-0.003,8,14.45,5,32.6,266.0,60.0,0.0022,5.93,153.7,1.379,0.7304999999999999,364.2,1816.5,FOREST,0.47,74.4,POS,NEWS-29MILE-20200923,,110.7,164.7,537.5,0.2894,0.97,62.6,4.0,0.952,7.89642857142857,0,0,0,0,0,1,0,0,1
NEWS-29MILE-20200923,2020-09-20,3.0,pre,1,1,0,0.0,3.6,146.3,585.1,0.0,-23.5,1.457,2,0.2754,PROXY-spatial,-0.0066,-0.0263,0.968,ANALYTICAL-ensemble,-0.005,8,14.45,5,32.6,266.0,60.0,0.0022,5.93,153.7,1.379,0.7304999999999999,364.2,1816.5,FOREST,0.47,74.4,POS,NEWS-29MILE-20200923,,169.8,136.1,503.5,0.282,0.973,62.6,4.0,0.952,10.717857142857147,0,0,0,0,0,1,0,0,1
NEWS-29MILE-20200923,2020-09-21,2.0,pre,1,1,0,19.7,19.7,148.3,572.3,19.7,-3.2,7.986,0,0.2791,PROXY-spatial,0.0008,-0.0174,0.968,ANALYTICAL-ensemble,-0.005,8,14.45,5,32.6,266.0,60.0,0.0022,5.93,153.7,1.379,0.7304999999999999,364.2,1816.5,FOREST,0.47,74.4,POS,NEWS-29MILE-20200923,,151.5,92.4,509.4,0.2783,0.973,62.6,4.0,0.952,7.146428571428578,0,0,0,0,0,1,0,0,1
NEWS-29MILE-20200923,2020-09-22,1.0,pre,1,1,0,7.7,27.3,113.4,517.7,-12.0,-32.9,2.271,0,0.2791,PROXY-spatial,0.0033,-0.0144,0.973,ANALYTICAL-ensemble,0.003,8,14.45,5,32.6,266.0,60.0,0.0022,5.93,153.7,1.379,0.7304999999999999,364.2,1816.5,FOREST,0.47,74.4,POS,NEWS-29MILE-20200923,,146.3,97.5,533.5,0.2758,0.97,62.6,3.0,0.955,-1.4321428571428547,0,0,0,0,0,1,0,0,1
NEWS-29MILE-20200923,2018-07-25,,N0,0,0,0,27.7,52.3,78.5,800.5,12.7,45.9,1.379,0,0.2994,REAL,0.0077,0.0004,0.946,ANALYTICAL-ensemble,0.006,8,14.45,3,32.6,266.0,60.0,0.0022,5.93,153.7,1.379,0.7304999999999999,364.2,1816.5,FOREST,0.472,,N0,NEWS-29MILE-20200923_N0_2018,2018.0,,,,,,27.7,1.0,0.946,,0,0,0,0,0,1,0,0,1
NEWS-29MILE-20200923,2018-07-26,,N0,0,0,0,18.1,60.8,96.6,796.6,-9.6,57.9,5.258,0,0.3034,REAL,0.013,0.011,0.947,ANALYTICAL-ensemble,0.006,8,14.45,3,32.6,266.0,60.0,0.0022,5.93,153.7,1.379,0.7304999999999999,364.2,1816.5,FOREST,0.472,,N0,NEWS-29MILE-20200923_N0_2018,2018.0,,,,,,27.7,2.0,0.946,,0,0,0,0,0,1,0,0,1
NEWS-29MILE-20200923,2018-07-27,,N0,0,0,0,3.4,49.2,100.0,796.8,-14.7,46.3,9.391,0,0.3045,REAL,0.0115,0.0162,0.947,ANALYTICAL-ensemble,0.004,8,14.45,3,32.6,266.0,60.0,0.0022,5.93,153.7,1.379,0.7304999999999999,364.2,1816.5,FOREST,0.472,,N0,NEWS-29MILE-20200923_N0_2018,2018.0,,,,,,27.7,2.0,0.946,,0,0,0,0,0,1,0,0,1
NEWS-29MILE-20200923,2018-07-28,,N0,0,0,0,11.2,32.7,107.3,807.8,7.8,28.8,10.371,0,0.3,REAL,0.0006,0.009,0.947,ANALYTICAL-ensemble,0.001,8,14.45,3,32.6,266.0,60.0,0.0022,5.93,153.7,1.379,0.7304999999999999,364.2,1816.5,FOREST,0.472,,N0,NEWS-29MILE-20200923_N0_2018,2018.0,78.5,,,0.2994,,27.7,3.0,0.946,8.979999999999999,0,0,0,0,0,1,0,0,1
NEWS-29MILE-20200923,2018-07-29,,N0,0,0,0,57.5,72.0,142.4,810.1,46.3,45.8,15.686,0,0.2948,REAL,-0.0086,0.0031,0.947,ANALYTICAL-ensemble,0.0,8,14.45,3,32.6,266.0,60.0,0.0022,5.93,153.7,1.379,0.7304999999999999,364.2,1816.5,FOREST,0.472,,N0,NEWS-29MILE-20200923_N0_2018,2018.0,96.6,,,0.3034,,57.5,4.0,0.946,13.849999999999996,0,0,0,0,0,1,0,0,1
NEWS-29MILE-20200923,2018-07-30,,N0,0,0,0,8.5,77.2,141.4,806.1,-49.0,41.4,14.67,0,0.2939,REAL,-0.0106,0.0035,0.945,ANALYTICAL-ensemble,-0.002,8,14.45,3,32.6,266.0,60.0,0.0022,5.93,153.7,1.379,0.7304999999999999,364.2,1816.5,FOREST,0.472,,N0,NEWS-29MILE-20200923_N0_2018,2018.0,100.0,,,0.3045,,57.5,4.0,0.945,13.12,0,0,0,0,0,1,0,0,1
NEWS-29MILE-20200923,2018-07-31,,N0,0,0,0,66.8,132.8,193.2,800.4,58.3,85.9,19.925,0,0.2905,REAL,-0.0095,-0.0025,0.946,ANALYTICAL-ensemble,-0.002,8,14.45,3,32.6,266.0,60.0,0.0022,5.93,153.7,1.379,0.7304999999999999,364.2,1816.5,FOREST,0.472,,N0,NEWS-29MILE-20200923_N0_2018,2018.0,107.3,,,0.3,,66.8,5.0,0.945,17.003571428571426,0,0,0,0,0,1,0,0,1
NEWS-29MILE-20200923,2018-08-01,,N0,0,0,0,43.9,119.3,209.4,830.6,-22.9,67.0,18.7,0,0.2886,REAL,-0.0062,-0.0108,0.944,ANALYTICAL-ensemble,-0.002,8,14.45,3,32.6,266.0,60.0,0.0022,5.93,153.7,1.379,0.7304999999999999,364.2,1816.5,FOREST,0.472,,N0,NEWS-29MILE-20200923_N0_2018,2018.0,142.4,78.5,800.5,0.2948,0.946,66.8,5.0,0.944,19.960714285714282,0,0,0,0,0,1,0,0,1
NEWS-29MILE-20200923,2018-08-02,,N0,0,0,0,16.6,127.3,207.9,809.5,-27.3,66.5,15.905,0,0.2842,PROXY-spatial,-0.0097,-0.0192,0.944,ANALYTICAL-ensemble,-0.003,8,14.45,3,32.6,266.0,60.0,0.0022,5.93,153.7,1.379,0.7304999999999999,364.2,1816.5,FOREST,0.472,,N0,NEWS-29MILE-20200923_N0_2018,2018.0,141.4,96.6,796.6,0.2939,0.947,66.8,5.0,0.944,20.667857142857148,0,0,0,0,0,1,0,0,1
NEWS-29MILE-20200923,2018-08-03,,N0,0,0,0,14.9,75.4,219.4,688.4,-1.7,26.2,17.063,0,0.2841,PROXY-spatial,-0.0064,-0.0204,0.949,ANALYTICAL-ensemble,0.002,8,14.45,3,32.6,266.0,60.0,0.0022,5.93,153.7,1.379,0.7304999999999999,364.2,1816.5,FOREST,0.472,,N0,NEWS-29MILE-20200923_N0_2018,2018.0,193.2,100.0,796.8,0.2905,0.947,66.8,6.0,0.944,19.117857142857133,0,0,0,0,0,1,0,0,1
NEWS-29MILE-20200923,2018-08-04,,N0,0,0,0,15.5,46.9,223.7,569.5,0.6,14.3,16.631,0,0.286,PROXY-spatial,-0.0026,-0.014,0.967,ANALYTICAL-ensemble,0.02,8,14.45,3,32.6,266.0,60.0,0.0022,5.93,153.7,1.379,0.7304999999999999,364.2,1816.5,FOREST,0.472,,N0,NEWS-29MILE-20200923_N0_2018,2018.0,209.4,107.3,807.8,0.2886,0.947,66.8,6.0,0.944,14.807142857142857,0,0,0,0,0,1,0,0,1
NEWS-29MILE-20200923,2018-08-05,,N0,0,0,0,16.4,46.7,182.6,556.8,0.9,-25.3,5.746,0,0.2912,PROXY-spatial,0.007,-0.0036,0.967,ANALYTICAL-ensemble,0.02,8,14.45,3,32.6,266.0,60.0,0.0022,5.93,153.7,1.379,0.7304999999999999,364.2,1816.5,FOREST,0.472,,N0,NEWS-29MILE-20200923_N0_2018,2018.0,207.9,142.4,810.1,0.2842,0.947,66.8,6.0,0.944,6.950000000000004,0,0,0,0,0,1,0,0,1
NEWS-29MILE-20200923,2018-08-06,,N0,0,0,0,30.0,61.9,204.1,579.3,13.6,-15.3,8.958,0,0.2948,PROXY-spatial,0.0107,0.0009,0.967,ANALYTICAL-ensemble,0.022,8,14.45,3,32.6,266.0,60.0,0.0022,5.93,153.7,1.379,0.7304999999999999,364.2,1816.5,FOREST,0.472,,N0,NEWS-29MILE-20200923_N0_2018,2018.0,219.4,141.4,806.1,0.2841,0.945,66.8,7.0,0.944,-0.18214285714285527,0,0,0,0,0,1,0,0,1
NEWS-29MILE-20200923,2018-08-07,,N0,0,0,0,4.0,50.4,141.3,567.9,-26.0,-82.4,-7.417,0,0.2966,PROXY-spatial,0.0106,0.0061,0.968,ANALYTICAL-ensemble,0.022,8,14.45,3,32.6,266.0,60.0,0.0022,5.93,153.7,1.379,0.7304999999999999,364.2,1816.5,FOREST,0.472,,N0,NEWS-29MILE-20200923_N0_2018,2018.0,223.7,193.2,800.4,0.286,0.946,43.9,6.0,0.944,-8.88214285714286,0,0,0,0,0,1,0,0,1
NEWS-29MILE-20200923,2018-08-08,,N0,0,0,0,22.7,56.8,120.1,549.2,18.7,-62.5,-12.754,0,0.292,PROXY-spatial,0.0008,0.0034,0.97,ANALYTICAL-ensemble,0.026,8,14.45,3,32.6,266.0,60.0,0.0022,5.93,153.7,1.379,0.7304999999999999,364.2,1816.5,FOREST,0.472,,N0,NEWS-29MILE-20200923_N0_2018,2018.0,182.6,209.4,830.6,0.2912,0.944,30.0,6.0,0.944,-15.685714285714285,0,0,0,0,0,1,0,0,1
NEWS-29MILE-20200923,2018-08-09,,N0,0,0,0,5.0,31.8,108.5,521.0,-17.7,-95.6,-14.197,0,0.2886,PROXY-spatial,-0.0062,0.0044,0.97,ANALYTICAL-ensemble,0.026,8,14.45,3,32.6,266.0,60.0,0.0022,5.93,153.7,1.379,0.7304999999999999,364.2,1816.5,FOREST,0.472,,N0,NEWS-29MILE-20200923_N0_2018,2018.0,204.1,207.9,809.5,0.2948,0.944,30.0,5.0,0.944,-20.757142857142853,0,0,0,0,0,1,0,0,1
NEWS-29MILE-20200923,2018-08-10,,N0,0,0,0,104.4,132.1,198.0,586.2,99.4,56.7,-3.055,0,0.29,PROXY-spatial,-0.0066,0.0059,0.966,ANALYTICAL-ensemble,0.017,8,14.45,3,32.6,266.0,60.0,0.0022,5.93,153.7,1.379,0.7304999999999999,364.2,1816.5,FOREST,0.472,,N0,NEWS-29MILE-20200923_N0_2018,2018.0,141.3,219.4,688.4,0.2966,0.949,104.4,5.0,0.944,-11.046428571428564,0,0,0,0,0,1,0,0,1
NEWS-29MILE-20200923,2018-08-11,,N0,0,0,0,38.8,148.1,221.3,615.9,-65.6,101.2,-0.336,0,0.2945,PROXY-spatial,0.0025,0.0085,0.951,ANALYTICAL-ensemble,-0.016,8,14.45,3,32.6,266.0,60.0,0.0022,5.93,153.7,1.379,0.7304999999999999,364.2,1816.5,FOREST,0.472,,N0,NEWS-29MILE-20200923_N0_2018,2018.0,120.1,223.7,569.5,0.292,0.967,104.4,5.0,0.944,2.5392857142857173,0,0,0,0,0,1,0,0,1
NEWS-29MILE-20200923,2018-08-12,,N0,0,0,0,5.7,148.8,210.6,596.0,-33.1,102.1,4.005,0,0.2988,PROXY-spatial,0.0102,0.0076,0.951,ANALYTICAL-ensemble,-0.016,8,14.45,3,32.6,266.0,60.0,0.0022,5.93,153.7,1.379,0.7304999999999999,364.2,1816.5,FOREST,0.472,,N0,NEWS-29MILE-20200923_N0_2018,2018.0,108.5,182.6,556.8,0.2886,0.967,104.4,4.0,0.944,9.192857142857132,0,0,0,0,0,1,0,0,1
NEWS-29MILE-20200923,2018-08-13,,N0,0,0,0,32.6,77.1,213.2,625.2,26.9,15.2,1.305,0,0.3027,PROXY-spatial,0.0127,0.0079,0.953,ANALYTICAL-ensemble,-0.014,8,14.45,3,32.6,266.0,60.0,0.0022,5.93,153.7,1.379,0.7304999999999999,364.2,1816.5,FOREST,0.472,,N0,NEWS-29MILE-20200923_N0_2018,2018.0,198.0,204.1,579.3,0.29,0.967,104.4,4.0,0.944,18.196428571428562,0,0,0,0,0,1,0,0,1
NEWS-29MILE-20200923,2018-08-14,,N0,0,0,0,7.3,45.6,216.5,608.1,-25.3,-4.8,10.746,0,0.306,PROXY-spatial,0.0115,0.0094,0.956,ANALYTICAL-ensemble,-0.012,8,14.45,3,32.6,266.0,60.0,0.0022,5.93,153.7,1.379,0.7304999999999999,364.2,1816.5,FOREST,0.472,,N0,NEWS-29MILE-20200923_N0_2018,2018.0,221.3,141.3,567.9,0.2945,0.968,104.4,4.0,0.944,18.25714285714286,0,0,0,0,0,1,0,0,1
NEWS-29MILE-20200923,2018-08-15,,N0,0,0,0,11.0,51.0,204.8,615.7,3.7,-5.8,12.1,0,0.3094,PROXY-spatial,0.0106,0.0174,0.96,ANALYTICAL-ensemble,-0.01,8,14.45,3,32.6,266.0,60.0,0.0022,5.93,153.7,1.379,0.7304999999999999,364.2,1816.5,FOREST,0.472,,N0,NEWS-29MILE-20200923_N0_2018,2018.0,210.6,120.1,549.2,0.2988,0.97,104.4,4.0,0.944,11.35,0,0,0,0,0,1,0,0,1
NEWS-29MILE-20200923,2018-08-16,,N0,0,0,0,14.3,32.6,214.1,630.0,3.3,0.9,15.083,0,0.3145,REAL,0.0118,0.0259,0.962,ANALYTICAL-ensemble,-0.008,8,14.45,3,32.6,266.0,60.0,0.0022,5.93,153.7,1.379,0.7304999999999999,364.2,1816.5,FOREST,0.472,,N0,NEWS-29MILE-20200923_N0_2018,2018.0,213.2,108.5,521.0,0.3027,0.97,104.4,5.0,0.949,0.7571428571428621,0,0,0,0,0,1,0,0,1
NEWS-29MILE-20200923,2018-08-17,,N0,0,0,0,0.0,25.3,109.7,627.0,-14.3,-106.8,-12.616,1,0.3092,PROXY-spatial,0.0032,0.0192,0.965,ANALYTICAL-ensemble,-0.001,8,14.45,3,32.6,266.0,60.0,0.0022,5.93,153.7,1.379,0.7304999999999999,364.2,1816.5,FOREST,0.472,,N0,NEWS-29MILE-20200923_N0_2018,2018.0,216.5,198.0,586.2,0.306,0.966,38.8,4.0,0.951,-12.007142857142858,0,0,0,0,0,1,0,0,1
NEWS-29MILE-20200923,2018-08-18,,N0,0,0,0,0.0,14.3,70.9,627.0,0.0,-133.9,-21.486,2,0.3076,PROXY-spatial,-0.0018,0.0131,0.967,ANALYTICAL-ensemble,0.016,8,14.45,3,32.6,266.0,60.0,0.0022,5.93,153.7,1.379,0.7304999999999999,364.2,1816.5,FOREST,0.472,,N0,NEWS-29MILE-20200923_N0_2018,2018.0,204.8,221.3,615.9,0.3094,0.951,32.6,3.0,0.951,-22.44642857142858,0,0,0,0,0,1,0,0,1
NEWS-29MILE-20200923,2018-08-19,,N0,0,0,0,0.0,0.0,65.3,627.0,0.0,-148.8,-20.756,3,0.3031,PROXY-spatial,-0.0114,0.0043,0.967,ANALYTICAL-ensemble,0.016,8,14.45,3,32.6,266.0,60.0,0.0022,5.93,153.7,1.379,0.7304999999999999,364.2,1816.5,FOREST,0.472,,N0,NEWS-29MILE-20200923_N0_2018,2018.0,214.1,210.6,596.0,0.3145,0.951,32.6,3.0,0.951,-29.642857142857153,0,0,0,0,0,1,0,0,1
NEWS-29MILE-20200923,2018-08-20,,N0,0,0,0,10.9,10.9,43.5,634.0,10.9,-66.2,-24.244,0,0.288,PROXY-spatial,-0.0212,-0.0147,0.967,ANALYTICAL-ensemble,0.014,8,14.45,3,32.6,266.0,60.0,0.0022,5.93,153.7,1.379,0.7304999999999999,364.2,1816.5,FOREST,0.472,,N0,NEWS-29MILE-20200923_N0_2018,2018.0,109.7,213.2,625.2,0.3092,0.953,14.3,3.0,0.951,-33.61428571428572,0,0,0,0,0,1,0,0,1
NEWS-29MILE-20200923,2018-08-21,,N0,0,0,0,18.4,29.3,54.6,630.1,7.5,-16.3,-23.122,0,0.2785,PROXY-spatial,-0.0291,-0.0275,0.967,ANALYTICAL-ensemble,0.011,8,14.45,3,32.6,266.0,60.0,0.0022,5.93,153.7,1.379,0.7304999999999999,364.2,1816.5,FOREST,0.472,,N0,NEWS-29MILE-20200923_N0_2018,2018.0,70.9,216.5,608.1,0.3076,0.956,18.4,4.0,0.951,-29.864285714285707,0,0,0,0,0,1,0,0,1
NEWS-29MILE-20200923,2018-08-22,,N0,0,0,0,108.2,137.5,151.7,728.7,89.8,86.4,-7.582,0,0.2764,PROXY-spatial,-0.0267,-0.033,0.954,ANALYTICAL-ensemble,-0.006,8,14.45,3,32.6,266.0,60.0,0.0022,5.93,153.7,1.379,0.7304999999999999,364.2,1816.5,FOREST,0.472,,N0,NEWS-29MILE-20200923_N0_2018,2018.0,65.3,204.8,615.7,0.3031,0.96,108.2,4.0,0.951,-11.600000000000007,0,0,0,0,0,1,0,0,1
NEWS-29MILE-20200923,2018-08-23,,N0,0,0,0,101.9,228.5,239.4,815.7,-6.3,195.9,3.621,0,0.2744,PROXY-spatial,-0.0136,-0.0401,0.942,ANALYTICAL-ensemble,-0.02,8,14.45,3,32.6,266.0,60.0,0.0022,5.93,153.7,1.379,0.7304999999999999,364.2,1816.5,FOREST,0.472,,N0,NEWS-29MILE-20200923_N0_2018,2018.0,43.5,214.1,630.0,0.288,0.962,108.2,4.0,0.942,19.285714285714285,0,0,0,0,0,1,0,0,1
NEWS-29MILE-20200923,2018-08-24,,N0,0,0,0,7.7,217.8,247.1,795.6,-94.2,192.5,19.633,0,0.277,PROXY-spatial,-0.0015,-0.0322,0.942,ANALYTICAL-ensemble,-0.023,8,14.45,3,32.6,266.0,60.0,0.0022,5.93,153.7,1.379,0.7304999999999999,364.2,1816.5,FOREST,0.472,,N0,NEWS-29MILE-20200923_N0_2018,2018.0,54.6,109.7,627.0,0.2785,0.965,108.2,4.0,0.942,35.17857142857143,0,0,0,0,0,1,0,0,1
NEWS-29MILE-20200923,2018-08-25,,N0,0,0,0,27.6,137.2,274.6,805.1,19.9,122.9,29.098,0,0.2759,PROXY-spatial,-0.0005,-0.0317,0.942,ANALYTICAL-ensemble,-0.025,8,14.45,3,32.6,266.0,60.0,0.0022,5.93,153.7,1.379,0.7304999999999999,364.2,1816.5,FOREST,0.472,,N0,NEWS-29MILE-20200923_N0_2018,2018.0,151.7,70.9,627.0,0.2764,0.967,108.2,5.0,0.942,43.567857142857136,0,0,0,0,0,1,0,0,1
NEWS-29MILE-20200923,2018-08-26,,N0,0,0,0,18.8,54.1,293.4,820.5,-8.8,54.0,32.593,0,0.2731,PROXY-spatial,-0.0013,-0.03,0.943,ANALYTICAL-ensemble,-0.024,8,14.45,3,32.6,266.0,60.0,0.0022,5.93,153.7,1.379,0.7304999999999999,364.2,1816.5,FOREST,0.472,,N0,NEWS-29MILE-20200923_N0_2018,2018.0,239.4,65.3,627.0,0.2744,0.967,108.2,6.0,0.942,45.89642857142857,0,0,0,0,0,1,0,0,1
NEWS-29MILE-20200923,2018-08-27,,N0,0,0,0,12.9,59.3,295.5,822.3,-5.9,48.4,36.004,0,0.2822,PROXY-spatial,0.0052,-0.0058,0.943,ANALYTICAL-ensemble,-0.024,8,14.45,3,32.6,266.0,60.0,0.0022,5.93,153.7,1.379,0.7304999999999999,364.2,1816.5,FOREST,0.472,,N0,NEWS-29MILE-20200923_N0_2018,2018.0,247.1,43.5,634.0,0.277,0.967,108.2,6.0,0.942,37.18928571428572,0,0,0,0,0,1,0,0,1
NEWS-29MILE-20200923,2018-08-28,,N0,0,0,0,46.6,78.4,323.8,811.4,33.7,49.2,38.459,0,0.2886,REAL,0.0127,0.0101,0.944,ANALYTICAL-ensemble,-0.023,8,14.45,3,32.6,266.0,60.0,0.0022,5.93,153.7,1.379,0.7304999999999999,364.2,1816.5,FOREST,0.472,,N0,NEWS-29MILE-20200923_N0_2018,2018.0,274.6,54.6,630.1,0.2759,0.967,108.2,6.0,0.942,24.10000000000001,0,0,0,0,0,1,0,0,1
NEWS-29MILE-20200923,2018-08-29,,N0,0,0,0,7.3,66.9,222.9,810.2,-39.3,-70.5,10.168,0,0.2899,REAL,0.0168,0.0135,0.943,ANALYTICAL-ensemble,-0.011,8,14.45,3,32.6,266.0,60.0,0.0022,5.93,153.7,1.379,0.7304999999999999,364.2,1816.5,FOREST,0.472,,N0,NEWS-29MILE-20200923_N0_2018,2018.0,293.4,151.7,728.7,0.2731,0.954,101.9,5.0,0.942,4.457142857142856,0,0,0,0,0,1,0,0,1
NEWS-29MILE-20200923,2018-08-30,,N0,0,0,0,23.1,77.1,144.1,766.5,15.8,-151.4,-13.613,0,0.2913,REAL,0.0091,0.0169,0.944,ANALYTICAL-ensemble,0.002,8,14.45,3,32.6,266.0,60.0,0.0022,5.93,153.7,1.379,0.7304999999999999,364.2,1816.5,FOREST,0.472,,N0,NEWS-29MILE-20200923_N0_2018,2018.0,295.5,239.4,815.7,0.2822,0.942,46.6,5.0,0.942,-13.642857142857151,0,0,0,0,0,1,0,0,1
NEWS-29MILE-20200923,2018-08-31,,N0,0,0,0,2.2,32.6,138.6,724.8,-20.9,-185.2,-15.494,1,0.2914,REAL,0.0028,0.0144,0.946,ANALYTICAL-ensemble,0.004,8,14.45,3,32.6,266.0,60.0,0.0022,5.93,153.7,1.379,0.7304999999999999,364.2,1816.5,FOREST,0.472,,N0,NEWS-29MILE-20200923_N0_2018,2018.0,323.8,247.1,795.6,0.2886,0.942,46.6,5.0,0.942,-27.828571428571433,0,0,0,0,0,1,0,0,1
NEWS-29MILE-20200923,2018-09-01,,N0,0,0,0,7.4,32.7,118.5,715.6,5.2,-104.4,-22.302,0,0.2871,REAL,-0.0028,0.0112,0.951,ANALYTICAL-ensemble,0.009,8,14.45,3,32.6,266.0,60.0,0.0022,5.93,153.7,1.379,0.7304999999999999,364.2,1816.5,FOREST,0.472,,N0,NEWS-29MILE-20200923_N0_2018,2018.0,222.9,274.6,805.1,0.2899,0.942,46.6,4.0,0.942,-36.36428571428571,0,0,0,0,0,1,0,0,1
NEWS-29MILE-20200923,2018-09-02,,N0,0,0,0,95.4,105.0,195.0,796.1,88.0,50.9,-14.063,0,0.2867,PROXY-spatial,-0.0046,0.0136,0.945,ANALYTICAL-ensemble,0.002,8,14.45,3,32.6,266.0,60.0,0.0022,5.93,153.7,1.379,0.7304999999999999,364.2,1816.5,FOREST,0.472,,N0,NEWS-29MILE-20200923_N0_2018,2018.0,144.1,293.4,820.5,0.2913,0.943,95.4,4.0,0.942,-28.442857142857147,0,0,0,0,0,1,0,0,1
NEWS-29MILE-20200923,2018-09-03,,N0,0,0,0,25.2,127.9,207.2,805.8,-70.2,68.6,-12.618,0,0.2796,PROXY-spatial,-0.0118,-0.0026,0.944,ANALYTICAL-ensemble,0.001,8,14.45,3,32.6,266.0,60.0,0.0022,5.93,153.7,1.379,0.7304999999999999,364.2,1816.5,FOREST,0.472,,N0,NEWS-29MILE-20200923_N0_2018,2018.0,138.6,295.5,822.3,0.2914,0.943,95.4,4.0,0.942,-15.40000000000002,0,0,0,0,0,1,0,0,1
NEWS-29MILE-20200923,2018-09-04,,N0,0,0,0,9.2,129.7,169.7,798.6,-16.0,51.2,-22.009,0,0.2748,PROXY-spatial,-0.0123,-0.0138,0.943,ANALYTICAL-ensemble,-0.001,8,14.45,3,32.6,266.0,60.0,0.0022,5.93,153.7,1.379,0.7304999999999999,364.2,1816.5,FOREST,0.472,,N0,NEWS-29MILE-20200923_N0_2018,2018.0,118.5,323.8,811.4,0.2871,0.944,95.4,3.0,0.942,0.8214285714285641,0,0,0,0,0,1,0,0,1
NEWS-29MILE-20200923,2018-09-05,,N0,0,0,0,10.3,44.6,172.7,778.9,1.1,-22.3,-7.173,0,0.2705,PROXY-spatial,-0.0162,-0.0194,0.944,ANALYTICAL-ensemble,0.001,8,14.45,3,32.6,266.0,60.0,0.0022,5.93,153.7,1.379,0.7304999999999999,364.2,1816.5,FOREST,0.472,,N0,NEWS-29MILE-20200923_N0_2018,2018.0,195.0,222.9,810.2,0.2867,0.943,95.4,4.0,0.942,8.453571428571422,0,0,0,0,0,1,0,0,1
NEWS-29MILE-20200923,2018-09-06,,N0,0,0,0,13.9,33.4,163.5,788.8,3.6,-43.7,2.772,0,0.2603,PROXY-spatial,-0.0193,-0.031,0.944,ANALYTICAL-ensemble,0.0,8,14.45,3,32.6,266.0,60.0,0.0022,5.93,153.7,1.379,0.7304999999999999,364.2,1816.5,FOREST,0.472,,N0,NEWS-29MILE-20200923_N0_2018,2018.0,207.2,144.1,766.5,0.2796,0.944,95.4,4.0,0.942,5.635714285714285,0,0,0,0,0,1,0,0,1
NEWS-29MILE-20200923,2018-09-07,,N0,0,0,0,32.8,57.1,194.2,798.9,18.9,24.5,7.942,0,0.2562,PROXY-spatial,-0.0186,-0.0352,0.945,ANALYTICAL-ensemble,-0.001,8,14.45,3,32.6,266.0,60.0,0.0022,5.93,153.7,1.379,0.7304999999999999,364.2,1816.5,FOREST,0.472,,N0,NEWS-29MILE-20200923_N0_2018,2018.0,169.7,138.6,724.8,0.2748,0.946,95.4,5.0,0.942,4.6285714285714255,0,0,0,0,0,1,0,0,1
NEWS-29MILE-20200923,2018-09-08,,N0,0,0,0,1.7,48.5,188.5,795.6,-31.1,15.8,10.007,1,0.2557,PROXY-spatial,-0.0148,-0.0314,0.944,ANALYTICAL-ensemble,-0.007,8,14.45,3,32.6,266.0,60.0,0.0022,5.93,153.7,1.379,0.7304999999999999,364.2,1816.5,FOREST,0.472,,N0,NEWS-29MILE-20200923_N0_2018,2018.0,172.7,118.5,715.6,0.2705,0.951,95.4,5.0,0.943,-1.8464285714285738,0,0,0,0,0,1,0,0,1
NEWS-29MILE-20200923,2018-09-09,,N0,0,0,0,33.4,68.0,126.5,724.7,31.7,-37.0,-9.785,0,0.2534,PROXY-spatial,-0.0069,-0.0333,0.949,ANALYTICAL-ensemble,0.004,8,14.45,3,32.6,266.0,60.0,0.0022,5.93,153.7,1.379,0.7304999999999999,364.2,1816.5,FOREST,0.472,,N0,NEWS-29MILE-20200923_N0_2018,2018.0,163.5,195.0,796.1,0.2603,0.945,33.4,5.0,0.943,-6.535714285714276,0,0,0,0,0,1,0,0,1
NEWS-29MILE-20200923,2018-09-10,,N0,0,0,0,282.4,317.5,383.8,968.3,249.0,189.6,25.228,0,0.2614,PROXY-spatial,0.0052,-0.0182,0.932,ANALYTICAL-ensemble,-0.012,8,14.45,3,32.6,266.0,60.0,0.0022,5.93,153.7,1.379,0.7304999999999999,364.2,1816.5,FOREST,0.472,,N0,NEWS-29MILE-20200923_N0_2018,2018.0,194.2,207.2,805.8,0.2562,0.944,282.4,5.0,0.932,20.532142857142855,0,0,0,0,0,1,0,0,1
NEWS-29MILE-20200923,2018-09-11,,N0,0,0,0,37.7,353.5,412.2,1000.3,-244.7,223.7,34.636,0,0.2674,PROXY-spatial,0.0117,-0.0074,0.927,ANALYTICAL-ensemble,-0.016,8,14.45,3,32.6,266.0,60.0,0.0022,5.93,153.7,1.379,0.7304999999999999,364.2,1816.5,FOREST,0.472,,N0,NEWS-29MILE-20200923_N0_2018,2018.0,188.5,169.7,798.6,0.2557,0.943,282.4,6.0,0.927,38.978571428571435,0,0,0,0,0,1,0,0,1
NEWS-29MILE-20200923,2018-09-12,,N0,0,0,0,20.5,340.6,422.5,988.2,-17.2,296.0,35.683,0,0.2695,PROXY-spatial,0.0161,-0.001,0.929,ANALYTICAL-ensemble,-0.015,8,14.45,3,32.6,266.0,60.0,0.0022,5.93,153.7,1.379,0.7304999999999999,364.2,1816.5,FOREST,0.472,,N0,NEWS-29MILE-20200923_N0_2018,2018.0,126.5,172.7,778.9,0.2534,0.944,282.4,6.0,0.927,50.296428571428564,0,0,0,0,0,1,0,0,1
NEWS-29MILE-20200923,2018-09-13,,N0,0,0,0,14.2,72.4,422.7,995.1,-6.3,38.9,37.022,0,0.2795,PROXY-spatial,0.0181,0.0192,0.929,ANALYTICAL-ensemble,-0.015,8,14.45,3,32.6,266.0,60.0,0.0022,5.93,153.7,1.379,0.7304999999999999,364.2,1816.5,FOREST,0.472,,N0,NEWS-29MILE-20200923_N0_2018,2018.0,383.8,163.5,788.8,0.2614,0.944,282.4,6.0,0.927,51.39999999999999,0,0,0,0,0,1,0,0,1
NEWS-29MILE-20200923,2018-09-14,,N0,0,0,0,45.9,80.6,435.8,1029.9,31.7,23.6,34.518,0,0.2819,PROXY-spatial,0.0145,0.0257,0.927,ANALYTICAL-ensemble,-0.018,8,14.45,3,32.6,266.0,60.0,0.0022,5.93,153.7,1.379,0.7304999999999999,364.2,1816.5,FOREST,0.472,,N0,NEWS-29MILE-20200923_N0_2018,2018.0,412.2,194.2,798.9,0.2674,0.945,282.4,6.0,0.927,49.035714285714285,0,0,0,0,0,1,0,0,1
NEWS-29MILE-20200923,2018-09-15,,N0,0,0,0,21.8,81.9,455.9,1037.4,-24.1,33.4,38.202,0,0.285,PROXY-spatial,0.0155,0.0293,0.926,ANALYTICAL-ensemble,-0.018,8,14.45,3,32.6,266.0,60.0,0.0022,5.93,153.7,1.379,0.7304999999999999,364.2,1816.5,FOREST,0.472,,N0,NEWS-29MILE-20200923_N0_2018,2018.0,422.5,188.5,795.6,0.2695,0.944,282.4,7.0,0.926,39.38214285714287,0,0,0,0,0,1,0,0,1
NEWS-29MILE-20200923,2018-09-16,,N0,0,0,0,0.2,67.8,422.6,1037.6,-21.6,-0.1,42.293,1,0.2834,PROXY-spatial,0.0039,0.03,0.929,ANALYTICAL-ensemble,-0.02,8,14.45,3,32.6,266.0,60.0,0.0022,5.93,153.7,1.379,0.7304999999999999,364.2,1816.5,FOREST,0.472,,N0,NEWS-29MILE-20200923_N0_2018,2018.0,422.7,126.5,724.7,0.2795,0.949,282.4,6.0,0.926,7.753571428571416,0,0,0,0,0,1,0,0,1
NEWS-29MILE-20200923,2018-09-17,,N0,0,0,0,0.0,21.9,140.2,1037.6,-0.2,-295.6,-34.797,2,0.2818,PROXY-spatial,-0.0001,0.0204,0.93,ANALYTICAL-ensemble,-0.002,8,14.45,3,32.6,266.0,60.0,0.0022,5.93,153.7,1.379,0.7304999999999999,364.2,1816.5,FOREST,0.472,,N0,NEWS-29MILE-20200923_N0_2018,2018.0,435.8,383.8,968.3,0.2819,0.932,45.9,5.0,0.926,-27.95000000000001,0,0,0,0,0,1,0,0,1
NEWS-29MILE-20200923,2018-09-18,,N0,0,0,0,0.0,0.2,102.6,1037.6,0.0,-353.3,-44.236,3,0.2508,PROXY-spatial,-0.0342,-0.0166,0.931,ANALYTICAL-ensemble,0.004,8,14.45,3,32.6,266.0,60.0,0.0022,5.93,153.7,1.379,0.7304999999999999,364.2,1816.5,FOREST,0.472,,N0,NEWS-29MILE-20200923_N0_2018,2018.0,455.9,412.2,1000.3,0.285,0.927,45.9,4.0,0.926,-54.92500000000001,0,0,0,0,0,1,0,0,1
NEWS-29MILE-20200923,2018-09-19,,N0,0,0,0,0.0,0.0,82.0,1026.7,0.0,-340.6,-48.638,4,0.2266,PROXY-spatial,-0.0568,-0.0429,0.932,ANALYTICAL-ensemble,0.003,8,14.45,3,32.6,266.0,60.0,0.0022,5.93,153.7,1.379,0.7304999999999999,364.2,1816.5,FOREST,0.472,,N0,NEWS-29MILE-20200923_N0_2018,2018.0,422.6,422.5,988.2,0.2834,0.929,45.9,3.0,0.926,-71.57857142857144,0,0,0,0,0,1,0,0,1
NEWS-29MILE-20200923,2018-09-20,,N0,0,0,0,0.0,0.0,67.8,1008.3,0.0,-72.4,-50.703,5,0.2242,PROXY-spatial,-0.0576,-0.0553,0.933,ANALYTICAL-ensemble,0.004,8,14.45,3,32.6,266.0,60.0,0.0022,5.93,153.7,1.379,0.7304999999999999,364.2,1816.5,FOREST,0.472,,N0,NEWS-29MILE-20200923_N0_2018,2018.0,140.2,422.7,995.1,0.2818,0.929,45.9,2.0,0.926,-77.5642857142857,0,0,0,0,0,1,0,0,1
NEWS-29MILE-20200923,2018-09-21,,N0,0,0,0,24.3,24.3,46.2,924.4,24.3,-56.4,-55.659,0,0.2221,PROXY-spatial,-0.0287,-0.0598,0.94,ANALYTICAL-ensemble,0.013,8,14.45,3,32.6,266.0,60.0,0.0022,5.93,153.7,1.379,0.7304999999999999,364.2,1816.5,FOREST,0.472,,N0,NEWS-29MILE-20200923_N0_2018,2018.0,102.6,435.8,1029.9,0.2508,0.927,24.3,2.0,0.926,-71.31785714285715,0,0,0,0,0,1,0,0,1
NEWS-29MILE-20200923,2018-09-22,,N0,0,0,0,3.9,28.2,28.3,826.4,-20.4,-53.7,-61.082,0,0.2119,PROXY-spatial,-0.0147,-0.0731,0.944,ANALYTICAL-ensemble,0.018,8,14.45,3,32.6,266.0,60.0,0.0022,5.93,153.7,1.379,0.7304999999999999,364.2,1816.5,FOREST,0.472,,N0,NEWS-29MILE-20200923_N0_2018,2018.0,82.0,455.9,1037.4,0.2266,0.926,24.3,1.0,0.926,-50.20357142857143,0,0,0,0,0,1,0,0,1
NEWS-29MILE-20200923,2018-09-23,,N0,0,0,0,9.7,37.9,37.9,828.4,5.8,-29.9,-54.957,0,0.2073,PROXY-spatial,-0.0169,-0.0761,0.944,ANALYTICAL-ensemble,0.015,8,14.45,3,32.6,266.0,60.0,0.0022,5.93,153.7,1.379,0.7304999999999999,364.2,1816.5,FOREST,0.472,,N0,NEWS-29MILE-20200923_N0_2018,2018.0,67.8,422.6,1037.6,0.2242,0.929,24.3,1.0,0.926,-17.54642857142857,0,0,0,0,0,1,0,0,1
NEWS-29MILE-20200923,2016-08-11,,N1,0,0,0,43.5,70.4,87.5,1277.1,18.1,50.2,-2.729,0,0.2968,PROXY-spatial,-0.0003,-0.0148,0.925,ANALYTICAL-ensemble,0.012,8,14.45,1,32.6,266.0,60.0,0.0022,5.93,153.7,1.379,0.7304999999999999,364.2,1816.5,FOREST,0.434,,N1,NEWS-29MILE-20200923_N1_2016,2016.0,,,,,,43.5,1.0,0.925,,0,0,0,0,0,1,0,0,1
NEWS-29MILE-20200923,2016-08-12,,N1,0,0,0,7.4,76.3,94.3,1256.6,-36.1,65.8,2.765,0,0.2941,PROXY-spatial,-0.0061,-0.0146,0.926,ANALYTICAL-ensemble,0.008,8,14.45,1,32.6,266.0,60.0,0.0022,5.93,153.7,1.379,0.7304999999999999,364.2,1816.5,FOREST,0.434,,N1,NEWS-29MILE-20200923_N1_2016,2016.0,,,,,,43.5,1.0,0.925,,0,0,0,0,0,1,0,0,1
NEWS-29MILE-20200923,2016-08-13,,N1,0,0,0,8.3,59.2,94.7,1247.0,0.9,50.7,9.208,0,0.2896,PROXY-spatial,-0.0108,-0.0157,0.926,ANALYTICAL-ensemble,0.005,8,14.45,1,32.6,266.0,60.0,0.0022,5.93,153.7,1.379,0.7304999999999999,364.2,1816.5,FOREST,0.434,,N1,NEWS-29MILE-20200923_N1_2016,2016.0,,,,,,43.5,1.0,0.925,,0,0,0,0,0,1,0,0,1
NEWS-29MILE-20200923,2016-08-14,,N1,0,0,0,3.3,19.0,94.6,1196.4,-5.0,7.1,8.812,0,0.2664,PROXY-spatial,-0.0304,-0.0327,0.93,ANALYTICAL-ensemble,0.009,8,14.45,1,32.6,266.0,60.0,0.0022,5.93,153.7,1.379,0.7304999999999999,364.2,1816.5,FOREST,0.434,,N1,NEWS-29MILE-20200923_N1_2016,2016.0,87.5,,,0.2968,,43.5,1.0,0.925,2.1699999999999977,0,0,0,0,0,1,0,0,1
NEWS-29MILE-20200923,2016-08-15,,N1,0,0,0,0.5,12.1,89.9,1192.2,-2.8,-4.4,7.51,1,0.2633,PROXY-spatial,-0.0308,-0.0338,0.93,ANALYTICAL-ensemble,0.009,8,14.45,1,32.6,266.0,60.0,0.0022,5.93,153.7,1.379,0.7304999999999999,364.2,1816.5,FOREST,0.434,,N1,NEWS-29MILE-20200923_N1_2016,2016.0,94.3,,,0.2941,,43.5,1.0,0.925,0.5099999999999859,0,0,0,0,0,1,0,0,1
NEWS-29MILE-20200923,2016-08-16,,N1,0,0,0,4.3,8.1,92.7,1121.3,3.8,-2.0,9.173,0,0.2581,PROXY-spatial,-0.0315,-0.0421,0.932,ANALYTICAL-ensemble,0.006,8,14.45,1,32.6,266.0,60.0,0.0022,5.93,153.7,1.379,0.7304999999999999,364.2,1816.5,FOREST,0.434,,N1,NEWS-29MILE-20200923_N1_2016,2016.0,94.7,,,0.2896,,43.5,1.0,0.925,0.3628571428571463,0,0,0,0,0,1,0,0,1
NEWS-29MILE-20200923,2016-08-17,,N1,0,0,0,31.2,36.0,98.5,1137.9,26.9,3.9,7.789,0,0.2499,PROXY-spatial,-0.0165,-0.0505,0.931,ANALYTICAL-ensemble,0.006,8,14.45,1,32.6,266.0,60.0,0.0022,5.93,153.7,1.379,0.7304999999999999,364.2,1816.5,FOREST,0.434,,N1,NEWS-29MILE-20200923_N1_2016,2016.0,94.6,,,0.2664,,43.5,2.0,0.925,0.8928571428571402,0,0,0,0,0,1,0,0,1
NEWS-29MILE-20200923,2016-08-18,,N1,0,0,0,22.0,57.4,77.0,1065.0,-9.2,-12.9,-1.499,0,0.2486,PROXY-spatial,-0.0147,-0.0482,0.936,ANALYTICAL-ensemble,0.011,8,14.45,1,32.6,266.0,60.0,0.0022,5.93,153.7,1.379,0.7304999999999999,364.2,1816.5,FOREST,0.434,,N1,NEWS-29MILE-20200923_N1_2016,2016.0,89.9,87.5,1277.1,0.2633,0.925,31.2,2.0,0.925,-1.6499999999999988,0,0,0,0,0,1,0,0,1
NEWS-29MILE-20200923,2016-08-19,,N1,0,0,0,9.7,62.9,79.3,993.8,-12.3,-13.4,-2.14,0,0.2469,PROXY-spatial,-0.0112,-0.0472,0.941,ANALYTICAL-ensemble,0.015,8,14.45,1,32.6,266.0,60.0,0.0022,5.93,153.7,1.379,0.7304999999999999,364.2,1816.5,FOREST,0.434,,N1,NEWS-29MILE-20200923_N1_2016,2016.0,92.7,94.3,1256.6,0.2581,0.926,31.2,2.0,0.925,-2.6,0,0,0,0,0,1,0,0,1
NEWS-29MILE-20200923,2016-08-20,,N1,0,0,0,0.3,32.0,71.3,953.1,-9.4,-27.2,-3.341,1,0.2488,PROXY-spatial,-0.0011,-0.0408,0.943,ANALYTICAL-ensemble,0.017,8,14.45,1,32.6,266.0,60.0,0.0022,5.93,153.7,1.379,0.7304999999999999,364.2,1816.5,FOREST,0.434,,N1,NEWS-29MILE-20200923_N1_2016,2016.0,98.5,94.7,1247.0,0.2499,0.926,31.2,2.0,0.925,-3.8142857142857154,0,0,0,0,0,1,0,0,1
NEWS-29MILE-20200923,2016-08-21,,N1,0,0,0,0.3,10.2,68.2,811.2,0.0,-8.8,-3.768,2,0.2692,PROXY-spatial,0.0206,0.0028,0.949,ANALYTICAL-ensemble,0.019,8,14.45,1,32.6,266.0,60.0,0.0022,5.93,153.7,1.379,0.7304999999999999,364.2,1816.5,FOREST,0.434,,N1,NEWS-29MILE-20200923_N1_2016,2016.0,77.0,94.6,1196.4,0.2486,0.93,31.2,2.0,0.925,-4.539285714285719,0,0,0,0,0,1,0,0,1
NEWS-29MILE-20200923,2016-08-22,,N1,0,0,0,112.2,112.7,179.9,799.6,111.9,100.6,12.855,0,0.267,PROXY-spatial,0.0201,0.0037,0.952,ANALYTICAL-ensemble,0.022,8,14.45,1,32.6,266.0,60.0,0.0022,5.93,153.7,1.379,0.7304999999999999,364.2,1816.5,FOREST,0.434,,N1,NEWS-29MILE-20200923_N1_2016,2016.0,79.3,89.9,1192.2,0.2469,0.93,112.2,3.0,0.925,6.975,0,0,0,0,0,1,0,0,1
NEWS-29MILE-20200923,2016-08-23,,N1,0,0,0,0.0,112.4,175.6,563.9,-112.2,104.3,11.838,1,0.2672,PROXY-spatial,0.0184,0.0091,0.965,ANALYTICAL-ensemble,0.033,8,14.45,1,32.6,266.0,60.0,0.0022,5.93,153.7,1.379,0.7304999999999999,364.2,1816.5,FOREST,0.434,,N1,NEWS-29MILE-20200923_N1_2016,2016.0,71.3,92.7,1121.3,0.2488,0.932,112.2,3.0,0.925,15.214285714285712,0,0,0,0,0,1,0,0,1
NEWS-29MILE-20200923,2016-08-24,,N1,0,0,0,0.0,112.2,144.4,487.1,0.0,76.2,6.557,2,0.2749,PROXY-spatial,0.0057,0.025,0.973,ANALYTICAL-ensemble,0.042,8,14.45,1,32.6,266.0,60.0,0.0022,5.93,153.7,1.379,0.7304999999999999,364.2,1816.5,FOREST,0.434,,N1,NEWS-29MILE-20200923_N1_2016,2016.0,68.2,98.5,1137.9,0.2692,0.931,112.2,2.0,0.925,17.97857142857143,0,0,0,0,0,1,0,0,1
NEWS-29MILE-20200923,2016-08-25,,N1,0,0,0,0.0,0.0,122.4,404.3,0.0,-57.5,6.493,3,0.2725,PROXY-spatial,0.0055,0.0239,0.978,ANALYTICAL-ensemble,0.042,8,14.45,1,32.6,266.0,60.0,0.0022,5.93,153.7,1.379,0.7304999999999999,364.2,1816.5,FOREST,0.434,,N1,NEWS-29MILE-20200923_N1_2016,2016.0,179.9,77.0,1065.0,0.267,0.936,112.2,1.0,0.926,13.675000000000006,0,0,0,0,0,1,0,0,1
NEWS-29MILE-20200923,2016-08-26,,N1,0,0,0,31.5,31.5,144.2,425.4,31.5,-31.4,9.272,0,0.2556,PROXY-spatial,-0.0116,0.0087,0.978,ANALYTICAL-ensemble,0.037,8,14.45,1,32.6,266.0,60.0,0.0022,5.93,153.7,1.379,0.7304999999999999,364.2,1816.5,FOREST,0.434,,N1,NEWS-29MILE-20200923_N1_2016,2016.0,175.6,79.3,993.8,0.2672,0.941,112.2,2.0,0.926,10.414285714285711,0,0,0,0,0,1,0,0,1
NEWS-29MILE-20200923,2016-08-27,,N1,0,0,0,0.0,31.5,144.0,425.0,-31.5,-0.4,10.389,1,0.251,PROXY-spatial,-0.0239,0.0022,0.976,ANALYTICAL-ensemble,0.033,8,14.45,1,32.6,266.0,60.0,0.0022,5.93,153.7,1.379,0.7304999999999999,364.2,1816.5,FOREST,0.434,,N1,NEWS-29MILE-20200923_N1_2016,2016.0,144.4,71.3,953.1,0.2749,0.943,112.2,2.0,0.93,3.671428571428585,0,0,0,0,0,1,0,0,1
NEWS-29MILE-20200923,2016-08-28,,N1,0,0,0,1.4,32.9,145.1,394.1,1.4,22.7,10.985,2,0.2517,PROXY-spatial,-0.0208,-0.0175,0.978,ANALYTICAL-ensemble,0.029,8,14.45,1,32.6,266.0,60.0,0.0022,5.93,153.7,1.379,0.7304999999999999,364.2,1816.5,FOREST,0.434,,N1,NEWS-29MILE-20200923_N1_2016,2016.0,122.4,68.2,811.2,0.2725,0.949,112.2,2.0,0.93,-5.992857142857144,0,0,0,0,0,1,0,0,1
NEWS-29MILE-20200923,2016-08-29,,N1,0,0,0,13.2,14.5,46.1,354.7,11.8,-98.1,-19.111,0,0.255,PROXY-spatial,-0.0006,-0.012,0.98,ANALYTICAL-ensemble,0.028,8,14.45,1,32.6,266.0,60.0,0.0022,5.93,153.7,1.379,0.7304999999999999,364.2,1816.5,FOREST,0.434,,N1,NEWS-29MILE-20200923_N1_2016,2016.0,144.2,179.9,799.6,0.2556,0.952,31.5,2.0,0.931,-13.053571428571425,0,0,0,0,0,1,0,0,1
NEWS-29MILE-20200923,2016-08-30,,N1,0,0,0,22.3,36.8,68.4,376.2,9.1,-75.6,-15.314,0,0.2549,PROXY-spatial,0.0039,-0.0123,0.978,ANALYTICAL-ensemble,0.013,8,14.45,1,32.6,266.0,60.0,0.0022,5.93,153.7,1.379,0.7304999999999999,364.2,1816.5,FOREST,0.434,,N1,NEWS-29MILE-20200923_N1_2016,2016.0,144.0,175.6,563.9,0.251,0.965,31.5,3.0,0.931,-13.56071428571429,0,0,0,0,0,1,0,0,1
NEWS-29MILE-20200923,2016-08-31,,N1,0,0,0,22.1,57.5,90.4,397.5,-0.2,-54.7,-7.715,0,0.2533,PROXY-spatial,0.0016,-0.0216,0.978,ANALYTICAL-ensemble,0.005,8,14.45,1,32.6,266.0,60.0,0.0022,5.93,153.7,1.379,0.7304999999999999,364.2,1816.5,FOREST,0.434,,N1,NEWS-29MILE-20200923_N1_2016,2016.0,145.1,144.4,487.1,0.2517,0.973,31.5,4.0,0.936,-12.339285714285706,0,0,0,0,0,1,0,0,1
NEWS-29MILE-20200923,2016-09-01,,N1,0,0,0,62.6,107.0,153.0,449.8,40.5,106.9,4.366,0,0.2573,PROXY-spatial,0.0023,-0.0152,0.975,ANALYTICAL-ensemble,-0.003,8,14.45,1,32.6,266.0,60.0,0.0022,5.93,153.7,1.379,0.7304999999999999,364.2,1816.5,FOREST,0.434,,N1,NEWS-29MILE-20200923_N1_2016,2016.0,46.1,122.4,404.3,0.255,0.978,62.6,5.0,0.941,-5.625000000000003,0,0,0,0,0,1,0,0,1
NEWS-29MILE-20200923,2016-09-02,,N1,0,0,0,19.5,104.2,141.0,459.4,-43.1,72.6,-0.461,0,0.2822,PROXY-spatial,0.0273,0.0266,0.973,ANALYTICAL-ensemble,-0.005,8,14.45,1,32.6,266.0,60.0,0.0022,5.93,153.7,1.379,0.7304999999999999,364.2,1816.5,FOREST,0.434,,N1,NEWS-29MILE-20200923_N1_2016,2016.0,68.4,144.2,425.4,0.2549,0.978,62.6,5.0,0.943,1.8250000000000022,0,0,0,0,0,1,0,0,1
NEWS-29MILE-20200923,2016-09-03,,N1,0,0,0,73.2,155.3,214.2,532.6,53.7,123.8,10.033,0,0.2812,PROXY-spatial,0.0279,0.0302,0.968,ANALYTICAL-ensemble,-0.008,8,14.45,1,32.6,266.0,60.0,0.0022,5.93,153.7,1.379,0.7304999999999999,364.2,1816.5,FOREST,0.434,,N1,NEWS-29MILE-20200923_N1_2016,2016.0,90.4,144.0,425.0,0.2533,0.976,73.2,6.0,0.949,17.203571428571422,0,0,0,0,0,1,0,0,1
NEWS-29MILE-20200923,2016-09-04,,N1,0,0,0,1.2,93.9,214.1,533.2,-72.0,61.1,9.859,1,0.2809,PROXY-spatial,0.0236,0.0292,0.963,ANALYTICAL-ensemble,-0.015,8,14.45,1,32.6,266.0,60.0,0.0022,5.93,153.7,1.379,0.7304999999999999,364.2,1816.5,FOREST,0.434,,N1,NEWS-29MILE-20200923_N1_2016,2016.0,153.0,145.1,394.1,0.2573,0.978,73.2,6.0,0.952,30.221428571428564,0,0,0,0,0,1,0,0,1
NEWS-29MILE-20200923,2016-09-05,,N1,0,0,0,11.7,86.1,212.6,537.1,10.5,71.6,23.792,0,0.2794,REAL,-0.0028,0.0244,0.967,ANALYTICAL-ensemble,-0.013,8,14.45,1,32.6,266.0,60.0,0.0022,5.93,153.7,1.379,0.7304999999999999,364.2,1816.5,FOREST,0.434,,N1,NEWS-29MILE-20200923_N1_2016,2016.0,141.0,46.1,354.7,0.2822,0.98,73.2,6.0,0.963,26.471428571428564,0,0,0,0,0,1,0,0,1
NEWS-29MILE-20200923,2016-09-06,,N1,0,0,0,15.7,28.6,206.0,549.3,4.0,-8.2,19.664,0,0.2796,REAL,-0.0016,0.0247,0.967,ANALYTICAL-ensemble,-0.011,8,14.45,1,32.6,266.0,60.0,0.0022,5.93,153.7,1.379,0.7304999999999999,364.2,1816.5,FOREST,0.434,,N1,NEWS-29MILE-20200923_N1_2016,2016.0,214.2,68.4,376.2,0.2812,0.978,73.2,6.0,0.963,19.253571428571426,0,0,0,0,0,1,0,0,1
NEWS-29MILE-20200923,2016-09-07,,N1,0,0,0,36.9,64.2,220.8,581.0,21.2,6.7,18.625,0,0.2763,PROXY-spatial,-0.0046,0.023,0.966,ANALYTICAL-ensemble,-0.012,8,14.45,1,32.6,266.0,60.0,0.0022,5.93,153.7,1.379,0.7304999999999999,364.2,1816.5,FOREST,0.434,,N1,NEWS-29MILE-20200923_N1_2016,2016.0,214.1,90.4,397.5,0.2809,0.978,73.2,6.0,0.963,11.849999999999996,0,0,0,0,0,1,0,0,1
NEWS-29MILE-20200923,2016-09-08,,N1,0,0,0,33.2,85.7,191.3,612.7,-3.7,-21.3,5.469,0,0.2738,PROXY-spatial,-0.0056,0.0165,0.959,ANALYTICAL-ensemble,-0.016,8,14.45,1,32.6,266.0,60.0,0.0022,5.93,153.7,1.379,0.7304999999999999,364.2,1816.5,FOREST,0.434,,N1,NEWS-29MILE-20200923_N1_2016,2016.0,212.6,153.0,449.8,0.2794,0.975,73.2,6.0,0.959,5.571428571428575,0,0,0,0,0,1,0,0,1
NEWS-29MILE-20200923,2016-09-09,,N1,0,0,0,11.1,81.1,182.9,598.3,-22.1,-23.1,5.984,0,0.272,PROXY-spatial,-0.0076,-0.0102,0.962,ANALYTICAL-ensemble,-0.011,8,14.45,1,32.6,266.0,60.0,0.0022,5.93,153.7,1.379,0.7304999999999999,364.2,1816.5,FOREST,0.434,,N1,NEWS-29MILE-20200923_N1_2016,2016.0,206.0,141.0,459.4,0.2796,0.973,73.2,6.0,0.959,-4.689285714285714,0,0,0,0,0,1,0,0,1
NEWS-29MILE-20200923,2016-09-10,,N1,0,0,0,21.5,65.7,131.2,576.3,10.4,-89.6,-11.863,0,0.2723,PROXY-spatial,-0.004,-0.0089,0.966,ANALYTICAL-ensemble,-0.002,8,14.45,1,32.6,266.0,60.0,0.0022,5.93,153.7,1.379,0.7304999999999999,364.2,1816.5,FOREST,0.434,,N1,NEWS-29MILE-20200923_N1_2016,2016.0,220.8,214.2,532.6,0.2763,0.968,36.9,6.0,0.959,-11.528571428571423,0,0,0,0,0,1,0,0,1
NEWS-29MILE-20210906,2021-07-08,60.0,bg,0,0,0,57.9,137.6,220.0,711.0,-16.1,-101.9,-8.171,0,0.2828,REAL,-0.005,0.012,0.944,ANALYTICAL-ensemble,0.001,8,14.45,6,32.6,266.0,60.0,0.0022,5.93,153.7,1.379,0.7304999999999999,364.2,1816.5,FOREST,0.42,74.4,POS,NEWS-29MILE-20210906,,,,,,,57.9,1.0,0.944,,0,0,0,0,0,1,0,0,0
NEWS-29MILE-20210906,2021-07-09,59.0,bg,0,0,0,0.3,132.3,208.0,636.2,-57.6,-75.7,-9.514,1,0.2836,REAL,-0.002,0.005,0.945,ANALYTICAL-ensemble,0.0,8,14.45,6,32.6,266.0,60.0,0.0022,5.93,153.7,1.379,0.7304999999999999,364.2,1816.5,FOREST,0.42,74.4,POS,NEWS-29MILE-20210906,,,,,,,57.9,1.0,0.944,,0,0,0,0,0,1,0,0,0
NEWS-29MILE-20210906,2021-07-10,58.0,bg,0,0,0,4.0,62.3,161.0,640.0,3.7,-9.4,-22.157,0,0.2858,REAL,0.0045,0.0029,0.948,ANALYTICAL-ensemble,0.003,8,14.45,6,32.6,266.0,60.0,0.0022,5.93,153.7,1.379,0.7304999999999999,364.2,1816.5,FOREST,0.42,74.4,POS,NEWS-29MILE-20210906,,,,,,,57.9,1.0,0.944,,0,0,0,0,0,1,0,0,0
NEWS-29MILE-20210906,2021-07-11,57.0,bg,0,0,0,51.3,55.7,198.5,691.3,47.3,-21.5,-17.1,0,0.2928,REAL,0.01,0.0078,0.948,ANALYTICAL-ensemble,0.004,8,14.45,6,32.6,266.0,60.0,0.0022,5.93,153.7,1.379,0.7304999999999999,364.2,1816.5,FOREST,0.42,74.4,POS,NEWS-29MILE-20210906,,220.0,,,0.2828,,57.9,2.0,0.944,-11.149999999999999,0,0,0,0,0,1,0,0,0
NEWS-29MILE-20210906,2021-07-12,56.0,bg,0,0,0,4.3,59.6,197.6,686.1,-47.0,-10.4,-17.757,0,0.2981,REAL,0.0145,0.0103,0.946,ANALYTICAL-ensemble,0.001,8,14.45,6,32.6,266.0,60.0,0.0022,5.93,153.7,1.379,0.7304999999999999,364.2,1816.5,FOREST,0.42,74.4,POS,NEWS-29MILE-20210906,,208.0,,,0.2836,,57.9,2.0,0.944,-5.43,0,0,0,0,0,1,0,0,0
NEWS-29MILE-20210906,2021-07-13,55.0,bg,0,0,0,12.7,68.3,204.6,687.9,8.4,43.6,-11.3,0,0.3023,REAL,0.0165,0.0167,0.948,ANALYTICAL-ensemble,-0.003,8,14.45,6,32.6,266.0,60.0,0.0022,5.93,153.7,1.379,0.7304999999999999,364.2,1816.5,FOREST,0.42,74.4,POS,NEWS-29MILE-20210906,,161.0,,,0.2858,,57.9,3.0,0.944,-2.0199999999999894,0,0,0,0,0,1,0,0,0
NEWS-29MILE-20210906,2021-07-14,54.0,bg,0,0,0,42.6,59.6,173.2,729.9,29.9,-25.3,0.4,0,0.3085,REAL,0.0157,0.0272,0.947,ANALYTICAL-ensemble,-0.001,8,14.45,6,32.6,266.0,60.0,0.0022,5.93,153.7,1.379,0.7304999999999999,364.2,1816.5,FOREST,0.42,74.4,POS,NEWS-29MILE-20210906,,198.5,,,0.2928,,57.9,4.0,0.944,-3.950000000000008,0,0,0,0,0,1,0,0,0
NEWS-29MILE-20210906,2021-07-15,53.0,bg,0,0,0,58.2,113.6,173.5,767.7,15.6,-24.1,-6.643,0,0.3155,REAL,0.0174,0.0327,0.944,ANALYTICAL-ensemble,0.0,8,14.45,6,32.6,266.0,60.0,0.0022,5.93,153.7,1.379,0.7304999999999999,364.2,1816.5,FOREST,0.42,74.4,POS,NEWS-29MILE-20210906,,197.6,220.0,711.0,0.2981,0.944,58.2,4.0,0.944,-2.6071428571428665,0,0,0,0,0,1,0,0,0
NEWS-29MILE-20210906,2021-07-16,52.0,bg,0,0,0,55.2,156.1,228.4,812.3,-3.0,23.8,2.914,0,0.3183,REAL,0.016,0.0347,0.943,ANALYTICAL-ensemble,-0.002,8,14.45,6,32.6,266.0,60.0,0.0022,5.93,153.7,1.379,0.7304999999999999,364.2,1816.5,FOREST,0.42,74.4,POS,NEWS-29MILE-20210906,,204.6,208.0,636.2,0.3023,0.945,58.2,5.0,0.943,4.56428571428571,0,0,0,0,0,1,0,0,0
NEWS-29MILE-20210906,2021-07-17,51.0,bg,0,0,0,14.5,127.9,238.9,821.6,-40.7,65.7,11.129,0,0.3202,REAL,0.0117,0.0344,0.941,ANALYTICAL-ensemble,-0.007,8,14.45,6,32.6,266.0,60.0,0.0022,5.93,153.7,1.379,0.7304999999999999,364.2,1816.5,FOREST,0.42,74.4,POS,NEWS-29MILE-20210906,,173.2,161.0,640.0,0.3085,0.948,58.2,6.0,0.941,5.41785714285715,0,0,0,0,0,1,0,0,0
NEWS-29MILE-20210906,2021-07-18,50.0,bg,0,0,0,19.9,89.6,207.4,837.0,5.4,33.9,1.271,0,0.3225,REAL,0.007,0.0297,0.942,ANALYTICAL-ensemble,-0.006,8,14.45,6,32.6,266.0,60.0,0.0022,5.93,153.7,1.379,0.7304999999999999,364.2,1816.5,FOREST,0.42,74.4,POS,NEWS-29MILE-20210906,,173.5,198.5,691.3,0.3155,0.948,58.2,6.0,0.941,5.47142857142856,0,0,0,0,0,1,0,0,0
NEWS-29MILE-20210906,2021-07-19,49.0,bg,0,0,0,13.9,48.3,217.1,843.4,-6.0,-11.3,2.786,0,0.3292,REAL,0.0109,0.0311,0.942,ANALYTICAL-ensemble,-0.004,8,14.45,6,32.6,266.0,60.0,0.0022,5.93,153.7,1.379,0.7304999999999999,364.2,1816.5,FOREST,0.42,74.4,POS,NEWS-29MILE-20210906,,228.4,197.6,686.1,0.3183,0.946,58.2,7.0,0.941,6.117857142857137,0,0,0,0,0,1,0,0,0
NEWS-29MILE-20210906,2021-07-20,48.0,bg,0,0,0,6.3,40.1,210.6,824.1,-7.6,-28.3,0.857,0,0.338,REAL,0.0178,0.0357,0.943,ANALYTICAL-ensemble,-0.005,8,14.45,6,32.6,266.0,60.0,0.0022,5.93,153.7,1.379,0.7304999999999999,364.2,1816.5,FOREST,0.42,74.4,POS,NEWS-29MILE-20210906,,238.9,204.6,687.9,0.3202,0.948,58.2,6.0,0.941,6.371428571428576,0,0,0,0,0,1,0,0,0
NEWS-29MILE-20210906,2021-07-21,47.0,bg,0,0,0,11.6,31.8,179.6,834.3,5.3,-27.8,0.914,0,0.3414,REAL,0.0189,0.0329,0.943,ANALYTICAL-ensemble,-0.004,8,14.45,6,32.6,266.0,60.0,0.0022,5.93,153.7,1.379,0.7304999999999999,364.2,1816.5,FOREST,0.42,74.4,POS,NEWS-29MILE-20210906,,207.4,173.2,729.9,0.3225,0.947,58.2,6.0,0.941,-1.396428571428569,0,0,0,0,0,1,0,0,0
NEWS-29MILE-20210906,2021-07-22,46.0,bg,0,0,0,13.5,31.4,134.9,845.8,1.9,-82.2,-5.514,0,0.3408,REAL,0.0116,0.0253,0.943,ANALYTICAL-ensemble,-0.001,8,14.45,6,32.6,266.0,60.0,0.0022,5.93,153.7,1.379,0.7304999999999999,364.2,1816.5,FOREST,0.42,74.4,POS,NEWS-29MILE-20210906,,217.1,173.5,767.7,0.3292,0.944,55.2,6.0,0.941,-14.139285714285707,0,0,0,0,0,1,0,0,0
NEWS-29MILE-20210906,2021-07-23,45.0,bg,0,0,0,2.9,28.0,82.5,819.5,-10.6,-128.1,-20.843,0,0.3398,REAL,0.0018,0.0215,0.944,ANALYTICAL-ensemble,0.001,8,14.45,6,32.6,266.0,60.0,0.0022,5.93,153.7,1.379,0.7304999999999999,364.2,1816.5,FOREST,0.42,74.4,POS,NEWS-29MILE-20210906,,210.6,228.4,812.3,0.338,0.943,19.9,5.0,0.941,-23.274999999999988,0,0,0,0,0,1,0,0,0
NEWS-29MILE-20210906,2021-07-24,44.0,bg,0,0,0,9.6,26.0,77.7,818.1,6.7,-101.9,-23.029,0,0.3341,REAL,-0.0073,0.0139,0.945,ANALYTICAL-ensemble,0.004,8,14.45,6,32.6,266.0,60.0,0.0022,5.93,153.7,1.379,0.7304999999999999,364.2,1816.5,FOREST,0.42,74.4,POS,NEWS-29MILE-20210906,,179.6,238.9,821.6,0.3414,0.941,19.9,4.0,0.941,-26.214285714285708,0,0,0,0,0,1,0,0,0
NEWS-29MILE-20210906,2021-07-25,43.0,bg,0,0,0,23.6,36.1,81.4,826.8,14.0,-53.5,-18.0,0,0.3191,REAL,-0.0217,-0.0034,0.944,ANALYTICAL-ensemble,0.002,8,14.45,6,32.6,266.0,60.0,0.0022,5.93,153.7,1.379,0.7304999999999999,364.2,1816.5,FOREST,0.42,74.4,POS,NEWS-29MILE-20210906,,134.9,207.4,837.0,0.3408,0.942,23.6,4.0,0.941,-27.5,0,0,0,0,0,1,0,0,0
NEWS-29MILE-20210906,2021-07-26,42.0,bg,0,0,0,12.3,45.4,79.7,829.5,-11.3,-2.8,-19.629,0,0.3095,REAL,-0.0303,-0.0197,0.944,ANALYTICAL-ensemble,0.002,8,14.45,6,32.6,266.0,60.0,0.0022,5.93,153.7,1.379,0.7304999999999999,364.2,1816.5,FOREST,0.42,74.4,POS,NEWS-29MILE-20210906,,82.5,217.1,843.4,0.3398,0.942,23.6,4.0,0.941,-23.082142857142863,0,0,0,0,0,1,0,0,0
NEWS-29MILE-20210906,2021-07-27,41.0,bg,0,0,0,22.7,58.6,96.2,840.5,10.4,18.5,-16.343,0,0.305,REAL,-0.0291,-0.033,0.944,ANALYTICAL-ensemble,0.001,8,14.45,6,32.6,266.0,60.0,0.0022,5.93,153.7,1.379,0.7304999999999999,364.2,1816.5,FOREST,0.42,74.4,POS,NEWS-29MILE-20210906,,77.7,210.6,824.1,0.3341,0.943,23.6,5.0,0.941,-12.917857142857155,0,0,0,0,0,1,0,0,0
NEWS-29MILE-20210906,2021-07-28,40.0,bg,0,0,0,6.4,41.4,91.0,845.4,-16.3,9.6,-12.657,0,0.3052,REAL,-0.0139,-0.0362,0.944,ANALYTICAL-ensemble,0.001,8,14.45,6,32.6,266.0,60.0,0.0022,5.93,153.7,1.379,0.7304999999999999,364.2,1816.5,FOREST,0.42,74.4,POS,NEWS-29MILE-20210906,,81.4,179.6,834.3,0.3191,0.943,23.6,4.0,0.941,-3.6535714285714325,0,0,0,0,0,1,0,0,0
NEWS-29MILE-20210906,2021-07-29,39.0,bg,0,0,0,23.3,52.5,100.8,824.9,16.9,21.1,-4.871,0,0.3025,REAL,-0.007,-0.0383,0.945,ANALYTICAL-ensemble,0.002,8,14.45,6,32.6,266.0,60.0,0.0022,5.93,153.7,1.379,0.7304999999999999,364.2,1816.5,FOREST,0.42,74.4,POS,NEWS-29MILE-20210906,,79.7,134.9,845.8,0.3095,0.943,23.6,4.0,0.941,3.4392857142857136,0,0,0,0,0,1,0,0,0
NEWS-29MILE-20210906,2021-07-30,38.0,bg,0,0,0,27.1,56.8,125.0,664.6,3.8,28.8,6.071,0,0.3048,REAL,-0.0002,-0.035,0.962,ANALYTICAL-ensemble,0.018,8,14.45,6,32.6,266.0,60.0,0.0022,5.93,153.7,1.379,0.7304999999999999,364.2,1816.5,FOREST,0.42,74.4,POS,NEWS-29MILE-20210906,,96.2,82.5,819.5,0.305,0.944,27.1,5.0,0.941,6.857142857142856,0,0,0,0,0,1,0,0,0
NEWS-29MILE-20210906,2021-07-31,37.0,bg,0,0,0,17.1,67.6,132.6,673.5,-10.0,41.6,7.843,0,0.3095,REAL,0.0043,-0.0246,0.961,ANALYTICAL-ensemble,0.016,8,14.45,6,32.6,266.0,60.0,0.0022,5.93,153.7,1.379,0.7304999999999999,364.2,1816.5,FOREST,0.42,74.4,POS,NEWS-29MILE-20210906,,91.0,77.7,818.1,0.3052,0.945,27.1,6.0,0.942,8.885714285714286,0,0,0,0,0,1,0,0,0
NEWS-29MILE-20210906,2021-08-01,36.0,bg,0,0,0,41.1,85.3,150.1,702.3,24.0,49.3,9.814,0,0.3177,REAL,0.0152,-0.0014,0.956,ANALYTICAL-ensemble,0.012,8,14.45,6,32.6,266.0,60.0,0.0022,5.93,153.7,1.379,0.7304999999999999,364.2,1816.5,FOREST,0.42,74.4,POS,NEWS-29MILE-20210906,,100.8,81.4,826.8,0.3025,0.944,41.1,6.0,0.942,11.357142857142854,0,0,0,0,0,1,0,0,0
NEWS-29MILE-20210906,2021-08-02,35.0,bg,0,0,0,7.4,65.7,145.2,658.6,-33.7,20.2,9.357,0,0.3177,REAL,0.0129,0.0082,0.959,ANALYTICAL-ensemble,0.015,8,14.45,6,32.6,266.0,60.0,0.0022,5.93,153.7,1.379,0.7304999999999999,364.2,1816.5,FOREST,0.42,74.4,POS,NEWS-29MILE-20210906,,125.0,79.7,829.5,0.3048,0.944,41.1,5.0,0.943,10.607142857142856,0,0,0,0,0,1,0,0,0
NEWS-29MILE-20210906,2021-08-03,34.0,bg,0,0,0,3.6,52.1,126.1,648.4,-3.8,-6.5,4.271,0,0.315,REAL,0.0055,0.01,0.966,ANALYTICAL-ensemble,0.022,8,14.45,6,32.6,266.0,60.0,0.0022,5.93,153.7,1.379,0.7304999999999999,364.2,1816.5,FOREST,0.42,74.4,POS,NEWS-29MILE-20210906,,132.6,96.2,840.5,0.3095,0.944,41.1,4.0,0.943,7.828571428571427,0,0,0,0,0,1,0,0,0
NEWS-29MILE-20210906,2021-08-04,33.0,bg,0,0,0,9.2,20.2,128.9,652.5,5.6,-21.2,5.414,0,0.3164,REAL,-0.0013,0.0112,0.966,ANALYTICAL-ensemble,0.022,8,14.45,6,32.6,266.0,60.0,0.0022,5.93,153.7,1.379,0.7304999999999999,364.2,1816.5,FOREST,0.42,74.4,POS,NEWS-29MILE-20210906,,150.1,91.0,845.4,0.3177,0.944,41.1,4.0,0.943,3.539285714285718,0,0,0,0,0,1,0,0,0
NEWS-29MILE-20210906,2021-08-05,32.0,bg,0,0,0,1.9,14.7,107.4,648.6,-7.3,-37.8,0.943,1,0.3216,REAL,0.0039,0.0191,0.966,ANALYTICAL-ensemble,0.021,8,14.45,6,32.6,266.0,60.0,0.0022,5.93,153.7,1.379,0.7304999999999999,364.2,1816.5,FOREST,0.42,74.4,POS,NEWS-29MILE-20210906,,145.2,100.8,824.9,0.3177,0.945,41.1,3.0,0.944,-3.007142857142852,0,0,0,0,0,1,0,0,0
NEWS-29MILE-20210906,2021-08-06,31.0,bg,0,0,0,8.3,19.4,88.6,582.9,6.4,-37.5,-5.2,0,0.3223,REAL,0.0073,0.0175,0.967,ANALYTICAL-ensemble,0.005,8,14.45,6,32.6,266.0,60.0,0.0022,5.93,153.7,1.379,0.7304999999999999,364.2,1816.5,FOREST,0.42,74.4,POS,NEWS-29MILE-20210906,,126.1,125.0,664.6,0.315,0.962,41.1,2.0,0.944,-8.346428571428564,0,0,0,0,0,1,0,0,0
NEWS-29MILE-20210906,2021-08-07,30.0,pre,0,0,0,0.8,10.9,72.3,525.7,-7.5,-56.6,-8.614,1,0.3196,REAL,0.0032,0.0101,0.973,ANALYTICAL-ensemble,0.012,8,14.45,6,32.6,266.0,60.0,0.0022,5.93,153.7,1.379,0.7304999999999999,364.2,1816.5,FOREST,0.42,74.4,POS,NEWS-29MILE-20210906,,128.9,132.6,673.5,0.3164,0.961,41.1,1.0,0.944,-13.04642857142858,0,0,0,0,0,1,0,0,0
NEWS-29MILE-20210906,2021-08-08,29.0,pre,0,0,0,20.5,29.6,51.7,545.9,19.7,-55.7,-14.057,0,0.3219,REAL,0.0003,0.0042,0.972,ANALYTICAL-ensemble,0.016,8,14.45,6,32.6,266.0,60.0,0.0022,5.93,153.7,1.379,0.7304999999999999,364.2,1816.5,FOREST,0.42,74.4,POS,NEWS-29MILE-20210906,,107.4,150.1,702.3,0.3216,0.956,20.5,1.0,0.944,-15.299999999999995,0,0,0,0,0,1,0,0,0
NEWS-29MILE-20210906,2021-08-09,28.0,pre,0,0,0,15.5,36.9,59.8,557.4,-5.0,-28.8,-12.2,0,0.3218,REAL,-0.0005,0.0041,0.971,ANALYTICAL-ensemble,0.012,8,14.45,6,32.6,266.0,60.0,0.0022,5.93,153.7,1.379,0.7304999999999999,364.2,1816.5,FOREST,0.42,74.4,POS,NEWS-29MILE-20210906,,88.6,145.2,658.6,0.3223,0.959,20.5,2.0,0.944,-13.87142857142857,0,0,0,0,0,1,0,0,0
NEWS-29MILE-20210906,2021-08-10,27.0,pre,0,0,0,3.6,39.7,59.8,509.7,-11.9,-12.5,-9.471,0,0.3185,REAL,-0.0011,0.0035,0.973,ANALYTICAL-ensemble,0.007,8,14.45,6,32.6,266.0,60.0,0.0022,5.93,153.7,1.379,0.7304999999999999,364.2,1816.5,FOREST,0.42,74.4,POS,NEWS-29MILE-20210906,,72.3,126.1,648.4,0.3196,0.966,20.5,2.0,0.944,-12.121428571428579,0,0,0,0,0,1,0,0,0
NEWS-29MILE-20210906,2021-08-11,26.0,pre,0,0,0,3.7,22.8,54.3,509.1,0.1,2.6,-10.657,0,0.3093,REAL,-0.0126,-0.0071,0.973,ANALYTICAL-ensemble,0.007,8,14.45,6,32.6,266.0,60.0,0.0022,5.93,153.7,1.379,0.7304999999999999,364.2,1816.5,FOREST,0.42,74.4,POS,NEWS-29MILE-20210906,,51.7,128.9,652.5,0.3219,0.966,20.5,2.0,0.945,-8.192857142857148,0,0,0,0,0,1,0,0,0
NEWS-29MILE-20210906,2021-08-12,25.0,pre,0,0,0,49.6,56.9,102.0,546.0,45.9,42.2,-0.771,0,0.301,REAL,-0.0208,-0.0206,0.972,ANALYTICAL-ensemble,0.006,8,14.45,6,32.6,266.0,60.0,0.0022,5.93,153.7,1.379,0.7304999999999999,364.2,1816.5,FOREST,0.42,74.4,POS,NEWS-29MILE-20210906,,59.8,107.4,648.6,0.3218,0.966,49.6,3.0,0.956,0.43928571428571245,0,0,0,0,0,1,0,0,0
NEWS-29MILE-20210906,2021-08-13,24.0,pre,0,0,0,5.6,58.9,99.4,509.0,-44.0,39.6,1.543,0,0.2966,REAL,-0.0219,-0.0257,0.973,ANALYTICAL-ensemble,0.006,8,14.45,6,32.6,266.0,60.0,0.0022,5.93,153.7,1.379,0.7304999999999999,364.2,1816.5,FOREST,0.42,74.4,POS,NEWS-29MILE-20210906,,59.8,88.6,582.9,0.3185,0.967,49.6,3.0,0.956,6.299999999999997,0,0,0,0,0,1,0,0,0
NEWS-29MILE-20210906,2021-08-14,23.0,pre,0,0,0,48.8,104.1,147.4,499.6,43.2,93.1,10.729,0,0.2962,REAL,-0.0131,-0.0234,0.973,ANALYTICAL-ensemble,0.0,8,14.45,6,32.6,266.0,60.0,0.0022,5.93,153.7,1.379,0.7304999999999999,364.2,1816.5,FOREST,0.42,74.4,POS,NEWS-29MILE-20210906,,54.3,72.3,525.7,0.3093,0.973,49.6,4.0,0.956,14.589285714285714,0,0,0,0,0,1,0,0,0
NEWS-29MILE-20210906,2021-08-15,22.0,pre,0,0,0,50.7,105.2,177.6,495.1,1.9,75.6,17.986,0,0.2949,REAL,-0.0061,-0.027,0.973,ANALYTICAL-ensemble,0.001,8,14.45,6,32.6,266.0,60.0,0.0022,5.93,153.7,1.379,0.7304999999999999,364.2,1816.5,FOREST,0.42,74.4,POS,NEWS-29MILE-20210906,,102.0,51.7,545.9,0.301,0.972,50.7,4.0,0.959,20.489285714285714,0,0,0,0,0,1,0,0,0
NEWS-29MILE-20210906,2021-08-16,21.0,pre,0,0,0,2.7,102.3,164.8,483.4,-48.0,65.4,15.0,0,0.2975,REAL,0.0009,-0.0243,0.974,ANALYTICAL-ensemble,0.003,8,14.45,6,32.6,266.0,60.0,0.0022,5.93,153.7,1.379,0.7304999999999999,364.2,1816.5,FOREST,0.42,74.4,POS,NEWS-29MILE-20210906,,99.4,59.8,557.4,0.2966,0.971,50.7,3.0,0.966,21.67857142857143,0,0,0,0,0,1,0,0,0
NEWS-29MILE-20210906,2021-08-17,20.0,pre,0,0,0,134.6,188.1,295.8,598.2,131.9,148.4,33.714,0,0.2989,REAL,0.0027,-0.0196,0.96,ANALYTICAL-ensemble,-0.013,8,14.45,6,32.6,266.0,60.0,0.0022,5.93,153.7,1.379,0.7304999999999999,364.2,1816.5,FOREST,0.42,74.4,POS,NEWS-29MILE-20210906,,147.4,59.8,509.7,0.2962,0.973,134.6,4.0,0.96,33.153571428571425,0,0,0,0,0,1,0,0,0
NEWS-29MILE-20210906,2021-08-18,19.0,pre,0,0,0,52.6,190.0,344.8,636.9,-82.0,167.2,41.5,0,0.2985,REAL,0.0036,-0.0108,0.947,ANALYTICAL-ensemble,-0.026,8,14.45,6,32.6,266.0,60.0,0.0022,5.93,153.7,1.379,0.7304999999999999,364.2,1816.5,FOREST,0.42,74.4,POS,NEWS-29MILE-20210906,,177.6,54.3,509.1,0.2949,0.973,134.6,5.0,0.947,40.66428571428571,0,0,0,0,0,1,0,0,0
NEWS-29MILE-20210906,2021-08-19,18.0,pre,0,0,0,75.2,262.5,370.4,705.8,22.6,205.6,38.343,0,0.2956,REAL,-0.0019,-0.0054,0.943,ANALYTICAL-ensemble,-0.029,8,14.45,6,32.6,266.0,60.0,0.0022,5.93,153.7,1.379,0.7304999999999999,364.2,1816.5,FOREST,0.42,74.4,POS,NEWS-29MILE-20210906,,164.8,102.0,546.0,0.2975,0.972,134.6,5.0,0.943,47.35714285714286,0,0,0,0,0,1,0,0,0
NEWS-29MILE-20210906,2021-08-20,17.0,pre,0,0,0,70.2,198.1,435.0,764.4,-5.0,139.2,47.943,0,0.2964,REAL,-0.0025,-0.0002,0.932,ANALYTICAL-ensemble,-0.041,8,14.45,6,32.6,266.0,60.0,0.0022,5.93,153.7,1.379,0.7304999999999999,364.2,1816.5,FOREST,0.42,74.4,POS,NEWS-29MILE-20210906,,295.8,99.4,509.0,0.2989,0.973,134.6,6.0,0.932,51.01428571428572,0,0,0,0,0,1,0,0,0
NEWS-29MILE-20210906,2021-08-21,16.0,pre,0,0,0,35.6,181.0,421.7,786.5,-34.6,76.9,39.186,0,0.2971,REAL,-0.0014,0.0009,0.932,ANALYTICAL-ensemble,-0.041,8,14.45,6,32.6,266.0,60.0,0.0022,5.93,153.7,1.379,0.7304999999999999,364.2,1816.5,FOREST,0.42,74.4,POS,NEWS-29MILE-20210906,,344.8,147.4,499.6,0.2985,0.973,134.6,6.0,0.932,48.11785714285713,0,0,0,0,0,1,0,0,0
NEWS-29MILE-20210906,2021-08-22,15.0,pre,0,0,0,8.6,114.4,379.7,792.3,-27.0,9.3,28.871,0,0.3007,REAL,0.0051,0.0058,0.939,ANALYTICAL-ensemble,-0.034,8,14.45,6,32.6,266.0,60.0,0.0022,5.93,153.7,1.379,0.7304999999999999,364.2,1816.5,FOREST,0.42,74.4,POS,NEWS-29MILE-20210906,,370.4,177.6,495.1,0.2956,0.973,134.6,5.0,0.932,35.23928571428571,0,0,0,0,0,1,0,0,0
NEWS-29MILE-20210906,2021-08-23,14.0,pre,1,0,0,80.6,124.8,457.6,863.3,72.0,22.6,41.829,0,0.2995,REAL,0.0031,0.002,0.933,ANALYTICAL-ensemble,-0.041,8,14.45,6,32.6,266.0,60.0,0.0022,5.93,153.7,1.379,0.7304999999999999,364.2,1816.5,FOREST,0.42,74.4,POS,NEWS-29MILE-20210906,,435.0,164.8,483.4,0.2964,0.974,134.6,6.0,0.932,21.66071428571427,0,0,0,0,0,1,0,0,0
NEWS-29MILE-20210906,2021-08-24,13.0,pre,1,0,0,17.4,106.6,340.3,857.1,-63.2,-81.4,6.357,0,0.3025,REAL,0.0054,0.0036,0.934,ANALYTICAL-ensemble,-0.026,8,14.45,6,32.6,266.0,60.0,0.0022,5.93,153.7,1.379,0.7304999999999999,364.2,1816.5,FOREST,0.42,74.4,POS,NEWS-29MILE-20210906,,421.7,295.8,598.2,0.2971,0.96,80.6,6.0,0.932,3.7714285714285762,0,0,0,0,0,1,0,0,0
NEWS-29MILE-20210906,2021-08-25,12.0,pre,1,0,0,52.6,150.6,340.3,897.4,35.2,-39.4,-0.643,0,0.31,REAL,0.0093,0.0115,0.933,ANALYTICAL-ensemble,-0.014,8,14.45,6,32.6,266.0,60.0,0.0022,5.93,153.7,1.379,0.7304999999999999,364.2,1816.5,FOREST,0.42,74.4,POS,NEWS-29MILE-20210906,,379.7,344.8,636.9,0.3007,0.947,80.6,6.0,0.932,-8.707142857142873,0,0,0,0,0,1,0,0,0
NEWS-29MILE-20210906,2021-08-26,11.0,pre,1,0,0,42.2,112.2,307.2,916.9,-10.4,-150.4,-9.029,0,0.3163,REAL,0.0168,0.0207,0.932,ANALYTICAL-ensemble,-0.011,8,14.45,6,32.6,266.0,60.0,0.0022,5.93,153.7,1.379,0.7304999999999999,364.2,1816.5,FOREST,0.42,74.4,POS,NEWS-29MILE-20210906,,457.6,370.4,705.8,0.2995,0.943,80.6,6.0,0.932,-20.914285714285747,0,0,0,0,0,1,0,0,0
NEWS-29MILE-20210906,2021-08-27,10.0,pre,1,0,0,46.6,141.4,283.6,957.1,4.4,-56.7,-21.629,0,0.3188,REAL,0.0163,0.0224,0.932,ANALYTICAL-ensemble,0.0,8,14.45,6,32.6,266.0,60.0,0.0022,5.93,153.7,1.379,0.7304999999999999,364.2,1816.5,FOREST,0.42,74.4,POS,NEWS-29MILE-20210906,,340.3,435.0,764.4,0.3025,0.932,80.6,6.0,0.932,-24.164285714285693,0,0,0,0,0,1,0,0,0
NEWS-29MILE-20210906,2021-08-28,9.0,pre,1,0,0,71.6,160.4,319.7,1005.3,25.0,-20.6,-14.571,0,0.3205,REAL,0.0105,0.0234,0.928,ANALYTICAL-ensemble,-0.004,8,14.45,6,32.6,266.0,60.0,0.0022,5.93,153.7,1.379,0.7304999999999999,364.2,1816.5,FOREST,0.42,74.4,POS,NEWS-29MILE-20210906,,340.3,421.7,786.5,0.31,0.932,80.6,6.0,0.928,-20.03928571428571,0,0,0,0,0,1,0,0,0
NEWS-29MILE-20210906,2021-08-29,8.0,pre,1,0,0,46.4,164.6,357.4,1024.7,-25.2,50.2,-3.186,0,0.3193,REAL,0.003,0.0186,0.926,ANALYTICAL-ensemble,-0.013,8,14.45,6,32.6,266.0,60.0,0.0022,5.93,153.7,1.379,0.7304999999999999,364.2,1816.5,FOREST,0.42,74.4,POS,NEWS-29MILE-20210906,,307.2,379.7,792.3,0.3163,0.939,80.6,7.0,0.926,-14.232142857142858,0,0,0,0,0,1,0,0,0
NEWS-29MILE-20210906,2021-08-30,7.0,pre,1,1,0,2.8,120.8,279.6,1010.3,-43.6,-4.0,-25.429,0,0.3189,REAL,0.0001,0.0194,0.928,ANALYTICAL-ensemble,-0.005,8,14.45,6,32.6,266.0,60.0,0.0022,5.93,153.7,1.379,0.7304999999999999,364.2,1816.5,FOREST,0.42,74.4,POS,NEWS-29MILE-20210906,,283.6,457.6,863.3,0.3188,0.933,71.6,6.0,0.926,-4.835714285714282,0,0,0,0,0,1,0,0,0
NEWS-29MILE-20210906,2021-08-31,6.0,pre,1,1,0,24.2,73.3,286.4,993.4,21.4,-33.3,-7.7,0,0.318,REAL,-0.0025,0.0155,0.93,ANALYTICAL-ensemble,-0.004,8,14.45,6,32.6,266.0,60.0,0.0022,5.93,153.7,1.379,0.7304999999999999,364.2,1816.5,FOREST,0.42,74.4,POS,NEWS-29MILE-20210906,,319.7,340.3,857.1,0.3205,0.934,71.6,6.0,0.926,-5.11071428571429,0,0,0,0,0,1,0,0,0
NEWS-29MILE-20210906,2021-09-01,5.0,pre,1,1,0,35.9,62.8,269.6,1021.8,11.7,-87.8,-10.1,0,0.3143,REAL,-0.005,0.0043,0.929,ANALYTICAL-ensemble,-0.004,8,14.45,6,32.6,266.0,60.0,0.0022,5.93,153.7,1.379,0.7304999999999999,364.2,1816.5,FOREST,0.42,74.4,POS,NEWS-29MILE-20210906,,357.4,340.3,897.4,0.3193,0.933,71.6,6.0,0.926,-5.260714285714304,0,0,0,0,0,1,0,0,0
NEWS-29MILE-20210906,2021-09-02,4.0,pre,1,1,0,116.6,176.7,344.1,1134.9,80.7,64.5,5.271,0,0.3118,REAL,-0.0071,-0.0045,0.921,ANALYTICAL-ensemble,-0.011,8,14.45,6,32.6,266.0,60.0,0.0022,5.93,153.7,1.379,0.7304999999999999,364.2,1816.5,FOREST,0.42,74.4,POS,NEWS-29MILE-20210906,,279.6,307.2,916.9,0.3189,0.932,116.6,6.0,0.921,0.3678571428571245,0,0,0,0,0,1,0,0,0
NEWS-29MILE-20210906,2021-09-03,3.0,pre,1,1,0,19.9,172.4,317.4,1145.5,-96.7,31.0,4.829,0,0.3078,REAL,-0.0102,-0.011,0.919,ANALYTICAL-ensemble,-0.013,8,14.45,6,32.6,266.0,60.0,0.0022,5.93,153.7,1.379,0.7304999999999999,364.2,1816.5,FOREST,0.42,74.4,POS,NEWS-29MILE-20210906,,286.4,283.6,957.1,0.318,0.932,116.6,6.0,0.919,-1.5535714285714302,0,0,0,0,0,1,0,0,0
NEWS-29MILE-20210906,2021-09-04,2.0,pre,1,1,0,25.4,162.0,271.2,1169.1,5.5,1.6,-6.929,0,0.3026,REAL,-0.0117,-0.0179,0.92,ANALYTICAL-ensemble,-0.008,8,14.45,6,32.6,266.0,60.0,0.0022,5.93,153.7,1.379,0.7304999999999999,364.2,1816.5,FOREST,0.42,74.4,POS,NEWS-29MILE-20210906,,269.6,319.7,1005.3,0.3143,0.928,116.6,6.0,0.919,-4.474999999999994,0,0,0,0,0,1,0,0,0
NEWS-29MILE-20210906,2021-09-05,1.0,pre,1,1,0,0.0,45.3,224.8,1160.8,-25.4,-119.3,-18.943,1,0.2987,REAL,-0.0131,-0.0206,0.922,ANALYTICAL-ensemble,-0.004,8,14.45,6,32.6,266.0,60.0,0.0022,5.93,153.7,1.379,0.7304999999999999,364.2,1816.5,FOREST,0.42,74.4,POS,NEWS-29MILE-20210906,,344.1,357.4,1024.7,0.3118,0.926,116.6,5.0,0.919,-5.250000000000014,0,0,0,0,0,1,0,0,0
NEWS-29MILE-20210906,2023-07-08,,N0,0,0,0,82.7,176.6,402.6,1053.7,41.7,114.3,24.075,0,0.2734,PROXY-spatial,-0.0061,0.0088,0.925,ANALYTICAL-ensemble,-0.02,8,14.45,8,32.6,266.0,60.0,0.0022,5.93,153.7,1.379,0.7304999999999999,364.2,1816.5,FOREST,0.416,,N0,NEWS-29MILE-20210906_N0_2023,2023.0,,,,,,82.7,1.0,0.925,,0,0,0,0,0,1,0,0,0
NEWS-29MILE-20210906,2023-07-09,,N0,0,0,0,24.5,148.1,353.9,1072.6,-58.2,30.7,8.381,0,0.2726,PROXY-spatial,-0.0066,0.0035,0.922,ANALYTICAL-ensemble,-0.022,8,14.45,8,32.6,266.0,60.0,0.0022,5.93,153.7,1.379,0.7304999999999999,364.2,1816.5,FOREST,0.416,,N0,NEWS-29MILE-20210906_N0_2023,2023.0,,,,,,82.7,2.0,0.922,,0,0,0,0,0,1,0,0,0
NEWS-29MILE-20210906,2023-07-10,,N0,0,0,0,21.2,128.3,297.3,1093.8,-3.3,-34.5,-5.87,0,0.2719,REAL,-0.0051,0.0001,0.925,ANALYTICAL-ensemble,-0.013,8,14.45,8,32.6,266.0,60.0,0.0022,5.93,153.7,1.379,0.7304999999999999,364.2,1816.5,FOREST,0.416,,N0,NEWS-29MILE-20210906_N0_2023,2023.0,,,,,,82.7,3.0,0.922,,0,0,0,0,0,1,0,0,0
NEWS-29MILE-20210906,2023-07-11,,N0,0,0,0,5.6,51.3,261.9,1099.4,-15.6,-140.7,-7.437,0,0.2735,REAL,0.0001,-0.0046,0.925,ANALYTICAL-ensemble,-0.007,8,14.45,8,32.6,266.0,60.0,0.0022,5.93,153.7,1.379,0.7304999999999999,364.2,1816.5,FOREST,0.416,,N0,NEWS-29MILE-20210906_N0_2023,2023.0,402.6,,,0.2734,,82.7,3.0,0.922,-47.86999999999999,0,0,0,0,0,1,0,0,0
NEWS-29MILE-20210906,2023-07-12,,N0,0,0,0,17.9,44.8,245.8,1075.5,12.3,-108.1,-6.077,0,0.2727,PROXY-spatial,0.0001,-0.0068,0.929,ANALYTICAL-ensemble,-0.005,8,14.45,8,32.6,266.0,60.0,0.0022,5.93,153.7,1.379,0.7304999999999999,364.2,1816.5,FOREST,0.416,,N0,NEWS-29MILE-20210906_N0_2023,2023.0,353.9,,,0.2726,,82.7,4.0,0.922,-40.56000000000006,0,0,0,0,0,1,0,0,0
NEWS-29MILE-20210906,2023-07-13,,N0,0,0,0,112.2,135.7,305.0,1164.3,94.3,7.7,-2.606,0,0.2775,PROXY-spatial,0.0056,-0.0017,0.92,ANALYTICAL-ensemble,-0.012,8,14.45,8,32.6,266.0,60.0,0.0022,5.93,153.7,1.379,0.7304999999999999,364.2,1816.5,FOREST,0.416,,N0,NEWS-29MILE-20210906_N0_2023,2023.0,297.3,,,0.2719,,112.2,5.0,0.92,-24.21999999999999,0,0,0,0,0,1,0,0,0
NEWS-29MILE-20210906,2023-07-14,,N0,0,0,0,102.2,232.3,366.2,1257.9,-10.0,104.3,4.908,0,0.289,PROXY-spatial,0.0155,0.012,0.912,ANALYTICAL-ensemble,-0.018,8,14.45,8,32.6,266.0,60.0,0.0022,5.93,153.7,1.379,0.7304999999999999,364.2,1816.5,FOREST,0.416,,N0,NEWS-29MILE-20210906_N0_2023,2023.0,261.9,,,0.2735,,112.2,6.0,0.912,-9.232142857142854,0,0,0,0,0,1,0,0,0
NEWS-29MILE-20210906,2023-07-15,,N0,0,0,0,21.1,235.5,304.7,1261.8,-81.1,58.9,-13.991,0,0.2978,PROXY-spatial,0.0251,0.0244,0.914,ANALYTICAL-ensemble,-0.011,8,14.45,8,32.6,266.0,60.0,0.0022,5.93,153.7,1.379,0.7304999999999999,364.2,1816.5,FOREST,0.416,,N0,NEWS-29MILE-20210906_N0_2023,2023.0,245.8,402.6,1053.7,0.2727,0.925,112.2,6.0,0.912,1.1892857142856945,0,0,0,0,0,1,0,0,0
NEWS-29MILE-20210906,2023-07-16,,N0,0,0,0,8.3,131.7,288.6,1237.2,-12.8,-16.4,-9.328,0,0.2965,PROXY-spatial,0.019,0.0239,0.917,ANALYTICAL-ensemble,-0.005,8,14.45,8,32.6,266.0,60.0,0.0022,5.93,153.7,1.379,0.7304999999999999,364.2,1816.5,FOREST,0.416,,N0,NEWS-29MILE-20210906_N0_2023,2023.0,305.0,353.9,1072.6,0.2775,0.922,112.2,5.0,0.912,6.425000000000019,0,0,0,0,0,1,0,0,0
NEWS-29MILE-20210906,2023-07-17,,N0,0,0,0,19.4,48.9,286.7,1205.7,11.1,-79.5,-1.519,0,0.3022,PROXY-spatial,0.0132,0.0303,0.921,ANALYTICAL-ensemble,-0.004,8,14.45,8,32.6,266.0,60.0,0.0022,5.93,153.7,1.379,0.7304999999999999,364.2,1816.5,FOREST,0.416,,N0,NEWS-29MILE-20210906_N0_2023,2023.0,366.2,297.3,1093.8,0.289,0.925,112.2,5.0,0.912,5.703571428571424,0,0,0,0,0,1,0,0,0
NEWS-29MILE-20210906,2023-07-18,,N0,0,0,0,25.0,52.7,306.2,1183.4,5.6,1.5,6.323,0,0.3076,PROXY-spatial,0.0098,0.0341,0.922,ANALYTICAL-ensemble,-0.003,8,14.45,8,32.6,266.0,60.0,0.0022,5.93,153.7,1.379,0.7304999999999999,364.2,1816.5,FOREST,0.416,,N0,NEWS-29MILE-20210906_N0_2023,2023.0,304.7,261.9,1099.4,0.2978,0.925,112.2,6.0,0.912,2.3928571428571503,0,0,0,0,0,1,0,0,0
NEWS-29MILE-20210906,2023-07-19,,N0,0,0,0,0.0,44.4,288.3,1125.9,-25.0,-0.3,6.073,1,0.3174,REAL,0.0209,0.0447,0.926,ANALYTICAL-ensemble,-0.003,8,14.45,8,32.6,266.0,60.0,0.0022,5.93,153.7,1.379,0.7304999999999999,364.2,1816.5,FOREST,0.416,,N0,NEWS-29MILE-20210906_N0_2023,2023.0,288.6,245.8,1075.5,0.2965,0.929,112.2,5.0,0.912,-6.717857142857147,0,0,0,0,0,1,0,0,0
NEWS-29MILE-20210906,2023-07-20,,N0,0,0,0,0.0,25.0,176.1,1103.7,0.0,-110.6,-18.411,2,0.3212,REAL,0.019,0.0437,0.929,ANALYTICAL-ensemble,0.009,8,14.45,8,32.6,266.0,60.0,0.0022,5.93,153.7,1.379,0.7304999999999999,364.2,1816.5,FOREST,0.416,,N0,NEWS-29MILE-20210906_N0_2023,2023.0,286.7,305.0,1164.3,0.3022,0.92,102.2,4.0,0.912,-20.91071428571428,0,0,0,0,0,1,0,0,0
NEWS-29MILE-20210906,2023-07-21,,N0,0,0,0,50.5,50.5,124.4,1125.7,50.5,-181.8,-34.546,0,0.3181,REAL,0.0105,0.0291,0.93,ANALYTICAL-ensemble,0.018,8,14.45,8,32.6,266.0,60.0,0.0022,5.93,153.7,1.379,0.7304999999999999,364.2,1816.5,FOREST,0.416,,N0,NEWS-29MILE-20210906_N0_2023,2023.0,306.2,366.2,1257.9,0.3076,0.912,50.5,4.0,0.912,-27.296428571428557,0,0,0,0,0,1,0,0,0
NEWS-29MILE-20210906,2023-07-22,,N0,0,0,0,13.5,64.0,116.8,1094.1,-37.0,-171.5,-26.844,0,0.3213,REAL,0.0039,0.0235,0.93,ANALYTICAL-ensemble,0.016,8,14.45,8,32.6,266.0,60.0,0.0022,5.93,153.7,1.379,0.7304999999999999,364.2,1816.5,FOREST,0.416,,N0,NEWS-29MILE-20210906_N0_2023,2023.0,288.3,304.7,1261.8,0.3174,0.914,50.5,4.0,0.912,-34.64642857142858,0,0,0,0,0,1,0,0,0
NEWS-29MILE-20210906,2023-07-23,,N0,0,0,0,16.8,80.8,125.3,1096.1,3.3,-50.8,-23.326,0,0.3283,REAL,0.0071,0.0318,0.93,ANALYTICAL-ensemble,0.013,8,14.45,8,32.6,266.0,60.0,0.0022,5.93,153.7,1.379,0.7304999999999999,364.2,1816.5,FOREST,0.416,,N0,NEWS-29MILE-20210906_N0_2023,2023.0,176.1,288.6,1237.2,0.3212,0.917,50.5,5.0,0.912,-36.675,0,0,0,0,0,1,0,0,0
NEWS-29MILE-20210906,2023-07-24,,N0,0,0,0,9.1,39.4,114.9,1084.1,-7.7,-9.5,-24.547,0,0.329,REAL,0.0109,0.0268,0.93,ANALYTICAL-ensemble,0.009,8,14.45,8,32.6,266.0,60.0,0.0022,5.93,153.7,1.379,0.7304999999999999,364.2,1816.5,FOREST,0.416,,N0,NEWS-29MILE-20210906_N0_2023,2023.0,124.4,286.7,1205.7,0.3181,0.921,50.5,4.0,0.912,-34.25714285714283,0,0,0,0,0,1,0,0,0
NEWS-29MILE-20210906,2023-07-25,,N0,0,0,0,64.6,90.5,154.5,1136.6,55.5,37.7,-21.667,0,0.3319,REAL,0.0106,0.0243,0.929,ANALYTICAL-ensemble,0.007,8,14.45,8,32.6,266.0,60.0,0.0022,5.93,153.7,1.379,0.7304999999999999,364.2,1816.5,FOREST,0.416,,N0,NEWS-29MILE-20210906_N0_2023,2023.0,116.8,306.2,1183.4,0.3213,0.922,64.6,4.0,0.912,-18.67500000000001,0,0,0,0,0,1,0,0,0
NEWS-29MILE-20210906,2023-07-26,,N0,0,0,0,23.1,96.7,177.6,1125.1,-41.5,52.3,-15.807,0,0.328,REAL,-0.0003,0.0106,0.928,ANALYTICAL-ensemble,0.002,8,14.45,8,32.6,266.0,60.0,0.0022,5.93,153.7,1.379,0.7304999999999999,364.2,1816.5,FOREST,0.416,,N0,NEWS-29MILE-20210906_N0_2023,2023.0,125.3,288.3,1125.9,0.3283,0.926,64.6,5.0,0.912,2.2428571428571455,0,0,0,0,0,1,0,0,0
NEWS-29MILE-20210906,2023-07-27,,N0,0,0,0,17.7,105.4,195.2,1077.3,-5.4,80.3,2.731,0,0.3275,REAL,-0.0015,0.0063,0.932,ANALYTICAL-ensemble,0.003,8,14.45,8,32.6,266.0,60.0,0.0022,5.93,153.7,1.379,0.7304999999999999,364.2,1816.5,FOREST,0.416,,N0,NEWS-29MILE-20210906_N0_2023,2023.0,114.9,176.1,1103.7,0.329,0.929,64.6,6.0,0.912,12.971428571428575,0,0,0,0,0,1,0,0,0
NEWS-29MILE-20210906,2023-07-28,,N0,0,0,0,11.4,52.2,156.2,1029.1,-6.3,1.7,4.545,0,0.3247,REAL,-0.0072,0.0066,0.932,ANALYTICAL-ensemble,0.002,8,14.45,8,32.6,266.0,60.0,0.0022,5.93,153.7,1.379,0.7304999999999999,364.2,1816.5,FOREST,0.416,,N0,NEWS-29MILE-20210906_N0_2023,2023.0,154.5,124.4,1125.7,0.3319,0.93,64.6,6.0,0.914,11.453571428571427,0,0,0,0,0,1,0,0,0
NEWS-29MILE-20210906,2023-07-29,,N0,0,0,0,29.2,58.3,171.8,1040.2,17.8,-5.8,7.864,0,0.3279,REAL,-0.0001,0.0066,0.932,ANALYTICAL-ensemble,0.002,8,14.45,8,32.6,266.0,60.0,0.0022,5.93,153.7,1.379,0.7304999999999999,364.2,1816.5,FOREST,0.416,,N0,NEWS-29MILE-20210906_N0_2023,2023.0,177.6,116.8,1094.1,0.328,0.93,64.6,6.0,0.917,9.385714285714288,0,0,0,0,0,1,0,0,0
NEWS-29MILE-20210906,2023-07-30,,N0,0,0,0,22.2,62.8,177.2,1030.0,-7.0,-18.0,7.42,0,0.3325,REAL,0.005,0.0042,0.932,ANALYTICAL-ensemble,0.002,8,14.45,8,32.6,266.0,60.0,0.0022,5.93,153.7,1.379,0.7304999999999999,364.2,1816.5,FOREST,0.416,,N0,NEWS-29MILE-20210906_N0_2023,2023.0,195.2,125.3,1096.1,0.3275,0.93,64.6,6.0,0.921,7.146428571428573,0,0,0,0,0,1,0,0,0
NEWS-29MILE-20210906,2023-07-31,,N0,0,0,0,2.2,53.5,170.3,1020.3,-20.0,14.1,7.911,1,0.3338,REAL,0.0091,0.0048,0.934,ANALYTICAL-ensemble,0.004,8,14.45,8,32.6,266.0,60.0,0.0022,5.93,153.7,1.379,0.7304999999999999,364.2,1816.5,FOREST,0.416,,N0,NEWS-29MILE-20210906_N0_2023,2023.0,156.2,114.9,1084.1,0.3247,0.93,64.6,6.0,0.922,0.8285714285714321,0,0,0,0,0,1,0,0,0
NEWS-29MILE-20210906,2023-08-01,,N0,0,0,0,0.0,24.3,105.7,947.1,-2.2,-66.1,-6.974,2,0.3254,REAL,-0.0025,-0.0065,0.939,ANALYTICAL-ensemble,0.01,8,14.45,8,32.6,266.0,60.0,0.0022,5.93,153.7,1.379,0.7304999999999999,364.2,1816.5,FOREST,0.416,,N0,NEWS-29MILE-20210906_N0_2023,2023.0,171.8,154.5,1136.6,0.3279,0.929,29.2,5.0,0.926,-8.73214285714286,0,0,0,0,0,1,0,0,0
NEWS-29MILE-20210906,2023-08-02,,N0,0,0,0,155.9,158.1,238.5,1025.2,155.9,61.3,8.703,0,0.3209,REAL,-0.0116,-0.0071,0.931,ANALYTICAL-ensemble,0.003,8,14.45,8,32.6,266.0,60.0,0.0022,5.93,153.7,1.379,0.7304999999999999,364.2,1816.5,FOREST,0.416,,N0,NEWS-29MILE-20210906_N0_2023,2023.0,177.2,177.6,1125.1,0.3325,0.928,155.9,5.0,0.928,0.9785714285714301,0,0,0,0,0,1,0,0,0
NEWS-29MILE-20210906,2023-08-03,,N0,0,0,0,17.0,172.9,237.9,1001.2,-138.9,67.6,6.093,0,0.3186,REAL,-0.0152,-0.0089,0.926,ANALYTICAL-ensemble,-0.006,8,14.45,8,32.6,266.0,60.0,0.0022,5.93,153.7,1.379,0.7304999999999999,364.2,1816.5,FOREST,0.416,,N0,NEWS-29MILE-20210906_N0_2023,2023.0,170.3,195.2,1077.3,0.3338,0.932,155.9,5.0,0.926,10.96428571428572,0,0,0,0,0,1,0,0,0
NEWS-29MILE-20210906,2023-08-04,,N0,0,0,0,14.4,187.3,240.8,981.6,-2.6,135.1,12.088,0,0.3168,REAL,-0.0086,-0.0079,0.932,ANALYTICAL-ensemble,0.0,8,14.45,8,32.6,266.0,60.0,0.0022,5.93,153.7,1.379,0.7304999999999999,364.2,1816.5,FOREST,0.416,,N0,NEWS-29MILE-20210906_N0_2023,2023.0,105.7,156.2,1029.1,0.3254,0.932,155.9,5.0,0.926,14.164285714285715,0,0,0,0,0,1,0,0,0
NEWS-29MILE-20210906,2023-08-05,,N0,0,0,0,46.8,78.2,258.5,975.4,32.4,20.0,12.38,0,0.3173,REAL,-0.0036,-0.0106,0.932,ANALYTICAL-ensemble,0.0,8,14.45,8,32.6,266.0,60.0,0.0022,5.93,153.7,1.379,0.7304999999999999,364.2,1816.5,FOREST,0.416,,N0,NEWS-29MILE-20210906_N0_2023,2023.0,238.5,171.8,1040.2,0.3209,0.932,155.9,5.0,0.926,18.467857142857145,0,0,0,0,0,1,0,0,0
NEWS-29MILE-20210906,2023-08-06,,N0,0,0,0,12.6,73.8,248.9,947.0,-34.2,11.0,10.244,0,0.3169,REAL,-0.0017,-0.0156,0.933,ANALYTICAL-ensemble,0.001,8,14.45,8,32.6,266.0,60.0,0.0022,5.93,153.7,1.379,0.7304999999999999,364.2,1816.5,FOREST,0.416,,N0,NEWS-29MILE-20210906_N0_2023,2023.0,237.9,177.2,1030.0,0.3186,0.932,155.9,5.0,0.926,19.417857142857137,0,0,0,0,0,1,0,0,0
NEWS-29MILE-20210906,2023-08-07,,N0,0,0,0,12.4,71.8,259.1,876.7,-0.2,18.3,12.686,0,0.3185,REAL,0.0017,-0.0153,0.94,ANALYTICAL-ensemble,0.006,8,14.45,8,32.6,266.0,60.0,0.0022,5.93,153.7,1.379,0.7304999999999999,364.2,1816.5,FOREST,0.416,,N0,NEWS-29MILE-20210906_N0_2023,2023.0,240.8,170.3,1020.3,0.3168,0.934,155.9,6.0,0.926,17.91428571428571,0,0,0,0,0,1,0,0,0
NEWS-29MILE-20210906,2023-08-08,,N0,0,0,0,16.5,41.5,275.6,868.8,4.1,17.1,24.275,0,0.319,REAL,0.0017,-0.0064,0.941,ANALYTICAL-ensemble,0.002,8,14.45,8,32.6,266.0,60.0,0.0022,5.93,153.7,1.379,0.7304999999999999,364.2,1816.5,FOREST,0.416,,N0,NEWS-29MILE-20210906_N0_2023,2023.0,258.5,105.7,947.1,0.3173,0.939,155.9,7.0,0.926,5.778571428571436,0,0,0,0,0,1,0,0,0
NEWS-29MILE-20210906,2023-08-09,,N0,0,0,0,71.8,100.7,191.5,919.3,55.3,-57.4,-6.721,0,0.3179,REAL,0.001,-0.003,0.934,ANALYTICAL-ensemble,0.003,8,14.45,8,32.6,266.0,60.0,0.0022,5.93,153.7,1.379,0.7304999999999999,364.2,1816.5,FOREST,0.416,,N0,NEWS-29MILE-20210906_N0_2023,2023.0,248.9,238.5,1025.2,0.3169,0.931,71.8,7.0,0.926,-2.46428571428572,0,0,0,0,0,1,0,0,0
NEWS-29MILE-20210906,2023-08-10,,N0,0,0,0,17.6,105.9,192.1,931.4,-54.2,-67.0,-6.539,0,0.3158,REAL,-0.0027,-0.0028,0.933,ANALYTICAL-ensemble,0.007,8,14.45,8,32.6,266.0,60.0,0.0022,5.93,153.7,1.379,0.7304999999999999,364.2,1816.5,FOREST,0.416,,N0,NEWS-29MILE-20210906_N0_2023,2023.0,259.1,237.9,1001.2,0.3185,0.926,71.8,7.0,0.926,-9.05000000000001,0,0,0,0,0,1,0,0,0
NEWS-29MILE-20210906,2023-08-11,,N0,0,0,0,17.0,106.4,194.7,930.5,-0.6,-80.9,-6.589,0,0.3155,REAL,-0.0035,-0.0013,0.935,ANALYTICAL-ensemble,0.003,8,14.45,8,32.6,266.0,60.0,0.0022,5.93,153.7,1.379,0.7304999999999999,364.2,1816.5,FOREST,0.416,,N0,NEWS-29MILE-20210906_N0_2023,2023.0,275.6,240.8,981.6,0.319,0.932,71.8,7.0,0.926,-13.307142857142873,0,0,0,0,0,1,0,0,0
NEWS-29MILE-20210906,2023-08-12,,N0,0,0,0,62.5,97.2,210.5,880.9,45.5,19.0,-6.851,0,0.3084,REAL,-0.0095,-0.0089,0.94,ANALYTICAL-ensemble,0.008,8,14.45,8,32.6,266.0,60.0,0.0022,5.93,153.7,1.379,0.7304999999999999,364.2,1816.5,FOREST,0.416,,N0,NEWS-29MILE-20210906_N0_2023,2023.0,191.5,258.5,975.4,0.3179,0.932,71.8,7.0,0.926,-11.69642857142858,0,0,0,0,0,1,0,0,0
NEWS-29MILE-20210906,2023-08-13,,N0,0,0,0,30.2,109.7,228.1,808.8,-32.3,36.0,-2.967,0,0.2988,REAL,-0.017,-0.0181,0.943,ANALYTICAL-ensemble,0.01,8,14.45,8,32.6,266.0,60.0,0.0022,5.93,153.7,1.379,0.7304999999999999,364.2,1816.5,FOREST,0.416,,N0,NEWS-29MILE-20210906_N0_2023,2023.0,192.1,248.9,947.0,0.3158,0.933,71.8,7.0,0.926,-7.857142857142876,0,0,0,0,0,1,0,0,0
NEWS-29MILE-20210906,2023-08-14,,N0,0,0,0,45.3,138.0,260.9,832.9,15.1,66.2,0.259,0,0.2973,REAL,-0.0182,-0.0212,0.942,ANALYTICAL-ensemble,0.002,8,14.45,8,32.6,266.0,60.0,0.0022,5.93,153.7,1.379,0.7304999999999999,364.2,1816.5,FOREST,0.416,,N0,NEWS-29MILE-20210906_N0_2023,2023.0,194.7,259.1,876.7,0.3155,0.94,71.8,7.0,0.926,1.6964285714285752,0,0,0,0,0,1,0,0,0
NEWS-29MILE-20210906,2023-08-15,,N0,0,0,0,0.0,75.5,244.4,824.6,-45.3,33.9,-4.457,1,0.292,REAL,-0.0164,-0.027,0.941,ANALYTICAL-ensemble,0.0,8,14.45,8,32.6,266.0,60.0,0.0022,5.93,153.7,1.379,0.7304999999999999,364.2,1816.5,FOREST,0.416,,N0,NEWS-29MILE-20210906_N0_2023,2023.0,210.5,275.6,868.8,0.3084,0.941,71.8,6.0,0.926,11.775000000000002,0,0,0,0,0,1,0,0,0
NEWS-29MILE-20210906,2023-08-16,,N0,0,0,0,13.2,58.5,185.8,818.5,13.2,-42.3,-0.808,0,0.2906,REAL,-0.0082,-0.0273,0.943,ANALYTICAL-ensemble,0.009,8,14.45,8,32.6,266.0,60.0,0.0022,5.93,153.7,1.379,0.7304999999999999,364.2,1816.5,FOREST,0.416,,N0,NEWS-29MILE-20210906_N0_2023,2023.0,228.1,191.5,919.3,0.2988,0.934,62.5,6.0,0.926,4.675000000000009,0,0,0,0,0,1,0,0,0
NEWS-29MILE-20210906,2023-08-17,,N0,0,0,0,0.3,13.5,168.5,793.7,-12.9,-92.4,-3.371,1,0.289,REAL,-0.0083,-0.0268,0.944,ANALYTICAL-ensemble,0.011,8,14.45,8,32.6,266.0,60.0,0.0022,5.93,153.7,1.379,0.7304999999999999,364.2,1816.5,FOREST,0.416,,N0,NEWS-29MILE-20210906_N0_2023,2023.0,260.9,192.1,931.4,0.2973,0.933,62.5,5.0,0.932,-3.989285714285707,0,0,0,0,0,1,0,0,0
NEWS-29MILE-20210906,2023-08-18,,N0,0,0,0,3.7,17.2,155.2,797.4,3.4,-89.2,-5.647,0,0.2886,REAL,-0.0034,-0.0269,0.945,ANALYTICAL-ensemble,0.01,8,14.45,8,32.6,266.0,60.0,0.0022,5.93,153.7,1.379,0.7304999999999999,364.2,1816.5,FOREST,0.416,,N0,NEWS-29MILE-20210906_N0_2023,2023.0,244.4,194.7,930.5,0.292,0.935,62.5,4.0,0.932,-12.864285714285709,0,0,0,0,0,1,0,0,0
NEWS-29MILE-20210906,2023-08-19,,N0,0,0,0,49.6,53.6,142.2,847.0,45.9,-43.6,-9.752,0,0.2862,REAL,-0.0044,-0.0222,0.943,ANALYTICAL-ensemble,0.003,8,14.45,8,32.6,266.0,60.0,0.0022,5.93,153.7,1.379,0.7304999999999999,364.2,1816.5,FOREST,0.416,,N0,NEWS-29MILE-20210906_N0_2023,2023.0,185.8,210.5,880.9,0.2906,0.94,49.6,4.0,0.933,-19.464285714285722,0,0,0,0,0,1,0,0,0
NEWS-29MILE-20210906,2023-08-20,,N0,0,0,0,21.1,74.4,133.2,817.6,-28.5,-35.3,-13.55,0,0.2843,REAL,-0.0047,-0.0145,0.944,ANALYTICAL-ensemble,0.001,8,14.45,8,32.6,266.0,60.0,0.0022,5.93,153.7,1.379,0.7304999999999999,364.2,1816.5,FOREST,0.416,,N0,NEWS-29MILE-20210906_N0_2023,2023.0,168.5,228.1,808.8,0.289,0.943,49.6,4.0,0.933,-22.07500000000001,0,0,0,0,0,1,0,0,0
NEWS-29MILE-20210906,2023-08-21,,N0,0,0,0,29.7,100.3,117.6,833.8,8.6,-37.6,-20.475,0,0.2845,REAL,-0.0041,-0.0128,0.944,ANALYTICAL-ensemble,0.002,8,14.45,8,32.6,266.0,60.0,0.0022,5.93,153.7,1.379,0.7304999999999999,364.2,1816.5,FOREST,0.416,,N0,NEWS-29MILE-20210906_N0_2023,2023.0,155.2,260.9,832.9,0.2886,0.942,49.6,4.0,0.933,-18.28214285714287,0,0,0,0,0,1,0,0,0
NEWS-29MILE-20210906,2023-08-22,,N0,0,0,0,3.1,53.9,120.6,820.0,-26.6,-21.6,-17.691,0,0.2942,REAL,0.008,0.0022,0.944,ANALYTICAL-ensemble,0.003,8,14.45,8,32.6,266.0,60.0,0.0022,5.93,153.7,1.379,0.7304999999999999,364.2,1816.5,FOREST,0.416,,N0,NEWS-29MILE-20210906_N0_2023,2023.0,142.2,244.4,824.6,0.2862,0.941,49.6,4.0,0.933,-11.407142857142853,0,0,0,0,0,1,0,0,0
NEWS-29MILE-20210906,2023-08-23,,N0,0,0,0,15.9,48.7,123.4,826.9,12.8,-9.8,-8.921,0,0.2997,REAL,0.0154,0.0091,0.944,ANALYTICAL-ensemble,0.001,8,14.45,8,32.6,266.0,60.0,0.0022,5.93,153.7,1.379,0.7304999999999999,364.2,1816.5,FOREST,0.416,,N0,NEWS-29MILE-20210906_N0_2023,2023.0,133.2,185.8,818.5,0.2843,0.943,49.6,4.0,0.933,-8.182142857142848,0,0,0,0,0,1,0,0,0
NEWS-29MILE-20210906,2023-08-24,,N0,0,0,0,24.9,43.9,148.0,787.2,9.0,30.4,-2.927,0,0.305,REAL,0.0205,0.016,0.946,ANALYTICAL-ensemble,0.002,8,14.45,8,32.6,266.0,60.0,0.0022,5.93,153.7,1.379,0.7304999999999999,364.2,1816.5,FOREST,0.416,,N0,NEWS-29MILE-20210906_N0_2023,2023.0,117.6,168.5,793.7,0.2845,0.944,49.6,5.0,0.935,-2.5642857142857163,0,0,0,0,0,1,0,0,0
NEWS-29MILE-20210906,2023-08-25,,N0,0,0,0,88.9,129.7,233.1,853.0,64.0,112.5,11.131,0,0.3102,REAL,0.016,0.0216,0.943,ANALYTICAL-ensemble,-0.002,8,14.45,8,32.6,266.0,60.0,0.0022,5.93,153.7,1.379,0.7304999999999999,364.2,1816.5,FOREST,0.416,,N0,NEWS-29MILE-20210906_N0_2023,2023.0,120.6,155.2,797.4,0.2942,0.945,88.9,6.0,0.94,11.003571428571426,0,0,0,0,0,1,0,0,0
NEWS-29MILE-20210906,2023-08-26,,N0,0,0,0,15.8,129.6,199.4,851.1,-73.1,76.0,8.169,0,0.3191,REAL,0.0194,0.0329,0.942,ANALYTICAL-ensemble,-0.001,8,14.45,8,32.6,266.0,60.0,0.0022,5.93,153.7,1.379,0.7304999999999999,364.2,1816.5,FOREST,0.416,,N0,NEWS-29MILE-20210906_N0_2023,2023.0,123.4,142.2,847.0,0.2997,0.943,88.9,6.0,0.941,16.321428571428566,0,0,0,0,0,1,0,0,0
NEWS-29MILE-20210906,2023-08-27,,N0,0,0,0,10.7,115.4,189.0,850.4,-5.1,41.0,7.977,0,0.3256,REAL,0.0206,0.0413,0.942,ANALYTICAL-ensemble,-0.002,8,14.45,8,32.6,266.0,60.0,0.0022,5.93,153.7,1.379,0.7304999999999999,364.2,1816.5,FOREST,0.416,,N0,NEWS-29MILE-20210906_N0_2023,2023.0,148.0,133.2,817.6,0.305,0.944,88.9,6.0,0.941,17.196428571428562,0,0,0,0,0,1,0,0,0
NEWS-29MILE-20210906,2023-08-28,,N0,0,0,0,182.7,209.2,342.0,1003.9,172.0,108.9,32.061,0,0.325,REAL,0.0148,0.0405,0.928,ANALYTICAL-ensemble,-0.016,8,14.45,8,32.6,266.0,60.0,0.0022,5.93,153.7,1.379,0.7304999999999999,364.2,1816.5,FOREST,0.416,,N0,NEWS-29MILE-20210906_N0_2023,2023.0,233.1,117.6,833.8,0.3102,0.944,182.7,6.0,0.928,30.242857142857137,0,0,0,0,0,1,0,0,0
NEWS-29MILE-20210906,2023-08-29,,N0,0,0,0,6.9,200.2,345.7,988.6,-175.8,146.3,32.15,0,0.319,REAL,-0.0001,0.0248,0.928,ANALYTICAL-ensemble,-0.016,8,14.45,8,32.6,266.0,60.0,0.0022,5.93,153.7,1.379,0.7304999999999999,364.2,1816.5,FOREST,0.416,,N0,NEWS-29MILE-20210906_N0_2023,2023.0,199.4,120.6,820.0,0.3191,0.944,182.7,6.0,0.928,36.10000000000001,0,0,0,0,0,1,0,0,0
NEWS-29MILE-20210906,2023-08-30,,N0,0,0,0,14.6,204.2,344.4,1001.1,7.7,155.4,31.574,0,0.3134,REAL,-0.0122,0.0137,0.929,ANALYTICAL-ensemble,-0.015,8,14.45,8,32.6,266.0,60.0,0.0022,5.93,153.7,1.379,0.7304999999999999,364.2,1816.5,FOREST,0.416,,N0,NEWS-29MILE-20210906_N0_2023,2023.0,189.0,123.4,826.9,0.3256,0.944,182.7,6.0,0.928,34.17857142857143,0,0,0,0,0,1,0,0,0
NEWS-29MILE-20210906,2023-08-31,,N0,0,0,0,12.8,34.3,332.4,1013.9,-1.8,-9.6,26.349,0,0.3062,REAL,-0.0188,0.0012,0.931,ANALYTICAL-ensemble,-0.015,8,14.45,8,32.6,266.0,60.0,0.0022,5.93,153.7,1.379,0.7304999999999999,364.2,1816.5,FOREST,0.416,,N0,NEWS-29MILE-20210906_N0_2023,2023.0,342.0,148.0,787.2,0.325,0.946,182.7,6.0,0.928,26.592857142857138,0,0,0,0,0,1,0,0,0
NEWS-29MILE-20210906,2023-09-01,,N0,0,0,0,0.0,27.5,243.5,858.0,-12.8,-102.2,1.479,1,0.2974,REAL,-0.0216,-0.0128,0.94,ANALYTICAL-ensemble,-0.003,8,14.45,8,32.6,266.0,60.0,0.0022,5.93,153.7,1.379,0.7304999999999999,364.2,1816.5,FOREST,0.416,,N0,NEWS-29MILE-20210906_N0_2023,2023.0,345.7,233.1,853.0,0.319,0.943,182.7,5.0,0.928,15.053571428571436,0,0,0,0,0,1,0,0,0
NEWS-29MILE-20210906,2023-09-02,,N0,0,0,0,3.0,15.9,230.8,844.0,3.0,-113.6,4.491,0,0.284,PROXY-spatial,-0.0294,-0.0351,0.942,ANALYTICAL-ensemble,0.0,8,14.45,8,32.6,266.0,60.0,0.0022,5.93,153.7,1.379,0.7304999999999999,364.2,1816.5,FOREST,0.416,,N0,NEWS-29MILE-20210906_N0_2023,2023.0,344.4,199.4,851.1,0.3134,0.942,182.7,4.0,0.928,-3.0321428571428477,0,0,0,0,0,1,0,0,0
NEWS-29MILE-20210906,2023-09-03,,N0,0,0,0,7.0,10.0,227.0,836.6,4.0,-105.4,5.43,0,0.2766,PROXY-spatial,-0.0296,-0.049,0.943,ANALYTICAL-ensemble,0.001,8,14.45,8,32.6,266.0,60.0,0.0022,5.93,153.7,1.379,0.7304999999999999,364.2,1816.5,FOREST,0.416,,N0,NEWS-29MILE-20210906_N0_2023,2023.0,332.4,189.0,850.4,0.3062,0.942,182.7,3.0,0.928,-24.132142857142878,0,0,0,0,0,1,0,0,0
NEWS-29MILE-20210906,2023-09-04,,N0,0,0,0,17.9,27.9,62.2,807.7,10.9,-181.3,-39.97,0,0.2702,PROXY-spatial,-0.0272,-0.0548,0.944,ANALYTICAL-ensemble,0.016,8,14.45,8,32.6,266.0,60.0,0.0022,5.93,153.7,1.379,0.7304999999999999,364.2,1816.5,FOREST,0.416,,N0,NEWS-29MILE-20210906_N0_2023,2023.0,243.5,342.0,1003.9,0.2974,0.928,17.9,3.0,0.928,-42.38928571428572,0,0,0,0,0,1,0,0,0
NEWS-29MILE-20210906,2023-09-05,,N0,0,0,0,0.0,24.9,55.4,795.1,-17.9,-175.4,-41.476,1,0.2636,PROXY-spatial,-0.0204,-0.0554,0.946,ANALYTICAL-ensemble,0.018,8,14.45,8,32.6,266.0,60.0,0.0022,5.93,153.7,1.379,0.7304999999999999,364.2,1816.5,FOREST,0.416,,N0,NEWS-29MILE-20210906_N0_2023,2023.0,230.8,345.7,988.6,0.284,0.928,17.9,3.0,0.928,-50.85357142857143,0,0,0,0,0,1,0,0,0
NEWS-29MILE-20210906,2023-09-06,,N0,0,0,0,0.0,17.9,40.7,782.7,0.0,-186.3,-43.393,2,0.2646,PROXY-spatial,-0.012,-0.0488,0.948,ANALYTICAL-ensemble,0.019,8,14.45,8,32.6,266.0,60.0,0.0022,5.93,153.7,1.379,0.7304999999999999,364.2,1816.5,FOREST,0.416,,N0,NEWS-29MILE-20210906_N0_2023,2023.0,227.0,344.4,1001.1,0.2766,0.929,17.9,2.0,0.928,-50.71071428571428,0,0,0,0,0,1,0,0,0
NEWS-29MILE-20210906,2015-05-15,,N1,0,0,0,8.3,25.0,38.1,157.4,-7.2,23.9,3.829,0,0.2288,PROXY-spatial,,,1.022,ANALYTICAL-ensemble,-0.003,8,14.45,0,32.6,266.0,60.0,0.0022,5.93,153.7,1.379,0.7304999999999999,364.2,1816.5,FOREST,0.474,,N1,NEWS-29MILE-20210906_N1_2015,2015.0,,,,,,8.3,0.0,1.022,,0,0,0,0,0,1,0,0,0
NEWS-29MILE-20210906,2015-05-16,,N1,0,0,0,7.7,31.4,45.8,165.1,-0.6,31.0,4.929,0,0.2288,PROXY-spatial,,,1.021,ANALYTICAL-ensemble,-0.004,8,14.45,0,32.6,266.0,60.0,0.0022,5.93,153.7,1.379,0.7304999999999999,364.2,1816.5,FOREST,0.474,,N1,NEWS-29MILE-20210906_N1_2015,2015.0,,,,,,8.3,0.0,1.021,,0,0,0,0,0,1,0,0,0
NEWS-29MILE-20210906,2015-05-17,,N1,0,0,0,49.6,65.6,95.4,214.7,41.9,65.1,12.415,0,0.2288,PROXY-spatial,0.0,,1.01,ANALYTICAL-ensemble,-0.015,8,14.45,0,32.6,266.0,60.0,0.0022,5.93,153.7,1.379,0.7304999999999999,364.2,1816.5,FOREST,0.474,,N1,NEWS-29MILE-20210906_N1_2015,2015.0,,,,,,49.6,1.0,1.01,,0,0,0,0,0,1,0,0,0
NEWS-29MILE-20210906,2015-05-18,,N1,0,0,0,5.3,62.6,87.8,161.6,-44.3,49.7,9.642,0,0.2288,PROXY-spatial,0.0,,1.01,ANALYTICAL-ensemble,-0.014,8,14.45,0,32.6,266.0,60.0,0.0022,5.93,153.7,1.379,0.7304999999999999,364.2,1816.5,FOREST,0.474,,N1,NEWS-29MILE-20210906_N1_2015,2015.0,38.1,,,0.2288,,49.6,1.0,1.01,19.87,0,0,0,0,0,1,0,0,0
NEWS-29MILE-20210906,2015-05-19,,N1,0,0,0,11.6,66.5,99.2,166.6,6.3,53.4,12.146,0,0.2288,PROXY-spatial,0.0,,1.013,ANALYTICAL-ensemble,-0.01,8,14.45,0,32.6,266.0,60.0,0.0022,5.93,153.7,1.379,0.7304999999999999,364.2,1816.5,FOREST,0.474,,N1,NEWS-29MILE-20210906_N1_2015,2015.0,45.8,,,0.2288,,49.6,2.0,1.01,16.42,0,0,0,0,0,1,0,0,0
NEWS-29MILE-20210906,2015-05-20,,N1,0,0,0,0.3,17.1,98.2,166.8,-11.3,2.8,11.91,1,0.2288,PROXY-spatial,0.0,,1.012,ANALYTICAL-ensemble,-0.012,8,14.45,0,32.6,266.0,60.0,0.0022,5.93,153.7,1.379,0.7304999999999999,364.2,1816.5,FOREST,0.474,,N1,NEWS-29MILE-20210906_N1_2015,2015.0,95.4,,,0.2288,,49.6,2.0,1.01,12.945714285714287,0,0,0,0,0,1,0,0,0
NEWS-29MILE-20210906,2015-05-21,,N1,0,0,0,2.6,14.5,85.3,169.5,2.3,-2.5,7.852,0,,MISSING (window-absent),,,1.015,ANALYTICAL-ensemble,-0.007,8,14.45,0,32.6,266.0,60.0,0.0022,5.93,153.7,1.379,0.7304999999999999,364.2,1816.5,FOREST,0.474,,N1,NEWS-29MILE-20210906_N1_2015,2015.0,87.8,,,0.2288,,49.6,2.0,1.01,8.935714285714287,1,0,0,0,0,1,0,0,0
NEWS-29MILE-20210906,2015-05-22,,N1,0,0,0,24.0,26.9,101.1,192.2,21.4,1.9,8.997,0,,MISSING (window-absent),,,1.012,ANALYTICAL-ensemble,-0.01,8,14.45,0,32.6,266.0,60.0,0.0022,5.93,153.7,1.379,0.7304999999999999,364.2,1816.5,FOREST,0.474,,N1,NEWS-29MILE-20210906_N1_2015,2015.0,99.2,38.1,157.4,0.2288,1.022,49.6,3.0,1.01,5.575000000000007,1,0,0,0,0,1,0,0,0
NEWS-29MILE-20210906,2015-05-23,,N1,0,0,0,0.0,26.6,93.4,192.2,-24.0,-4.8,6.799,1,0.2373,PROXY-spatial,0.0085,0.0085,1.007,ANALYTICAL-ensemble,-0.014,8,14.45,0,32.6,266.0,60.0,0.0022,5.93,153.7,1.379,0.7304999999999999,364.2,1816.5,FOREST,0.474,,N1,NEWS-29MILE-20210906_N1_2015,2015.0,98.2,45.8,165.1,0.2288,1.021,49.6,3.0,1.007,0.2392857142857117,0,0,0,0,0,1,0,0,0
NEWS-29MILE-20210906,2015-05-24,,N1,0,0,0,21.7,45.7,65.5,214.0,21.7,-19.8,-4.278,0,0.2373,PROXY-spatial,,0.0085,1.005,ANALYTICAL-ensemble,-0.005,8,14.45,0,32.6,266.0,60.0,0.0022,5.93,153.7,1.379,0.7304999999999999,364.2,1816.5,FOREST,0.474,,N1,NEWS-29MILE-20210906_N1_2015,2015.0,85.3,95.4,214.7,,1.01,24.0,3.0,1.005,-2.6999999999999935,0,0,0,0,0,1,0,0,0
NEWS-29MILE-20210906,2015-05-25,,N1,0,0,0,0.0,21.7,60.2,211.9,-21.7,-40.9,-3.946,1,0.2373,PROXY-spatial,,0.0085,1.005,ANALYTICAL-ensemble,-0.005,8,14.45,0,32.6,266.0,60.0,0.0022,5.93,153.7,1.379,0.7304999999999999,364.2,1816.5,FOREST,0.474,,N1,NEWS-29MILE-20210906_N1_2015,2015.0,101.1,87.8,161.6,,1.01,24.0,3.0,1.005,-6.224999999999994,0,0,0,0,0,1,0,0,0
NEWS-29MILE-20210906,2015-05-26,,N1,0,0,0,27.0,48.7,75.6,238.9,27.0,-17.8,-3.37,0,0.2373,PROXY-spatial,0.0,0.0085,0.993,ANALYTICAL-ensemble,-0.02,8,14.45,0,32.6,266.0,60.0,0.0022,5.93,153.7,1.379,0.7304999999999999,364.2,1816.5,FOREST,0.474,,N1,NEWS-29MILE-20210906_N1_2015,2015.0,93.4,99.2,166.6,0.2373,1.013,27.0,3.0,0.993,-5.485714285714284,0,0,0,0,0,1,0,0,0
NEWS-29MILE-20210906,2015-05-27,,N1,0,0,0,4.7,31.7,80.1,243.6,-22.3,14.6,-2.588,0,0.2373,PROXY-spatial,0.0,0.0085,0.993,ANALYTICAL-ensemble,-0.019,8,14.45,0,32.6,266.0,60.0,0.0022,5.93,153.7,1.379,0.7304999999999999,364.2,1816.5,FOREST,0.474,,N1,NEWS-29MILE-20210906_N1_2015,2015.0,65.5,98.2,166.8,0.2373,1.012,27.0,3.0,0.993,-3.5642857142857136,0,0,0,0,0,1,0,0,0
NEWS-29MILE-20210906,2015-05-28,,N1,0,0,0,0.0,31.7,77.4,241.8,-4.7,17.2,-1.135,1,0.2373,PROXY-spatial,0.0,,0.999,ANALYTICAL-ensemble,-0.016,8,14.45,0,32.6,266.0,60.0,0.0022,5.93,153.7,1.379,0.7304999999999999,364.2,1816.5,FOREST,0.474,,N1,NEWS-29MILE-20210906_N1_2015,2015.0,60.2,85.3,169.5,0.2373,1.015,27.0,3.0,0.993,-3.1285714285714277,0,0,0,0,0,1,0,0,0
NEWS-29MILE-20210906,2015-05-29,,N1,0,0,0,49.9,54.6,103.4,264.8,49.9,27.8,0.329,0,0.2373,PROXY-spatial,0.0,,0.987,ANALYTICAL-ensemble,-0.025,8,14.45,0,32.6,266.0,60.0,0.0022,5.93,153.7,1.379,0.7304999999999999,364.2,1816.5,FOREST,0.474,,N1,NEWS-29MILE-20210906_N1_2015,2015.0,75.6,101.1,192.2,0.2373,1.012,49.9,3.0,0.987,2.6321428571428553,0,0,0,0,0,1,0,0,0
NEWS-29MILE-20210906,2015-05-30,,N1,0,0,0,10.8,60.7,114.2,273.8,-39.1,34.1,2.969,0,0.2055,PROXY-spatial,-0.0318,-0.0318,0.983,ANALYTICAL-ensemble,-0.024,8,14.45,0,32.6,266.0,60.0,0.0022,5.93,153.7,1.379,0.7304999999999999,364.2,1816.5,FOREST,0.474,,N1,NEWS-29MILE-20210906_N1_2015,2015.0,80.1,93.4,192.2,0.2373,1.007,49.9,4.0,0.983,8.36785714285714,0,0,0,0,0,1,0,0,0
NEWS-29MILE-20210906,2015-05-31,,N1,0,0,0,11.2,71.9,103.6,275.8,0.4,26.2,5.442,0,0.1825,PROXY-spatial,-0.0548,-0.0548,0.984,ANALYTICAL-ensemble,-0.021,8,14.45,0,32.6,266.0,60.0,0.0022,5.93,153.7,1.379,0.7304999999999999,364.2,1816.5,FOREST,0.474,,N1,NEWS-29MILE-20210906_N1_2015,2015.0,77.4,65.5,214.0,0.2373,1.005,49.9,4.0,0.983,8.239285714285712,0,0,0,0,0,1,0,0,0
NEWS-29MILE-20210906,2015-06-01,,N1,0,0,0,18.9,40.8,122.5,294.7,7.7,19.1,8.901,0,0.2121,PROXY-spatial,-0.0252,-0.0252,0.983,ANALYTICAL-ensemble,-0.022,8,14.45,0,32.6,266.0,60.0,0.0022,5.93,153.7,1.379,0.7304999999999999,364.2,1816.5,FOREST,0.474,,N1,NEWS-29MILE-20210906_N1_2015,2015.0,103.4,60.2,211.9,0.2373,1.005,49.9,5.0,0.983,8.01785714285714,0,0,0,0,0,1,0,0,0
NEWS-29MILE-20210906,2015-06-02,,N1,0,0,0,12.7,42.7,108.2,304.6,-6.2,-6.0,4.653,0,0.2121,PROXY-spatial,0.0066,-0.0252,0.982,ANALYTICAL-ensemble,-0.011,8,14.45,0,32.6,266.0,60.0,0.0022,5.93,153.7,1.379,0.7304999999999999,364.2,1816.5,FOREST,0.474,,N1,NEWS-29MILE-20210906_N1_2015,2015.0,114.2,75.6,238.9,0.2055,0.993,49.9,5.0,0.982,6.239285714285715,0,0,0,0,0,1,0,0,0
NEWS-29MILE-20210906,2015-06-03,,N1,0,0,0,4.2,35.8,107.7,307.7,-8.5,4.1,3.944,0,0.2184,PROXY-spatial,0.0359,-0.0189,0.982,ANALYTICAL-ensemble,-0.011,8,14.45,0,32.6,266.0,60.0,0.0022,5.93,153.7,1.379,0.7304999999999999,364.2,1816.5,FOREST,0.474,,N1,NEWS-29MILE-20210906_N1_2015,2015.0,103.6,80.1,243.6,0.1825,0.993,49.9,5.0,0.982,3.885714285714283,0,0,0,0,0,1,0,0,0
NEWS-29MILE-20210906,2015-06-04,,N1,0,0,0,19.5,36.4,127.2,320.9,15.3,4.7,7.107,0,0.2184,PROXY-spatial,0.0063,-0.0189,0.982,ANALYTICAL-ensemble,-0.017,8,14.45,0,32.6,266.0,60.0,0.0022,5.93,153.7,1.379,0.7304999999999999,364.2,1816.5,FOREST,0.474,,N1,NEWS-29MILE-20210906_N1_2015,2015.0,122.5,77.4,241.8,0.2121,0.999,49.9,6.0,0.982,2.25,0,0,0,0,0,1,0,0,0
NEWS-29MILE-20210906,2015-06-05,,N1,0,0,0,89.1,112.9,166.4,409.5,69.6,58.2,9.007,0,0.2184,PROXY-spatial,0.0063,-0.0189,0.975,ANALYTICAL-ensemble,-0.012,8,14.45,0,32.6,266.0,60.0,0.0022,5.93,153.7,1.379,0.7304999999999999,364.2,1816.5,FOREST,0.474,,N1,NEWS-29MILE-20210906_N1_2015,2015.0,108.2,103.4,264.8,0.2121,0.987,89.1,6.0,0.975,6.750000000000004,0,0,0,0,0,1,0,0,0
NEWS-29MILE-20210906,2015-06-06,,N1,0,0,0,23.0,131.7,178.6,432.5,-66.1,70.9,9.206,0,0.2267,PROXY-spatial,0.0083,0.0212,0.971,ANALYTICAL-ensemble,-0.012,8,14.45,0,32.6,266.0,60.0,0.0022,5.93,153.7,1.379,0.7304999999999999,364.2,1816.5,FOREST,0.474,,N1,NEWS-29MILE-20210906_N1_2015,2015.0,107.7,114.2,273.8,0.2184,0.983,89.1,6.0,0.971,11.850000000000009,0,0,0,0,0,1,0,0,0
NEWS-29MILE-20210906,2015-06-07,,N1,0,0,0,120.4,232.5,287.8,552.4,97.4,160.6,26.316,0,0.2523,PROXY-spatial,0.0339,0.0698,0.961,ANALYTICAL-ensemble,-0.023,8,14.45,0,32.6,266.0,60.0,0.0022,5.93,153.7,1.379,0.7304999999999999,364.2,1816.5,FOREST,0.474,,N1,NEWS-29MILE-20210906_N1_2015,2015.0,127.2,103.6,275.8,0.2184,0.984,120.4,6.0,0.961,24.83571428571428,0,0,0,0,0,1,0,0,0
NEWS-29MILE-20210906,2015-06-08,,N1,0,0,0,92.6,235.9,361.5,645.0,-27.8,195.1,34.148,0,0.2508,PROXY-spatial,0.0324,0.0387,0.944,ANALYTICAL-ensemble,-0.039,8,14.45,0,32.6,266.0,60.0,0.0022,5.93,153.7,1.379,0.7304999999999999,364.2,1816.5,FOREST,0.474,,N1,NEWS-29MILE-20210906_N1_2015,2015.0,166.4,122.5,294.7,0.2184,0.983,120.4,6.0,0.944,41.83928571428571,0,0,0,0,0,1,0,0,0
NEWS-29MILE-20210906,2015-06-09,,N1,0,0,0,15.4,228.4,364.3,660.4,-77.2,185.7,36.589,0,0.2559,PROXY-spatial,0.0292,0.0438,0.943,ANALYTICAL-ensemble,-0.039,8,14.45,0,32.6,266.0,60.0,0.0022,5.93,153.7,1.379,0.7304999999999999,364.2,1816.5,FOREST,0.474,,N1,NEWS-29MILE-20210906_N1_2015,2015.0,178.6,108.2,304.6,0.2267,0.982,120.4,6.0,0.943,48.56428571428572,0,0,0,0,0,1,0,0,0
NEWS-29MILE-20210906,2015-06-10,,N1,0,0,0,14.3,122.4,374.4,661.8,-1.1,86.6,38.107,0,0.2552,PROXY-spatial,0.0029,0.0368,0.944,ANALYTICAL-ensemble,-0.038,8,14.45,0,32.6,266.0,60.0,0.0022,5.93,153.7,1.379,0.7304999999999999,364.2,1816.5,FOREST,0.474,,N1,NEWS-29MILE-20210906_N1_2015,2015.0,287.8,107.7,307.7,0.2523,0.982,120.4,7.0,0.943,47.153571428571425,0,0,0,0,0,1,0,0,0
NEWS-29MILE-20210906,2015-06-11,,N1,0,0,0,58.9,88.7,413.8,720.6,44.6,52.3,40.943,0,0.2576,PROXY-spatial,0.0068,0.0392,0.944,ANALYTICAL-ensemble,-0.038,8,14.45,0,32.6,266.0,60.0,0.0022,5.93,153.7,1.379,0.7304999999999999,364.2,1816.5,FOREST,0.474,,N1,NEWS-29MILE-20210906_N1_2015,2015.0,361.5,127.2,320.9,0.2508,0.982,120.4,7.0,0.943,43.225,0,0,0,0,0,1,0,0,0
NEWS-29MILE-20210906,2015-06-12,,N1,0,0,0,34.3,107.6,359.0,753.7,-24.6,-5.3,27.509,0,0.2606,PROXY-spatial,0.0047,0.0422,0.943,ANALYTICAL-ensemble,-0.032,8,14.45,0,32.6,266.0,60.0,0.0022,5.93,153.7,1.379,0.7304999999999999,364.2,1816.5,FOREST,0.474,,N1,NEWS-29MILE-20210906_N1_2015,2015.0,364.3,166.4,409.5,0.2559,0.975,120.4,7.0,0.943,28.789285714285704,0,0,0,0,0,1,0,0,0
NEWS-29MILE-20210906,2015-06-13,,N1,0,0,0,17.1,110.4,353.1,755.3,-17.2,-21.3,24.925,0,0.2678,PROXY-spatial,0.0126,0.0411,0.942,ANALYTICAL-ensemble,-0.029,8,14.45,0,32.6,266.0,60.0,0.0022,5.93,153.7,1.379,0.7304999999999999,364.2,1816.5,FOREST,0.474,,N1,NEWS-29MILE-20210906_N1_2015,2015.0,374.4,178.6,432.5,0.2552,0.971,120.4,7.0,0.942,8.585714285714301,0,0,0,0,0,1,0,0,0
NEWS-29MILE-20210906,2015-06-14,,N1,0,0,0,52.1,103.6,284.9,799.1,35.0,-128.9,-0.416,0,0.2662,PROXY-spatial,0.0086,0.0139,0.942,ANALYTICAL-ensemble,-0.019,8,14.45,0,32.6,266.0,60.0,0.0022,5.93,153.7,1.379,0.7304999999999999,364.2,1816.5,FOREST,0.474,,N1,NEWS-29MILE-20210906_N1_2015,2015.0,413.8,287.8,552.4,0.2576,0.961,92.6,7.0,0.942,-9.55714285714283,0,0,0,0,0,1,0,0,0
NEWS-APDARA-20200627,2020-04-28,60.0,bg,0,0,0,2.1,10.3,28.5,170.3,-4.1,-37.3,-5.4,1,,MISSING (window-absent),,,1.419,ANALYTICAL-ensemble,0.003,9,9.48,7,24.0,2513.0,343.0,0.0044,6.29,106.9,0.0,0.859,1957.3,2407.0,FOREST,0.112,2423.2,POS,NEWS-APDARA-20200627,,,,,,,2.1,0.0,1.419,,1,0,0,0,0,1,0,0,4
NEWS-APDARA-20200627,2020-04-29,59.0,bg,0,0,0,0.9,9.1,23.0,171.1,-1.2,-27.7,-7.1,2,,MISSING (window-absent),,,1.419,ANALYTICAL-ensemble,0.003,9,9.48,7,24.0,2513.0,343.0,0.0044,6.29,106.9,0.0,0.859,1957.3,2407.0,FOREST,0.112,2423.2,POS,NEWS-APDARA-20200627,,,,,,,2.1,0.0,1.419,,1,0,0,0,0,1,0,0,4
NEWS-APDARA-20200627,2020-04-30,58.0,bg,0,0,0,8.5,11.4,25.1,179.4,7.6,-23.7,-7.7,0,,MISSING (window-absent),,,1.418,ANALYTICAL-ensemble,0.007,9,9.48,7,24.0,2513.0,343.0,0.0044,6.29,106.9,0.0,0.859,1957.3,2407.0,FOREST,0.112,2423.2,POS,NEWS-APDARA-20200627,,,,,,,8.5,0.0,1.418,,1,0,0,0,0,1,0,0,4
NEWS-APDARA-20200627,2020-05-01,57.0,bg,0,0,0,10.5,19.9,31.3,190.0,2.0,2.8,-5.814,0,,MISSING (window-absent),,,1.416,ANALYTICAL-ensemble,0.004,9,9.48,7,24.0,2513.0,343.0,0.0044,6.29,106.9,0.0,0.859,1957.3,2407.0,FOREST,0.112,2423.2,POS,NEWS-APDARA-20200627,,28.5,,,,,10.5,1.0,1.416,1.0499999999999978,1,0,0,0,0,1,0,0,4
NEWS-APDARA-20200627,2020-05-02,56.0,bg,0,0,0,2.3,21.3,32.5,162.1,-8.2,9.5,-4.757,1,,MISSING (window-absent),,,1.418,ANALYTICAL-ensemble,0.006,9,9.48,7,24.0,2513.0,343.0,0.0044,6.29,106.9,0.0,0.859,1957.3,2407.0,FOREST,0.112,2423.2,POS,NEWS-APDARA-20200627,,23.0,,,,,10.5,1.0,1.416,1.629999999999997,1,0,0,0,0,1,0,0,4
NEWS-APDARA-20200627,2020-05-03,55.0,bg,0,0,0,1.4,14.3,31.9,163.0,-0.9,6.8,-2.686,2,,MISSING (window-absent),,,1.419,ANALYTICAL-ensemble,0.004,9,9.48,7,24.0,2513.0,343.0,0.0044,6.29,106.9,0.0,0.859,1957.3,2407.0,FOREST,0.112,2423.2,POS,NEWS-APDARA-20200627,,25.1,,,,,10.5,1.0,1.416,1.4771428571428566,1,0,0,0,0,1,0,0,4
NEWS-APDARA-20200627,2020-05-04,54.0,bg,0,0,0,0.3,4.1,26.0,163.4,-1.1,-5.3,-3.257,3,,MISSING (window-absent),,,1.42,ANALYTICAL-ensemble,0.002,9,9.48,7,24.0,2513.0,343.0,0.0044,6.29,106.9,0.0,0.859,1957.3,2407.0,FOREST,0.112,2423.2,POS,NEWS-APDARA-20200627,,31.3,,,,,10.5,1.0,1.416,0.6321428571428567,1,0,0,0,0,1,0,0,4
NEWS-APDARA-20200627,2020-05-05,53.0,bg,0,0,0,3.8,5.5,27.7,167.1,3.5,-4.8,-0.114,0,,MISSING (window-absent),,,1.42,ANALYTICAL-ensemble,0.001,9,9.48,7,24.0,2513.0,343.0,0.0044,6.29,106.9,0.0,0.859,1957.3,2407.0,FOREST,0.112,2423.2,POS,NEWS-APDARA-20200627,,32.5,28.5,170.3,,1.419,10.5,1.0,1.416,0.5892857142857151,1,0,0,0,0,1,0,0,4
NEWS-APDARA-20200627,2020-05-06,52.0,bg,0,0,0,0.0,4.1,26.8,167.1,-3.8,-5.1,0.543,1,,MISSING (window-absent),,,1.42,ANALYTICAL-ensemble,0.001,9,9.48,7,24.0,2513.0,343.0,0.0044,6.29,106.9,0.0,0.859,1957.3,2407.0,FOREST,0.112,2423.2,POS,NEWS-APDARA-20200627,,31.9,23.0,171.1,,1.419,10.5,1.0,1.416,-0.3071428571428573,1,0,0,0,0,1,0,0,4
NEWS-APDARA-20200627,2020-05-07,51.0,bg,0,0,0,13.6,17.3,31.9,179.9,13.6,5.9,0.971,0,,MISSING (window-absent),,,1.419,ANALYTICAL-ensemble,0.001,9,9.48,7,24.0,2513.0,343.0,0.0044,6.29,106.9,0.0,0.859,1957.3,2407.0,FOREST,0.112,2423.2,POS,NEWS-APDARA-20200627,,26.0,25.1,179.4,,1.418,13.6,2.0,1.416,-0.4928571428571427,1,0,0,0,0,1,0,0,4
NEWS-APDARA-20200627,2020-05-08,50.0,bg,0,0,0,1.8,15.3,23.2,174.0,-11.8,-4.5,-1.157,1,,MISSING (window-absent),,,1.419,ANALYTICAL-ensemble,0.003,9,9.48,7,24.0,2513.0,343.0,0.0044,6.29,106.9,0.0,0.859,1957.3,2407.0,FOREST,0.112,2423.2,POS,NEWS-APDARA-20200627,,27.7,31.3,190.0,,1.416,13.6,1.0,1.416,-0.9678571428571431,1,0,0,0,0,1,0,0,4
NEWS-APDARA-20200627,2020-05-09,49.0,bg,0,0,0,0.0,15.3,20.8,174.0,-1.8,-6.0,-1.671,2,,MISSING (window-absent),,,1.42,ANALYTICAL-ensemble,0.002,9,9.48,7,24.0,2513.0,343.0,0.0044,6.29,106.9,0.0,0.859,1957.3,2407.0,FOREST,0.112,2423.2,POS,NEWS-APDARA-20200627,,26.8,32.5,162.1,,1.418,13.6,1.0,1.416,-1.2392857142857148,1,0,0,0,0,1,0,0,4
NEWS-APDARA-20200627,2020-05-10,48.0,bg,0,0,0,0.0,1.8,19.4,145.7,0.0,-12.5,-1.786,3,,MISSING (window-absent),,,1.421,ANALYTICAL-ensemble,0.002,9,9.48,7,24.0,2513.0,343.0,0.0044,6.29,106.9,0.0,0.859,1957.3,2407.0,FOREST,0.112,2423.2,POS,NEWS-APDARA-20200627,,31.9,31.9,163.0,,1.419,13.6,1.0,1.416,-1.3285714285714296,1,0,0,0,0,1,0,0,4
NEWS-APDARA-20200627,2020-05-11,47.0,bg,0,0,0,2.8,2.8,21.9,148.5,2.8,-1.3,-0.586,0,,MISSING (window-absent),,,1.421,ANALYTICAL-ensemble,0.001,9,9.48,7,24.0,2513.0,343.0,0.0044,6.29,106.9,0.0,0.859,1957.3,2407.0,FOREST,0.112,2423.2,POS,NEWS-APDARA-20200627,,23.2,26.0,163.4,,1.42,13.6,1.0,1.416,-1.546428571428572,1,0,0,0,0,1,0,0,4
NEWS-APDARA-20200627,2020-05-12,46.0,bg,0,0,0,1.3,4.1,19.4,141.9,-1.5,-1.4,-1.186,1,,MISSING (window-absent),,,1.421,ANALYTICAL-ensemble,0.001,9,9.48,7,24.0,2513.0,343.0,0.0044,6.29,106.9,0.0,0.859,1957.3,2407.0,FOREST,0.112,2423.2,POS,NEWS-APDARA-20200627,,20.8,27.7,167.1,,1.42,13.6,1.0,1.416,-1.6428571428571432,1,0,0,0,0,1,0,0,4
NEWS-APDARA-20200627,2020-05-13,45.0,bg,0,0,0,8.4,12.5,27.8,150.4,7.1,8.4,0.143,0,,MISSING (window-absent),,,1.421,ANALYTICAL-ensemble,0.001,9,9.48,7,24.0,2513.0,343.0,0.0044,6.29,106.9,0.0,0.859,1957.3,2407.0,FOREST,0.112,2423.2,POS,NEWS-APDARA-20200627,,19.4,26.8,167.1,,1.42,13.6,1.0,1.416,-0.6714285714285713,1,0,0,0,0,1,0,0,4
NEWS-APDARA-20200627,2020-05-14,44.0,bg,0,0,0,0.0,9.7,14.3,150.4,-8.4,-7.6,-2.514,1,,MISSING (window-absent),,,1.42,ANALYTICAL-ensemble,0.001,9,9.48,7,24.0,2513.0,343.0,0.0044,6.29,106.9,0.0,0.859,1957.3,2407.0,FOREST,0.112,2423.2,POS,NEWS-APDARA-20200627,,21.9,31.9,179.9,,1.419,8.4,0.0,1.416,-0.45357142857142946,1,0,0,0,0,1,0,0,4
NEWS-APDARA-20200627,2020-05-15,43.0,bg,0,0,0,13.3,21.7,25.8,163.6,13.3,6.4,0.371,0,,MISSING (window-absent),,,1.42,ANALYTICAL-ensemble,0.001,9,9.48,7,24.0,2513.0,343.0,0.0044,6.29,106.9,0.0,0.859,1957.3,2407.0,FOREST,0.112,2423.2,POS,NEWS-APDARA-20200627,,19.4,23.2,174.0,,1.419,13.3,1.0,1.418,0.3821428571428577,1,0,0,0,0,1,0,0,4
NEWS-APDARA-20200627,2020-05-16,42.0,bg,0,0,0,30.8,44.1,56.5,194.4,17.5,28.7,5.1,0,,MISSING (window-absent),,,1.413,ANALYTICAL-ensemble,-0.007,9,9.48,7,24.0,2513.0,343.0,0.0044,6.29,106.9,0.0,0.859,1957.3,2407.0,FOREST,0.112,2423.2,POS,NEWS-APDARA-20200627,,27.8,20.8,174.0,,1.42,30.8,2.0,1.413,4.071428571428571,1,0,0,0,0,1,0,0,4
NEWS-APDARA-20200627,2020-05-17,41.0,bg,0,0,0,17.6,61.6,74.1,200.5,-13.2,59.8,7.814,0,,MISSING (window-absent),,,1.405,ANALYTICAL-ensemble,-0.016,9,9.48,7,24.0,2513.0,343.0,0.0044,6.29,106.9,0.0,0.859,1957.3,2407.0,FOREST,0.112,2423.2,POS,NEWS-APDARA-20200627,,14.3,19.4,145.7,,1.421,30.8,3.0,1.405,8.17142857142857,1,0,0,0,0,1,0,0,4
NEWS-APDARA-20200627,2020-05-18,40.0,bg,0,0,0,0.8,49.1,72.1,194.0,-16.8,46.3,7.171,1,,MISSING (window-absent),,,1.4,ANALYTICAL-ensemble,-0.021,9,9.48,7,24.0,2513.0,343.0,0.0044,6.29,106.9,0.0,0.859,1957.3,2407.0,FOREST,0.112,2423.2,POS,NEWS-APDARA-20200627,,25.8,21.9,148.5,,1.421,30.8,3.0,1.4,10.460714285714285,1,0,0,0,0,1,0,0,4
NEWS-APDARA-20200627,2020-05-19,39.0,bg,0,0,0,1.9,20.2,72.7,178.7,1.1,16.2,7.614,2,,MISSING (window-absent),,,1.41,ANALYTICAL-ensemble,-0.011,9,9.48,7,24.0,2513.0,343.0,0.0044,6.29,106.9,0.0,0.859,1957.3,2407.0,FOREST,0.112,2423.2,POS,NEWS-APDARA-20200627,,56.5,19.4,141.9,,1.421,30.8,3.0,1.4,10.664285714285711,1,0,0,0,0,1,0,0,4
NEWS-APDARA-20200627,2020-05-20,38.0,bg,0,0,0,0.5,3.1,64.8,171.2,-1.4,-9.3,5.286,3,0.3831,PROXY-spatial,,,1.415,ANALYTICAL-ensemble,-0.006,9,9.48,7,24.0,2513.0,343.0,0.0044,6.29,106.9,0.0,0.859,1957.3,2407.0,FOREST,0.112,2423.2,POS,NEWS-APDARA-20200627,,74.1,27.8,150.4,,1.421,30.8,3.0,1.4,9.31785714285714,0,0,0,0,0,1,0,0,4
NEWS-APDARA-20200627,2020-05-21,37.0,bg,0,0,0,19.8,22.2,84.6,168.6,19.3,12.5,10.043,0,0.3831,PROXY-spatial,,,1.418,ANALYTICAL-ensemble,-0.002,9,9.48,7,24.0,2513.0,343.0,0.0044,6.29,106.9,0.0,0.859,1957.3,2407.0,FOREST,0.112,2423.2,POS,NEWS-APDARA-20200627,,72.1,14.3,150.4,,1.42,30.8,4.0,1.4,6.84285714285714,0,0,0,0,0,1,0,0,4
NEWS-APDARA-20200627,2020-05-22,36.0,bg,0,0,0,12.7,33.0,84.0,174.9,-7.1,11.3,8.314,0,0.3831,PROXY-spatial,,,1.415,ANALYTICAL-ensemble,-0.005,9,9.48,7,24.0,2513.0,343.0,0.0044,6.29,106.9,0.0,0.859,1957.3,2407.0,FOREST,0.112,2423.2,POS,NEWS-APDARA-20200627,,72.7,25.8,163.6,,1.42,30.8,4.0,1.4,3.4357142857142877,0,0,0,0,0,1,0,0,4
NEWS-APDARA-20200627,2020-05-23,35.0,bg,0,0,0,6.1,38.6,59.3,174.7,-6.6,-5.5,0.4,0,0.3831,PROXY-spatial,0.0,,1.409,ANALYTICAL-ensemble,-0.004,9,9.48,7,24.0,2513.0,343.0,0.0044,6.29,106.9,0.0,0.859,1957.3,2407.0,FOREST,0.112,2423.2,POS,NEWS-APDARA-20200627,,64.8,56.5,194.4,0.3831,1.413,19.8,3.0,1.4,-0.3107142857142872,0,0,0,0,0,1,0,0,4
NEWS-APDARA-20200627,2020-05-24,34.0,bg,0,0,0,31.0,49.8,72.7,201.3,24.9,-11.9,-0.2,0,0.3489,PROXY-spatial,-0.0342,,1.401,ANALYTICAL-ensemble,-0.004,9,9.48,7,24.0,2513.0,343.0,0.0044,6.29,106.9,0.0,0.859,1957.3,2407.0,FOREST,0.112,2423.2,POS,NEWS-APDARA-20200627,,84.6,74.1,200.5,0.3831,1.405,31.0,3.0,1.4,-0.20714285714285896,0,0,0,0,0,1,0,0,4
NEWS-APDARA-20200627,2020-05-25,33.0,bg,0,0,0,24.4,61.6,96.4,224.6,-6.6,12.4,3.471,0,0.325,PROXY-spatial,-0.0581,,1.393,ANALYTICAL-ensemble,-0.007,9,9.48,7,24.0,2513.0,343.0,0.0044,6.29,106.9,0.0,0.859,1957.3,2407.0,FOREST,0.112,2423.2,POS,NEWS-APDARA-20200627,,84.0,72.1,194.0,0.3831,1.4,31.0,4.0,1.393,2.2000000000000024,0,0,0,0,0,1,0,0,4
NEWS-APDARA-20200627,2020-05-26,32.0,bg,0,0,0,14.2,69.6,108.7,236.8,-10.2,49.4,5.143,0,0.3167,PROXY-spatial,-0.0664,,1.393,ANALYTICAL-ensemble,-0.017,9,9.48,7,24.0,2513.0,343.0,0.0044,6.29,106.9,0.0,0.859,1957.3,2407.0,FOREST,0.112,2423.2,POS,NEWS-APDARA-20200627,,59.3,72.7,178.7,0.3831,1.41,31.0,5.0,1.393,5.1428571428571415,0,0,0,0,0,1,0,0,4
NEWS-APDARA-20200627,2020-05-27,31.0,bg,0,0,0,2.0,40.6,110.1,232.5,-12.2,37.4,6.471,1,0.289,PROXY-spatial,-0.0599,-0.0941,1.393,ANALYTICAL-ensemble,-0.022,9,9.48,7,24.0,2513.0,343.0,0.0044,6.29,106.9,0.0,0.859,1957.3,2407.0,FOREST,0.112,2423.2,POS,NEWS-APDARA-20200627,,72.7,64.8,171.2,0.3489,1.415,31.0,5.0,1.393,5.821428571428574,0,0,0,0,0,1,0,0,4
NEWS-APDARA-20200627,2020-05-28,30.0,pre,0,0,0,1.9,18.0,92.3,232.3,-0.1,-4.1,1.1,2,0.289,PROXY-spatial,-0.036,-0.0941,1.395,ANALYTICAL-ensemble,-0.023,9,9.48,7,24.0,2513.0,343.0,0.0044,6.29,106.9,0.0,0.859,1957.3,2407.0,FOREST,0.112,2423.2,POS,NEWS-APDARA-20200627,,96.4,84.6,168.6,0.325,1.418,31.0,4.0,1.393,5.803571428571428,0,0,0,0,0,1,0,0,4
NEWS-APDARA-20200627,2020-05-29,29.0,pre,0,0,0,0.0,3.9,79.6,231.5,-1.9,-29.1,-0.629,3,0.289,PROXY-spatial,-0.0277,-0.0941,1.395,ANALYTICAL-ensemble,-0.02,9,9.48,7,24.0,2513.0,343.0,0.0044,6.29,106.9,0.0,0.859,1957.3,2407.0,FOREST,0.112,2423.2,POS,NEWS-APDARA-20200627,,108.7,84.0,174.9,0.3167,1.415,31.0,3.0,1.393,4.064285714285711,0,0,0,0,0,1,0,0,4
NEWS-APDARA-20200627,2020-05-30,28.0,pre,0,0,0,12.9,14.8,86.4,235.9,12.9,-23.7,3.871,0,0.2823,PROXY-spatial,-0.0067,-0.1008,1.395,ANALYTICAL-ensemble,-0.014,9,9.48,7,24.0,2513.0,343.0,0.0044,6.29,106.9,0.0,0.859,1957.3,2407.0,FOREST,0.112,2423.2,POS,NEWS-APDARA-20200627,,110.1,59.3,174.7,0.289,1.409,31.0,4.0,1.393,-0.31785714285714,0,0,0,0,0,1,0,0,4
NEWS-APDARA-20200627,2020-05-31,27.0,pre,0,0,0,16.6,29.5,72.0,242.0,3.7,-20.3,-0.1,0,0.2636,PROXY-spatial,-0.0254,-0.0853,1.394,ANALYTICAL-ensemble,-0.007,9,9.48,7,24.0,2513.0,343.0,0.0044,6.29,106.9,0.0,0.859,1957.3,2407.0,FOREST,0.112,2423.2,POS,NEWS-APDARA-20200627,,92.3,72.7,201.3,0.289,1.401,24.4,4.0,1.393,-5.296428571428571,0,0,0,0,0,1,0,0,4
NEWS-APDARA-20200627,2020-06-01,26.0,pre,0,0,0,4.8,34.3,52.3,244.5,-11.8,-27.3,-6.3,0,0.2603,PROXY-spatial,-0.0287,-0.0647,1.393,ANALYTICAL-ensemble,0.0,9,9.48,7,24.0,2513.0,343.0,0.0044,6.29,106.9,0.0,0.859,1957.3,2407.0,FOREST,0.112,2423.2,POS,NEWS-APDARA-20200627,,79.6,96.4,224.6,0.289,1.393,16.6,3.0,1.393,-8.974999999999998,0,0,0,0,0,1,0,0,4
NEWS-APDARA-20200627,2020-06-02,25.0,pre,0,0,0,2.3,23.7,40.5,245.4,-2.5,-45.9,-9.743,1,0.2243,PROXY-spatial,-0.058,-0.0924,1.394,ANALYTICAL-ensemble,0.001,9,9.48,7,24.0,2513.0,343.0,0.0044,6.29,106.9,0.0,0.859,1957.3,2407.0,FOREST,0.112,2423.2,POS,NEWS-APDARA-20200627,,86.4,108.7,236.8,0.2823,1.393,16.6,2.0,1.393,-10.585714285714284,0,0,0,0,0,1,0,0,4
NEWS-APDARA-20200627,2020-06-03,24.0,pre,0,0,0,14.0,21.2,52.6,259.1,11.7,-19.4,-8.214,0,0.2133,PROXY-spatial,-0.0503,-0.0757,1.392,ANALYTICAL-ensemble,-0.001,9,9.48,7,24.0,2513.0,343.0,0.0044,6.29,106.9,0.0,0.859,1957.3,2407.0,FOREST,0.112,2423.2,POS,NEWS-APDARA-20200627,,72.0,110.1,232.5,0.2636,1.393,16.6,3.0,1.392,-8.264285714285714,0,0,0,0,0,1,0,0,4
NEWS-APDARA-20200627,2020-06-04,23.0,pre,0,0,0,7.4,23.7,58.1,262.7,-6.6,5.8,-4.886,0,0.2239,PROXY-spatial,-0.0364,-0.0651,1.392,ANALYTICAL-ensemble,-0.003,9,9.48,7,24.0,2513.0,343.0,0.0044,6.29,106.9,0.0,0.859,1957.3,2407.0,FOREST,0.112,2423.2,POS,NEWS-APDARA-20200627,,52.3,92.3,232.3,0.2603,1.395,16.6,3.0,1.392,-5.842857142857144,0,0,0,0,0,1,0,0,4
NEWS-APDARA-20200627,2020-06-05,22.0,pre,0,0,0,2.0,23.4,60.0,264.7,-5.4,19.5,-2.8,1,0.2239,PROXY-spatial,-0.0004,-0.0651,1.394,ANALYTICAL-ensemble,-0.001,9,9.48,7,24.0,2513.0,343.0,0.0044,6.29,106.9,0.0,0.859,1957.3,2407.0,FOREST,0.112,2423.2,POS,NEWS-APDARA-20200627,,40.5,79.6,231.5,0.2243,1.395,16.6,3.0,1.392,-3.8107142857142895,0,0,0,0,0,1,0,0,4
NEWS-APDARA-20200627,2020-06-06,21.0,pre,0,0,0,9.0,18.3,56.1,260.1,7.0,3.5,-4.329,0,0.2327,PROXY-spatial,0.0194,-0.0496,1.394,ANALYTICAL-ensemble,-0.001,9,9.48,7,24.0,2513.0,343.0,0.0044,6.29,106.9,0.0,0.859,1957.3,2407.0,FOREST,0.112,2423.2,POS,NEWS-APDARA-20200627,,52.6,86.4,235.9,0.2133,1.395,16.6,2.0,1.392,-0.5250000000000009,0,0,0,0,0,1,0,0,4
NEWS-APDARA-20200627,2020-06-07,20.0,pre,0,0,0,5.6,16.5,45.1,263.9,-3.4,-13.0,-3.843,0,0.2396,PROXY-spatial,0.0157,-0.024,1.394,ANALYTICAL-ensemble,0.0,9,9.48,7,24.0,2513.0,343.0,0.0044,6.29,106.9,0.0,0.859,1957.3,2407.0,FOREST,0.112,2423.2,POS,NEWS-APDARA-20200627,,58.1,72.0,242.0,0.2239,1.394,14.0,1.0,1.392,0.6071428571428554,0,0,0,0,0,1,0,0,4
NEWS-APDARA-20200627,2020-06-08,19.0,pre,0,0,0,0.0,14.5,40.3,263.9,-5.6,-19.7,-1.714,1,0.2524,PROXY-spatial,0.0285,-0.0079,1.394,ANALYTICAL-ensemble,0.001,9,9.48,7,24.0,2513.0,343.0,0.0044,6.29,106.9,0.0,0.859,1957.3,2407.0,FOREST,0.112,2423.2,POS,NEWS-APDARA-20200627,,60.0,52.3,244.5,0.2239,1.393,14.0,1.0,1.392,-0.6285714285714292,0,0,0,0,0,1,0,0,4
NEWS-APDARA-20200627,2020-06-09,18.0,pre,0,0,0,36.1,41.7,74.0,300.0,36.1,17.9,4.786,0,0.263,PROXY-spatial,0.0303,0.0387,1.39,ANALYTICAL-ensemble,-0.004,9,9.48,7,24.0,2513.0,343.0,0.0044,6.29,106.9,0.0,0.859,1957.3,2407.0,FOREST,0.112,2423.2,POS,NEWS-APDARA-20200627,,56.1,40.5,245.4,0.2327,1.394,36.1,2.0,1.39,0.4892857142857155,0,0,0,0,0,1,0,0,4
NEWS-APDARA-20200627,2020-06-10,17.0,pre,0,0,0,0.2,36.2,60.2,297.3,-35.9,15.1,1.086,1,0.2732,PROXY-spatial,0.0336,0.0599,1.389,ANALYTICAL-ensemble,-0.003,9,9.48,7,24.0,2513.0,343.0,0.0044,6.29,106.9,0.0,0.859,1957.3,2407.0,FOREST,0.112,2423.2,POS,NEWS-APDARA-20200627,,45.1,52.6,259.1,0.2396,1.392,36.1,1.0,1.389,0.6607142857142871,0,0,0,0,0,1,0,0,4
NEWS-APDARA-20200627,2020-06-11,16.0,pre,0,0,0,2.7,38.9,55.4,298.7,2.5,15.1,-0.386,0,0.2766,PROXY-spatial,0.0242,0.0527,1.39,ANALYTICAL-ensemble,-0.002,9,9.48,7,24.0,2513.0,343.0,0.0044,6.29,106.9,0.0,0.859,1957.3,2407.0,FOREST,0.112,2423.2,POS,NEWS-APDARA-20200627,,40.3,58.1,262.7,0.2524,1.392,36.1,1.0,1.389,0.8321428571428587,0,0,0,0,0,1,0,0,4
NEWS-APDARA-20200627,2020-06-12,15.0,pre,0,0,0,2.1,4.9,55.5,292.4,-0.6,-18.5,-0.643,1,0.2792,PROXY-spatial,0.0162,0.0553,1.393,ANALYTICAL-ensemble,-0.001,9,9.48,7,24.0,2513.0,343.0,0.0044,6.29,106.9,0.0,0.859,1957.3,2407.0,FOREST,0.112,2423.2,POS,NEWS-APDARA-20200627,,74.0,60.0,264.7,0.263,1.394,36.1,1.0,1.389,1.3821428571428565,0,0,0,0,0,1,0,0,4
NEWS-APDARA-20200627,2020-06-13,14.0,pre,1,0,0,20.6,25.3,67.1,313.0,18.5,6.9,1.571,0,0.2732,PROXY-spatial,0.0,0.0405,1.39,ANALYTICAL-ensemble,-0.004,9,9.48,7,24.0,2513.0,343.0,0.0044,6.29,106.9,0.0,0.859,1957.3,2407.0,FOREST,0.112,2423.2,POS,NEWS-APDARA-20200627,,60.2,56.1,260.1,0.2732,1.394,36.1,2.0,1.389,2.778571428571427,0,0,0,0,0,1,0,0,4
NEWS-APDARA-20200627,2020-06-14,13.0,pre,1,0,0,33.8,56.4,95.3,333.4,13.2,39.9,7.171,0,0.2717,PROXY-spatial,-0.0049,0.0321,1.389,ANALYTICAL-ensemble,-0.005,9,9.48,7,24.0,2513.0,343.0,0.0044,6.29,106.9,0.0,0.859,1957.3,2407.0,FOREST,0.112,2423.2,POS,NEWS-APDARA-20200627,,55.4,45.1,263.9,0.2766,1.394,36.1,3.0,1.389,5.232142857142859,0,0,0,0,0,1,0,0,4
NEWS-APDARA-20200627,2020-06-15,12.0,pre,1,0,0,18.9,73.2,114.2,321.6,-14.9,58.7,10.557,0,0.2626,PROXY-spatial,-0.0166,0.0102,1.386,ANALYTICAL-ensemble,-0.008,9,9.48,7,24.0,2513.0,343.0,0.0044,6.29,106.9,0.0,0.859,1957.3,2407.0,FOREST,0.112,2423.2,POS,NEWS-APDARA-20200627,,55.5,40.3,263.9,0.2792,1.394,36.1,4.0,1.386,7.232142857142854,0,0,0,0,0,1,0,0,4
NEWS-APDARA-20200627,2020-06-16,11.0,pre,1,0,0,27.1,79.7,105.2,331.1,8.2,38.1,4.457,0,0.2719,PROXY-spatial,-0.0013,0.0089,1.384,ANALYTICAL-ensemble,-0.006,9,9.48,7,24.0,2513.0,343.0,0.0044,6.29,106.9,0.0,0.859,1957.3,2407.0,FOREST,0.112,2423.2,POS,NEWS-APDARA-20200627,,67.1,74.0,300.0,0.2732,1.39,33.8,4.0,1.384,10.442857142857147,0,0,0,0,0,1,0,0,4
NEWS-APDARA-20200627,2020-06-17,10.0,pre,1,0,0,3.2,49.2,108.2,333.5,-23.9,12.9,6.857,0,0.2716,PROXY-spatial,-0.0001,-0.0016,1.377,ANALYTICAL-ensemble,-0.012,9,9.48,7,24.0,2513.0,343.0,0.0044,6.29,106.9,0.0,0.859,1957.3,2407.0,FOREST,0.112,2423.2,POS,NEWS-APDARA-20200627,,95.3,60.2,297.3,0.2717,1.389,33.8,4.0,1.377,10.889285714285712,0,0,0,0,0,1,0,0,4
NEWS-APDARA-20200627,2020-06-18,9.0,pre,1,0,0,80.7,110.9,186.2,412.3,77.5,72.0,18.686,0,0.2661,PROXY-spatial,0.0035,-0.0105,1.346,ANALYTICAL-ensemble,-0.044,9,9.48,7,24.0,2513.0,343.0,0.0044,6.29,106.9,0.0,0.859,1957.3,2407.0,FOREST,0.112,2423.2,POS,NEWS-APDARA-20200627,,114.2,55.4,298.7,0.2626,1.39,80.7,5.0,1.346,17.29285714285714,0,0,0,0,0,1,0,0,4
NEWS-APDARA-20200627,2020-06-19,8.0,pre,1,0,0,45.5,129.3,229.6,457.2,-35.2,124.4,24.871,0,0.2589,PROXY-spatial,-0.013,-0.0203,1.342,ANALYTICAL-ensemble,-0.051,9,9.48,7,24.0,2513.0,343.0,0.0044,6.29,106.9,0.0,0.859,1957.3,2407.0,FOREST,0.112,2423.2,POS,NEWS-APDARA-20200627,,105.2,55.5,292.4,0.2719,1.393,80.7,6.0,1.342,23.689285714285717,0,0,0,0,0,1,0,0,4
NEWS-APDARA-20200627,2020-06-20,7.0,pre,1,1,0,16.1,142.3,225.2,453.6,-29.4,117.0,22.586,0,0.2561,PROXY-spatial,-0.0155,-0.0171,1.342,ANALYTICAL-ensemble,-0.048,9,9.48,7,24.0,2513.0,343.0,0.0044,6.29,106.9,0.0,0.859,1957.3,2407.0,FOREST,0.112,2423.2,POS,NEWS-APDARA-20200627,,108.2,67.1,313.0,0.2716,1.39,80.7,6.0,1.342,25.05357142857142,0,0,0,0,0,1,0,0,4
NEWS-APDARA-20200627,2020-06-21,6.0,pre,1,1,0,15.1,76.7,206.6,456.1,-1.0,20.4,15.9,0,0.257,PROXY-spatial,-0.0091,-0.0147,1.345,ANALYTICAL-ensemble,-0.044,9,9.48,7,24.0,2513.0,343.0,0.0044,6.29,106.9,0.0,0.859,1957.3,2407.0,FOREST,0.112,2423.2,POS,NEWS-APDARA-20200627,,186.2,95.3,333.4,0.2661,1.389,80.7,6.0,1.342,22.807142857142857,0,0,0,0,0,1,0,0,4
NEWS-APDARA-20200627,2020-06-22,5.0,pre,1,1,0,28.7,59.9,216.3,478.6,13.6,-13.3,14.586,0,0.2546,PROXY-spatial,-0.0043,-0.008,1.341,ANALYTICAL-ensemble,-0.045,9,9.48,7,24.0,2513.0,343.0,0.0044,6.29,106.9,0.0,0.859,1957.3,2407.0,FOREST,0.112,2423.2,POS,NEWS-APDARA-20200627,,229.6,114.2,321.6,0.2589,1.386,80.7,6.0,1.341,20.325,0,0,0,0,0,1,0,0,4
NEWS-APDARA-20200627,2020-06-23,4.0,pre,1,1,0,27.3,71.1,216.6,474.9,-1.4,-8.6,15.914,0,0.2531,PROXY-spatial,-0.003,-0.0188,1.341,ANALYTICAL-ensemble,-0.043,9,9.48,7,24.0,2513.0,343.0,0.0044,6.29,106.9,0.0,0.859,1957.3,2407.0,FOREST,0.112,2423.2,POS,NEWS-APDARA-20200627,,225.2,105.2,331.1,0.2561,1.384,80.7,6.0,1.341,12.942857142857154,0,0,0,0,0,1,0,0,4
NEWS-APDARA-20200627,2020-06-24,3.0,pre,1,1,0,2.3,58.3,215.7,452.7,-25.0,9.1,15.357,1,0.2528,PROXY-spatial,-0.0042,-0.0188,1.345,ANALYTICAL-ensemble,-0.032,9,9.48,7,24.0,2513.0,343.0,0.0044,6.29,106.9,0.0,0.859,1957.3,2407.0,FOREST,0.112,2423.2,POS,NEWS-APDARA-20200627,,206.6,108.2,333.5,0.257,1.377,80.7,6.0,1.341,1.9142857142857124,0,0,0,0,0,1,0,0,4
NEWS-APDARA-20200627,2020-06-25,2.0,pre,1,1,0,13.6,43.2,148.6,452.1,11.3,-67.7,-5.371,0,0.2575,REAL,0.0029,-0.0086,1.345,ANALYTICAL-ensemble,-0.001,9,9.48,7,24.0,2513.0,343.0,0.0044,6.29,106.9,0.0,0.859,1957.3,2407.0,FOREST,0.112,2423.2,POS,NEWS-APDARA-20200627,,216.3,186.2,412.3,0.2546,1.346,45.5,6.0,1.341,-8.999999999999995,0,0,0,0,0,1,0,0,4
NEWS-APDARA-20200627,2020-06-26,1.0,pre,1,1,0,18.4,34.3,121.5,468.6,4.8,-95.1,-15.443,0,0.259,REAL,0.0059,0.0001,1.345,ANALYTICAL-ensemble,0.003,9,9.48,7,24.0,2513.0,343.0,0.0044,6.29,106.9,0.0,0.859,1957.3,2407.0,FOREST,0.112,2423.2,POS,NEWS-APDARA-20200627,,216.6,229.6,457.2,0.2531,1.342,28.7,6.0,1.341,-15.274999999999997,0,0,0,0,0,1,0,0,4
NEWS-APDARA-20200627,2018-04-28,,N0,0,0,0,0.3,3.3,123.2,260.0,-0.2,-28.6,10.86,2,,MISSING (window-absent),,,1.392,ANALYTICAL-ensemble,-0.026,9,9.48,5,24.0,2513.0,343.0,0.0044,6.29,106.9,0.0,0.859,1957.3,2407.0,FOREST,0.1,,N0,NEWS-APDARA-20200627_N0_2018,2018.0,,,,,,0.3,0.0,1.392,,1,0,0,0,0,1,0,0,4
NEWS-APDARA-20200627,2018-04-29,,N0,0,0,0,2.1,2.8,63.5,259.1,1.8,-90.9,-5.675,3,,MISSING (window-absent),,,1.394,ANALYTICAL-ensemble,-0.005,9,9.48,5,24.0,2513.0,343.0,0.0044,6.29,106.9,0.0,0.859,1957.3,2407.0,FOREST,0.1,,N0,NEWS-APDARA-20200627_N0_2018,2018.0,,,,,,2.1,0.0,1.392,,1,0,0,0,0,1,0,0,4
NEWS-APDARA-20200627,2018-04-30,,N0,0,0,0,38.5,40.8,69.7,297.3,36.4,-80.0,-9.008,0,,MISSING (window-absent),,,1.39,ANALYTICAL-ensemble,0.001,9,9.48,5,24.0,2513.0,343.0,0.0044,6.29,106.9,0.0,0.859,1957.3,2407.0,FOREST,0.1,,N0,NEWS-APDARA-20200627_N0_2018,2018.0,,,,,,38.5,1.0,1.39,,1,0,0,0,0,1,0,0,4
NEWS-APDARA-20200627,2018-05-01,,N0,0,0,0,8.1,48.7,55.8,304.7,-30.4,-67.4,-14.029,0,,MISSING (window-absent),,,1.387,ANALYTICAL-ensemble,-0.001,9,9.48,5,24.0,2513.0,343.0,0.0044,6.29,106.9,0.0,0.859,1957.3,2407.0,FOREST,0.1,,N0,NEWS-APDARA-20200627_N0_2018,2018.0,123.2,,,,,38.5,1.0,1.387,-19.6,1,0,0,0,0,1,0,0,4
NEWS-APDARA-20200627,2018-05-02,,N0,0,0,0,28.5,75.1,80.5,333.2,20.4,17.0,-10.185,0,,MISSING (window-absent),,,1.382,ANALYTICAL-ensemble,-0.006,9,9.48,5,24.0,2513.0,343.0,0.0044,6.29,106.9,0.0,0.859,1957.3,2407.0,FOREST,0.1,,N0,NEWS-APDARA-20200627_N0_2018,2018.0,63.5,,,,,38.5,2.0,1.382,-9.310000000000011,1,0,0,0,0,1,0,0,4
NEWS-APDARA-20200627,2018-05-03,,N0,0,0,0,2.7,39.3,80.6,335.9,-25.8,10.9,-10.543,0,,MISSING (window-absent),,,1.377,ANALYTICAL-ensemble,-0.013,9,9.48,5,24.0,2513.0,343.0,0.0044,6.29,106.9,0.0,0.859,1957.3,2407.0,FOREST,0.1,,N0,NEWS-APDARA-20200627_N0_2018,2018.0,69.7,,,,,38.5,2.0,1.377,-5.025714285714281,1,0,0,0,0,1,0,0,4
NEWS-APDARA-20200627,2018-05-04,,N0,0,0,0,10.0,41.1,90.0,345.8,7.3,34.2,-8.53,0,,MISSING (window-absent),,,1.376,ANALYTICAL-ensemble,-0.014,9,9.48,5,24.0,2513.0,343.0,0.0044,6.29,106.9,0.0,0.859,1957.3,2407.0,FOREST,0.1,,N0,NEWS-APDARA-20200627_N0_2018,2018.0,55.8,,,,,38.5,3.0,1.376,-1.9500000000000057,1,0,0,0,0,1,0,0,4
NEWS-APDARA-20200627,2018-05-05,,N0,0,0,0,0.5,13.1,90.3,344.8,-9.5,9.8,-4.693,1,,MISSING (window-absent),,,1.376,ANALYTICAL-ensemble,-0.016,9,9.48,5,24.0,2513.0,343.0,0.0044,6.29,106.9,0.0,0.859,1957.3,2407.0,FOREST,0.1,,N0,NEWS-APDARA-20200627_N0_2018,2018.0,80.5,123.2,260.0,,1.392,38.5,3.0,1.376,5.207142857142856,1,0,0,0,0,1,0,0,4
NEWS-APDARA-20200627,2018-05-06,,N0,0,0,0,31.9,42.4,120.1,375.1,31.4,39.5,8.088,0,,MISSING (window-absent),,,1.375,ANALYTICAL-ensemble,-0.019,9,9.48,5,24.0,2513.0,343.0,0.0044,6.29,106.9,0.0,0.859,1957.3,2407.0,FOREST,0.1,,N0,NEWS-APDARA-20200627_N0_2018,2018.0,80.6,63.5,259.1,,1.394,38.5,4.0,1.375,8.203571428571426,1,0,0,0,0,1,0,0,4
NEWS-APDARA-20200627,2018-05-07,,N0,0,0,0,13.1,45.5,94.8,375.6,-18.8,4.8,3.585,0,,MISSING (window-absent),,,1.374,ANALYTICAL-ensemble,-0.016,9,9.48,5,24.0,2513.0,343.0,0.0044,6.29,106.9,0.0,0.859,1957.3,2407.0,FOREST,0.1,,N0,NEWS-APDARA-20200627_N0_2018,2018.0,90.0,69.7,297.3,,1.39,31.9,4.0,1.374,7.353571428571429,1,0,0,0,0,1,0,0,4
NEWS-APDARA-20200627,2018-05-08,,N0,0,0,0,9.3,54.4,96.0,375.5,-3.8,5.7,5.745,0,,MISSING (window-absent),,,1.374,ANALYTICAL-ensemble,-0.013,9,9.48,5,24.0,2513.0,343.0,0.0044,6.29,106.9,0.0,0.859,1957.3,2407.0,FOREST,0.1,,N0,NEWS-APDARA-20200627_N0_2018,2018.0,90.3,55.8,304.7,,1.387,31.9,4.0,1.374,3.749999999999995,1,0,0,0,0,1,0,0,4
NEWS-APDARA-20200627,2018-05-09,,N0,0,0,0,0.8,23.3,68.3,363.2,-8.5,-51.8,-1.744,1,,MISSING (window-absent),,,1.375,ANALYTICAL-ensemble,-0.007,9,9.48,5,24.0,2513.0,343.0,0.0044,6.29,106.9,0.0,0.859,1957.3,2407.0,FOREST,0.1,,N0,NEWS-APDARA-20200627_N0_2018,2018.0,120.1,80.5,333.2,,1.382,31.9,3.0,1.374,-0.7285714285714262,1,0,0,0,0,1,0,0,4
NEWS-APDARA-20200627,2018-05-10,,N0,0,0,0,3.4,13.5,69.0,360.8,2.6,-25.8,-1.651,0,,MISSING (window-absent),,,1.375,ANALYTICAL-ensemble,-0.002,9,9.48,5,24.0,2513.0,343.0,0.0044,6.29,106.9,0.0,0.859,1957.3,2407.0,FOREST,0.1,,N0,NEWS-APDARA-20200627_N0_2018,2018.0,94.8,80.6,335.9,,1.377,31.9,3.0,1.374,-4.68214285714286,1,0,0,0,0,1,0,0,4
NEWS-APDARA-20200627,2018-05-11,,N0,0,0,0,21.9,26.1,80.9,377.0,18.5,-15.1,-1.307,0,,MISSING (window-absent),,,1.374,ANALYTICAL-ensemble,-0.002,9,9.48,5,24.0,2513.0,343.0,0.0044,6.29,106.9,0.0,0.859,1957.3,2407.0,FOREST,0.1,,N0,NEWS-APDARA-20200627_N0_2018,2018.0,96.0,90.0,345.8,,1.376,31.9,3.0,1.374,-5.603571428571427,1,0,0,0,0,1,0,0,4
NEWS-APDARA-20200627,2018-05-12,,N0,0,0,0,0.0,25.2,80.4,347.0,-21.9,12.1,-1.416,1,,MISSING (window-absent),,,1.376,ANALYTICAL-ensemble,0.0,9,9.48,5,24.0,2513.0,343.0,0.0044,6.29,106.9,0.0,0.859,1957.3,2407.0,FOREST,0.1,,N0,NEWS-APDARA-20200627_N0_2018,2018.0,68.3,90.3,344.8,,1.376,31.9,3.0,1.374,-6.210714285714285,1,0,0,0,0,1,0,0,4
NEWS-APDARA-20200627,2018-05-13,,N0,0,0,0,0.0,21.9,48.5,346.0,0.0,-20.5,-10.232,2,,MISSING (window-absent),,,1.377,ANALYTICAL-ensemble,0.002,9,9.48,5,24.0,2513.0,343.0,0.0044,6.29,106.9,0.0,0.859,1957.3,2407.0,FOREST,0.1,,N0,NEWS-APDARA-20200627_N0_2018,2018.0,69.0,120.1,375.1,,1.375,21.9,2.0,1.374,-5.625000000000004,1,0,0,0,0,1,0,0,4
NEWS-APDARA-20200627,2018-05-14,,N0,0,0,0,30.7,30.7,66.1,371.7,30.7,-14.8,-4.099,0,,MISSING (window-absent),,,1.376,ANALYTICAL-ensemble,0.002,9,9.48,5,24.0,2513.0,343.0,0.0044,6.29,106.9,0.0,0.859,1957.3,2407.0,FOREST,0.1,,N0,NEWS-APDARA-20200627_N0_2018,2018.0,80.9,94.8,375.6,,1.374,30.7,2.0,1.374,-4.21071428571429,1,0,0,0,0,1,0,0,4
NEWS-APDARA-20200627,2018-05-15,,N0,0,0,0,11.5,42.2,68.3,377.6,-19.2,-12.1,-3.957,0,,MISSING (window-absent),,,1.374,ANALYTICAL-ensemble,0.0,9,9.48,5,24.0,2513.0,343.0,0.0044,6.29,106.9,0.0,0.859,1957.3,2407.0,FOREST,0.1,,N0,NEWS-APDARA-20200627_N0_2018,2018.0,80.4,96.0,375.5,,1.374,30.7,3.0,1.374,-1.3642857142857172,1,0,0,0,0,1,0,0,4
NEWS-APDARA-20200627,2018-05-16,,N0,0,0,0,1.2,43.4,68.6,376.0,-10.3,20.1,0.044,1,,MISSING (window-absent),,,1.374,ANALYTICAL-ensemble,-0.001,9,9.48,5,24.0,2513.0,343.0,0.0044,6.29,106.9,0.0,0.859,1957.3,2407.0,FOREST,0.1,,N0,NEWS-APDARA-20200627_N0_2018,2018.0,48.5,68.3,363.2,,1.375,30.7,3.0,1.374,-1.4535714285714252,1,0,0,0,0,1,0,0,4
NEWS-APDARA-20200627,2018-05-17,,N0,0,0,0,9.9,22.6,75.1,385.1,8.7,9.0,0.87,0,,MISSING (window-absent),,,1.373,ANALYTICAL-ensemble,-0.002,9,9.48,5,24.0,2513.0,343.0,0.0044,6.29,106.9,0.0,0.859,1957.3,2407.0,FOREST,0.1,,N0,NEWS-APDARA-20200627_N0_2018,2018.0,66.1,69.0,360.8,,1.375,30.7,3.0,1.373,-0.7571428571428562,1,0,0,0,0,1,0,0,4
NEWS-APDARA-20200627,2018-05-18,,N0,0,0,0,1.3,12.3,54.6,380.4,-8.6,-13.7,-3.759,1,,MISSING (window-absent),,,1.374,ANALYTICAL-ensemble,0.0,9,9.48,5,24.0,2513.0,343.0,0.0044,6.29,106.9,0.0,0.859,1957.3,2407.0,FOREST,0.1,,N0,NEWS-APDARA-20200627_N0_2018,2018.0,68.3,80.9,377.0,,1.374,30.7,2.0,1.373,-0.7750000000000012,1,0,0,0,0,1,0,0,4
NEWS-APDARA-20200627,2018-05-19,,N0,0,0,0,1.7,12.9,56.3,382.1,0.4,-12.3,-3.443,2,,MISSING (window-absent),,,1.374,ANALYTICAL-ensemble,-0.002,9,9.48,5,24.0,2513.0,343.0,0.0044,6.29,106.9,0.0,0.859,1957.3,2407.0,FOREST,0.1,,N0,NEWS-APDARA-20200627_N0_2018,2018.0,68.6,80.4,347.0,,1.376,30.7,2.0,1.373,0.25714285714285395,1,0,0,0,0,1,0,0,4
NEWS-APDARA-20200627,2018-05-20,,N0,0,0,0,4.9,7.9,61.2,381.8,3.2,-13.9,1.815,0,0.1503,PROXY-spatial,,,1.374,ANALYTICAL-ensemble,-0.003,9,9.48,5,24.0,2513.0,343.0,0.0044,6.29,106.9,0.0,0.859,1957.3,2407.0,FOREST,0.1,,N0,NEWS-APDARA-20200627_N0_2018,2018.0,75.1,48.5,346.0,,1.377,30.7,2.0,1.373,-1.8821428571428536,0,0,0,0,0,1,0,0,4
NEWS-APDARA-20200627,2018-05-21,,N0,0,0,0,1.9,8.5,32.4,356.9,-3.0,-22.2,-4.808,1,0.1503,PROXY-spatial,,,1.384,ANALYTICAL-ensemble,0.008,9,9.48,5,24.0,2513.0,343.0,0.0044,6.29,106.9,0.0,0.859,1957.3,2407.0,FOREST,0.1,,N0,NEWS-APDARA-20200627_N0_2018,2018.0,54.6,66.1,371.7,,1.376,11.5,1.0,1.373,-5.046428571428571,0,0,0,0,0,1,0,0,4
NEWS-APDARA-20200627,2018-05-22,,N0,0,0,0,0.7,7.5,21.5,295.9,-1.2,-34.8,-6.681,2,0.1614,PROXY-spatial,,,1.393,ANALYTICAL-ensemble,0.019,9,9.48,5,24.0,2513.0,343.0,0.0044,6.29,106.9,0.0,0.859,1957.3,2407.0,FOREST,0.1,,N0,NEWS-APDARA-20200627_N0_2018,2018.0,56.3,68.3,377.6,,1.374,9.9,0.0,1.373,-7.860714285714287,0,0,0,0,0,1,0,0,4
NEWS-APDARA-20200627,2018-05-23,,N0,0,0,0,9.3,11.9,29.7,272.9,8.6,-31.5,-5.56,0,0.1614,PROXY-spatial,0.0111,,1.395,ANALYTICAL-ensemble,0.021,9,9.48,5,24.0,2513.0,343.0,0.0044,6.29,106.9,0.0,0.859,1957.3,2407.0,FOREST,0.1,,N0,NEWS-APDARA-20200627_N0_2018,2018.0,61.2,68.6,376.0,0.1503,1.374,9.9,0.0,1.373,-8.082142857142854,0,0,0,0,0,1,0,0,4
NEWS-APDARA-20200627,2018-05-24,,N0,0,0,0,15.4,25.4,35.2,266.3,6.1,2.8,-5.706,0,0.1957,PROXY-spatial,0.0454,,1.395,ANALYTICAL-ensemble,0.022,9,9.48,5,24.0,2513.0,343.0,0.0044,6.29,106.9,0.0,0.859,1957.3,2407.0,FOREST,0.1,,N0,NEWS-APDARA-20200627_N0_2018,2018.0,32.4,75.1,385.1,0.1503,1.373,15.4,1.0,1.373,-5.396428571428574,0,0,0,0,0,1,0,0,4
NEWS-APDARA-20200627,2018-05-25,,N0,0,0,0,11.0,35.7,44.9,273.5,-4.4,23.4,-1.381,0,0.1957,PROXY-spatial,0.0343,,1.392,ANALYTICAL-ensemble,0.018,9,9.48,5,24.0,2513.0,343.0,0.0044,6.29,106.9,0.0,0.859,1957.3,2407.0,FOREST,0.1,,N0,NEWS-APDARA-20200627_N0_2018,2018.0,21.5,54.6,380.4,0.1614,1.374,15.4,2.0,1.373,-3.1749999999999976,0,0,0,0,0,1,0,0,4
NEWS-APDARA-20200627,2018-05-26,,N0,0,0,0,19.6,46.0,62.8,290.5,8.6,33.1,0.931,0,0.1957,PROXY-spatial,0.0343,,1.39,ANALYTICAL-ensemble,0.016,9,9.48,5,24.0,2513.0,343.0,0.0044,6.29,106.9,0.0,0.859,1957.3,2407.0,FOREST,0.1,,N0,NEWS-APDARA-20200627_N0_2018,2018.0,29.7,56.3,382.1,0.1614,1.374,19.6,3.0,1.373,1.553571428571428,0,0,0,0,0,1,0,0,4
NEWS-APDARA-20200627,2018-05-27,,N0,0,0,0,37.7,68.3,95.6,327.7,18.1,60.4,4.919,0,0.2207,PROXY-spatial,0.025,0.0704,1.389,ANALYTICAL-ensemble,0.015,9,9.48,5,24.0,2513.0,343.0,0.0044,6.29,106.9,0.0,0.859,1957.3,2407.0,FOREST,0.1,,N0,NEWS-APDARA-20200627_N0_2018,2018.0,35.2,61.2,381.8,0.1957,1.374,37.7,4.0,1.373,10.264285714285712,0,0,0,0,0,1,0,0,4
NEWS-APDARA-20200627,2018-05-28,,N0,0,0,0,43.5,100.9,137.2,371.0,5.8,92.3,14.975,0,0.2207,PROXY-spatial,0.025,0.0704,1.373,ANALYTICAL-ensemble,-0.011,9,9.48,5,24.0,2513.0,343.0,0.0044,6.29,106.9,0.0,0.859,1957.3,2407.0,FOREST,0.1,,N0,NEWS-APDARA-20200627_N0_2018,2018.0,44.9,32.4,356.9,0.1957,1.384,43.5,5.0,1.373,18.089285714285715,0,0,0,0,0,1,0,0,4
NEWS-APDARA-20200627,2018-05-29,,N0,0,0,0,9.1,90.4,145.7,378.0,-34.4,82.9,17.739,0,0.2448,PROXY-spatial,0.0491,0.0834,1.367,ANALYTICAL-ensemble,-0.026,9,9.48,5,24.0,2513.0,343.0,0.0044,6.29,106.9,0.0,0.859,1957.3,2407.0,FOREST,0.1,,N0,NEWS-APDARA-20200627_N0_2018,2018.0,62.8,21.5,295.9,0.1957,1.393,43.5,5.0,1.367,21.525,0,0,0,0,0,1,0,0,4
NEWS-APDARA-20200627,2018-05-30,,N0,0,0,0,1.0,53.7,137.4,340.6,-8.1,41.8,15.388,1,0.2448,PROXY-spatial,0.0241,0.0834,1.376,ANALYTICAL-ensemble,-0.019,9,9.48,5,24.0,2513.0,343.0,0.0044,6.29,106.9,0.0,0.859,1957.3,2407.0,FOREST,0.1,,N0,NEWS-APDARA-20200627_N0_2018,2018.0,95.6,29.7,272.9,0.2207,1.395,43.5,5.0,1.367,20.80714285714286,0,0,0,0,0,1,0,0,4
NEWS-APDARA-20200627,2018-05-31,,N0,0,0,0,0.0,10.2,122.0,332.5,-1.0,-15.2,12.401,2,0.2469,PROXY-spatial,0.0262,0.0512,1.377,ANALYTICAL-ensemble,-0.018,9,9.48,5,24.0,2513.0,343.0,0.0044,6.29,106.9,0.0,0.859,1957.3,2407.0,FOREST,0.1,,N0,NEWS-APDARA-20200627_N0_2018,2018.0,137.2,35.2,266.3,0.2207,1.395,43.5,4.0,1.367,15.378571428571432,0,0,0,0,0,1,0,0,4
NEWS-APDARA-20200627,2018-06-01,,N0,0,0,0,7.8,8.9,118.9,311.8,7.8,-26.8,10.577,0,0.2589,PROXY-spatial,0.0141,0.0632,1.386,ANALYTICAL-ensemble,-0.006,9,9.48,5,24.0,2513.0,343.0,0.0044,6.29,106.9,0.0,0.859,1957.3,2407.0,FOREST,0.1,,N0,NEWS-APDARA-20200627_N0_2018,2018.0,145.7,44.9,273.5,0.2448,1.392,43.5,3.0,1.367,7.903571428571432,0,0,0,0,0,1,0,0,4
NEWS-APDARA-20200627,2018-06-02,,N0,0,0,0,5.6,13.4,104.9,314.8,-2.2,-32.5,6.019,0,0.2543,PROXY-spatial,0.0095,0.0586,1.387,ANALYTICAL-ensemble,-0.003,9,9.48,5,24.0,2513.0,343.0,0.0044,6.29,106.9,0.0,0.859,1957.3,2407.0,FOREST,0.1,,N0,NEWS-APDARA-20200627_N0_2018,2018.0,137.4,62.8,290.5,0.2448,1.39,43.5,2.0,1.367,-1.157142857142857,0,0,0,0,0,1,0,0,4
NEWS-APDARA-20200627,2018-06-03,,N0,0,0,0,5.0,18.4,72.1,309.8,-0.6,-49.9,-3.355,0,0.257,PROXY-spatial,0.0101,0.0363,1.387,ANALYTICAL-ensemble,-0.002,9,9.48,5,24.0,2513.0,343.0,0.0044,6.29,106.9,0.0,0.859,1957.3,2407.0,FOREST,0.1,,N0,NEWS-APDARA-20200627_N0_2018,2018.0,122.0,95.6,327.7,0.2469,1.389,43.5,1.0,1.367,-10.550000000000002,0,0,0,0,0,1,0,0,4
NEWS-APDARA-20200627,2018-06-04,,N0,0,0,0,1.6,12.2,30.2,310.9,-3.4,-88.7,-15.291,1,0.255,PROXY-spatial,-0.0039,0.0343,1.387,ANALYTICAL-ensemble,0.014,9,9.48,5,24.0,2513.0,343.0,0.0044,6.29,106.9,0.0,0.859,1957.3,2407.0,FOREST,0.1,,N0,NEWS-APDARA-20200627_N0_2018,2018.0,118.9,137.2,371.0,0.2589,1.373,9.1,0.0,1.367,-17.65,0,0,0,0,0,1,0,0,4
NEWS-APDARA-20200627,2018-06-05,,N0,0,0,0,5.5,12.1,26.6,284.5,3.9,-78.3,-17.011,0,0.2326,PROXY-spatial,-0.0217,-0.0122,1.393,ANALYTICAL-ensemble,0.026,9,9.48,5,24.0,2513.0,343.0,0.0044,6.29,106.9,0.0,0.859,1957.3,2407.0,FOREST,0.1,,N0,NEWS-APDARA-20200627_N0_2018,2018.0,104.9,145.7,378.0,0.2543,1.367,7.8,0.0,1.367,-20.099999999999998,0,0,0,0,0,1,0,0,4
NEWS-APDARA-20200627,2018-06-06,,N0,0,0,0,6.2,13.3,31.7,277.5,0.7,-40.4,-15.1,0,0.2363,PROXY-spatial,-0.0207,-0.0085,1.394,ANALYTICAL-ensemble,0.018,9,9.48,5,24.0,2513.0,343.0,0.0044,6.29,106.9,0.0,0.859,1957.3,2407.0,FOREST,0.1,,N0,NEWS-APDARA-20200627_N0_2018,2018.0,72.1,137.4,340.6,0.257,1.376,7.8,0.0,1.367,-18.935714285714294,0,0,0,0,0,1,0,0,4
NEWS-APDARA-20200627,2018-06-07,,N0,0,0,0,0.1,11.8,31.9,268.4,-6.1,1.7,-12.871,1,0.229,PROXY-spatial,-0.026,-0.0179,1.394,ANALYTICAL-ensemble,0.017,9,9.48,5,24.0,2513.0,343.0,0.0044,6.29,106.9,0.0,0.859,1957.3,2407.0,FOREST,0.1,,N0,NEWS-APDARA-20200627_N0_2018,2018.0,30.2,122.0,332.5,0.255,1.377,7.8,0.0,1.367,-16.175000000000004,0,0,0,0,0,1,0,0,4
NEWS-APDARA-20200627,2018-06-08,,N0,0,0,0,12.0,18.3,36.0,279.5,11.9,9.4,-11.84,0,0.2233,PROXY-spatial,-0.0093,-0.0356,1.394,ANALYTICAL-ensemble,0.008,9,9.48,5,24.0,2513.0,343.0,0.0044,6.29,106.9,0.0,0.859,1957.3,2407.0,FOREST,0.1,,N0,NEWS-APDARA-20200627_N0_2018,2018.0,26.6,118.9,311.8,0.2326,1.386,12.0,1.0,1.367,-10.200000000000001,0,0,0,0,0,1,0,0,4
NEWS-APDARA-20200627,2018-06-09,,N0,0,0,0,7.8,19.9,38.1,283.9,-4.2,6.4,-9.537,0,0.2224,PROXY-spatial,-0.0139,-0.0319,1.394,ANALYTICAL-ensemble,0.007,9,9.48,5,24.0,2513.0,343.0,0.0044,6.29,106.9,0.0,0.859,1957.3,2407.0,FOREST,0.1,,N0,NEWS-APDARA-20200627_N0_2018,2018.0,31.7,104.9,314.8,0.2363,1.387,12.0,1.0,1.367,-3.0392857142857124,0,0,0,0,0,1,0,0,4
NEWS-APDARA-20200627,2018-06-10,,N0,0,0,0,1.4,21.1,34.6,263.5,-6.4,2.7,-5.363,1,0.2193,PROXY-spatial,-0.0097,-0.0377,1.394,ANALYTICAL-ensemble,0.007,9,9.48,5,24.0,2513.0,343.0,0.0044,6.29,106.9,0.0,0.859,1957.3,2407.0,FOREST,0.1,,N0,NEWS-APDARA-20200627_N0_2018,2018.0,31.9,72.1,309.8,0.229,1.387,12.0,1.0,1.367,1.4464285714285703,0,0,0,0,0,1,0,0,4
NEWS-APDARA-20200627,2018-06-11,,N0,0,0,0,0.0,9.2,32.9,263.5,-1.4,-3.1,0.379,2,0.2138,PROXY-spatial,-0.0095,-0.0412,1.394,ANALYTICAL-ensemble,0.007,9,9.48,5,24.0,2513.0,343.0,0.0044,6.29,106.9,0.0,0.859,1957.3,2407.0,FOREST,0.1,,N0,NEWS-APDARA-20200627_N0_2018,2018.0,36.0,30.2,310.9,0.2233,1.387,12.0,1.0,1.367,1.1035714285714298,0,0,0,0,0,1,0,0,4
NEWS-APDARA-20200627,2018-06-12,,N0,0,0,0,72.4,73.8,99.8,335.8,72.4,61.7,10.461,0,0.2344,PROXY-spatial,0.012,0.0018,1.389,ANALYTICAL-ensemble,-0.004,9,9.48,5,24.0,2513.0,343.0,0.0044,6.29,106.9,0.0,0.859,1957.3,2407.0,FOREST,0.1,,N0,NEWS-APDARA-20200627_N0_2018,2018.0,38.1,26.6,284.5,0.2224,1.393,72.4,2.0,1.376,7.317857142857141,0,0,0,0,0,1,0,0,4
NEWS-APDARA-20200627,2018-06-13,,N0,0,0,0,0.9,73.2,94.5,306.0,-71.5,59.9,8.97,1,0.2229,PROXY-spatial,0.0036,-0.0134,1.387,ANALYTICAL-ensemble,-0.007,9,9.48,5,24.0,2513.0,343.0,0.0044,6.29,106.9,0.0,0.859,1957.3,2407.0,FOREST,0.1,,N0,NEWS-APDARA-20200627_N0_2018,2018.0,34.6,31.7,277.5,0.2193,1.394,72.4,2.0,1.377,11.078571428571426,0,0,0,0,0,1,0,0,4
NEWS-APDARA-20200627,2018-06-14,,N0,0,0,0,39.1,112.3,133.5,333.6,38.2,100.6,14.521,0,0.2247,PROXY-spatial,0.0109,-0.0043,1.385,ANALYTICAL-ensemble,-0.009,9,9.48,5,24.0,2513.0,343.0,0.0044,6.29,106.9,0.0,0.859,1957.3,2407.0,FOREST,0.1,,N0,NEWS-APDARA-20200627_N0_2018,2018.0,32.9,31.9,268.4,0.2138,1.394,72.4,3.0,1.385,16.803571428571427,0,0,0,0,0,1,0,0,4
NEWS-APDARA-20200627,2018-06-15,,N0,0,0,0,33.8,73.7,155.3,366.2,-5.3,55.5,17.046,0,0.224,PROXY-spatial,-0.0104,0.0007,1.363,ANALYTICAL-ensemble,-0.031,9,9.48,5,24.0,2513.0,343.0,0.0044,6.29,106.9,0.0,0.859,1957.3,2407.0,FOREST,0.1,,N0,NEWS-APDARA-20200627_N0_2018,2018.0,99.8,36.0,279.5,0.2344,1.394,72.4,3.0,1.363,21.821428571428577,0,0,0,0,0,1,0,0,4
NEWS-APDARA-20200627,2018-06-16,,N0,0,0,0,51.0,123.8,198.5,407.3,17.2,104.0,22.91,0,0.228,PROXY-spatial,0.0051,0.0056,1.343,ANALYTICAL-ensemble,-0.051,9,9.48,5,24.0,2513.0,343.0,0.0044,6.29,106.9,0.0,0.859,1957.3,2407.0,FOREST,0.1,,N0,NEWS-APDARA-20200627_N0_2018,2018.0,94.5,38.1,283.9,0.2229,1.394,72.4,4.0,1.343,27.507142857142853,0,0,0,0,0,1,0,0,4
NEWS-APDARA-20200627,2018-06-17,,N0,0,0,0,19.8,104.5,216.8,425.8,-31.2,83.3,26.032,0,0.2318,PROXY-spatial,0.0071,0.0125,1.342,ANALYTICAL-ensemble,-0.052,9,9.48,5,24.0,2513.0,343.0,0.0044,6.29,106.9,0.0,0.859,1957.3,2407.0,FOREST,0.1,,N0,NEWS-APDARA-20200627_N0_2018,2018.0,133.5,34.6,263.5,0.2247,1.394,72.4,5.0,1.342,28.925000000000008,0,0,0,0,0,1,0,0,4
NEWS-APDARA-20200627,2018-06-18,,N0,0,0,0,8.2,78.9,225.0,432.2,-11.6,69.7,27.438,0,0.2321,PROXY-spatial,0.0081,0.0183,1.345,ANALYTICAL-ensemble,-0.049,9,9.48,5,24.0,2513.0,343.0,0.0044,6.29,106.9,0.0,0.859,1957.3,2407.0,FOREST,0.1,,N0,NEWS-APDARA-20200627_N0_2018,2018.0,155.3,32.9,263.5,0.224,1.394,72.4,5.0,1.342,24.47142857142857,0,0,0,0,0,1,0,0,4
NEWS-APDARA-20200627,2018-06-19,,N0,0,0,0,3.7,31.6,156.4,431.0,-4.5,-42.1,8.082,0,0.2338,PROXY-spatial,0.0058,-0.0006,1.351,ANALYTICAL-ensemble,-0.038,9,9.48,5,24.0,2513.0,343.0,0.0044,6.29,106.9,0.0,0.859,1957.3,2407.0,FOREST,0.1,,N0,NEWS-APDARA-20200627_N0_2018,2018.0,198.5,99.8,335.8,0.228,1.389,51.0,4.0,1.342,15.364285714285716,0,0,0,0,0,1,0,0,4
NEWS-APDARA-20200627,2018-06-20,,N0,0,0,0,21.4,33.3,176.9,450.6,17.7,-39.9,11.766,0,0.2474,PROXY-spatial,0.0156,0.0245,1.349,ANALYTICAL-ensemble,-0.038,9,9.48,5,24.0,2513.0,343.0,0.0044,6.29,106.9,0.0,0.859,1957.3,2407.0,FOREST,0.1,,N0,NEWS-APDARA-20200627_N0_2018,2018.0,216.8,94.5,306.0,0.2318,1.387,51.0,5.0,1.342,5.675000000000001,0,0,0,0,0,1,0,0,4
NEWS-APDARA-20200627,2018-06-21,,N0,0,0,0,24.6,49.8,162.5,474.5,3.2,-62.5,4.149,0,0.2538,PROXY-spatial,0.0217,0.0291,1.345,ANALYTICAL-ensemble,-0.04,9,9.48,5,24.0,2513.0,343.0,0.0044,6.29,106.9,0.0,0.859,1957.3,2407.0,FOREST,0.1,,N0,NEWS-APDARA-20200627_N0_2018,2018.0,225.0,133.5,333.6,0.2321,1.385,51.0,5.0,1.342,-2.928571428571422,0,0,0,0,0,1,0,0,4
NEWS-APDARA-20200627,2018-06-22,,N0,0,0,0,6.5,52.6,135.2,471.7,-18.1,-21.2,-2.867,0,0.2519,PROXY-spatial,0.0181,0.0279,1.345,ANALYTICAL-ensemble,-0.018,9,9.48,5,24.0,2513.0,343.0,0.0044,6.29,106.9,0.0,0.859,1957.3,2407.0,FOREST,0.1,,N0,NEWS-APDARA-20200627_N0_2018,2018.0,156.4,155.3,366.2,0.2338,1.363,51.0,4.0,1.342,-12.378571428571433,0,0,0,0,0,1,0,0,4
NEWS-APDARA-20200627,2018-06-23,,N0,0,0,0,11.3,42.5,95.5,467.6,4.8,-81.4,-14.716,0,0.2489,PROXY-spatial,0.0015,0.0209,1.351,ANALYTICAL-ensemble,0.008,9,9.48,5,24.0,2513.0,343.0,0.0044,6.29,106.9,0.0,0.859,1957.3,2407.0,FOREST,0.1,,N0,NEWS-APDARA-20200627_N0_2018,2018.0,176.9,198.5,407.3,0.2474,1.343,24.6,4.0,1.342,-19.192857142857143,0,0,0,0,0,1,0,0,4
NEWS-APDARA-20200627,2018-06-24,,N0,0,0,0,6.1,23.9,81.8,462.7,-5.2,-80.7,-19.293,0,0.2503,PROXY-spatial,-0.0035,0.0185,1.354,ANALYTICAL-ensemble,0.012,9,9.48,5,24.0,2513.0,343.0,0.0044,6.29,106.9,0.0,0.859,1957.3,2407.0,FOREST,0.1,,N0,NEWS-APDARA-20200627_N0_2018,2018.0,162.5,216.8,425.8,0.2538,1.342,24.6,3.0,1.342,-21.18214285714285,0,0,0,0,0,1,0,0,4
NEWS-APDARA-20200627,2018-06-25,,N0,0,0,0,41.0,58.3,114.6,484.1,34.9,-20.6,-15.776,0,0.2494,PROXY-spatial,-0.0025,0.0173,1.345,ANALYTICAL-ensemble,0.0,9,9.48,5,24.0,2513.0,343.0,0.0044,6.29,106.9,0.0,0.859,1957.3,2407.0,FOREST,0.1,,N0,NEWS-APDARA-20200627_N0_2018,2018.0,135.2,225.0,432.2,0.2519,1.345,41.0,4.0,1.342,-13.664285714285713,0,0,0,0,0,1,0,0,4
NEWS-APDARA-20200627,2018-06-26,,N0,0,0,0,4.1,51.1,115.0,450.5,-36.9,19.5,-5.909,0,0.2435,PROXY-spatial,-0.0054,0.0097,1.347,ANALYTICAL-ensemble,-0.004,9,9.48,5,24.0,2513.0,343.0,0.0044,6.29,106.9,0.0,0.859,1957.3,2407.0,FOREST,0.1,,N0,NEWS-APDARA-20200627_N0_2018,2018.0,95.5,156.4,431.0,0.2489,1.351,41.0,4.0,1.342,-11.960714285714285,0,0,0,0,0,1,0,0,4
NEWS-APDARA-20200627,2018-06-27,,N0,0,0,0,23.0,68.1,116.6,430.0,18.9,34.8,-8.618,0,0.2388,PROXY-spatial,-0.0115,-0.0086,1.352,ANALYTICAL-ensemble,0.003,9,9.48,5,24.0,2513.0,343.0,0.0044,6.29,106.9,0.0,0.859,1957.3,2407.0,FOREST,0.1,,N0,NEWS-APDARA-20200627_N0_2018,2018.0,81.8,176.9,450.6,0.2503,1.349,41.0,4.0,1.342,-5.678571428571431,0,0,0,0,0,1,0,0,4
NEWS-APDARA-20200627,2024-08-27,,N1,0,0,0,31.0,46.1,99.4,476.3,26.2,19.0,4.292,0,0.2716,REAL,0.0015,-0.015,1.366,ANALYTICAL-ensemble,0.015,10,9.48,3,24.0,2513.0,343.0,0.0044,6.29,106.9,0.0,0.859,1957.3,2407.0,FOREST,0.126,,N1,NEWS-APDARA-20200627_N1_2024,2024.0,,,,,,31.0,1.0,1.366,,0,0,0,0,0,1,0,0,4
NEWS-APDARA-20200627,2024-08-28,,N1,0,0,0,10.2,46.1,90.4,480.6,-20.8,1.1,3.502,0,0.2675,REAL,-0.0039,-0.0111,1.355,ANALYTICAL-ensemble,0.003,10,9.48,3,24.0,2513.0,343.0,0.0044,6.29,106.9,0.0,0.859,1957.3,2407.0,FOREST,0.126,,N1,NEWS-APDARA-20200627_N1_2024,2024.0,,,,,,31.0,2.0,1.355,,0,0,0,0,0,1,0,0,4
NEWS-APDARA-20200627,2024-08-29,,N1,0,0,0,3.3,44.5,83.8,463.5,-6.9,9.5,3.439,0,0.2676,REAL,-0.0029,-0.0067,1.356,ANALYTICAL-ensemble,0.003,10,9.48,3,24.0,2513.0,343.0,0.0044,6.29,106.9,0.0,0.859,1957.3,2407.0,FOREST,0.126,,N1,NEWS-APDARA-20200627_N1_2024,2024.0,,,,,,31.0,2.0,1.355,,0,0,0,0,0,1,0,0,4
NEWS-APDARA-20200627,2024-08-30,,N1,0,0,0,7.1,20.6,75.1,456.8,3.8,-24.3,0.348,0,0.2668,REAL,-0.0048,-0.0068,1.367,ANALYTICAL-ensemble,0.014,10,9.48,3,24.0,2513.0,343.0,0.0044,6.29,106.9,0.0,0.859,1957.3,2407.0,FOREST,0.126,,N1,NEWS-APDARA-20200627_N1_2024,2024.0,99.4,,,0.2716,,31.0,2.0,1.355,-7.950000000000014,0,0,0,0,0,1,0,0,4
NEWS-APDARA-20200627,2024-08-31,,N1,0,0,0,1.0,11.4,67.6,436.9,-6.1,-22.8,-1.826,1,0.2668,PROXY-spatial,-0.0007,-0.0033,1.369,ANALYTICAL-ensemble,0.015,10,9.48,3,24.0,2513.0,343.0,0.0044,6.29,106.9,0.0,0.859,1957.3,2407.0,FOREST,0.126,,N1,NEWS-APDARA-20200627_N1_2024,2024.0,90.4,,,0.2675,,31.0,2.0,1.355,-7.890000000000015,0,0,0,0,0,1,0,0,4
NEWS-APDARA-20200627,2024-09-01,,N1,0,0,0,28.6,36.7,86.1,429.3,27.6,2.3,-0.452,0,0.2667,PROXY-spatial,-0.0009,-0.0047,1.37,ANALYTICAL-ensemble,0.016,10,9.48,3,24.0,2513.0,343.0,0.0044,6.29,106.9,0.0,0.859,1957.3,2407.0,FOREST,0.126,,N1,NEWS-APDARA-20200627_N1_2024,2024.0,83.8,,,0.2676,,31.0,3.0,1.355,-4.102857142857147,0,0,0,0,0,1,0,0,4
NEWS-APDARA-20200627,2024-09-02,,N1,0,0,0,0.5,30.1,81.8,396.2,-28.1,6.7,1.078,1,0.2691,PROXY-spatial,0.0023,-0.0014,1.372,ANALYTICAL-ensemble,0.008,10,9.48,3,24.0,2513.0,343.0,0.0044,6.29,106.9,0.0,0.859,1957.3,2407.0,FOREST,0.126,,N1,NEWS-APDARA-20200627_N1_2024,2024.0,75.1,,,0.2668,,31.0,3.0,1.355,-2.7714285714285674,0,0,0,0,0,1,0,0,4
NEWS-APDARA-20200627,2024-09-03,,N1,0,0,0,1.5,30.6,52.2,378.9,1.0,-15.4,-6.748,2,0.2665,PROXY-spatial,-0.0003,-0.0051,1.374,ANALYTICAL-ensemble,0.008,10,9.48,3,24.0,2513.0,343.0,0.0044,6.29,106.9,0.0,0.859,1957.3,2407.0,FOREST,0.126,,N1,NEWS-APDARA-20200627_N1_2024,2024.0,67.6,99.4,476.3,0.2668,1.366,28.6,2.0,1.355,-3.8428571428571403,0,0,0,0,0,1,0,0,4
NEWS-APDARA-20200627,2024-09-04,,N1,0,0,0,11.5,13.4,53.4,386.4,10.0,-32.7,-5.285,0,0.2663,PROXY-spatial,-0.0004,-0.0012,1.374,ANALYTICAL-ensemble,0.019,10,9.48,3,24.0,2513.0,343.0,0.0044,6.29,106.9,0.0,0.859,1957.3,2407.0,FOREST,0.126,,N1,NEWS-APDARA-20200627_N1_2024,2024.0,86.1,90.4,480.6,0.2667,1.355,28.6,2.0,1.355,-4.385714285714288,0,0,0,0,0,1,0,0,4
NEWS-APDARA-20200627,2024-09-05,,N1,0,0,0,25.6,38.5,75.7,367.9,14.1,-6.1,-1.163,0,0.2736,PROXY-spatial,0.0045,0.006,1.378,ANALYTICAL-ensemble,0.022,10,9.48,3,24.0,2513.0,343.0,0.0044,6.29,106.9,0.0,0.859,1957.3,2407.0,FOREST,0.126,,N1,NEWS-APDARA-20200627_N1_2024,2024.0,81.8,83.8,463.5,0.2691,1.356,28.6,3.0,1.355,-2.160714285714284,0,0,0,0,0,1,0,0,4
NEWS-APDARA-20200627,2024-09-06,,N1,0,0,0,3.9,40.9,72.5,339.5,-21.7,20.3,-0.365,0,0.2768,PROXY-spatial,0.0103,0.01,1.381,ANALYTICAL-ensemble,0.014,10,9.48,3,24.0,2513.0,343.0,0.0044,6.29,106.9,0.0,0.859,1957.3,2407.0,FOREST,0.126,,N1,NEWS-APDARA-20200627_N1_2024,2024.0,52.2,75.1,456.8,0.2665,1.367,28.6,3.0,1.355,-1.2321428571428552,0,0,0,0,0,1,0,0,4
NEWS-APDARA-20200627,2024-09-07,,N1,0,0,0,0.2,29.6,71.7,318.1,-3.7,18.3,0.579,1,0.2712,PROXY-spatial,0.0049,0.0044,1.387,ANALYTICAL-ensemble,0.018,10,9.48,3,24.0,2513.0,343.0,0.0044,6.29,106.9,0.0,0.859,1957.3,2407.0,FOREST,0.126,,N1,NEWS-APDARA-20200627_N1_2024,2024.0,53.4,67.6,436.9,0.2663,1.369,28.6,3.0,1.355,-1.3678571428571429,0,0,0,0,0,1,0,0,4
NEWS-APDARA-20200627,2024-09-08,,N1,0,0,0,0.4,4.5,43.5,299.6,0.2,-32.2,-6.083,2,0.2716,PROXY-spatial,-0.002,0.0049,1.391,ANALYTICAL-ensemble,0.021,10,9.48,3,24.0,2513.0,343.0,0.0044,6.29,106.9,0.0,0.859,1957.3,2407.0,FOREST,0.126,,N1,NEWS-APDARA-20200627_N1_2024,2024.0,75.7,86.1,429.3,0.2736,1.37,25.6,2.0,1.355,-2.028571428571427,0,0,0,0,0,1,0,0,4
NEWS-APDARA-20200627,2024-09-09,,N1,0,0,0,5.6,6.1,48.5,299.4,5.2,-24.0,-4.75,0,0.2694,PROXY-spatial,-0.0074,0.0003,1.393,ANALYTICAL-ensemble,0.021,10,9.48,3,24.0,2513.0,343.0,0.0044,6.29,106.9,0.0,0.859,1957.3,2407.0,FOREST,0.126,,N1,NEWS-APDARA-20200627_N1_2024,2024.0,72.5,81.8,396.2,0.2768,1.372,25.6,2.0,1.355,-1.2464285714285692,0,0,0,0,0,1,0,0,4
NEWS-APDARA-20200627,2024-09-10,,N1,0,0,0,0.0,6.0,47.1,286.9,-5.6,-24.6,-0.727,1,0.2692,PROXY-spatial,-0.002,0.0027,1.393,ANALYTICAL-ensemble,0.019,10,9.48,3,24.0,2513.0,343.0,0.0044,6.29,106.9,0.0,0.859,1957.3,2407.0,FOREST,0.126,,N1,NEWS-APDARA-20200627_N1_2024,2024.0,71.7,52.2,378.9,0.2712,1.374,25.6,2.0,1.355,-3.6535714285714342,0,0,0,0,0,1,0,0,4
NEWS-APDARA-20200627,2024-09-11,,N1,0,0,0,14.0,19.6,49.6,288.8,14.0,6.1,-0.548,0,0.2664,PROXY-spatial,-0.0052,0.0001,1.393,ANALYTICAL-ensemble,0.019,10,9.48,3,24.0,2513.0,343.0,0.0044,6.29,106.9,0.0,0.859,1957.3,2407.0,FOREST,0.126,,N1,NEWS-APDARA-20200627_N1_2024,2024.0,43.5,53.4,386.4,0.2716,1.374,25.6,2.0,1.356,-5.439285714285716,0,0,0,0,0,1,0,0,4
NEWS-APDARA-20200627,2024-09-12,,N1,0,0,0,31.1,45.1,55.1,313.2,17.1,6.6,-2.945,0,0.2648,PROXY-spatial,-0.0046,-0.0088,1.389,ANALYTICAL-ensemble,0.011,10,9.48,3,24.0,2513.0,343.0,0.0044,6.29,106.9,0.0,0.859,1957.3,2407.0,FOREST,0.126,,N1,NEWS-APDARA-20200627_N1_2024,2024.0,48.5,75.7,367.9,0.2694,1.378,31.1,2.0,1.367,-3.3142857142857114,0,0,0,0,0,1,0,0,4
NEWS-APDARA-20200627,2024-09-13,,N1,0,0,0,0.6,45.7,51.8,291.0,-30.5,4.7,-2.953,1,0.2659,PROXY-spatial,-0.0033,-0.0109,1.39,ANALYTICAL-ensemble,0.009,10,9.48,3,24.0,2513.0,343.0,0.0044,6.29,106.9,0.0,0.859,1957.3,2407.0,FOREST,0.126,,N1,NEWS-APDARA-20200627_N1_2024,2024.0,47.1,72.5,339.5,0.2692,1.381,31.1,2.0,1.369,-1.2642857142857138,0,0,0,0,0,1,0,0,4
NEWS-APDARA-20200627,2024-09-14,,N1,0,0,0,0.9,32.5,52.5,275.9,0.3,2.9,-2.741,2,0.2719,PROXY-spatial,0.0055,0.0007,1.394,ANALYTICAL-ensemble,0.007,10,9.48,3,24.0,2513.0,343.0,0.0044,6.29,106.9,0.0,0.859,1957.3,2407.0,FOREST,0.126,,N1,NEWS-APDARA-20200627_N1_2024,2024.0,49.6,71.7,318.1,0.2664,1.387,31.1,2.0,1.37,1.4857142857142847,0,0,0,0,0,1,0,0,4
NEWS-APDARA-20200627,2024-09-15,,N1,0,0,0,17.5,19.0,69.6,290.4,16.6,14.5,3.731,0,0.2744,PROXY-spatial,0.0096,0.0028,1.391,ANALYTICAL-ensemble,0.0,10,9.48,3,24.0,2513.0,343.0,0.0044,6.29,106.9,0.0,0.859,1957.3,2407.0,FOREST,0.126,,N1,NEWS-APDARA-20200627_N1_2024,2024.0,55.1,43.5,299.6,0.2648,1.391,31.1,3.0,1.372,2.7249999999999983,0,0,0,0,0,1,0,0,4
NEWS-APDARA-20200627,2024-09-16,,N1,0,0,0,47.7,66.0,111.7,337.4,30.2,59.9,9.024,0,0.2774,PROXY-spatial,0.0115,0.008,1.389,ANALYTICAL-ensemble,-0.004,10,9.48,3,24.0,2513.0,343.0,0.0044,6.29,106.9,0.0,0.859,1957.3,2407.0,FOREST,0.126,,N1,NEWS-APDARA-20200627_N1_2024,2024.0,51.8,48.5,299.4,0.2659,1.393,47.7,4.0,1.374,8.257142857142858,0,0,0,0,0,1,0,0,4
NEWS-APDARA-20200627,2024-09-17,,N1,0,0,0,0.0,65.2,111.7,336.1,-47.7,59.2,9.235,1,0.2802,PROXY-spatial,0.0083,0.011,1.378,ANALYTICAL-ensemble,-0.015,10,9.48,3,24.0,2513.0,343.0,0.0044,6.29,106.9,0.0,0.859,1957.3,2407.0,FOREST,0.126,,N1,NEWS-APDARA-20200627_N1_2024,2024.0,52.5,47.1,286.9,0.2719,1.393,47.7,4.0,1.374,11.332142857142856,0,0,0,0,0,1,0,0,4
NEWS-APDARA-20200627,2024-09-18,,N1,0,0,0,0.2,47.9,97.9,316.5,0.2,28.3,6.898,2,0.2838,REAL,0.0094,0.0174,1.383,ANALYTICAL-ensemble,-0.01,10,9.48,3,24.0,2513.0,343.0,0.0044,6.29,106.9,0.0,0.859,1957.3,2407.0,FOREST,0.126,,N1,NEWS-APDARA-20200627_N1_2024,2024.0,69.6,49.6,288.8,0.2744,1.393,47.7,3.0,1.378,10.97857142857143,0,0,0,0,0,1,0,0,4
NEWS-APDARA-20200627,2024-09-19,,N1,0,0,0,0.0,0.2,66.8,310.6,-0.2,-44.9,1.666,3,0.2797,REAL,0.0023,0.0149,1.387,ANALYTICAL-ensemble,-0.002,10,9.48,3,24.0,2513.0,343.0,0.0044,6.29,106.9,0.0,0.859,1957.3,2407.0,FOREST,0.126,,N1,NEWS-APDARA-20200627_N1_2024,2024.0,111.7,55.1,313.2,0.2774,1.389,47.7,2.0,1.378,6.353571428571429,0,0,0,0,0,1,0,0,4
NEWS-APDARA-20200627,2024-09-20,,N1,0,0,0,1.1,1.3,67.4,292.5,1.1,-44.3,2.222,4,0.2798,REAL,-0.0004,0.0139,1.393,ANALYTICAL-ensemble,0.003,10,9.48,3,24.0,2513.0,343.0,0.0044,6.29,106.9,0.0,0.859,1957.3,2407.0,FOREST,0.126,,N1,NEWS-APDARA-20200627_N1_2024,2024.0,111.7,51.8,291.0,0.2802,1.39,47.7,2.0,1.378,0.9035714285714274,0,0,0,0,0,1,0,0,4
NEWS-APDARA-20200627,2024-09-21,,N1,0,0,0,0.0,1.1,66.5,282.6,-1.1,-31.4,1.996,5,0.2836,REAL,-0.0002,0.0117,1.393,ANALYTICAL-ensemble,-0.001,10,9.48,3,24.0,2513.0,343.0,0.0044,6.29,106.9,0.0,0.859,1957.3,2407.0,FOREST,0.126,,N1,NEWS-APDARA-20200627_N1_2024,2024.0,97.9,52.5,275.9,0.2838,1.394,47.7,2.0,1.378,-5.1,0,0,0,0,0,1,0,0,4
NEWS-APDARA-20200627,2024-09-22,,N1,0,0,0,7.6,8.7,56.6,274.3,7.6,-10.2,-1.862,0,0.2846,REAL,0.0049,0.0102,1.394,ANALYTICAL-ensemble,0.003,10,9.48,3,24.0,2513.0,343.0,0.0044,6.29,106.9,0.0,0.859,1957.3,2407.0,FOREST,0.126,,N1,NEWS-APDARA-20200627_N1_2024,2024.0,66.8,69.6,290.4,0.2797,1.391,47.7,1.0,1.378,-10.221428571428568,0,0,0,0,0,1,0,0,4
NEWS-APDARA-20200627,2024-09-23,,N1,0,0,0,0.0,7.6,8.9,266.0,-7.6,-58.5,-14.69,1,0.2826,PROXY-spatial,0.0028,0.0052,1.394,ANALYTICAL-ensemble,0.005,10,9.48,3,24.0,2513.0,343.0,0.0044,6.29,106.9,0.0,0.859,1957.3,2407.0,FOREST,0.126,,N1,NEWS-APDARA-20200627_N1_2024,2024.0,67.4,111.7,337.4,0.2798,1.389,7.6,0.0,1.378,-13.975000000000001,0,0,0,0,0,1,0,0,4
NEWS-APDARA-20200627,2024-09-24,,N1,0,0,0,1.8,9.4,10.8,257.6,1.8,-55.7,-14.418,2,0.2868,PROXY-spatial,0.0032,0.0066,1.396,ANALYTICAL-ensemble,0.018,10,9.48,3,24.0,2513.0,343.0,0.0044,6.29,106.9,0.0,0.859,1957.3,2407.0,FOREST,0.126,,N1,NEWS-APDARA-20200627_N1_2024,2024.0,66.5,111.7,336.1,0.2836,1.378,7.6,0.0,1.378,-13.85357142857143,0,0,0,0,0,1,0,0,4
NEWS-APDARA-20200627,2024-09-25,,N1,0,0,0,12.7,14.5,23.2,265.4,10.9,-33.4,-10.676,0,0.2948,PROXY-spatial,0.0102,0.011,1.396,ANALYTICAL-ensemble,0.013,10,9.48,3,24.0,2513.0,343.0,0.0044,6.29,106.9,0.0,0.859,1957.3,2407.0,FOREST,0.126,,N1,NEWS-APDARA-20200627_N1_2024,2024.0,56.6,97.9,316.5,0.2846,1.383,12.7,1.0,1.378,-10.771428571428572,0,0,0,0,0,1,0,0,4
NEWS-APDARA-20200627,2024-09-26,,N1,0,0,0,58.1,72.6,81.3,292.5,45.4,72.4,2.067,0,0.3047,PROXY-spatial,0.0221,0.025,1.39,ANALYTICAL-ensemble,0.003,10,9.48,3,24.0,2513.0,343.0,0.0044,6.29,106.9,0.0,0.859,1957.3,2407.0,FOREST,0.126,,N1,NEWS-APDARA-20200627_N1_2024,2024.0,8.9,66.8,310.6,0.2826,1.387,58.1,2.0,1.378,-3.2392857142857143,0,0,0,0,0,1,0,0,4
NEWS-DARJ-20150701,2015-05-02,60.0,bg,0,0,0,0.0,10.9,39.7,188.4,-9.1,8.9,4.257,1,,MISSING (window-absent),,,0.584,ANALYTICAL-ensemble,0.0,9,16.92,0,50.1,358.0,235.0,0.0656,5.17,251.5,0.0,0.827,542.2,805.4,FOREST,0.386,348.0,POS,NEWS-DARJ-20150701,,,,,,,0.0,0.0,0.584,,1,0,0,0,0,1,0,0,3
NEWS-DARJ-20150701,2015-05-03,59.0,bg,0,0,0,2.8,11.9,42.5,185.2,2.8,9.9,5.6,0,,MISSING (window-absent),,,0.584,ANALYTICAL-ensemble,0.0,9,16.92,0,50.1,358.0,235.0,0.0656,5.17,251.5,0.0,0.827,542.2,805.4,FOREST,0.386,348.0,POS,NEWS-DARJ-20150701,,,,,,,2.8,0.0,0.584,,1,0,0,0,0,1,0,0,3
NEWS-DARJ-20150701,2015-05-04,58.0,bg,0,0,0,1.1,3.9,43.6,186.3,-1.7,1.9,5.757,1,,MISSING (window-absent),,,0.584,ANALYTICAL-ensemble,0.0,9,16.92,0,50.1,358.0,235.0,0.0656,5.17,251.5,0.0,0.827,542.2,805.4,FOREST,0.386,348.0,POS,NEWS-DARJ-20150701,,,,,,,2.8,0.0,0.584,,1,0,0,0,0,1,0,0,3
NEWS-DARJ-20150701,2015-05-05,57.0,bg,0,0,0,6.3,10.3,48.1,184.5,5.2,8.4,6.143,0,,MISSING (window-absent),,,0.584,ANALYTICAL-ensemble,0.0,9,16.92,0,50.1,358.0,235.0,0.0656,5.17,251.5,0.0,0.827,542.2,805.4,FOREST,0.386,348.0,POS,NEWS-DARJ-20150701,,39.7,,,,,6.3,0.0,0.584,2.6299999999999963,1,0,0,0,0,1,0,0,3
NEWS-DARJ-20150701,2015-05-06,56.0,bg,0,0,0,0.6,8.0,21.7,162.2,-5.7,-20.8,-1.3,1,,MISSING (window-absent),,,0.584,ANALYTICAL-ensemble,0.001,9,16.92,0,50.1,358.0,235.0,0.0656,5.17,251.5,0.0,0.827,542.2,805.4,FOREST,0.386,348.0,POS,NEWS-DARJ-20150701,,42.5,,,,,6.3,0.0,0.584,-3.0400000000000005,1,0,0,0,0,1,0,0,3
NEWS-DARJ-20150701,2015-05-07,55.0,bg,0,0,0,0.0,6.9,20.0,143.2,-0.6,-23.6,-1.8,2,,MISSING (window-absent),,,0.585,ANALYTICAL-ensemble,0.001,9,16.92,0,50.1,358.0,235.0,0.0656,5.17,251.5,0.0,0.827,542.2,805.4,FOREST,0.386,348.0,POS,NEWS-DARJ-20150701,,43.6,,,,,6.3,0.0,0.584,-4.468571428571427,1,0,0,0,0,1,0,0,3
NEWS-DARJ-20150701,2015-05-08,54.0,bg,0,0,0,0.5,1.0,11.3,127.8,0.5,-36.8,-4.343,3,,MISSING (window-absent),,,0.585,ANALYTICAL-ensemble,0.001,9,16.92,0,50.1,358.0,235.0,0.0656,5.17,251.5,0.0,0.827,542.2,805.4,FOREST,0.386,348.0,POS,NEWS-DARJ-20150701,,48.1,,,,,6.3,0.0,0.584,-5.432142857142854,1,0,0,0,0,1,0,0,3
NEWS-DARJ-20150701,2015-05-09,53.0,bg,0,0,0,0.0,0.5,11.3,126.8,-0.5,-10.4,-4.057,4,,MISSING (window-absent),,,0.585,ANALYTICAL-ensemble,0.001,9,16.92,0,50.1,358.0,235.0,0.0656,5.17,251.5,0.0,0.827,542.2,805.4,FOREST,0.386,348.0,POS,NEWS-DARJ-20150701,,21.7,39.7,188.4,,0.584,6.3,0.0,0.584,-6.6535714285714285,1,0,0,0,0,1,0,0,3
NEWS-DARJ-20150701,2015-05-10,52.0,bg,0,0,0,0.0,0.5,8.5,126.8,0.0,-11.5,-4.857,5,,MISSING (window-absent),,,0.585,ANALYTICAL-ensemble,0.001,9,16.92,0,50.1,358.0,235.0,0.0656,5.17,251.5,0.0,0.827,542.2,805.4,FOREST,0.386,348.0,POS,NEWS-DARJ-20150701,,20.0,42.5,185.2,,0.584,6.3,0.0,0.584,-6.760714285714286,1,0,0,0,0,1,0,0,3
NEWS-DARJ-20150701,2015-05-11,51.0,bg,0,0,0,12.9,12.9,20.3,139.7,12.9,9.0,-3.329,0,,MISSING (window-absent),,,0.585,ANALYTICAL-ensemble,0.001,9,16.92,0,50.1,358.0,235.0,0.0656,5.17,251.5,0.0,0.827,542.2,805.4,FOREST,0.386,348.0,POS,NEWS-DARJ-20150701,,11.3,43.6,186.3,,0.584,12.9,1.0,0.584,-4.2321428571428585,1,0,0,0,0,1,0,0,3
NEWS-DARJ-20150701,2015-05-12,50.0,bg,0,0,0,0.2,13.1,14.2,139.9,-12.7,2.9,-4.843,1,,MISSING (window-absent),,,0.585,ANALYTICAL-ensemble,0.001,9,16.92,0,50.1,358.0,235.0,0.0656,5.17,251.5,0.0,0.827,542.2,805.4,FOREST,0.386,348.0,POS,NEWS-DARJ-20150701,,11.3,48.1,184.5,,0.584,12.9,1.0,0.584,-0.8821428571428567,1,0,0,0,0,1,0,0,3
NEWS-DARJ-20150701,2015-05-13,49.0,bg,0,0,0,1.2,14.4,14.8,133.6,1.0,6.3,-0.986,2,,MISSING (window-absent),,,0.585,ANALYTICAL-ensemble,0.001,9,16.92,0,50.1,358.0,235.0,0.0656,5.17,251.5,0.0,0.827,542.2,805.4,FOREST,0.386,348.0,POS,NEWS-DARJ-20150701,,8.5,21.7,162.2,,0.584,12.9,1.0,0.584,-0.028571428571429268,1,0,0,0,0,1,0,0,3
NEWS-DARJ-20150701,2015-05-14,48.0,bg,0,0,0,15.5,16.9,30.3,149.1,14.3,10.0,1.471,0,0.2288,PROXY-spatial,,,0.585,ANALYTICAL-ensemble,0.0,9,16.92,0,50.1,358.0,235.0,0.0656,5.17,251.5,0.0,0.827,542.2,805.4,FOREST,0.386,348.0,POS,NEWS-DARJ-20150701,,20.3,20.0,143.2,,0.585,15.5,2.0,0.584,2.489285714285713,0,0,0,0,0,1,0,0,3
NEWS-DARJ-20150701,2015-05-15,47.0,bg,0,0,0,8.3,25.0,38.1,157.4,-7.2,23.9,3.829,0,0.2288,PROXY-spatial,,,0.584,ANALYTICAL-ensemble,-0.001,9,16.92,0,50.1,358.0,235.0,0.0656,5.17,251.5,0.0,0.827,542.2,805.4,FOREST,0.386,348.0,POS,NEWS-DARJ-20150701,,14.2,11.3,127.8,,0.585,15.5,2.0,0.584,4.232142857142858,0,0,0,0,0,1,0,0,3
NEWS-DARJ-20150701,2015-05-16,46.0,bg,0,0,0,7.7,31.4,45.8,165.1,-0.6,31.0,4.929,0,0.2288,PROXY-spatial,,,0.584,ANALYTICAL-ensemble,-0.001,9,16.92,0,50.1,358.0,235.0,0.0656,5.17,251.5,0.0,0.827,542.2,805.4,FOREST,0.386,348.0,POS,NEWS-DARJ-20150701,,14.8,11.3,126.8,,0.585,15.5,2.0,0.584,5.8428571428571425,0,0,0,0,0,1,0,0,3
NEWS-DARJ-20150701,2015-05-17,45.0,bg,0,0,0,49.6,65.6,95.4,214.7,41.9,65.1,12.414,0,0.2288,PROXY-spatial,0.0,,0.583,ANALYTICAL-ensemble,-0.002,9,16.92,0,50.1,358.0,235.0,0.0656,5.17,251.5,0.0,0.827,542.2,805.4,FOREST,0.386,348.0,POS,NEWS-DARJ-20150701,,30.3,8.5,126.8,0.2288,0.585,49.6,3.0,0.583,11.135714285714288,0,0,0,0,0,1,0,0,3
NEWS-DARJ-20150701,2015-05-18,44.0,bg,0,0,0,5.3,62.6,87.8,161.6,-44.3,49.7,9.643,0,0.2288,PROXY-spatial,0.0,,0.583,ANALYTICAL-ensemble,-0.002,9,16.92,0,50.1,358.0,235.0,0.0656,5.17,251.5,0.0,0.827,542.2,805.4,FOREST,0.386,348.0,POS,NEWS-DARJ-20150701,,38.1,20.3,139.7,0.2288,0.585,49.6,2.0,0.583,14.196428571428571,0,0,0,0,0,1,0,0,3
NEWS-DARJ-20150701,2015-05-19,43.0,bg,0,0,0,11.6,66.5,99.2,166.6,6.3,53.4,12.143,0,0.2288,PROXY-spatial,0.0,,0.583,ANALYTICAL-ensemble,-0.002,9,16.92,0,50.1,358.0,235.0,0.0656,5.17,251.5,0.0,0.827,542.2,805.4,FOREST,0.386,348.0,POS,NEWS-DARJ-20150701,,45.8,14.2,139.9,0.2288,0.585,49.6,3.0,0.583,15.19642857142857,0,0,0,0,0,1,0,0,3
NEWS-DARJ-20150701,2015-05-20,42.0,bg,0,0,0,0.3,17.1,98.2,166.8,-11.3,2.8,11.914,1,0.2288,PROXY-spatial,0.0,,0.583,ANALYTICAL-ensemble,-0.002,9,16.92,0,50.1,358.0,235.0,0.0656,5.17,251.5,0.0,0.827,542.2,805.4,FOREST,0.386,348.0,POS,NEWS-DARJ-20150701,,95.4,14.8,133.6,0.2288,0.585,49.6,3.0,0.583,13.139285714285714,0,0,0,0,0,1,0,0,3
NEWS-DARJ-20150701,2015-05-21,41.0,bg,0,0,0,2.6,14.5,85.3,169.5,2.3,-2.5,7.857,0,,MISSING (window-absent),,,0.584,ANALYTICAL-ensemble,-0.001,9,16.92,0,50.1,358.0,235.0,0.0656,5.17,251.5,0.0,0.827,542.2,805.4,FOREST,0.386,348.0,POS,NEWS-DARJ-20150701,,87.8,30.3,149.1,0.2288,0.585,49.6,2.0,0.583,8.935714285714287,1,0,0,0,0,1,0,0,3
NEWS-DARJ-20150701,2015-05-22,40.0,bg,0,0,0,24.0,26.9,101.1,192.2,21.4,1.9,9.0,0,,MISSING (window-absent),,,0.583,ANALYTICAL-ensemble,-0.001,9,16.92,0,50.1,358.0,235.0,0.0656,5.17,251.5,0.0,0.827,542.2,805.4,FOREST,0.386,348.0,POS,NEWS-DARJ-20150701,,99.2,38.1,157.4,0.2288,0.584,49.6,3.0,0.583,5.575000000000007,1,0,0,0,0,1,0,0,3
NEWS-DARJ-20150701,2015-05-23,39.0,bg,0,0,0,0.0,26.6,93.4,192.2,-24.0,-4.8,6.8,1,0.2373,PROXY-spatial,0.0085,0.0085,0.583,ANALYTICAL-ensemble,-0.001,9,16.92,0,50.1,358.0,235.0,0.0656,5.17,251.5,0.0,0.827,542.2,805.4,FOREST,0.386,348.0,POS,NEWS-DARJ-20150701,,98.2,45.8,165.1,0.2288,0.584,49.6,3.0,0.583,0.2392857142857117,0,0,0,0,0,1,0,0,3
NEWS-DARJ-20150701,2015-05-24,38.0,bg,0,0,0,21.7,45.7,65.5,214.0,21.7,-19.8,-4.271,0,0.2373,PROXY-spatial,,0.0085,0.583,ANALYTICAL-ensemble,0.0,9,16.92,0,50.1,358.0,235.0,0.0656,5.17,251.5,0.0,0.827,542.2,805.4,FOREST,0.386,348.0,POS,NEWS-DARJ-20150701,,85.3,95.4,214.7,,0.583,24.0,3.0,0.583,-2.6999999999999935,0,0,0,0,0,1,0,0,3
NEWS-DARJ-20150701,2015-05-25,37.0,bg,0,0,0,0.0,21.7,60.2,211.9,-21.7,-40.9,-3.943,1,0.2373,PROXY-spatial,,0.0085,0.583,ANALYTICAL-ensemble,0.0,9,16.92,0,50.1,358.0,235.0,0.0656,5.17,251.5,0.0,0.827,542.2,805.4,FOREST,0.386,348.0,POS,NEWS-DARJ-20150701,,101.1,87.8,161.6,,0.583,24.0,3.0,0.583,-6.224999999999994,0,0,0,0,0,1,0,0,3
NEWS-DARJ-20150701,2015-05-26,36.0,bg,0,0,0,27.0,48.7,75.6,238.9,27.0,-17.8,-3.371,0,0.2373,PROXY-spatial,0.0,0.0085,0.582,ANALYTICAL-ensemble,-0.001,9,16.92,0,50.1,358.0,235.0,0.0656,5.17,251.5,0.0,0.827,542.2,805.4,FOREST,0.386,348.0,POS,NEWS-DARJ-20150701,,93.4,99.2,166.6,0.2373,0.583,27.0,3.0,0.582,-5.485714285714284,0,0,0,0,0,1,0,0,3
NEWS-DARJ-20150701,2015-05-27,35.0,bg,0,0,0,4.7,31.7,80.1,243.6,-22.3,14.6,-2.586,0,0.2373,PROXY-spatial,0.0,0.0085,0.58,ANALYTICAL-ensemble,-0.003,9,16.92,0,50.1,358.0,235.0,0.0656,5.17,251.5,0.0,0.827,542.2,805.4,FOREST,0.386,348.0,POS,NEWS-DARJ-20150701,,65.5,98.2,166.8,0.2373,0.583,27.0,3.0,0.58,-3.5642857142857136,0,0,0,0,0,1,0,0,3
NEWS-DARJ-20150701,2015-05-28,34.0,bg,0,0,0,0.0,31.7,77.4,241.8,-4.7,17.2,-1.129,1,0.2373,PROXY-spatial,0.0,,0.582,ANALYTICAL-ensemble,-0.002,9,16.92,0,50.1,358.0,235.0,0.0656,5.17,251.5,0.0,0.827,542.2,805.4,FOREST,0.386,348.0,POS,NEWS-DARJ-20150701,,60.2,85.3,169.5,0.2373,0.584,27.0,3.0,0.58,-3.1285714285714277,0,0,0,0,0,1,0,0,3
NEWS-DARJ-20150701,2015-05-29,33.0,bg,0,0,0,49.9,54.6,103.4,264.8,49.9,27.8,0.329,0,0.2373,PROXY-spatial,0.0,,0.581,ANALYTICAL-ensemble,-0.002,9,16.92,0,50.1,358.0,235.0,0.0656,5.17,251.5,0.0,0.827,542.2,805.4,FOREST,0.386,348.0,POS,NEWS-DARJ-20150701,,75.6,101.1,192.2,0.2373,0.583,49.9,3.0,0.58,2.6321428571428553,0,0,0,0,0,1,0,0,3
NEWS-DARJ-20150701,2015-05-30,32.0,bg,0,0,0,10.8,60.7,114.2,273.8,-39.1,34.1,2.971,0,0.2055,PROXY-spatial,-0.0318,-0.0318,0.579,ANALYTICAL-ensemble,-0.004,9,16.92,0,50.1,358.0,235.0,0.0656,5.17,251.5,0.0,0.827,542.2,805.4,FOREST,0.386,348.0,POS,NEWS-DARJ-20150701,,80.1,93.4,192.2,0.2373,0.583,49.9,4.0,0.579,8.36785714285714,0,0,0,0,0,1,0,0,3
NEWS-DARJ-20150701,2015-05-31,31.0,bg,0,0,0,11.2,71.9,103.6,275.8,0.4,26.2,5.443,0,0.1825,PROXY-spatial,-0.0548,-0.0548,0.579,ANALYTICAL-ensemble,-0.004,9,16.92,0,50.1,358.0,235.0,0.0656,5.17,251.5,0.0,0.827,542.2,805.4,FOREST,0.386,348.0,POS,NEWS-DARJ-20150701,,77.4,65.5,214.0,0.2373,0.583,49.9,4.0,0.579,8.239285714285712,0,0,0,0,0,1,0,0,3
NEWS-DARJ-20150701,2015-06-01,30.0,pre,0,0,0,18.9,40.8,122.5,294.7,7.7,19.1,8.9,0,0.2121,PROXY-spatial,-0.0252,-0.0252,0.579,ANALYTICAL-ensemble,-0.004,9,16.92,0,50.1,358.0,235.0,0.0656,5.17,251.5,0.0,0.827,542.2,805.4,FOREST,0.386,348.0,POS,NEWS-DARJ-20150701,,103.4,60.2,211.9,0.2373,0.583,49.9,5.0,0.579,8.01785714285714,0,0,0,0,0,1,0,0,3
NEWS-DARJ-20150701,2015-06-02,29.0,pre,0,0,0,12.7,42.7,108.2,304.6,-6.2,-6.0,4.657,0,0.2121,PROXY-spatial,0.0066,-0.0252,0.579,ANALYTICAL-ensemble,-0.003,9,16.92,0,50.1,358.0,235.0,0.0656,5.17,251.5,0.0,0.827,542.2,805.4,FOREST,0.386,348.0,POS,NEWS-DARJ-20150701,,114.2,75.6,238.9,0.2055,0.582,49.9,5.0,0.579,6.239285714285715,0,0,0,0,0,1,0,0,3
NEWS-DARJ-20150701,2015-06-03,28.0,pre,0,0,0,4.2,35.8,107.7,307.7,-8.5,4.1,3.943,0,0.2184,PROXY-spatial,0.0359,-0.0189,0.579,ANALYTICAL-ensemble,-0.001,9,16.92,0,50.1,358.0,235.0,0.0656,5.17,251.5,0.0,0.827,542.2,805.4,FOREST,0.386,348.0,POS,NEWS-DARJ-20150701,,103.6,80.1,243.6,0.1825,0.58,49.9,5.0,0.579,3.885714285714283,0,0,0,0,0,1,0,0,3
NEWS-DARJ-20150701,2015-06-04,27.0,pre,0,0,0,19.5,36.4,127.2,320.9,15.3,4.7,7.114,0,0.2184,PROXY-spatial,0.0063,-0.0189,0.578,ANALYTICAL-ensemble,-0.004,9,16.92,0,50.1,358.0,235.0,0.0656,5.17,251.5,0.0,0.827,542.2,805.4,FOREST,0.386,348.0,POS,NEWS-DARJ-20150701,,122.5,77.4,241.8,0.2121,0.582,49.9,6.0,0.578,2.25,0,0,0,0,0,1,0,0,3
NEWS-DARJ-20150701,2015-06-05,26.0,pre,0,0,0,89.1,112.9,166.4,409.5,69.6,58.2,9.0,0,0.2184,PROXY-spatial,0.0063,-0.0189,0.576,ANALYTICAL-ensemble,-0.005,9,16.92,0,50.1,358.0,235.0,0.0656,5.17,251.5,0.0,0.827,542.2,805.4,FOREST,0.386,348.0,POS,NEWS-DARJ-20150701,,108.2,103.4,264.8,0.2121,0.581,89.1,6.0,0.576,6.750000000000004,0,0,0,0,0,1,0,0,3
NEWS-DARJ-20150701,2015-06-06,25.0,pre,0,0,0,23.0,131.7,178.6,432.5,-66.1,70.9,9.2,0,0.2267,PROXY-spatial,0.0083,0.0212,0.574,ANALYTICAL-ensemble,-0.005,9,16.92,0,50.1,358.0,235.0,0.0656,5.17,251.5,0.0,0.827,542.2,805.4,FOREST,0.386,348.0,POS,NEWS-DARJ-20150701,,107.7,114.2,273.8,0.2184,0.579,89.1,6.0,0.574,11.850000000000009,0,0,0,0,0,1,0,0,3
NEWS-DARJ-20150701,2015-06-07,24.0,pre,0,0,0,120.4,232.5,287.8,552.4,97.4,160.6,26.314,0,0.2523,PROXY-spatial,0.0339,0.0698,0.569,ANALYTICAL-ensemble,-0.01,9,16.92,0,50.1,358.0,235.0,0.0656,5.17,251.5,0.0,0.827,542.2,805.4,FOREST,0.386,348.0,POS,NEWS-DARJ-20150701,,127.2,103.6,275.8,0.2184,0.579,120.4,6.0,0.569,24.83571428571428,0,0,0,0,0,1,0,0,3
NEWS-DARJ-20150701,2015-06-08,23.0,pre,0,0,0,92.6,235.9,361.5,645.0,-27.8,195.1,34.143,0,0.2508,PROXY-spatial,0.0324,0.0387,0.558,ANALYTICAL-ensemble,-0.021,9,16.92,0,50.1,358.0,235.0,0.0656,5.17,251.5,0.0,0.827,542.2,805.4,FOREST,0.386,348.0,POS,NEWS-DARJ-20150701,,166.4,122.5,294.7,0.2184,0.579,120.4,6.0,0.558,41.83928571428571,0,0,0,0,0,1,0,0,3
NEWS-DARJ-20150701,2015-06-09,22.0,pre,0,0,0,15.4,228.4,364.3,660.4,-77.2,185.7,36.586,0,0.2559,PROXY-spatial,0.0292,0.0438,0.558,ANALYTICAL-ensemble,-0.021,9,16.92,0,50.1,358.0,235.0,0.0656,5.17,251.5,0.0,0.827,542.2,805.4,FOREST,0.386,348.0,POS,NEWS-DARJ-20150701,,178.6,108.2,304.6,0.2267,0.579,120.4,6.0,0.558,48.56428571428572,0,0,0,0,0,1,0,0,3
NEWS-DARJ-20150701,2015-06-10,21.0,pre,0,0,0,14.3,122.4,374.4,661.8,-1.1,86.6,38.1,0,0.2552,PROXY-spatial,0.0029,0.0368,0.559,ANALYTICAL-ensemble,-0.02,9,16.92,0,50.1,358.0,235.0,0.0656,5.17,251.5,0.0,0.827,542.2,805.4,FOREST,0.386,348.0,POS,NEWS-DARJ-20150701,,287.8,107.7,307.7,0.2523,0.579,120.4,7.0,0.558,47.153571428571425,0,0,0,0,0,1,0,0,3
NEWS-DARJ-20150701,2015-06-11,20.0,pre,0,0,0,58.9,88.7,413.8,720.6,44.6,52.3,40.943,0,0.2576,PROXY-spatial,0.0068,0.0392,0.558,ANALYTICAL-ensemble,-0.02,9,16.92,0,50.1,358.0,235.0,0.0656,5.17,251.5,0.0,0.827,542.2,805.4,FOREST,0.386,348.0,POS,NEWS-DARJ-20150701,,361.5,127.2,320.9,0.2508,0.578,120.4,7.0,0.558,43.225,0,0,0,0,0,1,0,0,3
NEWS-DARJ-20150701,2015-06-12,19.0,pre,0,0,0,34.3,107.6,359.0,753.7,-24.6,-5.3,27.514,0,0.2606,PROXY-spatial,0.0047,0.0422,0.557,ANALYTICAL-ensemble,-0.019,9,16.92,0,50.1,358.0,235.0,0.0656,5.17,251.5,0.0,0.827,542.2,805.4,FOREST,0.386,348.0,POS,NEWS-DARJ-20150701,,364.3,166.4,409.5,0.2559,0.576,120.4,7.0,0.557,28.789285714285704,0,0,0,0,0,1,0,0,3
NEWS-DARJ-20150701,2015-06-13,18.0,pre,0,0,0,17.1,110.4,353.1,755.3,-17.2,-21.3,24.929,0,0.2678,PROXY-spatial,0.0126,0.0411,0.557,ANALYTICAL-ensemble,-0.017,9,16.92,0,50.1,358.0,235.0,0.0656,5.17,251.5,0.0,0.827,542.2,805.4,FOREST,0.386,348.0,POS,NEWS-DARJ-20150701,,374.4,178.6,432.5,0.2552,0.574,120.4,7.0,0.557,8.585714285714301,0,0,0,0,0,1,0,0,3
NEWS-DARJ-20150701,2015-06-14,17.0,pre,0,0,0,52.1,103.6,284.9,799.1,35.0,-128.9,-0.414,0,0.2662,PROXY-spatial,0.0086,0.0139,0.557,ANALYTICAL-ensemble,-0.012,9,16.92,0,50.1,358.0,235.0,0.0656,5.17,251.5,0.0,0.827,542.2,805.4,FOREST,0.386,348.0,POS,NEWS-DARJ-20150701,,413.8,287.8,552.4,0.2576,0.569,92.6,7.0,0.557,-9.55714285714283,0,0,0,0,0,1,0,0,3
NEWS-DARJ-20150701,2015-06-15,16.0,pre,0,0,0,14.8,84.0,207.0,806.2,-37.3,-152.0,-22.071,0,0.2602,PROXY-spatial,-0.0004,0.0094,0.556,ANALYTICAL-ensemble,-0.002,9,16.92,0,50.1,358.0,235.0,0.0656,5.17,251.5,0.0,0.827,542.2,805.4,FOREST,0.386,348.0,POS,NEWS-DARJ-20150701,,359.0,361.5,645.0,0.2606,0.558,58.9,7.0,0.556,-25.414285714285704,0,0,0,0,0,1,0,0,3
NEWS-DARJ-20150701,2015-06-16,15.0,pre,0,0,0,11.8,78.6,203.4,768.3,-3.0,-149.7,-22.986,0,0.2542,PROXY-spatial,-0.0136,-0.0017,0.557,ANALYTICAL-ensemble,-0.001,9,16.92,0,50.1,358.0,235.0,0.0656,5.17,251.5,0.0,0.827,542.2,805.4,FOREST,0.386,348.0,POS,NEWS-DARJ-20150701,,353.1,364.3,660.4,0.2678,0.558,58.9,7.0,0.556,-35.73928571428571,0,0,0,0,0,1,0,0,3
NEWS-DARJ-20150701,2015-06-17,14.0,pre,1,0,0,12.7,39.2,201.7,775.7,0.9,-83.2,-24.671,0,0.2554,PROXY-spatial,-0.0108,0.0002,0.558,ANALYTICAL-ensemble,-0.001,9,16.92,0,50.1,358.0,235.0,0.0656,5.17,251.5,0.0,0.827,542.2,805.4,FOREST,0.386,348.0,POS,NEWS-DARJ-20150701,,284.9,374.4,661.8,0.2662,0.559,58.9,7.0,0.556,-39.05714285714286,0,0,0,0,0,1,0,0,3
NEWS-DARJ-20150701,2015-06-18,13.0,pre,1,0,0,55.5,79.9,198.2,819.6,42.8,-8.8,-30.8,0,0.2451,PROXY-spatial,-0.0151,-0.0125,0.557,ANALYTICAL-ensemble,-0.001,9,16.92,0,50.1,358.0,235.0,0.0656,5.17,251.5,0.0,0.827,542.2,805.4,FOREST,0.386,348.0,POS,NEWS-DARJ-20150701,,207.0,413.8,720.6,0.2602,0.558,55.5,7.0,0.556,-30.953571428571422,0,0,0,0,0,1,0,0,3
NEWS-DARJ-20150701,2015-06-19,12.0,pre,1,0,0,3.7,71.8,167.5,823.0,-51.8,-35.9,-27.357,0,0.2398,PROXY-spatial,-0.0144,-0.0208,0.557,ANALYTICAL-ensemble,0.0,9,16.92,0,50.1,358.0,235.0,0.0656,5.17,251.5,0.0,0.827,542.2,805.4,FOREST,0.386,348.0,POS,NEWS-DARJ-20150701,,203.4,359.0,753.7,0.2542,0.557,55.5,6.0,0.556,-26.267857142857153,0,0,0,0,0,1,0,0,3
NEWS-DARJ-20150701,2015-06-20,11.0,pre,1,0,0,11.3,70.4,161.7,831.6,7.6,-40.0,-27.343,0,0.2352,PROXY-spatial,-0.0202,-0.0326,0.558,ANALYTICAL-ensemble,0.001,9,16.92,0,50.1,358.0,235.0,0.0656,5.17,251.5,0.0,0.827,542.2,805.4,FOREST,0.386,348.0,POS,NEWS-DARJ-20150701,,201.7,353.1,755.3,0.2554,0.557,55.5,6.0,0.556,-16.20714285714285,0,0,0,0,0,1,0,0,3
NEWS-DARJ-20150701,2015-06-21,10.0,pre,1,0,0,5.0,20.0,114.6,812.6,-6.3,-83.6,-24.329,0,0.2326,PROXY-spatial,-0.0125,-0.0336,0.559,ANALYTICAL-ensemble,0.002,9,16.92,0,50.1,358.0,235.0,0.0656,5.17,251.5,0.0,0.827,542.2,805.4,FOREST,0.386,348.0,POS,NEWS-DARJ-20150701,,198.2,284.9,799.1,0.2451,0.557,55.5,5.0,0.556,-14.099999999999998,0,0,0,0,0,1,0,0,3
NEWS-DARJ-20150701,2015-06-22,9.0,pre,1,0,0,5.0,21.3,104.9,817.7,-0.0,-62.6,-14.586,0,0.2383,PROXY-spatial,-0.0015,-0.0219,0.56,ANALYTICAL-ensemble,0.004,9,16.92,0,50.1,358.0,235.0,0.0656,5.17,251.5,0.0,0.827,542.2,805.4,FOREST,0.386,348.0,POS,NEWS-DARJ-20150701,,167.5,207.0,806.2,0.2398,0.556,55.5,4.0,0.556,-18.078571428571422,0,0,0,0,0,1,0,0,3
NEWS-DARJ-20150701,2015-06-23,8.0,pre,1,0,0,64.0,74.1,157.2,860.0,59.0,-4.5,-6.6,0,0.2425,PROXY-spatial,0.0073,-0.0117,0.559,ANALYTICAL-ensemble,0.002,9,16.92,0,50.1,358.0,235.0,0.0656,5.17,251.5,0.0,0.827,542.2,805.4,FOREST,0.386,348.0,POS,NEWS-DARJ-20150701,,161.7,203.4,768.3,0.2352,0.557,64.0,4.0,0.556,-13.321428571428573,0,0,0,0,0,1,0,0,3
NEWS-DARJ-20150701,2015-06-24,7.0,pre,1,1,0,14.5,83.6,159.0,874.5,-49.5,44.4,-6.1,0,0.2464,PROXY-spatial,0.0138,-0.009,0.557,ANALYTICAL-ensemble,-0.001,9,16.92,0,50.1,358.0,235.0,0.0656,5.17,251.5,0.0,0.827,542.2,805.4,FOREST,0.386,348.0,POS,NEWS-DARJ-20150701,,114.6,201.7,775.7,0.2326,0.558,64.0,4.0,0.556,-6.964285714285716,0,0,0,0,0,1,0,0,3
NEWS-DARJ-20150701,2015-06-25,6.0,pre,1,1,0,0.2,78.7,103.7,847.7,-14.3,-1.2,-13.5,1,0.2554,PROXY-spatial,0.0171,0.0103,0.559,ANALYTICAL-ensemble,0.002,9,16.92,0,50.1,358.0,235.0,0.0656,5.17,251.5,0.0,0.827,542.2,805.4,FOREST,0.386,348.0,POS,NEWS-DARJ-20150701,,104.9,198.2,819.6,0.2383,0.557,64.0,3.0,0.556,-5.507142857142854,0,0,0,0,0,1,0,0,3
NEWS-DARJ-20150701,2015-06-26,5.0,pre,1,1,0,5.3,20.0,105.4,848.3,5.1,-51.8,-8.871,0,0.2568,PROXY-spatial,0.0143,0.017,0.56,ANALYTICAL-ensemble,0.003,9,16.92,0,50.1,358.0,235.0,0.0656,5.17,251.5,0.0,0.827,542.2,805.4,FOREST,0.386,348.0,POS,NEWS-DARJ-20150701,,157.2,167.5,823.0,0.2425,0.557,64.0,3.0,0.556,-4.878571428571428,0,0,0,0,0,1,0,0,3
NEWS-DARJ-20150701,2015-06-27,4.0,pre,1,1,0,8.3,13.8,102.4,856.6,3.0,-56.6,-8.471,0,0.258,REAL,0.0116,0.0228,0.561,ANALYTICAL-ensemble,0.003,9,16.92,0,50.1,358.0,235.0,0.0656,5.17,251.5,0.0,0.827,542.2,805.4,FOREST,0.386,348.0,POS,NEWS-DARJ-20150701,,159.0,161.7,831.6,0.2464,0.558,64.0,2.0,0.556,-3.182142857142855,0,0,0,0,0,1,0,0,3
NEWS-DARJ-20150701,2015-06-28,3.0,pre,1,1,0,9.7,23.3,107.0,816.3,1.4,3.3,-1.086,0,0.2659,REAL,0.0105,0.0333,0.562,ANALYTICAL-ensemble,0.003,9,16.92,0,50.1,358.0,235.0,0.0656,5.17,251.5,0.0,0.827,542.2,805.4,FOREST,0.386,348.0,POS,NEWS-DARJ-20150701,,103.7,114.6,812.6,0.2554,0.559,64.0,2.0,0.556,-5.603571428571422,0,0,0,0,0,1,0,0,3
NEWS-DARJ-20150701,2015-06-29,2.0,pre,1,1,0,11.5,29.4,113.5,817.0,1.8,8.1,1.229,0,0.2674,REAL,0.0106,0.0291,0.563,ANALYTICAL-ensemble,0.003,9,16.92,0,50.1,358.0,235.0,0.0656,5.17,251.5,0.0,0.827,542.2,805.4,FOREST,0.386,348.0,POS,NEWS-DARJ-20150701,,105.4,104.9,817.7,0.2568,0.56,64.0,3.0,0.557,-8.442857142857136,0,0,0,0,0,1,0,0,3
NEWS-DARJ-20150701,2015-06-30,1.0,pre,1,1,0,41.0,62.1,90.4,846.8,29.5,-12.0,-9.543,0,0.2657,REAL,0.0077,0.0232,0.561,ANALYTICAL-ensemble,0.002,9,16.92,0,50.1,358.0,235.0,0.0656,5.17,251.5,0.0,0.827,542.2,805.4,FOREST,0.386,348.0,POS,NEWS-DARJ-20150701,,102.4,157.2,860.0,0.258,0.559,41.0,3.0,0.557,-6.592857142857147,0,0,0,0,0,1,0,0,3
NEWS-DARJ-20150701,2016-05-02,,N0,0,0,0,0.0,8.1,88.0,135.5,-7.6,8.0,12.427,1,,MISSING (window-absent),,,0.584,ANALYTICAL-ensemble,-0.001,9,16.92,1,50.1,358.0,235.0,0.0656,5.17,251.5,0.0,0.827,542.2,805.4,FOREST,0.336,,N0,NEWS-DARJ-20150701_N0_2016,2016.0,,,,,,0.0,0.0,0.584,,1,0,0,0,0,1,0,0,3
NEWS-DARJ-20150701,2016-05-03,,N0,0,0,0,0.0,7.6,88.0,135.5,0.0,7.5,12.484,2,,MISSING (window-absent),,,0.584,ANALYTICAL-ensemble,-0.001,9,16.92,1,50.1,358.0,235.0,0.0656,5.17,251.5,0.0,0.827,542.2,805.4,FOREST,0.336,,N0,NEWS-DARJ-20150701_N0_2016,2016.0,,,,,,0.0,0.0,0.584,,1,0,0,0,0,1,0,0,3
NEWS-DARJ-20150701,2016-05-04,,N0,0,0,0,1.8,1.8,89.9,137.4,1.8,1.9,12.755,3,,MISSING (window-absent),,,0.584,ANALYTICAL-ensemble,-0.002,9,16.92,1,50.1,358.0,235.0,0.0656,5.17,251.5,0.0,0.827,542.2,805.4,FOREST,0.336,,N0,NEWS-DARJ-20150701_N0_2016,2016.0,,,,,,1.8,0.0,0.584,,1,0,0,0,0,1,0,0,3
NEWS-DARJ-20150701,2016-05-05,,N0,0,0,0,5.1,6.9,95.0,142.5,3.3,7.0,13.571,0,,MISSING (window-absent),,,0.585,ANALYTICAL-ensemble,-0.004,9,16.92,1,50.1,358.0,235.0,0.0656,5.17,251.5,0.0,0.827,542.2,805.4,FOREST,0.336,,N0,NEWS-DARJ-20150701_N0_2016,2016.0,88.0,,,,,5.1,0.0,0.584,2.289999999999998,1,0,0,0,0,1,0,0,3
NEWS-DARJ-20150701,2016-05-06,,N0,0,0,0,24.4,31.3,39.4,125.4,19.3,-48.6,-5.794,0,,MISSING (window-absent),,,0.585,ANALYTICAL-ensemble,0.0,9,16.92,1,50.1,358.0,235.0,0.0656,5.17,251.5,0.0,0.827,542.2,805.4,FOREST,0.336,,N0,NEWS-DARJ-20150701_N0_2016,2016.0,88.0,,,,,24.4,1.0,0.584,-9.020000000000005,1,0,0,0,0,1,0,0,3
NEWS-DARJ-20150701,2016-05-07,,N0,0,0,0,0.8,30.3,39.7,126.2,-23.6,-50.2,-5.824,1,,MISSING (window-absent),,,0.584,ANALYTICAL-ensemble,0.0,9,16.92,1,50.1,358.0,235.0,0.0656,5.17,251.5,0.0,0.827,542.2,805.4,FOREST,0.336,,N0,NEWS-DARJ-20150701_N0_2016,2016.0,89.9,,,,,24.4,1.0,0.584,-10.919999999999993,1,0,0,0,0,1,0,0,3
NEWS-DARJ-20150701,2016-05-08,,N0,0,0,0,0.6,25.8,32.8,126.8,-0.2,-62.2,-7.892,2,0.2695,PROXY-spatial,,,0.585,ANALYTICAL-ensemble,0.001,9,16.92,1,50.1,358.0,235.0,0.0656,5.17,251.5,0.0,0.827,542.2,805.4,FOREST,0.336,,N0,NEWS-DARJ-20150701_N0_2016,2016.0,95.0,,,,,24.4,1.0,0.584,-11.16785714285714,0,0,0,0,0,1,0,0,3
NEWS-DARJ-20150701,2016-05-09,,N0,0,0,0,1.8,3.2,34.6,128.6,1.2,-4.8,-7.635,3,0.2695,PROXY-spatial,,,0.585,ANALYTICAL-ensemble,0.001,9,16.92,1,50.1,358.0,235.0,0.0656,5.17,251.5,0.0,0.827,542.2,805.4,FOREST,0.336,,N0,NEWS-DARJ-20150701_N0_2016,2016.0,39.4,88.0,135.5,,0.584,24.4,1.0,0.584,-11.774999999999999,0,0,0,0,0,1,0,0,3
NEWS-DARJ-20150701,2016-05-10,,N0,0,0,0,1.1,3.5,35.6,129.7,-0.7,-4.1,-7.492,4,0.2695,PROXY-spatial,,,0.585,ANALYTICAL-ensemble,0.001,9,16.92,1,50.1,358.0,235.0,0.0656,5.17,251.5,0.0,0.827,542.2,805.4,FOREST,0.336,,N0,NEWS-DARJ-20150701_N0_2016,2016.0,39.7,88.0,135.5,,0.584,24.4,1.0,0.584,-10.367857142857144,0,0,0,0,0,1,0,0,3
NEWS-DARJ-20150701,2016-05-11,,N0,0,0,0,11.2,14.1,45.0,140.9,10.1,12.2,-6.413,0,0.2695,PROXY-spatial,0.0,,0.585,ANALYTICAL-ensemble,0.001,9,16.92,1,50.1,358.0,235.0,0.0656,5.17,251.5,0.0,0.827,542.2,805.4,FOREST,0.336,,N0,NEWS-DARJ-20150701_N0_2016,2016.0,32.8,89.9,137.4,0.2695,0.584,24.4,2.0,0.584,-5.810714285714289,0,0,0,0,0,1,0,0,3
NEWS-DARJ-20150701,2016-05-12,,N0,0,0,0,0.0,12.3,39.9,140.9,-11.2,5.3,-7.868,1,0.2695,PROXY-spatial,0.0,,0.585,ANALYTICAL-ensemble,0.0,9,16.92,1,50.1,358.0,235.0,0.0656,5.17,251.5,0.0,0.827,542.2,805.4,FOREST,0.336,,N0,NEWS-DARJ-20150701_N0_2016,2016.0,34.6,95.0,142.5,0.2695,0.585,24.4,2.0,0.584,0.532142857142857,0,0,0,0,0,1,0,0,3
NEWS-DARJ-20150701,2016-05-13,,N0,0,0,0,1.2,12.4,16.7,142.1,1.2,-18.9,-3.246,2,0.2695,PROXY-spatial,0.0,,0.585,ANALYTICAL-ensemble,0.0,9,16.92,1,50.1,358.0,235.0,0.0656,5.17,251.5,0.0,0.827,542.2,805.4,FOREST,0.336,,N0,NEWS-DARJ-20150701_N0_2016,2016.0,35.6,39.4,125.4,0.2695,0.585,11.2,1.0,0.584,-1.5857142857142867,0,0,0,0,0,1,0,0,3
NEWS-DARJ-20150701,2016-05-14,,N0,0,0,0,20.3,21.5,36.3,162.4,19.1,-8.7,-0.486,0,0.2695,PROXY-spatial,0.0,,0.584,ANALYTICAL-ensemble,0.0,9,16.92,1,50.1,358.0,235.0,0.0656,5.17,251.5,0.0,0.827,542.2,805.4,FOREST,0.336,,N0,NEWS-DARJ-20150701_N0_2016,2016.0,45.0,39.7,126.2,0.2695,0.584,20.3,2.0,0.584,-0.7500000000000008,0,0,0,0,0,1,0,0,3
NEWS-DARJ-20150701,2016-05-15,,N0,0,0,0,0.7,22.2,36.3,160.0,-19.6,-3.6,0.504,1,0.2686,PROXY-spatial,-0.0009,-0.0009,0.584,ANALYTICAL-ensemble,-0.001,9,16.92,1,50.1,358.0,235.0,0.0656,5.17,251.5,0.0,0.827,542.2,805.4,FOREST,0.336,,N0,NEWS-DARJ-20150701_N0_2016,2016.0,39.9,32.8,126.8,0.2695,0.585,20.3,2.0,0.584,-0.7785714285714304,0,0,0,0,0,1,0,0,3
NEWS-DARJ-20150701,2016-05-16,,N0,0,0,0,7.2,28.2,41.7,167.2,6.5,25.0,1.018,0,0.2843,PROXY-spatial,0.0148,0.0148,0.584,ANALYTICAL-ensemble,-0.001,9,16.92,1,50.1,358.0,235.0,0.0656,5.17,251.5,0.0,0.827,542.2,805.4,FOREST,0.336,,N0,NEWS-DARJ-20150701_N0_2016,2016.0,16.7,34.6,128.6,0.2695,0.585,20.3,2.0,0.584,-0.09642857142857138,0,0,0,0,0,1,0,0,3
NEWS-DARJ-20150701,2016-05-17,,N0,0,0,0,1.4,9.3,42.1,167.2,-5.8,5.8,0.924,1,0.2843,PROXY-spatial,0.0148,0.0148,0.584,ANALYTICAL-ensemble,-0.001,9,16.92,1,50.1,358.0,235.0,0.0656,5.17,251.5,0.0,0.827,542.2,805.4,FOREST,0.336,,N0,NEWS-DARJ-20150701_N0_2016,2016.0,36.3,35.6,129.7,0.2695,0.585,20.3,2.0,0.584,0.5178571428571406,0,0,0,0,0,1,0,0,3
NEWS-DARJ-20150701,2016-05-18,,N0,0,0,0,18.9,27.5,49.7,185.7,17.5,13.4,0.668,0,0.2843,PROXY-spatial,0.0157,0.0148,0.584,ANALYTICAL-ensemble,-0.001,9,16.92,1,50.1,358.0,235.0,0.0656,5.17,251.5,0.0,0.827,542.2,805.4,FOREST,0.336,,N0,NEWS-DARJ-20150701_N0_2016,2016.0,36.3,45.0,140.9,0.2686,0.585,20.3,2.0,0.584,3.057142857142855,0,0,0,0,0,1,0,0,3
NEWS-DARJ-20150701,2016-05-19,,N0,0,0,0,0.0,20.3,49.7,185.3,-18.9,8.0,1.395,1,0.2843,PROXY-spatial,0.0,0.0148,0.584,ANALYTICAL-ensemble,-0.001,9,16.92,1,50.1,358.0,235.0,0.0656,5.17,251.5,0.0,0.827,542.2,805.4,FOREST,0.336,,N0,NEWS-DARJ-20150701_N0_2016,2016.0,41.7,39.9,140.9,0.2843,0.585,20.3,2.0,0.584,4.700000000000002,0,0,0,0,0,1,0,0,3
NEWS-DARJ-20150701,2016-05-20,,N0,0,0,0,1.4,20.3,50.0,186.7,1.4,7.9,4.754,2,0.2843,PROXY-spatial,0.0,0.0148,0.584,ANALYTICAL-ensemble,-0.001,9,16.92,1,50.1,358.0,235.0,0.0656,5.17,251.5,0.0,0.827,542.2,805.4,FOREST,0.336,,N0,NEWS-DARJ-20150701_N0_2016,2016.0,42.1,16.7,142.1,0.2843,0.585,20.3,2.0,0.584,2.7107142857142876,0,0,0,0,0,1,0,0,3
NEWS-DARJ-20150701,2016-05-21,,N0,0,0,0,0.0,1.4,29.7,186.1,-1.4,-20.0,-0.939,3,0.2843,PROXY-spatial,0.0,0.0148,0.584,ANALYTICAL-ensemble,0.0,9,16.92,1,50.1,358.0,235.0,0.0656,5.17,251.5,0.0,0.827,542.2,805.4,FOREST,0.336,,N0,NEWS-DARJ-20150701_N0_2016,2016.0,49.7,36.3,162.4,0.2843,0.584,18.9,1.0,0.584,0.1571428571428578,0,0,0,0,0,1,0,0,3
NEWS-DARJ-20150701,2016-05-22,,N0,0,0,0,0.0,1.4,29.0,186.1,0.0,-20.7,-1.046,4,0.3001,PROXY-spatial,0.0158,0.0315,0.584,ANALYTICAL-ensemble,0.0,9,16.92,1,50.1,358.0,235.0,0.0656,5.17,251.5,0.0,0.827,542.2,805.4,FOREST,0.336,,N0,NEWS-DARJ-20150701_N0_2016,2016.0,49.7,36.3,160.0,0.2843,0.584,18.9,1.0,0.584,-2.2357142857142853,0,0,0,0,0,1,0,0,3
NEWS-DARJ-20150701,2016-05-23,,N0,0,0,0,0.0,0.0,21.8,186.1,0.0,-28.2,-2.842,5,,MISSING (window-absent),,,0.584,ANALYTICAL-ensemble,0.0,9,16.92,1,50.1,358.0,235.0,0.0656,5.17,251.5,0.0,0.827,542.2,805.4,FOREST,0.336,,N0,NEWS-DARJ-20150701_N0_2016,2016.0,50.0,41.7,167.2,0.2843,0.584,18.9,1.0,0.584,-4.367857142857147,1,0,0,0,0,1,0,0,3
NEWS-DARJ-20150701,2016-05-24,,N0,0,0,0,19.0,19.0,39.4,205.1,19.0,9.7,-0.382,0,,MISSING (window-absent),,,0.584,ANALYTICAL-ensemble,0.0,9,16.92,1,50.1,358.0,235.0,0.0656,5.17,251.5,0.0,0.827,542.2,805.4,FOREST,0.336,,N0,NEWS-DARJ-20150701_N0_2016,2016.0,29.7,42.1,167.2,0.2843,0.584,19.0,2.0,0.584,-3.8464285714285693,1,0,0,0,0,1,0,0,3
NEWS-DARJ-20150701,2016-05-25,,N0,0,0,0,4.6,23.6,25.1,209.7,-14.4,-3.9,-3.518,0,0.1654,PROXY-spatial,-0.1347,-0.1189,0.583,ANALYTICAL-ensemble,-0.001,9,16.92,1,50.1,358.0,235.0,0.0656,5.17,251.5,0.0,0.827,542.2,805.4,FOREST,0.336,,N0,NEWS-DARJ-20150701_N0_2016,2016.0,29.0,49.7,185.7,0.3001,0.584,19.0,1.0,0.583,-3.6750000000000007,0,0,0,0,0,1,0,0,3
NEWS-DARJ-20150701,2016-05-26,,N0,0,0,0,0.0,23.6,25.1,209.7,-4.6,3.3,-3.518,1,0.1654,PROXY-spatial,,-0.1189,0.583,ANALYTICAL-ensemble,-0.001,9,16.92,1,50.1,358.0,235.0,0.0656,5.17,251.5,0.0,0.827,542.2,805.4,FOREST,0.336,,N0,NEWS-DARJ-20150701_N0_2016,2016.0,21.8,49.7,185.3,,0.584,19.0,1.0,0.583,-2.6249999999999987,0,0,0,0,0,1,0,0,3
NEWS-DARJ-20150701,2016-05-27,,N0,0,0,0,12.3,16.9,35.9,222.0,12.3,-3.5,-2.013,0,0.1654,PROXY-spatial,,-0.1189,0.583,ANALYTICAL-ensemble,-0.001,9,16.92,1,50.1,358.0,235.0,0.0656,5.17,251.5,0.0,0.827,542.2,805.4,FOREST,0.336,,N0,NEWS-DARJ-20150701_N0_2016,2016.0,39.4,50.0,186.7,,0.584,19.0,2.0,0.583,0.5035714285714271,0,0,0,0,0,1,0,0,3
NEWS-DARJ-20150701,2016-05-28,,N0,0,0,0,0.0,12.3,35.9,222.0,-12.3,10.8,0.892,1,0.1654,PROXY-spatial,0.0,-0.1189,0.583,ANALYTICAL-ensemble,-0.001,9,16.92,1,50.1,358.0,235.0,0.0656,5.17,251.5,0.0,0.827,542.2,805.4,FOREST,0.336,,N0,NEWS-DARJ-20150701_N0_2016,2016.0,25.1,29.7,186.1,0.1654,0.584,19.0,2.0,0.583,1.2357142857142849,0,0,0,0,0,1,0,0,3
NEWS-DARJ-20150701,2016-05-29,,N0,0,0,0,17.7,30.0,53.6,159.8,17.7,28.5,3.521,0,0.1654,PROXY-spatial,0.0,-0.1347,0.584,ANALYTICAL-ensemble,0.0,9,16.92,1,50.1,358.0,235.0,0.0656,5.17,251.5,0.0,0.827,542.2,805.4,FOREST,0.336,,N0,NEWS-DARJ-20150701_N0_2016,2016.0,25.1,29.0,186.1,0.1654,0.584,19.0,3.0,0.583,3.5428571428571423,0,0,0,0,0,1,0,0,3
NEWS-DARJ-20150701,2016-05-30,,N0,0,0,0,16.1,33.8,69.7,175.4,-1.6,33.8,6.845,0,0.1654,PROXY-spatial,0.0,,0.584,ANALYTICAL-ensemble,0.0,9,16.92,1,50.1,358.0,235.0,0.0656,5.17,251.5,0.0,0.827,542.2,805.4,FOREST,0.336,,N0,NEWS-DARJ-20150701_N0_2016,2016.0,35.9,21.8,186.1,0.1654,0.584,19.0,4.0,0.583,5.667857142857144,0,0,0,0,0,1,0,0,3
NEWS-DARJ-20150701,2016-05-31,,N0,0,0,0,42.6,76.5,93.4,210.4,26.5,57.5,7.72,0,0.1654,PROXY-spatial,0.0,,0.583,ANALYTICAL-ensemble,-0.001,9,16.92,1,50.1,358.0,235.0,0.0656,5.17,251.5,0.0,0.827,542.2,805.4,FOREST,0.336,,N0,NEWS-DARJ-20150701_N0_2016,2016.0,35.9,39.4,205.1,0.1654,0.584,42.6,4.0,0.583,11.135714285714286,0,0,0,0,0,1,0,0,3
NEWS-DARJ-20150701,2016-06-01,,N0,0,0,0,22.7,81.4,111.4,233.1,-19.9,57.8,12.334,0,,MISSING (window-absent),,,0.581,ANALYTICAL-ensemble,-0.002,9,16.92,1,50.1,358.0,235.0,0.0656,5.17,251.5,0.0,0.827,542.2,805.4,FOREST,0.336,,N0,NEWS-DARJ-20150701_N0_2016,2016.0,53.6,25.1,209.7,0.1654,0.583,42.6,5.0,0.581,14.560714285714289,1,0,0,0,0,1,0,0,3
NEWS-DARJ-20150701,2016-06-02,,N0,0,0,0,0.0,65.3,111.4,233.1,-22.7,41.7,12.334,1,,MISSING (window-absent),,,0.579,ANALYTICAL-ensemble,-0.004,9,16.92,1,50.1,358.0,235.0,0.0656,5.17,251.5,0.0,0.827,542.2,805.4,FOREST,0.336,,N0,NEWS-DARJ-20150701_N0_2016,2016.0,69.7,25.1,209.7,0.1654,0.583,42.6,5.0,0.579,14.903571428571432,1,0,0,0,0,1,0,0,3
NEWS-DARJ-20150701,2016-06-03,,N0,0,0,0,0.0,22.7,99.1,231.2,0.0,5.7,9.029,2,,MISSING (window-absent),,,0.581,ANALYTICAL-ensemble,-0.002,9,16.92,1,50.1,358.0,235.0,0.0656,5.17,251.5,0.0,0.827,542.2,805.4,FOREST,0.336,,N0,NEWS-DARJ-20150701_N0_2016,2016.0,93.4,35.9,222.0,0.1654,0.583,42.6,4.0,0.579,12.389285714285712,1,0,0,0,0,1,0,0,3
NEWS-DARJ-20150701,2016-06-04,,N0,0,0,0,50.3,50.3,149.4,276.4,50.3,38.0,16.215,0,,MISSING (window-absent),,,0.579,ANALYTICAL-ensemble,-0.004,9,16.92,1,50.1,358.0,235.0,0.0656,5.17,251.5,0.0,0.827,542.2,805.4,FOREST,0.336,,N0,NEWS-DARJ-20150701_N0_2016,2016.0,111.4,35.9,222.0,,0.583,50.3,5.0,0.579,13.007142857142862,1,0,0,0,0,1,0,0,3
NEWS-DARJ-20150701,2016-06-05,,N0,0,0,0,0.0,50.3,131.7,252.0,-50.3,20.3,11.153,1,0.2099,PROXY-spatial,,0.0445,0.579,ANALYTICAL-ensemble,-0.005,9,16.92,1,50.1,358.0,235.0,0.0656,5.17,251.5,0.0,0.827,542.2,805.4,FOREST,0.336,,N0,NEWS-DARJ-20150701_N0_2016,2016.0,111.4,53.6,159.8,,0.584,50.3,4.0,0.579,10.203571428571427,0,0,0,0,0,1,0,0,3
NEWS-DARJ-20150701,2016-06-06,,N0,0,0,0,49.7,100.0,165.3,300.9,49.7,66.2,13.651,0,0.2409,PROXY-spatial,,0.0755,0.578,ANALYTICAL-ensemble,-0.006,9,16.92,1,50.1,358.0,235.0,0.0656,5.17,251.5,0.0,0.827,542.2,805.4,FOREST,0.336,,N0,NEWS-DARJ-20150701_N0_2016,2016.0,99.1,69.7,175.4,,0.584,50.3,4.0,0.578,10.510714285714284,0,0,0,0,0,1,0,0,3
NEWS-DARJ-20150701,2016-06-07,,N0,0,0,0,7.0,56.7,129.6,307.3,-42.7,-19.8,5.178,0,0.2375,PROXY-spatial,,0.0721,0.578,ANALYTICAL-ensemble,-0.005,9,16.92,1,50.1,358.0,235.0,0.0656,5.17,251.5,0.0,0.827,542.2,805.4,FOREST,0.336,,N0,NEWS-DARJ-20150701_N0_2016,2016.0,149.4,93.4,210.4,,0.583,50.3,3.0,0.578,6.9642857142857135,0,0,0,0,0,1,0,0,3
NEWS-DARJ-20150701,2016-06-08,,N0,0,0,0,29.9,86.6,136.8,335.4,22.9,5.1,3.625,0,0.24,PROXY-spatial,0.0301,,0.578,ANALYTICAL-ensemble,-0.003,9,16.92,1,50.1,358.0,235.0,0.0656,5.17,251.5,0.0,0.827,542.2,805.4,FOREST,0.336,,N0,NEWS-DARJ-20150701_N0_2016,2016.0,131.7,111.4,233.1,0.2099,0.581,50.3,3.0,0.578,5.467857142857143,0,0,0,0,0,1,0,0,3
NEWS-DARJ-20150701,2016-06-09,,N0,0,0,0,11.6,48.5,148.4,345.9,-18.3,-16.9,5.282,0,0.2393,PROXY-spatial,-0.0016,,0.578,ANALYTICAL-ensemble,-0.001,9,16.92,1,50.1,358.0,235.0,0.0656,5.17,251.5,0.0,0.827,542.2,805.4,FOREST,0.336,,N0,NEWS-DARJ-20150701_N0_2016,2016.0,165.3,111.4,233.1,0.2409,0.579,50.3,4.0,0.578,4.307142857142867,0,0,0,0,0,1,0,0,3
NEWS-DARJ-20150701,2016-06-10,,N0,0,0,0,4.6,46.1,153.0,339.2,-7.0,23.4,7.694,0,0.245,PROXY-spatial,0.0075,,0.578,ANALYTICAL-ensemble,-0.003,9,16.92,1,50.1,358.0,235.0,0.0656,5.17,251.5,0.0,0.827,542.2,805.4,FOREST,0.336,,N0,NEWS-DARJ-20150701_N0_2016,2016.0,129.6,99.1,231.2,0.2375,0.581,50.3,4.0,0.578,0.560714285714275,0,0,0,0,0,1,0,0,3
NEWS-DARJ-20150701,2016-06-11,,N0,0,0,0,12.0,28.2,114.8,351.3,7.4,-22.0,-4.945,0,0.2406,PROXY-spatial,0.0006,,0.578,ANALYTICAL-ensemble,-0.001,9,16.92,1,50.1,358.0,235.0,0.0656,5.17,251.5,0.0,0.827,542.2,805.4,FOREST,0.336,,N0,NEWS-DARJ-20150701_N0_2016,2016.0,136.8,149.4,276.4,0.24,0.579,49.7,4.0,0.578,-2.0178571428571397,0,0,0,0,0,1,0,0,3
NEWS-DARJ-20150701,2016-06-12,,N0,0,0,0,16.9,33.5,131.7,367.0,4.9,-16.7,0.003,0,0.2457,PROXY-spatial,0.0064,0.0358,0.578,ANALYTICAL-ensemble,-0.001,9,16.92,1,50.1,358.0,235.0,0.0656,5.17,251.5,0.0,0.827,542.2,805.4,FOREST,0.336,,N0,NEWS-DARJ-20150701_N0_2016,2016.0,148.4,131.7,252.0,0.2393,0.579,49.7,5.0,0.578,-4.078571428571434,0,0,0,0,0,1,0,0,3
NEWS-DARJ-20150701,2016-06-13,,N0,0,0,0,103.7,132.7,185.7,450.4,86.8,32.7,2.921,0,0.2407,PROXY-spatial,-0.0043,-0.0002,0.576,ANALYTICAL-ensemble,-0.002,9,16.92,1,50.1,358.0,235.0,0.0656,5.17,251.5,0.0,0.827,542.2,805.4,FOREST,0.336,,N0,NEWS-DARJ-20150701_N0_2016,2016.0,153.0,165.3,300.9,0.245,0.578,103.7,5.0,0.576,4.446428571428563,0,0,0,0,0,1,0,0,3
NEWS-DARJ-20150701,2016-06-14,,N0,0,0,0,136.6,257.3,315.4,586.3,32.9,200.6,26.538,0,0.2447,PROXY-spatial,0.0041,0.0072,0.566,ANALYTICAL-ensemble,-0.012,9,16.92,1,50.1,358.0,235.0,0.0656,5.17,251.5,0.0,0.827,542.2,805.4,FOREST,0.336,,N0,NEWS-DARJ-20150701_N0_2016,2016.0,114.8,129.6,307.3,0.2406,0.578,136.6,6.0,0.566,21.039285714285707,0,0,0,0,0,1,0,0,3
NEWS-DARJ-20150701,2016-06-15,,N0,0,0,0,3.1,243.4,288.5,582.2,-133.5,156.8,21.666,0,0.246,PROXY-spatial,0.0003,0.006,0.559,ANALYTICAL-ensemble,-0.019,9,16.92,1,50.1,358.0,235.0,0.0656,5.17,251.5,0.0,0.827,542.2,805.4,FOREST,0.336,,N0,NEWS-DARJ-20150701_N0_2016,2016.0,131.7,136.8,335.4,0.2457,0.578,136.6,5.0,0.559,29.142857142857142,0,0,0,0,0,1,0,0,3
NEWS-DARJ-20150701,2016-06-16,,N0,0,0,0,1.8,141.5,278.8,582.6,-1.3,93.1,18.621,1,0.2499,PROXY-spatial,0.0092,0.0106,0.563,ANALYTICAL-ensemble,-0.015,9,16.92,1,50.1,358.0,235.0,0.0656,5.17,251.5,0.0,0.827,542.2,805.4,FOREST,0.336,,N0,NEWS-DARJ-20150701_N0_2016,2016.0,185.7,148.4,345.9,0.2407,0.578,136.6,4.0,0.559,32.44642857142858,0,0,0,0,0,1,0,0,3
NEWS-DARJ-20150701,2016-06-17,,N0,0,0,0,1.2,6.1,275.4,564.9,-0.6,-40.0,17.485,2,0.2524,PROXY-spatial,0.0077,0.0074,0.566,ANALYTICAL-ensemble,-0.012,9,16.92,1,50.1,358.0,235.0,0.0656,5.17,251.5,0.0,0.827,542.2,805.4,FOREST,0.336,,N0,NEWS-DARJ-20150701_N0_2016,2016.0,315.4,153.0,339.2,0.2447,0.578,136.6,4.0,0.559,31.385714285714293,0,0,0,0,0,1,0,0,3
NEWS-DARJ-20150701,2016-06-18,,N0,0,0,0,15.1,18.1,278.5,580.0,13.9,-10.0,23.389,0,0.2618,PROXY-spatial,0.0158,0.0212,0.566,ANALYTICAL-ensemble,-0.012,9,16.92,1,50.1,358.0,235.0,0.0656,5.17,251.5,0.0,0.827,542.2,805.4,FOREST,0.336,,N0,NEWS-DARJ-20150701_N0_2016,2016.0,288.5,114.8,351.3,0.246,0.578,136.6,4.0,0.559,20.828571428571408,0,0,0,0,0,1,0,0,3
NEWS-DARJ-20150701,2016-06-19,,N0,0,0,0,66.3,82.6,327.9,644.9,51.2,49.1,28.035,0,0.2623,REAL,0.0124,0.0166,0.564,ANALYTICAL-ensemble,-0.014,9,16.92,1,50.1,358.0,235.0,0.0656,5.17,251.5,0.0,0.827,542.2,805.4,FOREST,0.336,,N0,NEWS-DARJ-20150701_N0_2016,2016.0,278.8,131.7,367.0,0.2499,0.578,136.6,4.0,0.559,12.132142857142837,0,0,0,0,0,1,0,0,3
NEWS-DARJ-20150701,2016-06-20,,N0,0,0,0,20.6,102.0,244.8,665.5,-45.7,-30.6,8.441,0,0.2697,REAL,0.0173,0.029,0.562,ANALYTICAL-ensemble,-0.014,9,16.92,1,50.1,358.0,235.0,0.0656,5.17,251.5,0.0,0.827,542.2,805.4,FOREST,0.336,,N0,NEWS-DARJ-20150701_N0_2016,2016.0,275.4,185.7,450.4,0.2524,0.576,136.6,4.0,0.559,-4.760714285714308,0,0,0,0,0,1,0,0,3
NEWS-DARJ-20150701,2016-06-21,,N0,0,0,0,126.4,213.3,234.5,791.8,105.8,-44.0,-11.551,0,0.2734,REAL,0.0116,0.0287,0.557,ANALYTICAL-ensemble,-0.009,9,16.92,1,50.1,358.0,235.0,0.0656,5.17,251.5,0.0,0.827,542.2,805.4,FOREST,0.336,,N0,NEWS-DARJ-20150701_N0_2016,2016.0,278.5,315.4,586.3,0.2618,0.566,126.4,4.0,0.557,-6.339285714285723,0,0,0,0,0,1,0,0,3
NEWS-DARJ-20150701,2016-06-22,,N0,0,0,0,51.0,197.9,282.4,842.8,-75.4,-45.5,-0.877,0,0.2811,REAL,0.0188,0.0351,0.553,ANALYTICAL-ensemble,-0.006,9,16.92,1,50.1,358.0,235.0,0.0656,5.17,251.5,0.0,0.827,542.2,805.4,FOREST,0.336,,N0,NEWS-DARJ-20150701_N0_2016,2016.0,327.9,288.5,582.2,0.2623,0.559,126.4,5.0,0.553,-3.7392857142857334,0,0,0,0,0,1,0,0,3
NEWS-DARJ-20150701,2016-06-23,,N0,0,0,0,22.4,199.8,303.0,846.2,-28.6,58.2,3.463,0,0.2837,REAL,0.014,0.0338,0.554,ANALYTICAL-ensemble,-0.009,9,16.92,1,50.1,358.0,235.0,0.0656,5.17,251.5,0.0,0.827,542.2,805.4,FOREST,0.336,,N0,NEWS-DARJ-20150701_N0_2016,2016.0,244.8,278.8,582.6,0.2697,0.563,126.4,6.0,0.553,-0.09999999999999751,0,0,0,0,0,1,0,0,3
NEWS-DARJ-20150701,2016-06-24,,N0,0,0,0,39.8,113.2,341.5,881.4,17.4,107.0,9.44,0,0.2825,REAL,0.0091,0.0301,0.554,ANALYTICAL-ensemble,-0.012,9,16.92,1,50.1,358.0,235.0,0.0656,5.17,251.5,0.0,0.827,542.2,805.4,FOREST,0.336,,N0,NEWS-DARJ-20150701_N0_2016,2016.0,234.5,275.4,564.9,0.2734,0.566,126.4,7.0,0.553,6.314285714285719,0,0,0,0,0,1,0,0,3
NEWS-DARJ-20150701,2016-06-25,,N0,0,0,0,8.6,70.8,335.1,890.0,-31.2,52.7,8.09,0,0.2786,REAL,-0.0025,0.0168,0.554,ANALYTICAL-ensemble,-0.012,9,16.92,1,50.1,358.0,235.0,0.0656,5.17,251.5,0.0,0.827,542.2,805.4,FOREST,0.336,,N0,NEWS-DARJ-20150701_N0_2016,2016.0,282.4,278.5,580.0,0.2811,0.566,126.4,6.0,0.553,10.125,0,0,0,0,0,1,0,0,3
NEWS-DARJ-20150701,2016-06-26,,N0,0,0,0,3.1,51.5,271.8,880.8,-5.5,-31.2,-8.017,0,0.2768,REAL,-0.0069,0.0145,0.555,ANALYTICAL-ensemble,-0.009,9,16.92,1,50.1,358.0,235.0,0.0656,5.17,251.5,0.0,0.827,542.2,805.4,FOREST,0.336,,N0,NEWS-DARJ-20150701_N0_2016,2016.0,303.0,327.9,644.9,0.2837,0.564,126.4,5.0,0.553,12.189285714285717,0,0,0,0,0,1,0,0,3
NEWS-DARJ-20150701,2016-06-27,,N0,0,0,0,1.2,12.9,252.4,882.0,-1.9,-89.1,1.092,1,0.2708,REAL,-0.0117,0.0011,0.557,ANALYTICAL-ensemble,-0.005,9,16.92,1,50.1,358.0,235.0,0.0656,5.17,251.5,0.0,0.827,542.2,805.4,FOREST,0.336,,N0,NEWS-DARJ-20150701_N0_2016,2016.0,341.5,244.8,665.5,0.2825,0.562,126.4,4.0,0.553,2.307142857142866,0,0,0,0,0,1,0,0,3
NEWS-DARJ-20150701,2016-06-28,,N0,0,0,0,0.7,5.0,126.8,865.0,-0.5,-208.3,-15.383,2,0.2666,REAL,-0.012,-0.0068,0.558,ANALYTICAL-ensemble,0.001,9,16.92,1,50.1,358.0,235.0,0.0656,5.17,251.5,0.0,0.827,542.2,805.4,FOREST,0.336,,N0,NEWS-DARJ-20150701_N0_2016,2016.0,335.1,234.5,791.8,0.2786,0.557,51.0,3.0,0.553,-22.775000000000002,0,0,0,0,0,1,0,0,3
NEWS-DARJ-20150701,2016-06-29,,N0,0,0,0,1.0,2.9,76.8,849.8,0.3,-195.0,-29.371,3,0.2635,PROXY-spatial,-0.0133,-0.0176,0.559,ANALYTICAL-ensemble,0.006,9,16.92,1,50.1,358.0,235.0,0.0656,5.17,251.5,0.0,0.827,542.2,805.4,FOREST,0.336,,N0,NEWS-DARJ-20150701_N0_2016,2016.0,271.8,282.4,842.8,0.2768,0.553,39.8,2.0,0.553,-42.52499999999999,0,0,0,0,0,1,0,0,3
NEWS-DARJ-20150701,2016-06-30,,N0,0,0,0,138.2,139.9,192.5,945.4,137.2,-59.9,-15.784,0,0.2635,PROXY-spatial,-0.0073,-0.0202,0.557,ANALYTICAL-ensemble,0.003,9,16.92,1,50.1,358.0,235.0,0.0656,5.17,251.5,0.0,0.827,542.2,805.4,FOREST,0.336,,N0,NEWS-DARJ-20150701_N0_2016,2016.0,252.4,303.0,846.2,0.2708,0.554,138.2,2.0,0.553,-39.59285714285714,0,0,0,0,0,1,0,0,3
NEWS-DARJ-20150701,2016-07-01,,N0,0,0,0,33.3,172.5,186.1,956.0,-104.9,59.3,-22.206,0,0.2641,PROXY-spatial,-0.0025,-0.0184,0.552,ANALYTICAL-ensemble,-0.002,9,16.92,1,50.1,358.0,235.0,0.0656,5.17,251.5,0.0,0.827,542.2,805.4,FOREST,0.336,,N0,NEWS-DARJ-20150701_N0_2016,2016.0,126.8,341.5,881.4,0.2666,0.554,138.2,2.0,0.552,-27.900000000000016,0,0,0,0,0,1,0,0,3
NEWS-DARJ-20150701,2018-08-07,,N1,0,0,0,4.0,50.4,141.3,567.9,-26.0,-82.4,-7.417,0,0.2966,PROXY-spatial,0.0106,0.0061,0.569,ANALYTICAL-ensemble,0.006,9,16.92,3,50.1,358.0,235.0,0.0656,5.17,251.5,0.0,0.827,542.2,805.4,FOREST,0.382,,N1,NEWS-DARJ-20150701_N1_2018,2018.0,,,,,,4.0,0.0,0.569,,0,0,0,0,0,1,0,0,3
NEWS-DARJ-20150701,2018-08-08,,N1,0,0,0,22.7,56.8,120.1,549.2,18.7,-62.5,-12.754,0,0.292,PROXY-spatial,0.0008,0.0034,0.573,ANALYTICAL-ensemble,0.016,9,16.92,3,50.1,358.0,235.0,0.0656,5.17,251.5,0.0,0.827,542.2,805.4,FOREST,0.382,,N1,NEWS-DARJ-20150701_N1_2018,2018.0,,,,,,22.7,1.0,0.569,,0,0,0,0,0,1,0,0,3
NEWS-DARJ-20150701,2018-08-09,,N1,0,0,0,5.0,31.8,108.5,521.0,-17.7,-95.6,-14.197,0,0.2886,PROXY-spatial,-0.0062,0.0044,0.573,ANALYTICAL-ensemble,0.014,9,16.92,3,50.1,358.0,235.0,0.0656,5.17,251.5,0.0,0.827,542.2,805.4,FOREST,0.382,,N1,NEWS-DARJ-20150701_N1_2018,2018.0,,,,,,22.7,1.0,0.569,,0,0,0,0,0,1,0,0,3
NEWS-DARJ-20150701,2018-08-10,,N1,0,0,0,104.4,132.1,198.0,586.2,99.4,56.7,-3.055,0,0.29,PROXY-spatial,-0.0066,0.0059,0.571,ANALYTICAL-ensemble,0.007,9,16.92,3,50.1,358.0,235.0,0.0656,5.17,251.5,0.0,0.827,542.2,805.4,FOREST,0.382,,N1,NEWS-DARJ-20150701_N1_2018,2018.0,141.3,,,0.2966,,104.4,2.0,0.569,15.84999999999999,0,0,0,0,0,1,0,0,3
NEWS-DARJ-20150701,2018-08-11,,N1,0,0,0,38.8,148.1,221.3,615.9,-65.6,101.2,-0.336,0,0.2945,PROXY-spatial,0.0025,0.0085,0.564,ANALYTICAL-ensemble,-0.005,9,16.92,3,50.1,358.0,235.0,0.0656,5.17,251.5,0.0,0.827,542.2,805.4,FOREST,0.382,,N1,NEWS-DARJ-20150701_N1_2018,2018.0,120.1,,,0.292,,104.4,3.0,0.564,23.789999999999992,0,0,0,0,0,1,0,0,3
NEWS-DARJ-20150701,2018-08-12,,N1,0,0,0,5.7,148.8,210.6,596.0,-33.1,102.1,4.005,0,0.2988,PROXY-spatial,0.0102,0.0076,0.564,ANALYTICAL-ensemble,-0.007,9,16.92,3,50.1,358.0,235.0,0.0656,5.17,251.5,0.0,0.827,542.2,805.4,FOREST,0.382,,N1,NEWS-DARJ-20150701_N1_2018,2018.0,108.5,,,0.2886,,104.4,3.0,0.564,21.131428571428557,0,0,0,0,0,1,0,0,3
NEWS-DARJ-20150701,2018-08-13,,N1,0,0,0,32.6,77.1,213.2,625.2,26.9,15.2,1.305,0,0.3027,PROXY-spatial,0.0127,0.0079,0.564,ANALYTICAL-ensemble,-0.006,9,16.92,3,50.1,358.0,235.0,0.0656,5.17,251.5,0.0,0.827,542.2,805.4,FOREST,0.382,,N1,NEWS-DARJ-20150701_N1_2018,2018.0,198.0,,,0.29,,104.4,4.0,0.564,18.196428571428562,0,0,0,0,0,1,0,0,3
NEWS-DARJ-20150701,2018-08-14,,N1,0,0,0,7.3,45.6,216.5,608.1,-25.3,-4.8,10.746,0,0.306,PROXY-spatial,0.0115,0.0094,0.565,ANALYTICAL-ensemble,-0.004,9,16.92,3,50.1,358.0,235.0,0.0656,5.17,251.5,0.0,0.827,542.2,805.4,FOREST,0.382,,N1,NEWS-DARJ-20150701_N1_2018,2018.0,221.3,141.3,567.9,0.2945,0.569,104.4,4.0,0.564,18.25714285714286,0,0,0,0,0,1,0,0,3
NEWS-DARJ-20150701,2018-08-15,,N1,0,0,0,11.0,51.0,204.8,615.7,3.7,-5.8,12.1,0,0.3094,PROXY-spatial,0.0106,0.0174,0.565,ANALYTICAL-ensemble,-0.008,9,16.92,3,50.1,358.0,235.0,0.0656,5.17,251.5,0.0,0.827,542.2,805.4,FOREST,0.382,,N1,NEWS-DARJ-20150701_N1_2018,2018.0,210.6,120.1,549.2,0.2988,0.573,104.4,4.0,0.564,11.35,0,0,0,0,0,1,0,0,3
NEWS-DARJ-20150701,2018-08-16,,N1,0,0,0,14.3,32.6,214.1,630.0,3.3,0.9,15.083,0,0.3145,REAL,0.0118,0.0259,0.565,ANALYTICAL-ensemble,-0.008,9,16.92,3,50.1,358.0,235.0,0.0656,5.17,251.5,0.0,0.827,542.2,805.4,FOREST,0.382,,N1,NEWS-DARJ-20150701_N1_2018,2018.0,213.2,108.5,521.0,0.3027,0.573,104.4,5.0,0.564,0.7571428571428621,0,0,0,0,0,1,0,0,3
NEWS-DARJ-20150701,2018-08-17,,N1,0,0,0,0.0,25.3,109.7,627.0,-14.3,-106.8,-12.616,1,0.3092,PROXY-spatial,0.0032,0.0192,0.565,ANALYTICAL-ensemble,-0.006,9,16.92,3,50.1,358.0,235.0,0.0656,5.17,251.5,0.0,0.827,542.2,805.4,FOREST,0.382,,N1,NEWS-DARJ-20150701_N1_2018,2018.0,216.5,198.0,586.2,0.306,0.571,38.8,4.0,0.564,-12.007142857142858,0,0,0,0,0,1,0,0,3
NEWS-DARJ-20150701,2018-08-18,,N1,0,0,0,0.0,14.3,70.9,627.0,0.0,-133.9,-21.486,2,0.3076,PROXY-spatial,-0.0018,0.0131,0.567,ANALYTICAL-ensemble,0.003,9,16.92,3,50.1,358.0,235.0,0.0656,5.17,251.5,0.0,0.827,542.2,805.4,FOREST,0.382,,N1,NEWS-DARJ-20150701_N1_2018,2018.0,204.8,221.3,615.9,0.3094,0.564,32.6,3.0,0.564,-22.44642857142858,0,0,0,0,0,1,0,0,3
NEWS-DARJ-20150701,2018-08-19,,N1,0,0,0,0.0,0.0,65.3,627.0,0.0,-148.8,-20.756,3,0.3031,PROXY-spatial,-0.0114,0.0043,0.571,ANALYTICAL-ensemble,0.007,9,16.92,3,50.1,358.0,235.0,0.0656,5.17,251.5,0.0,0.827,542.2,805.4,FOREST,0.382,,N1,NEWS-DARJ-20150701_N1_2018,2018.0,214.1,210.6,596.0,0.3145,0.564,32.6,3.0,0.564,-29.642857142857153,0,0,0,0,0,1,0,0,3
NEWS-DARJ-20150701,2018-08-20,,N1,0,0,0,10.9,10.9,43.5,634.0,10.9,-66.2,-24.244,0,0.288,PROXY-spatial,-0.0212,-0.0147,0.573,ANALYTICAL-ensemble,0.009,9,16.92,3,50.1,358.0,235.0,0.0656,5.17,251.5,0.0,0.827,542.2,805.4,FOREST,0.382,,N1,NEWS-DARJ-20150701_N1_2018,2018.0,109.7,213.2,625.2,0.3092,0.564,14.3,3.0,0.564,-33.61428571428572,0,0,0,0,0,1,0,0,3
NEWS-DARJ-20150701,2018-08-21,,N1,0,0,0,18.4,29.3,54.6,630.1,7.5,-16.3,-23.122,0,0.2785,PROXY-spatial,-0.0291,-0.0275,0.573,ANALYTICAL-ensemble,0.008,9,16.92,3,50.1,358.0,235.0,0.0656,5.17,251.5,0.0,0.827,542.2,805.4,FOREST,0.382,,N1,NEWS-DARJ-20150701_N1_2018,2018.0,70.9,216.5,608.1,0.3076,0.565,18.4,4.0,0.564,-29.864285714285707,0,0,0,0,0,1,0,0,3
NEWS-DARJ-20150701,2018-08-22,,N1,0,0,0,108.2,137.5,151.7,728.7,89.8,86.4,-7.582,0,0.2764,PROXY-spatial,-0.0267,-0.033,0.566,ANALYTICAL-ensemble,0.001,9,16.92,3,50.1,358.0,235.0,0.0656,5.17,251.5,0.0,0.827,542.2,805.4,FOREST,0.382,,N1,NEWS-DARJ-20150701_N1_2018,2018.0,65.3,204.8,615.7,0.3031,0.565,108.2,4.0,0.564,-11.600000000000007,0,0,0,0,0,1,0,0,3
NEWS-DARJ-20150701,2018-08-23,,N1,0,0,0,101.9,228.5,239.4,815.7,-6.3,195.9,3.621,0,0.2744,PROXY-spatial,-0.0136,-0.0401,0.557,ANALYTICAL-ensemble,-0.008,9,16.92,3,50.1,358.0,235.0,0.0656,5.17,251.5,0.0,0.827,542.2,805.4,FOREST,0.382,,N1,NEWS-DARJ-20150701_N1_2018,2018.0,43.5,214.1,630.0,0.288,0.565,108.2,4.0,0.557,19.285714285714285,0,0,0,0,0,1,0,0,3
NEWS-DARJ-20150701,2018-08-24,,N1,0,0,0,7.7,217.8,247.1,795.6,-94.2,192.5,19.633,0,0.277,PROXY-spatial,-0.0015,-0.0322,0.557,ANALYTICAL-ensemble,-0.008,9,16.92,3,50.1,358.0,235.0,0.0656,5.17,251.5,0.0,0.827,542.2,805.4,FOREST,0.382,,N1,NEWS-DARJ-20150701_N1_2018,2018.0,54.6,109.7,627.0,0.2785,0.565,108.2,4.0,0.557,35.17857142857143,0,0,0,0,0,1,0,0,3
NEWS-DARJ-20150701,2018-08-25,,N1,0,0,0,27.6,137.2,274.6,805.1,19.9,122.9,29.098,0,0.2759,PROXY-spatial,-0.0005,-0.0317,0.557,ANALYTICAL-ensemble,-0.01,9,16.92,3,50.1,358.0,235.0,0.0656,5.17,251.5,0.0,0.827,542.2,805.4,FOREST,0.382,,N1,NEWS-DARJ-20150701_N1_2018,2018.0,151.7,70.9,627.0,0.2764,0.567,108.2,5.0,0.557,43.567857142857136,0,0,0,0,0,1,0,0,3
NEWS-DARJ-20150701,2018-08-26,,N1,0,0,0,18.8,54.1,293.4,820.5,-8.8,54.0,32.593,0,0.2731,PROXY-spatial,-0.0013,-0.03,0.557,ANALYTICAL-ensemble,-0.014,9,16.92,3,50.1,358.0,235.0,0.0656,5.17,251.5,0.0,0.827,542.2,805.4,FOREST,0.382,,N1,NEWS-DARJ-20150701_N1_2018,2018.0,239.4,65.3,627.0,0.2744,0.571,108.2,6.0,0.557,45.89642857142857,0,0,0,0,0,1,0,0,3
NEWS-DARJ-20150701,2018-08-27,,N1,0,0,0,12.9,59.3,295.5,822.3,-5.9,48.4,36.004,0,0.2822,PROXY-spatial,0.0052,-0.0058,0.558,ANALYTICAL-ensemble,-0.015,9,16.92,3,50.1,358.0,235.0,0.0656,5.17,251.5,0.0,0.827,542.2,805.4,FOREST,0.382,,N1,NEWS-DARJ-20150701_N1_2018,2018.0,247.1,43.5,634.0,0.277,0.573,108.2,6.0,0.557,37.18928571428572,0,0,0,0,0,1,0,0,3
NEWS-DARJ-20150701,2018-08-28,,N1,0,0,0,46.6,78.4,323.8,811.4,33.7,49.2,38.459,0,0.2886,REAL,0.0127,0.0101,0.558,ANALYTICAL-ensemble,-0.015,9,16.92,3,50.1,358.0,235.0,0.0656,5.17,251.5,0.0,0.827,542.2,805.4,FOREST,0.382,,N1,NEWS-DARJ-20150701_N1_2018,2018.0,274.6,54.6,630.1,0.2759,0.573,108.2,6.0,0.557,24.10000000000001,0,0,0,0,0,1,0,0,3
NEWS-DARJ-20150701,2018-08-29,,N1,0,0,0,7.3,66.9,222.9,810.2,-39.3,-70.5,10.168,0,0.2899,REAL,0.0168,0.0135,0.558,ANALYTICAL-ensemble,-0.008,9,16.92,3,50.1,358.0,235.0,0.0656,5.17,251.5,0.0,0.827,542.2,805.4,FOREST,0.382,,N1,NEWS-DARJ-20150701_N1_2018,2018.0,293.4,151.7,728.7,0.2731,0.566,101.9,5.0,0.557,4.457142857142856,0,0,0,0,0,1,0,0,3
NEWS-DARJ-20150701,2018-08-30,,N1,0,0,0,23.1,77.1,144.1,766.5,15.8,-151.4,-13.613,0,0.2913,REAL,0.0091,0.0169,0.561,ANALYTICAL-ensemble,0.004,9,16.92,3,50.1,358.0,235.0,0.0656,5.17,251.5,0.0,0.827,542.2,805.4,FOREST,0.382,,N1,NEWS-DARJ-20150701_N1_2018,2018.0,295.5,239.4,815.7,0.2822,0.557,46.6,5.0,0.557,-13.642857142857151,0,0,0,0,0,1,0,0,3
NEWS-DARJ-20150701,2018-08-31,,N1,0,0,0,2.2,32.6,138.6,724.8,-20.9,-185.2,-15.494,1,0.2914,REAL,0.0028,0.0144,0.562,ANALYTICAL-ensemble,0.005,9,16.92,3,50.1,358.0,235.0,0.0656,5.17,251.5,0.0,0.827,542.2,805.4,FOREST,0.382,,N1,NEWS-DARJ-20150701_N1_2018,2018.0,323.8,247.1,795.6,0.2886,0.557,46.6,5.0,0.557,-27.828571428571433,0,0,0,0,0,1,0,0,3
NEWS-DARJ-20150701,2018-09-01,,N1,0,0,0,7.4,32.7,118.5,715.6,5.2,-104.4,-22.302,0,0.2871,REAL,-0.0028,0.0112,0.563,ANALYTICAL-ensemble,0.006,9,16.92,3,50.1,358.0,235.0,0.0656,5.17,251.5,0.0,0.827,542.2,805.4,FOREST,0.382,,N1,NEWS-DARJ-20150701_N1_2018,2018.0,222.9,274.6,805.1,0.2899,0.557,46.6,4.0,0.557,-36.36428571428571,0,0,0,0,0,1,0,0,3
NEWS-DARJ-20150701,2018-09-02,,N1,0,0,0,95.4,105.0,195.0,796.1,88.0,50.9,-14.063,0,0.2867,PROXY-spatial,-0.0046,0.0136,0.559,ANALYTICAL-ensemble,0.002,9,16.92,3,50.1,358.0,235.0,0.0656,5.17,251.5,0.0,0.827,542.2,805.4,FOREST,0.382,,N1,NEWS-DARJ-20150701_N1_2018,2018.0,144.1,293.4,820.5,0.2913,0.557,95.4,4.0,0.557,-28.442857142857147,0,0,0,0,0,1,0,0,3
NEWS-DARJ-20150701,2018-09-03,,N1,0,0,0,25.2,127.9,207.2,805.8,-70.2,68.6,-12.618,0,0.2796,PROXY-spatial,-0.0118,-0.0026,0.557,ANALYTICAL-ensemble,-0.001,9,16.92,3,50.1,358.0,235.0,0.0656,5.17,251.5,0.0,0.827,542.2,805.4,FOREST,0.382,,N1,NEWS-DARJ-20150701_N1_2018,2018.0,138.6,295.5,822.3,0.2914,0.558,95.4,4.0,0.557,-15.40000000000002,0,0,0,0,0,1,0,0,3
NEWS-DARJ-20150701,2018-09-04,,N1,0,0,0,9.2,129.7,169.7,798.6,-16.0,51.2,-22.009,0,0.2748,PROXY-spatial,-0.0123,-0.0138,0.558,ANALYTICAL-ensemble,0.0,9,16.92,3,50.1,358.0,235.0,0.0656,5.17,251.5,0.0,0.827,542.2,805.4,FOREST,0.382,,N1,NEWS-DARJ-20150701_N1_2018,2018.0,118.5,323.8,811.4,0.2871,0.558,95.4,3.0,0.557,0.8214285714285641,0,0,0,0,0,1,0,0,3
NEWS-DARJ-20150701,2018-09-05,,N1,0,0,0,10.3,44.6,172.7,778.9,1.1,-22.3,-7.173,0,0.2705,PROXY-spatial,-0.0162,-0.0194,0.56,ANALYTICAL-ensemble,0.002,9,16.92,3,50.1,358.0,235.0,0.0656,5.17,251.5,0.0,0.827,542.2,805.4,FOREST,0.382,,N1,NEWS-DARJ-20150701_N1_2018,2018.0,195.0,222.9,810.2,0.2867,0.558,95.4,4.0,0.557,8.453571428571422,0,0,0,0,0,1,0,0,3
NEWS-DARJ-20150701,2018-09-06,,N1,0,0,0,13.9,33.4,163.5,788.8,3.6,-43.7,2.772,0,0.2603,PROXY-spatial,-0.0193,-0.031,0.561,ANALYTICAL-ensemble,0.0,9,16.92,3,50.1,358.0,235.0,0.0656,5.17,251.5,0.0,0.827,542.2,805.4,FOREST,0.382,,N1,NEWS-DARJ-20150701_N1_2018,2018.0,207.2,144.1,766.5,0.2796,0.561,95.4,4.0,0.557,5.635714285714285,0,0,0,0,0,1,0,0,3
NEWS-LINGCHOM-20200524,2020-03-25,60.0,bg,0,0,0,0.0,14.5,62.2,153.1,-1.0,12.2,7.257,2,0.2141,PROXY-spatial,0.0087,-0.0022,2.033,ANALYTICAL-ensemble,-0.032,9,5.9,7,16.9,1314.0,53.0,-0.0011,7.85,236.6,0.0,0.881,1090.7,3087.1,FOREST,0.308,789.8,POS,NEWS-LINGCHOM-20200524,,,,,,,0.0,0.0,2.033,,0,0,0,0,0,1,0,0,2
NEWS-LINGCHOM-20200524,2020-03-26,59.0,bg,0,0,0,2.8,3.8,48.9,155.1,2.8,-12.3,3.057,0,0.2194,PROXY-spatial,0.0099,0.0056,2.033,ANALYTICAL-ensemble,-0.013,9,5.9,7,16.9,1314.0,53.0,-0.0011,7.85,236.6,0.0,0.881,1090.7,3087.1,FOREST,0.308,789.8,POS,NEWS-LINGCHOM-20200524,,,,,,,2.8,0.0,2.033,,0,0,0,0,0,1,0,0,2
NEWS-LINGCHOM-20200524,2020-03-27,58.0,bg,0,0,0,0.0,2.8,28.5,150.3,-2.8,-33.7,-2.786,1,0.2232,PROXY-spatial,0.0086,0.0158,2.033,ANALYTICAL-ensemble,0.0,9,5.9,7,16.9,1314.0,53.0,-0.0011,7.85,236.6,0.0,0.881,1090.7,3087.1,FOREST,0.308,789.8,POS,NEWS-LINGCHOM-20200524,,,,,,,2.8,0.0,2.033,,0,0,0,0,0,1,0,0,2
NEWS-LINGCHOM-20200524,2020-03-28,57.0,bg,0,0,0,12.3,15.1,33.2,159.1,12.3,-29.0,-2.757,0,0.2281,PROXY-spatial,0.014,0.0225,2.033,ANALYTICAL-ensemble,0.0,9,5.9,7,16.9,1314.0,53.0,-0.0011,7.85,236.6,0.0,0.881,1090.7,3087.1,FOREST,0.308,789.8,POS,NEWS-LINGCHOM-20200524,,62.2,,,0.2141,,12.3,1.0,2.033,-10.74,0,0,0,0,0,1,0,0,2
NEWS-LINGCHOM-20200524,2020-03-29,56.0,bg,0,0,0,3.2,15.5,32.8,162.3,-9.1,-16.1,-2.457,0,0.2296,REAL,0.0102,0.0242,2.033,ANALYTICAL-ensemble,0.0,9,5.9,7,16.9,1314.0,53.0,-0.0011,7.85,236.6,0.0,0.881,1090.7,3087.1,FOREST,0.308,789.8,POS,NEWS-LINGCHOM-20200524,,48.9,,,0.2194,,12.3,1.0,2.033,-7.450000000000007,0,0,0,0,0,1,0,0,2
NEWS-LINGCHOM-20200524,2020-03-30,55.0,bg,0,0,0,0.0,15.5,19.3,162.3,-3.2,-9.2,-5.986,1,0.2274,REAL,0.0042,0.0179,2.033,ANALYTICAL-ensemble,0.001,9,5.9,7,16.9,1314.0,53.0,-0.0011,7.85,236.6,0.0,0.881,1090.7,3087.1,FOREST,0.308,789.8,POS,NEWS-LINGCHOM-20200524,,28.5,,,0.2232,,12.3,1.0,2.033,-7.374285714285713,0,0,0,0,0,1,0,0,2
NEWS-LINGCHOM-20200524,2020-03-31,54.0,bg,0,0,0,0.0,3.2,18.3,162.3,0.0,-14.9,-6.271,2,0.2248,REAL,-0.0033,0.0102,2.033,ANALYTICAL-ensemble,0.001,9,5.9,7,16.9,1314.0,53.0,-0.0011,7.85,236.6,0.0,0.881,1090.7,3087.1,FOREST,0.308,789.8,POS,NEWS-LINGCHOM-20200524,,33.2,,,0.2281,,12.3,1.0,2.033,-6.6642857142857155,0,0,0,0,0,1,0,0,2
NEWS-LINGCHOM-20200524,2020-04-01,53.0,bg,0,0,0,3.4,3.4,21.7,145.6,3.4,-11.1,-5.786,0,0.2217,REAL,-0.0079,0.0076,2.035,ANALYTICAL-ensemble,0.002,9,5.9,7,16.9,1314.0,53.0,-0.0011,7.85,236.6,0.0,0.881,1090.7,3087.1,FOREST,0.308,789.8,POS,NEWS-LINGCHOM-20200524,,32.8,62.2,153.1,0.2296,2.033,12.3,1.0,2.033,-4.139285714285714,0,0,0,0,0,1,0,0,2
NEWS-LINGCHOM-20200524,2020-04-02,52.0,bg,0,0,0,31.7,35.1,50.6,173.3,28.3,31.3,0.243,0,0.2198,REAL,-0.0076,0.0004,2.033,ANALYTICAL-ensemble,0.0,9,5.9,7,16.9,1314.0,53.0,-0.0011,7.85,236.6,0.0,0.881,1090.7,3087.1,FOREST,0.308,789.8,POS,NEWS-LINGCHOM-20200524,,19.3,48.9,155.1,0.2274,2.033,31.7,2.0,2.033,1.0285714285714285,0,0,0,0,0,1,0,0,2
NEWS-LINGCHOM-20200524,2020-04-03,51.0,bg,0,0,0,25.8,60.9,76.4,184.5,-5.9,58.1,6.843,0,0.2182,REAL,-0.0066,-0.005,2.031,ANALYTICAL-ensemble,-0.002,9,5.9,7,16.9,1314.0,53.0,-0.0011,7.85,236.6,0.0,0.881,1090.7,3087.1,FOREST,0.308,789.8,POS,NEWS-LINGCHOM-20200524,,18.3,28.5,150.3,0.2248,2.033,31.7,3.0,2.031,5.985714285714287,0,0,0,0,0,1,0,0,2
NEWS-LINGCHOM-20200524,2020-04-04,50.0,bg,0,0,0,3.2,60.7,67.3,173.0,-22.6,45.6,4.871,0,0.2148,REAL,-0.0069,-0.0133,2.031,ANALYTICAL-ensemble,-0.002,9,5.9,7,16.9,1314.0,53.0,-0.0011,7.85,236.6,0.0,0.881,1090.7,3087.1,FOREST,0.308,789.8,POS,NEWS-LINGCHOM-20200524,,21.7,33.2,159.1,0.2217,2.033,31.7,2.0,2.031,8.928571428571427,0,0,0,0,0,1,0,0,2
NEWS-LINGCHOM-20200524,2020-04-05,49.0,bg,0,0,0,11.8,40.8,75.9,179.9,8.6,25.3,6.157,0,0.2126,REAL,-0.0072,-0.017,2.031,ANALYTICAL-ensemble,-0.002,9,5.9,7,16.9,1314.0,53.0,-0.0011,7.85,236.6,0.0,0.881,1090.7,3087.1,FOREST,0.308,789.8,POS,NEWS-LINGCHOM-20200524,,50.6,32.8,162.3,0.2198,2.033,31.7,3.0,2.031,11.517857142857142,0,0,0,0,0,1,0,0,2
NEWS-LINGCHOM-20200524,2020-04-06,48.0,bg,0,0,0,0.0,15.0,75.9,179.9,-11.8,-0.5,8.086,1,0.2096,REAL,-0.0086,-0.0178,2.031,ANALYTICAL-ensemble,-0.002,9,5.9,7,16.9,1314.0,53.0,-0.0011,7.85,236.6,0.0,0.881,1090.7,3087.1,FOREST,0.308,789.8,POS,NEWS-LINGCHOM-20200524,,76.4,19.3,162.3,0.2182,2.033,31.7,3.0,2.031,10.639285714285714,0,0,0,0,0,1,0,0,2
NEWS-LINGCHOM-20200524,2020-04-07,47.0,bg,0,0,0,14.2,26.0,90.1,190.8,14.2,22.8,10.257,0,0.2093,REAL,-0.0055,-0.0155,2.031,ANALYTICAL-ensemble,-0.002,9,5.9,7,16.9,1314.0,53.0,-0.0011,7.85,236.6,0.0,0.881,1090.7,3087.1,FOREST,0.308,789.8,POS,NEWS-LINGCHOM-20200524,,67.3,18.3,162.3,0.2148,2.033,31.7,4.0,2.031,9.117857142857146,0,0,0,0,0,1,0,0,2
NEWS-LINGCHOM-20200524,2020-04-08,46.0,bg,0,0,0,7.5,21.7,94.1,198.3,-6.7,18.2,10.343,0,0.2103,REAL,-0.0023,-0.0114,2.031,ANALYTICAL-ensemble,-0.004,9,5.9,7,16.9,1314.0,53.0,-0.0011,7.85,236.6,0.0,0.881,1090.7,3087.1,FOREST,0.308,789.8,POS,NEWS-LINGCHOM-20200524,,75.9,21.7,145.6,0.2126,2.035,31.7,4.0,2.031,5.9464285714285685,0,0,0,0,0,1,0,0,2
NEWS-LINGCHOM-20200524,2020-04-09,45.0,bg,0,0,0,23.5,45.1,85.9,220.5,16.0,10.0,5.043,0,0.2048,PROXY-spatial,-0.0048,-0.015,2.027,ANALYTICAL-ensemble,-0.006,9,5.9,7,16.9,1314.0,53.0,-0.0011,7.85,236.6,0.0,0.881,1090.7,3087.1,FOREST,0.308,789.8,POS,NEWS-LINGCHOM-20200524,,75.9,50.6,173.3,0.2096,2.033,25.8,4.0,2.027,3.4392857142857123,0,0,0,0,0,1,0,0,2
NEWS-LINGCHOM-20200524,2020-04-10,44.0,bg,0,0,0,19.6,50.6,79.8,232.6,-3.9,-10.3,0.486,0,0.2083,PROXY-spatial,-0.001,-0.0099,2.02,ANALYTICAL-ensemble,-0.011,9,5.9,7,16.9,1314.0,53.0,-0.0011,7.85,236.6,0.0,0.881,1090.7,3087.1,FOREST,0.308,789.8,POS,NEWS-LINGCHOM-20200524,,90.1,76.4,184.5,0.2093,2.031,23.5,4.0,2.02,2.703571428571431,0,0,0,0,0,1,0,0,2
NEWS-LINGCHOM-20200524,2020-04-11,43.0,bg,0,0,0,0.6,43.7,77.2,233.2,-19.0,-16.9,1.414,1,0.2132,PROXY-spatial,0.0029,-0.0016,2.014,ANALYTICAL-ensemble,-0.017,9,5.9,7,16.9,1314.0,53.0,-0.0011,7.85,236.6,0.0,0.881,1090.7,3087.1,FOREST,0.308,789.8,POS,NEWS-LINGCHOM-20200524,,94.1,67.3,173.0,0.2103,2.031,23.5,4.0,2.014,0.26785714285714207,0,0,0,0,0,1,0,0,2
NEWS-LINGCHOM-20200524,2020-04-12,42.0,bg,0,0,0,5.3,25.6,70.7,238.5,4.7,-15.2,-0.743,0,0.2125,PROXY-spatial,0.0077,-0.0001,2.019,ANALYTICAL-ensemble,-0.012,9,5.9,7,16.9,1314.0,53.0,-0.0011,7.85,236.6,0.0,0.881,1090.7,3087.1,FOREST,0.308,789.8,POS,NEWS-LINGCHOM-20200524,,85.9,75.9,179.9,0.2048,2.031,23.5,3.0,2.014,-1.9892857142857197,0,0,0,0,0,1,0,0,2
NEWS-LINGCHOM-20200524,2020-04-13,41.0,bg,0,0,0,0.0,5.9,70.7,235.5,-5.3,-9.1,-0.743,1,0.2141,PROXY-spatial,0.0058,0.0045,2.025,ANALYTICAL-ensemble,-0.006,9,5.9,7,16.9,1314.0,53.0,-0.0011,7.85,236.6,0.0,0.881,1090.7,3087.1,FOREST,0.308,789.8,POS,NEWS-LINGCHOM-20200524,,79.8,75.9,179.9,0.2083,2.031,23.5,3.0,2.014,-4.060714285714284,0,0,0,0,0,1,0,0,2
NEWS-LINGCHOM-20200524,2020-04-14,40.0,bg,0,0,0,0.0,5.3,56.5,229.4,0.0,-20.7,-4.8,2,0.2139,PROXY-spatial,0.0007,0.0046,2.026,ANALYTICAL-ensemble,-0.005,9,5.9,7,16.9,1314.0,53.0,-0.0011,7.85,236.6,0.0,0.881,1090.7,3087.1,FOREST,0.308,789.8,POS,NEWS-LINGCHOM-20200524,,77.2,90.1,190.8,0.2132,2.031,23.5,2.0,2.014,-5.439285714285719,0,0,0,0,0,1,0,0,2
NEWS-LINGCHOM-20200524,2020-04-15,39.0,bg,0,0,0,0.0,0.0,49.0,227.1,0.0,-21.7,-6.443,3,0.215,PROXY-spatial,0.0025,0.0047,2.03,ANALYTICAL-ensemble,-0.001,9,5.9,7,16.9,1314.0,53.0,-0.0011,7.85,236.6,0.0,0.881,1090.7,3087.1,FOREST,0.308,789.8,POS,NEWS-LINGCHOM-20200524,,70.7,94.1,198.3,0.2125,2.031,23.5,2.0,2.014,-5.85,0,0,0,0,0,1,0,0,2
NEWS-LINGCHOM-20200524,2020-04-16,38.0,bg,0,0,0,0.0,0.0,25.6,227.1,0.0,-45.1,-8.614,4,0.218,PROXY-spatial,0.0039,0.0132,2.03,ANALYTICAL-ensemble,0.003,9,5.9,7,16.9,1314.0,53.0,-0.0011,7.85,236.6,0.0,0.881,1090.7,3087.1,FOREST,0.308,789.8,POS,NEWS-LINGCHOM-20200524,,70.7,85.9,220.5,0.2141,2.027,19.6,1.0,2.014,-8.32857142857143,0,0,0,0,0,1,0,0,2
NEWS-LINGCHOM-20200524,2020-04-17,37.0,bg,0,0,0,17.5,17.5,23.5,244.6,17.5,-33.0,-8.043,0,0.2125,PROXY-spatial,-0.0014,0.0042,2.029,ANALYTICAL-ensemble,0.009,9,5.9,7,16.9,1314.0,53.0,-0.0011,7.85,236.6,0.0,0.881,1090.7,3087.1,FOREST,0.308,789.8,POS,NEWS-LINGCHOM-20200524,,56.5,79.8,232.6,0.2139,2.02,17.5,1.0,2.014,-9.75,0,0,0,0,0,1,0,0,2
NEWS-LINGCHOM-20200524,2020-04-18,36.0,bg,0,0,0,9.2,26.8,32.1,237.7,-8.3,-16.9,-6.443,0,0.2094,PROXY-spatial,-0.0056,-0.0038,2.027,ANALYTICAL-ensemble,0.013,9,5.9,7,16.9,1314.0,53.0,-0.0011,7.85,236.6,0.0,0.881,1090.7,3087.1,FOREST,0.308,789.8,POS,NEWS-LINGCHOM-20200524,,49.0,77.2,233.2,0.215,2.014,17.5,1.0,2.014,-8.610714285714288,0,0,0,0,0,1,0,0,2
NEWS-LINGCHOM-20200524,2020-04-19,35.0,bg,0,0,0,36.4,63.2,63.2,253.7,27.2,37.6,-1.071,0,0.2147,PROXY-spatial,-0.0033,0.0022,2.024,ANALYTICAL-ensemble,0.005,9,5.9,7,16.9,1314.0,53.0,-0.0011,7.85,236.6,0.0,0.881,1090.7,3087.1,FOREST,0.308,789.8,POS,NEWS-LINGCHOM-20200524,,25.6,70.7,238.5,0.218,2.019,36.4,2.0,2.014,-3.457142857142857,0,0,0,0,0,1,0,0,2
NEWS-LINGCHOM-20200524,2020-04-20,34.0,bg,0,0,0,18.1,63.8,81.3,264.3,-18.3,57.8,1.514,0,0.2203,REAL,0.0078,0.0062,2.013,ANALYTICAL-ensemble,-0.012,9,5.9,7,16.9,1314.0,53.0,-0.0011,7.85,236.6,0.0,0.881,1090.7,3087.1,FOREST,0.308,789.8,POS,NEWS-LINGCHOM-20200524,,23.5,70.7,235.5,0.2125,2.025,36.4,3.0,2.013,3.9035714285714276,0,0,0,0,0,1,0,0,2
NEWS-LINGCHOM-20200524,2020-04-21,33.0,bg,0,0,0,34.9,89.5,116.3,295.7,16.8,84.2,8.543,0,0.2224,PROXY-spatial,0.013,0.0085,2.009,ANALYTICAL-ensemble,-0.017,9,5.9,7,16.9,1314.0,53.0,-0.0011,7.85,236.6,0.0,0.881,1090.7,3087.1,FOREST,0.308,789.8,POS,NEWS-LINGCHOM-20200524,,32.1,56.5,229.4,0.2094,2.026,36.4,4.0,2.009,12.607142857142856,0,0,0,0,0,1,0,0,2
NEWS-LINGCHOM-20200524,2020-04-22,32.0,bg,0,0,0,9.8,62.8,126.0,291.9,-25.1,62.8,11.0,0,0.2237,PROXY-spatial,0.009,0.0087,1.996,ANALYTICAL-ensemble,-0.034,9,5.9,7,16.9,1314.0,53.0,-0.0011,7.85,236.6,0.0,0.881,1090.7,3087.1,FOREST,0.308,789.8,POS,NEWS-LINGCHOM-20200524,,63.2,49.0,227.1,0.2147,2.03,36.4,4.0,1.996,19.142857142857146,0,0,0,0,0,1,0,0,2
NEWS-LINGCHOM-20200524,2020-04-23,31.0,bg,0,0,0,9.9,54.6,135.9,300.8,0.1,54.6,15.757,0,0.2273,PROXY-spatial,0.007,0.0093,1.994,ANALYTICAL-ensemble,-0.036,9,5.9,7,16.9,1314.0,53.0,-0.0011,7.85,236.6,0.0,0.881,1090.7,3087.1,FOREST,0.308,789.8,POS,NEWS-LINGCHOM-20200524,,81.3,25.6,227.1,0.2203,2.03,36.4,4.0,1.994,20.646428571428572,0,0,0,0,0,1,0,0,2
NEWS-LINGCHOM-20200524,2020-04-24,30.0,pre,0,0,0,6.9,26.5,125.3,307.7,-3.0,9.0,14.543,0,0.2353,PROXY-spatial,0.0129,0.0228,1.994,ANALYTICAL-ensemble,-0.035,9,5.9,7,16.9,1314.0,53.0,-0.0011,7.85,236.6,0.0,0.881,1090.7,3087.1,FOREST,0.308,789.8,POS,NEWS-LINGCHOM-20200524,,116.3,23.5,244.6,0.2224,2.029,36.4,3.0,1.994,16.774999999999995,0,0,0,0,0,1,0,0,2
NEWS-LINGCHOM-20200524,2020-04-25,29.0,pre,0,0,0,8.1,24.8,124.1,312.9,1.2,-1.9,13.143,0,0.2367,PROXY-spatial,0.013,0.0273,1.994,ANALYTICAL-ensemble,-0.033,9,5.9,7,16.9,1314.0,53.0,-0.0011,7.85,236.6,0.0,0.881,1090.7,3087.1,FOREST,0.308,789.8,POS,NEWS-LINGCHOM-20200524,,126.0,32.1,237.7,0.2237,2.027,36.4,3.0,1.994,10.367857142857144,0,0,0,0,0,1,0,0,2
NEWS-LINGCHOM-20200524,2020-04-26,28.0,pre,0,0,0,0.4,15.4,88.1,313.4,-7.7,-47.8,3.557,1,0.2387,PROXY-spatial,0.0114,0.024,1.995,ANALYTICAL-ensemble,-0.029,9,5.9,7,16.9,1314.0,53.0,-0.0011,7.85,236.6,0.0,0.881,1090.7,3087.1,FOREST,0.308,789.8,POS,NEWS-LINGCHOM-20200524,,135.9,63.2,253.7,0.2273,2.024,34.9,2.0,1.994,1.2607142857142823,0,0,0,0,0,1,0,0,2
NEWS-LINGCHOM-20200524,2020-04-27,27.0,pre,0,0,0,5.4,13.9,75.4,306.5,5.0,-49.9,-0.843,0,0.2404,PROXY-spatial,0.0051,0.0201,1.997,ANALYTICAL-ensemble,-0.016,9,5.9,7,16.9,1314.0,53.0,-0.0011,7.85,236.6,0.0,0.881,1090.7,3087.1,FOREST,0.308,789.8,POS,NEWS-LINGCHOM-20200524,,125.3,81.3,264.3,0.2353,2.013,34.9,1.0,1.994,-7.5107142857142835,0,0,0,0,0,1,0,0,2
NEWS-LINGCHOM-20200524,2020-04-28,26.0,pre,0,0,0,10.4,16.3,50.9,313.7,5.0,-73.2,-9.343,0,0.2489,REAL,0.0122,0.0265,1.997,ANALYTICAL-ensemble,-0.012,9,5.9,7,16.9,1314.0,53.0,-0.0011,7.85,236.6,0.0,0.881,1090.7,3087.1,FOREST,0.308,789.8,POS,NEWS-LINGCHOM-20200524,,124.1,116.3,295.7,0.2367,2.009,10.4,1.0,1.994,-13.696428571428578,0,0,0,0,0,1,0,0,2
NEWS-LINGCHOM-20200524,2020-04-29,25.0,pre,0,0,0,0.6,16.5,41.7,314.3,-9.8,-46.4,-12.043,1,0.2476,REAL,0.0089,0.0239,1.997,ANALYTICAL-ensemble,0.001,9,5.9,7,16.9,1314.0,53.0,-0.0011,7.85,236.6,0.0,0.881,1090.7,3087.1,FOREST,0.308,789.8,POS,NEWS-LINGCHOM-20200524,,88.1,126.0,291.9,0.2387,1.996,10.4,1.0,1.994,-17.146428571428576,0,0,0,0,0,1,0,0,2
NEWS-LINGCHOM-20200524,2020-04-30,24.0,pre,0,0,0,2.7,13.8,34.6,317.1,2.1,-40.8,-14.471,0,0.2506,REAL,0.0102,0.0233,2.0,ANALYTICAL-ensemble,0.006,9,5.9,7,16.9,1314.0,53.0,-0.0011,7.85,236.6,0.0,0.881,1090.7,3087.1,FOREST,0.308,789.8,POS,NEWS-LINGCHOM-20200524,,75.4,135.9,300.8,0.2404,1.994,10.4,1.0,1.994,-16.932142857142857,0,0,0,0,0,1,0,0,2
NEWS-LINGCHOM-20200524,2020-05-01,23.0,pre,0,0,0,3.5,6.8,31.2,317.2,0.8,-19.7,-13.443,0,0.2499,REAL,0.001,0.0146,2.004,ANALYTICAL-ensemble,0.01,9,5.9,7,16.9,1314.0,53.0,-0.0011,7.85,236.6,0.0,0.881,1090.7,3087.1,FOREST,0.308,789.8,POS,NEWS-LINGCHOM-20200524,,50.9,125.3,307.7,0.2489,1.994,10.4,1.0,1.994,-14.978571428571422,0,0,0,0,0,1,0,0,2
NEWS-LINGCHOM-20200524,2020-05-02,22.0,pre,0,0,0,1.6,7.8,24.7,287.1,-1.9,-17.0,-14.2,1,0.2555,REAL,0.0079,0.0188,2.023,ANALYTICAL-ensemble,0.029,9,5.9,7,16.9,1314.0,53.0,-0.0011,7.85,236.6,0.0,0.881,1090.7,3087.1,FOREST,0.308,789.8,POS,NEWS-LINGCHOM-20200524,,41.7,124.1,312.9,0.2476,1.994,10.4,1.0,1.994,-10.532142857142855,0,0,0,0,0,1,0,0,2
NEWS-LINGCHOM-20200524,2020-05-03,21.0,pre,0,0,0,0.7,5.8,25.0,262.0,-0.9,-9.6,-9.014,2,0.2546,REAL,0.004,0.0159,2.025,ANALYTICAL-ensemble,0.03,9,5.9,7,16.9,1314.0,53.0,-0.0011,7.85,236.6,0.0,0.881,1090.7,3087.1,FOREST,0.308,789.8,POS,NEWS-LINGCHOM-20200524,,34.6,88.1,313.4,0.2506,1.995,10.4,1.0,1.994,-7.646428571428577,0,0,0,0,0,1,0,0,2
NEWS-LINGCHOM-20200524,2020-05-04,20.0,pre,0,0,0,3.3,5.6,22.8,262.1,2.6,-8.4,-7.514,0,0.2516,REAL,0.0017,0.0112,2.025,ANALYTICAL-ensemble,0.028,9,5.9,7,16.9,1314.0,53.0,-0.0011,7.85,236.6,0.0,0.881,1090.7,3087.1,FOREST,0.308,789.8,POS,NEWS-LINGCHOM-20200524,,31.2,75.4,306.5,0.2499,1.997,10.4,1.0,1.994,-4.557142857142858,0,0,0,0,0,1,0,0,2
NEWS-LINGCHOM-20200524,2020-05-05,19.0,pre,0,0,0,8.4,12.4,20.9,258.7,5.1,-3.8,-4.286,0,0.2419,REAL,-0.0136,-0.007,2.025,ANALYTICAL-ensemble,0.028,9,5.9,7,16.9,1314.0,53.0,-0.0011,7.85,236.6,0.0,0.881,1090.7,3087.1,FOREST,0.308,789.8,POS,NEWS-LINGCHOM-20200524,,24.7,50.9,313.7,0.2555,1.997,8.4,0.0,1.994,-3.2928571428571427,0,0,0,0,0,1,0,0,2
NEWS-LINGCHOM-20200524,2020-05-06,18.0,pre,0,0,0,4.3,16.0,24.5,263.0,-4.1,-0.5,-2.457,0,0.2417,REAL,-0.0129,-0.0059,2.025,ANALYTICAL-ensemble,0.028,9,5.9,7,16.9,1314.0,53.0,-0.0011,7.85,236.6,0.0,0.881,1090.7,3087.1,FOREST,0.308,789.8,POS,NEWS-LINGCHOM-20200524,,25.0,41.7,314.3,0.2546,1.997,8.4,0.0,1.994,-1.8857142857142888,0,0,0,0,0,1,0,0,2
NEWS-LINGCHOM-20200524,2020-05-07,17.0,pre,0,0,0,10.9,23.6,32.7,259.7,6.6,9.9,-0.271,0,0.2414,REAL,-0.0102,-0.0092,2.025,ANALYTICAL-ensemble,0.025,9,5.9,7,16.9,1314.0,53.0,-0.0011,7.85,236.6,0.0,0.881,1090.7,3087.1,FOREST,0.308,789.8,POS,NEWS-LINGCHOM-20200524,,22.8,34.6,317.1,0.2516,2.0,10.9,1.0,1.994,6.248923577092105e-16,0,0,0,0,0,1,0,0,2
NEWS-LINGCHOM-20200524,2020-05-08,16.0,pre,0,0,0,14.6,29.8,43.8,266.8,3.7,22.9,1.8,0,0.2426,REAL,0.0007,-0.0073,2.024,ANALYTICAL-ensemble,0.02,9,5.9,7,16.9,1314.0,53.0,-0.0011,7.85,236.6,0.0,0.881,1090.7,3087.1,FOREST,0.308,789.8,POS,NEWS-LINGCHOM-20200524,,20.9,31.2,317.2,0.2419,2.004,14.6,2.0,1.994,2.657142857142856,0,0,0,0,0,1,0,0,2
NEWS-LINGCHOM-20200524,2020-05-09,15.0,pre,0,0,0,0.0,25.5,42.2,243.4,-14.6,17.7,2.5,1,0.2386,REAL,-0.0031,-0.0169,2.025,ANALYTICAL-ensemble,0.002,9,5.9,7,16.9,1314.0,53.0,-0.0011,7.85,236.6,0.0,0.881,1090.7,3087.1,FOREST,0.308,789.8,POS,NEWS-LINGCHOM-20200524,,24.5,24.7,287.1,0.2417,2.023,14.6,2.0,1.995,3.764285714285714,0,0,0,0,0,1,0,0,2
NEWS-LINGCHOM-20200524,2020-05-10,14.0,pre,1,0,0,0.0,14.6,41.5,223.7,0.0,8.8,2.357,2,0.2367,REAL,-0.0047,-0.0179,2.031,ANALYTICAL-ensemble,0.006,9,5.9,7,16.9,1314.0,53.0,-0.0011,7.85,236.6,0.0,0.881,1090.7,3087.1,FOREST,0.308,789.8,POS,NEWS-LINGCHOM-20200524,,32.7,25.0,262.0,0.2414,2.025,14.6,2.0,1.997,4.214285714285715,0,0,0,0,0,1,0,0,2
NEWS-LINGCHOM-20200524,2020-05-11,13.0,pre,1,0,0,1.7,1.7,39.9,224.8,1.7,-3.9,2.443,3,0.2333,REAL,-0.0093,-0.0183,2.031,ANALYTICAL-ensemble,0.006,9,5.9,7,16.9,1314.0,53.0,-0.0011,7.85,236.6,0.0,0.881,1090.7,3087.1,FOREST,0.308,789.8,POS,NEWS-LINGCHOM-20200524,,43.8,22.8,262.1,0.2426,2.025,14.6,2.0,1.997,3.589285714285715,0,0,0,0,0,1,0,0,2
NEWS-LINGCHOM-20200524,2020-05-12,12.0,pre,1,0,0,5.2,6.8,36.6,224.6,3.5,-5.6,2.243,0,0.2333,REAL,-0.0053,-0.0086,2.031,ANALYTICAL-ensemble,0.006,9,5.9,7,16.9,1314.0,53.0,-0.0011,7.85,236.6,0.0,0.881,1090.7,3087.1,FOREST,0.308,789.8,POS,NEWS-LINGCHOM-20200524,,42.2,20.9,258.7,0.2386,2.025,14.6,2.0,1.997,1.728571428571429,0,0,0,0,0,1,0,0,2
NEWS-LINGCHOM-20200524,2020-05-13,11.0,pre,1,0,0,13.9,20.8,46.3,238.5,8.7,4.8,3.114,0,0.2349,REAL,-0.0018,-0.0068,2.031,ANALYTICAL-ensemble,0.006,9,5.9,7,16.9,1314.0,53.0,-0.0011,7.85,236.6,0.0,0.881,1090.7,3087.1,FOREST,0.308,789.8,POS,NEWS-LINGCHOM-20200524,,41.5,24.5,263.0,0.2367,2.025,14.6,3.0,2.0,0.8607142857142864,0,0,0,0,0,1,0,0,2
NEWS-LINGCHOM-20200524,2020-05-14,10.0,pre,1,0,0,0.0,19.1,35.4,238.5,-13.9,-4.5,0.386,1,0.2346,REAL,0.0013,-0.0068,2.029,ANALYTICAL-ensemble,0.004,9,5.9,7,16.9,1314.0,53.0,-0.0011,7.85,236.6,0.0,0.881,1090.7,3087.1,FOREST,0.308,789.8,POS,NEWS-LINGCHOM-20200524,,39.9,32.7,259.7,0.2333,2.025,14.6,2.0,2.004,-0.7821428571428567,0,0,0,0,0,1,0,0,2
NEWS-LINGCHOM-20200524,2020-05-15,9.0,pre,1,0,0,7.8,21.7,28.6,246.4,7.8,-8.0,-2.171,0,0.2329,REAL,-0.0004,-0.0097,2.029,ANALYTICAL-ensemble,0.005,9,5.9,7,16.9,1314.0,53.0,-0.0011,7.85,236.6,0.0,0.881,1090.7,3087.1,FOREST,0.308,789.8,POS,NEWS-LINGCHOM-20200524,,36.6,43.8,266.8,0.2333,2.024,13.9,1.0,2.023,-1.6642857142857155,0,0,0,0,0,1,0,0,2
NEWS-LINGCHOM-20200524,2020-05-16,8.0,pre,1,0,0,21.0,28.8,49.5,267.3,13.2,3.2,1.043,0,0.237,REAL,0.0021,-0.0016,2.025,ANALYTICAL-ensemble,0.0,9,5.9,7,16.9,1314.0,53.0,-0.0011,7.85,236.6,0.0,0.881,1090.7,3087.1,FOREST,0.308,789.8,POS,NEWS-LINGCHOM-20200524,,46.3,42.2,243.4,0.2349,2.025,21.0,2.0,2.024,0.00714285714285499,0,0,0,0,0,1,0,0,2
NEWS-LINGCHOM-20200524,2020-05-17,7.0,pre,1,1,0,11.5,40.2,61.0,261.3,-9.5,25.6,2.786,0,0.2462,REAL,0.0116,0.0095,2.019,ANALYTICAL-ensemble,-0.012,9,5.9,7,16.9,1314.0,53.0,-0.0011,7.85,236.6,0.0,0.881,1090.7,3087.1,FOREST,0.308,789.8,POS,NEWS-LINGCHOM-20200524,,35.4,41.5,223.7,0.2346,2.031,21.0,3.0,2.019,2.5500000000000016,0,0,0,0,0,1,0,0,2
NEWS-LINGCHOM-20200524,2020-05-18,6.0,pre,1,1,0,6.2,38.6,65.5,258.2,-5.3,36.9,3.657,0,0.2567,REAL,0.0238,0.0234,2.024,ANALYTICAL-ensemble,-0.007,9,5.9,7,16.9,1314.0,53.0,-0.0011,7.85,236.6,0.0,0.881,1090.7,3087.1,FOREST,0.308,789.8,POS,NEWS-LINGCHOM-20200524,,28.6,39.9,224.8,0.2329,2.031,21.0,3.0,2.019,4.649999999999999,0,0,0,0,0,1,0,0,2
NEWS-LINGCHOM-20200524,2020-05-19,5.0,pre,1,1,0,17.5,35.2,77.9,239.3,11.3,28.4,5.9,0,0.2578,REAL,0.0208,0.0245,2.026,ANALYTICAL-ensemble,-0.005,9,5.9,7,16.9,1314.0,53.0,-0.0011,7.85,236.6,0.0,0.881,1090.7,3087.1,FOREST,0.308,789.8,POS,NEWS-LINGCHOM-20200524,,49.5,36.6,224.6,0.237,2.031,21.0,4.0,2.019,6.692857142857143,0,0,0,0,0,1,0,0,2
NEWS-LINGCHOM-20200524,2020-05-20,4.0,pre,1,1,0,0.0,23.7,64.0,221.2,-17.5,3.0,2.529,1,0.2625,REAL,0.0163,0.0276,2.028,ANALYTICAL-ensemble,-0.003,9,5.9,7,16.9,1314.0,53.0,-0.0011,7.85,236.6,0.0,0.881,1090.7,3087.1,FOREST,0.308,789.8,POS,NEWS-LINGCHOM-20200524,,61.0,46.3,238.5,0.2462,2.031,21.0,3.0,2.019,7.157142857142858,0,0,0,0,0,1,0,0,2
NEWS-LINGCHOM-20200524,2020-05-21,3.0,pre,1,1,0,23.3,40.8,87.3,209.6,23.3,21.8,7.414,0,0.2672,REAL,0.0105,0.0326,2.03,ANALYTICAL-ensemble,0.001,9,5.9,7,16.9,1314.0,53.0,-0.0011,7.85,236.6,0.0,0.881,1090.7,3087.1,FOREST,0.308,789.8,POS,NEWS-LINGCHOM-20200524,,65.5,35.4,238.5,0.2567,2.029,23.3,4.0,2.019,7.92857142857143,0,0,0,0,0,1,0,0,2
NEWS-LINGCHOM-20200524,2020-05-22,2.0,pre,1,1,0,8.0,31.3,87.5,207.8,-15.3,9.6,8.414,0,0.2743,REAL,0.0165,0.0414,2.027,ANALYTICAL-ensemble,-0.002,9,5.9,7,16.9,1314.0,53.0,-0.0011,7.85,236.6,0.0,0.881,1090.7,3087.1,FOREST,0.308,789.8,POS,NEWS-LINGCHOM-20200524,,77.9,28.6,246.4,0.2578,2.029,23.3,4.0,2.019,5.896428571428571,0,0,0,0,0,1,0,0,2
NEWS-LINGCHOM-20200524,2020-05-23,1.0,pre,1,1,0,17.3,48.7,83.9,215.3,9.3,19.9,4.914,0,0.2813,REAL,0.0188,0.0443,2.027,ANALYTICAL-ensemble,0.002,9,5.9,7,16.9,1314.0,53.0,-0.0011,7.85,236.6,0.0,0.881,1090.7,3087.1,FOREST,0.308,789.8,POS,NEWS-LINGCHOM-20200524,,64.0,49.5,267.3,0.2625,2.025,23.3,4.0,2.019,4.3607142857142875,0,0,0,0,0,1,0,0,2
NEWS-LINGCHOM-20200524,2019-03-25,,N0,0,0,0,0.7,12.4,79.2,177.5,0.7,3.1,9.386,2,,MISSING (window-absent),,,2.031,ANALYTICAL-ensemble,-0.011,9,5.9,6,16.9,1314.0,53.0,-0.0011,7.85,236.6,0.0,0.881,1090.7,3087.1,FOREST,0.322,,N0,NEWS-LINGCHOM-20200524_N0_2019,2019.0,,,,,,0.7,0.0,2.031,,1,0,0,0,0,1,0,0,2
NEWS-LINGCHOM-20200524,2019-03-26,,N0,0,0,0,12.7,13.4,75.0,185.2,12.0,-9.0,6.376,0,,MISSING (window-absent),,,2.032,ANALYTICAL-ensemble,-0.005,9,5.9,6,16.9,1314.0,53.0,-0.0011,7.85,236.6,0.0,0.881,1090.7,3087.1,FOREST,0.322,,N0,NEWS-LINGCHOM-20200524_N0_2019,2019.0,,,,,,12.7,1.0,2.031,,1,0,0,0,0,1,0,0,2
NEWS-LINGCHOM-20200524,2019-03-27,,N0,0,0,0,7.1,20.5,55.9,192.3,-5.6,-27.9,-0.097,0,,MISSING (window-absent),,,2.031,ANALYTICAL-ensemble,-0.001,9,5.9,6,16.9,1314.0,53.0,-0.0011,7.85,236.6,0.0,0.881,1090.7,3087.1,FOREST,0.322,,N0,NEWS-LINGCHOM-20200524_N0_2019,2019.0,,,,,,12.7,1.0,2.031,,1,0,0,0,0,1,0,0,2
NEWS-LINGCHOM-20200524,2019-03-28,,N0,0,0,0,0.0,19.8,33.2,183.0,-7.1,-46.0,-6.581,1,,MISSING (window-absent),,,2.031,ANALYTICAL-ensemble,-0.001,9,5.9,6,16.9,1314.0,53.0,-0.0011,7.85,236.6,0.0,0.881,1090.7,3087.1,FOREST,0.322,,N0,NEWS-LINGCHOM-20200524_N0_2019,2019.0,79.2,,,,,12.7,1.0,2.031,-15.710000000000004,1,0,0,0,0,1,0,0,2
NEWS-LINGCHOM-20200524,2019-03-29,,N0,0,0,0,0.0,7.1,32.2,178.2,0.0,-42.8,-6.27,2,,MISSING (window-absent),,,2.033,ANALYTICAL-ensemble,0.001,9,5.9,6,16.9,1314.0,53.0,-0.0011,7.85,236.6,0.0,0.881,1090.7,3087.1,FOREST,0.322,,N0,NEWS-LINGCHOM-20200524_N0_2019,2019.0,75.0,,,,,12.7,1.0,2.031,-13.58000000000001,1,0,0,0,0,1,0,0,2
NEWS-LINGCHOM-20200524,2019-03-30,,N0,0,0,0,0.0,0.0,20.5,173.3,0.0,-35.4,-9.072,3,,MISSING (window-absent),,,2.033,ANALYTICAL-ensemble,0.002,9,5.9,6,16.9,1314.0,53.0,-0.0011,7.85,236.6,0.0,0.881,1090.7,3087.1,FOREST,0.322,,N0,NEWS-LINGCHOM-20200524_N0_2019,2019.0,55.9,,,,,12.7,1.0,2.031,-12.702857142857136,1,0,0,0,0,1,0,0,2
NEWS-LINGCHOM-20200524,2019-03-31,,N0,0,0,0,33.7,33.7,54.2,200.9,33.7,21.0,-4.222,0,,MISSING (window-absent),,,2.031,ANALYTICAL-ensemble,0.0,9,5.9,6,16.9,1314.0,53.0,-0.0011,7.85,236.6,0.0,0.881,1090.7,3087.1,FOREST,0.322,,N0,NEWS-LINGCHOM-20200524_N0_2019,2019.0,33.2,,,,,33.7,2.0,2.031,-7.4178571428571445,1,0,0,0,0,1,0,0,2
NEWS-LINGCHOM-20200524,2019-04-01,,N0,0,0,0,2.5,36.3,56.0,203.4,-31.2,23.8,-3.309,0,,MISSING (window-absent),,,2.031,ANALYTICAL-ensemble,0.0,9,5.9,6,16.9,1314.0,53.0,-0.0011,7.85,236.6,0.0,0.881,1090.7,3087.1,FOREST,0.322,,N0,NEWS-LINGCHOM-20200524_N0_2019,2019.0,32.2,79.2,177.5,,2.031,33.7,2.0,2.031,-2.610714285714287,1,0,0,0,0,1,0,0,2
NEWS-LINGCHOM-20200524,2019-04-02,,N0,0,0,0,24.2,60.4,67.5,227.6,21.7,47.0,-1.07,0,,MISSING (window-absent),,,2.027,ANALYTICAL-ensemble,-0.005,9,5.9,6,16.9,1314.0,53.0,-0.0011,7.85,236.6,0.0,0.881,1090.7,3087.1,FOREST,0.322,,N0,NEWS-LINGCHOM-20200524_N0_2019,2019.0,20.5,75.0,185.2,,2.032,33.7,2.0,2.027,3.6571428571428535,1,0,0,0,0,1,0,0,2
NEWS-LINGCHOM-20200524,2019-04-03,,N0,0,0,0,7.0,33.7,67.5,232.6,-17.2,13.3,1.661,0,,MISSING (window-absent),,,2.02,ANALYTICAL-ensemble,-0.011,9,5.9,6,16.9,1314.0,53.0,-0.0011,7.85,236.6,0.0,0.881,1090.7,3087.1,FOREST,0.322,,N0,NEWS-LINGCHOM-20200524_N0_2019,2019.0,54.2,55.9,192.3,,2.031,33.7,2.0,2.02,7.464285714285715,1,0,0,0,0,1,0,0,2
NEWS-LINGCHOM-20200524,2019-04-04,,N0,0,0,0,0.0,31.2,67.5,214.6,-7.0,11.5,4.902,1,,MISSING (window-absent),,,2.027,ANALYTICAL-ensemble,-0.004,9,5.9,6,16.9,1314.0,53.0,-0.0011,7.85,236.6,0.0,0.881,1090.7,3087.1,FOREST,0.322,,N0,NEWS-LINGCHOM-20200524_N0_2019,2019.0,56.0,33.2,183.0,,2.031,33.7,2.0,2.02,7.614285714285715,1,0,0,0,0,1,0,0,2
NEWS-LINGCHOM-20200524,2019-04-05,,N0,0,0,0,0.0,7.0,67.5,196.1,0.0,-0.0,5.045,2,,MISSING (window-absent),,,2.031,ANALYTICAL-ensemble,-0.002,9,5.9,6,16.9,1314.0,53.0,-0.0011,7.85,236.6,0.0,0.881,1090.7,3087.1,FOREST,0.322,,N0,NEWS-LINGCHOM-20200524_N0_2019,2019.0,67.5,32.2,178.2,,2.033,33.7,2.0,2.02,6.396428571428573,1,0,0,0,0,1,0,0,2
NEWS-LINGCHOM-20200524,2019-04-06,,N0,0,0,0,13.3,13.3,80.7,205.2,13.3,13.2,8.599,0,,MISSING (window-absent),,,2.031,ANALYTICAL-ensemble,-0.002,9,5.9,6,16.9,1314.0,53.0,-0.0011,7.85,236.6,0.0,0.881,1090.7,3087.1,FOREST,0.322,,N0,NEWS-LINGCHOM-20200524_N0_2019,2019.0,67.5,20.5,173.3,,2.033,33.7,3.0,2.02,3.660714285714286,1,0,0,0,0,1,0,0,2
NEWS-LINGCHOM-20200524,2019-04-07,,N0,0,0,0,7.6,20.8,54.6,212.2,-5.7,-12.9,0.054,0,,MISSING (window-absent),,,2.03,ANALYTICAL-ensemble,-0.001,9,5.9,6,16.9,1314.0,53.0,-0.0011,7.85,236.6,0.0,0.881,1090.7,3087.1,FOREST,0.322,,N0,NEWS-LINGCHOM-20200524_N0_2019,2019.0,67.5,54.2,200.9,,2.031,24.2,2.0,2.02,0.7928571428571461,1,0,0,0,0,1,0,0,2
NEWS-LINGCHOM-20200524,2019-04-08,,N0,0,0,0,10.5,31.4,62.6,221.0,2.9,-4.9,0.936,0,,MISSING (window-absent),,,2.029,ANALYTICAL-ensemble,-0.002,9,5.9,6,16.9,1314.0,53.0,-0.0011,7.85,236.6,0.0,0.881,1090.7,3087.1,FOREST,0.322,,N0,NEWS-LINGCHOM-20200524_N0_2019,2019.0,67.5,56.0,203.4,,2.031,24.2,3.0,2.02,-0.9749999999999966,1,0,0,0,0,1,0,0,2
NEWS-LINGCHOM-20200524,2019-04-09,,N0,0,0,0,14.3,32.4,52.7,230.0,3.8,-28.0,-2.117,0,,MISSING (window-absent),,,2.026,ANALYTICAL-ensemble,-0.001,9,5.9,6,16.9,1314.0,53.0,-0.0011,7.85,236.6,0.0,0.881,1090.7,3087.1,FOREST,0.322,,N0,NEWS-LINGCHOM-20200524_N0_2019,2019.0,80.7,67.5,227.6,,2.027,14.3,3.0,2.02,-2.3964285714285687,1,0,0,0,0,1,0,0,2
NEWS-LINGCHOM-20200524,2019-04-10,,N0,0,0,0,2.2,27.1,47.9,227.8,-12.1,-6.7,-2.793,1,,MISSING (window-absent),,,2.025,ANALYTICAL-ensemble,0.005,9,5.9,6,16.9,1314.0,53.0,-0.0011,7.85,236.6,0.0,0.881,1090.7,3087.1,FOREST,0.322,,N0,NEWS-LINGCHOM-20200524_N0_2019,2019.0,54.6,67.5,232.6,,2.02,14.3,3.0,2.02,-3.8035714285714306,1,0,0,0,0,1,0,0,2
NEWS-LINGCHOM-20200524,2019-04-11,,N0,0,0,0,0.0,16.5,47.9,227.8,-2.2,-14.7,-2.793,2,,MISSING (window-absent),,,2.026,ANALYTICAL-ensemble,-0.001,9,5.9,6,16.9,1314.0,53.0,-0.0011,7.85,236.6,0.0,0.881,1090.7,3087.1,FOREST,0.322,,N0,NEWS-LINGCHOM-20200524_N0_2019,2019.0,62.6,67.5,214.6,,2.027,14.3,3.0,2.02,-4.510714285714284,1,0,0,0,0,1,0,0,2
NEWS-LINGCHOM-20200524,2019-04-12,,N0,0,0,0,0.0,2.2,47.9,227.8,0.0,-4.8,-2.793,3,,MISSING (window-absent),,,2.03,ANALYTICAL-ensemble,-0.001,9,5.9,6,16.9,1314.0,53.0,-0.0011,7.85,236.6,0.0,0.881,1090.7,3087.1,FOREST,0.322,,N0,NEWS-LINGCHOM-20200524_N0_2019,2019.0,52.7,67.5,196.1,,2.031,14.3,3.0,2.02,-4.517857142857142,1,0,0,0,0,1,0,0,2
NEWS-LINGCHOM-20200524,2019-04-13,,N0,0,0,0,3.9,3.9,38.5,231.7,3.9,-9.4,-6.029,0,,MISSING (window-absent),,,2.031,ANALYTICAL-ensemble,0.0,9,5.9,6,16.9,1314.0,53.0,-0.0011,7.85,236.6,0.0,0.881,1090.7,3087.1,FOREST,0.322,,N0,NEWS-LINGCHOM-20200524_N0_2019,2019.0,47.9,80.7,205.2,,2.031,14.3,2.0,2.02,-2.946428571428572,1,0,0,0,0,1,0,0,2
NEWS-LINGCHOM-20200524,2019-04-14,,N0,0,0,0,4.7,8.6,35.7,232.2,0.8,-12.2,-2.693,0,,MISSING (window-absent),,,2.031,ANALYTICAL-ensemble,0.001,9,5.9,6,16.9,1314.0,53.0,-0.0011,7.85,236.6,0.0,0.881,1090.7,3087.1,FOREST,0.322,,N0,NEWS-LINGCHOM-20200524_N0_2019,2019.0,47.9,54.6,212.2,,2.03,14.3,2.0,2.02,-3.896428571428569,1,0,0,0,0,1,0,0,2
NEWS-LINGCHOM-20200524,2019-04-15,,N0,0,0,0,4.7,13.3,29.9,233.2,-0.0,-18.0,-4.665,0,,MISSING (window-absent),,,2.031,ANALYTICAL-ensemble,0.002,9,5.9,6,16.9,1314.0,53.0,-0.0011,7.85,236.6,0.0,0.881,1090.7,3087.1,FOREST,0.322,,N0,NEWS-LINGCHOM-20200524_N0_2019,2019.0,47.9,62.6,221.0,,2.029,14.3,1.0,2.02,-3.649999999999997,1,0,0,0,0,1,0,0,2
NEWS-LINGCHOM-20200524,2019-04-16,,N0,0,0,0,20.5,29.9,36.0,253.4,15.8,-2.5,-2.387,0,,MISSING (window-absent),,,2.027,ANALYTICAL-ensemble,0.001,9,5.9,6,16.9,1314.0,53.0,-0.0011,7.85,236.6,0.0,0.881,1090.7,3087.1,FOREST,0.322,,N0,NEWS-LINGCHOM-20200524_N0_2019,2019.0,38.5,52.7,230.0,,2.026,20.5,1.0,2.02,-2.9964285714285688,1,0,0,0,0,1,0,0,2
NEWS-LINGCHOM-20200524,2019-04-17,,N0,0,0,0,22.4,47.6,56.2,270.5,1.9,20.5,1.186,0,,MISSING (window-absent),,,2.016,ANALYTICAL-ensemble,-0.009,9,5.9,6,16.9,1314.0,53.0,-0.0011,7.85,236.6,0.0,0.881,1090.7,3087.1,FOREST,0.322,,N0,NEWS-LINGCHOM-20200524_N0_2019,2019.0,35.7,47.9,227.8,,2.025,22.4,2.0,2.016,-0.2678571428571437,1,0,0,0,0,1,0,0,2
NEWS-LINGCHOM-20200524,2019-04-18,,N0,0,0,0,2.0,44.8,58.2,255.6,-20.4,28.3,1.471,1,,MISSING (window-absent),,,2.014,ANALYTICAL-ensemble,-0.012,9,5.9,6,16.9,1314.0,53.0,-0.0011,7.85,236.6,0.0,0.881,1090.7,3087.1,FOREST,0.322,,N0,NEWS-LINGCHOM-20200524_N0_2019,2019.0,29.9,47.9,227.8,,2.026,22.4,2.0,2.014,2.378571428571429,1,0,0,0,0,1,0,0,2
NEWS-LINGCHOM-20200524,2019-04-19,,N0,0,0,0,12.9,37.2,71.1,242.3,10.9,35.1,3.314,0,,MISSING (window-absent),,,2.024,ANALYTICAL-ensemble,-0.006,9,5.9,6,16.9,1314.0,53.0,-0.0011,7.85,236.6,0.0,0.881,1090.7,3087.1,FOREST,0.322,,N0,NEWS-LINGCHOM-20200524_N0_2019,2019.0,36.0,47.9,227.8,,2.03,22.4,3.0,2.014,6.039285714285715,1,0,0,0,0,1,0,0,2
NEWS-LINGCHOM-20200524,2019-04-20,,N0,0,0,0,3.9,18.7,71.0,223.5,-9.0,14.8,4.638,0,,MISSING (window-absent),,,2.026,ANALYTICAL-ensemble,-0.005,9,5.9,6,16.9,1314.0,53.0,-0.0011,7.85,236.6,0.0,0.881,1090.7,3087.1,FOREST,0.322,,N0,NEWS-LINGCHOM-20200524_N0_2019,2019.0,56.2,38.5,231.7,,2.031,22.4,3.0,2.014,7.517857142857144,1,0,0,0,0,1,0,0,2
NEWS-LINGCHOM-20200524,2019-04-21,,N0,0,0,0,0.0,16.8,66.3,222.5,-3.9,8.1,4.371,1,,MISSING (window-absent),,,2.026,ANALYTICAL-ensemble,-0.005,9,5.9,6,16.9,1314.0,53.0,-0.0011,7.85,236.6,0.0,0.881,1090.7,3087.1,FOREST,0.322,,N0,NEWS-LINGCHOM-20200524_N0_2019,2019.0,58.2,35.7,232.2,,2.031,22.4,3.0,2.014,6.932142857142858,1,0,0,0,0,1,0,0,2
NEWS-LINGCHOM-20200524,2019-04-22,,N0,0,0,0,27.1,31.0,88.7,237.9,27.1,17.6,8.403,0,,MISSING (window-absent),,,2.027,ANALYTICAL-ensemble,-0.004,9,5.9,6,16.9,1314.0,53.0,-0.0011,7.85,236.6,0.0,0.881,1090.7,3087.1,FOREST,0.322,,N0,NEWS-LINGCHOM-20200524_N0_2019,2019.0,71.1,29.9,233.2,,2.031,27.1,4.0,2.014,6.825,1,0,0,0,0,1,0,0,2
NEWS-LINGCHOM-20200524,2019-04-23,,N0,0,0,0,0.2,27.3,68.4,238.1,-26.9,-2.6,4.625,1,,MISSING (window-absent),,,2.018,ANALYTICAL-ensemble,-0.009,9,5.9,6,16.9,1314.0,53.0,-0.0011,7.85,236.6,0.0,0.881,1090.7,3087.1,FOREST,0.322,,N0,NEWS-LINGCHOM-20200524_N0_2019,2019.0,71.0,36.0,253.4,,2.027,27.1,3.0,2.014,3.3142857142857185,1,0,0,0,0,1,0,0,2
NEWS-LINGCHOM-20200524,2019-04-24,,N0,0,0,0,0.0,27.3,46.0,237.3,-0.2,-20.3,-1.456,2,,MISSING (window-absent),,,2.025,ANALYTICAL-ensemble,0.009,9,5.9,6,16.9,1314.0,53.0,-0.0011,7.85,236.6,0.0,0.881,1090.7,3087.1,FOREST,0.322,,N0,NEWS-LINGCHOM-20200524_N0_2019,2019.0,66.3,56.2,270.5,,2.016,27.1,2.0,2.014,-0.867857142857143,1,0,0,0,0,1,0,0,2
NEWS-LINGCHOM-20200524,2019-04-25,,N0,0,0,0,0.0,0.2,44.1,224.7,0.0,-44.6,-2.008,3,,MISSING (window-absent),,,2.03,ANALYTICAL-ensemble,0.016,9,5.9,6,16.9,1314.0,53.0,-0.0011,7.85,236.6,0.0,0.881,1090.7,3087.1,FOREST,0.322,,N0,NEWS-LINGCHOM-20200524_N0_2019,2019.0,88.7,58.2,255.6,,2.014,27.1,2.0,2.014,-4.603571428571427,1,0,0,0,0,1,0,0,2
NEWS-LINGCHOM-20200524,2019-04-26,,N0,0,0,0,0.0,0.0,31.2,217.6,0.0,-37.2,-5.693,4,,MISSING (window-absent),,,2.031,ANALYTICAL-ensemble,0.007,9,5.9,6,16.9,1314.0,53.0,-0.0011,7.85,236.6,0.0,0.881,1090.7,3087.1,FOREST,0.322,,N0,NEWS-LINGCHOM-20200524_N0_2019,2019.0,68.4,71.1,242.3,,2.024,27.1,1.0,2.014,-7.375000000000001,1,0,0,0,0,1,0,0,2
NEWS-LINGCHOM-20200524,2019-04-27,,N0,0,0,0,8.9,8.9,36.2,226.5,8.9,-9.8,-4.978,0,,MISSING (window-absent),,,2.031,ANALYTICAL-ensemble,0.005,9,5.9,6,16.9,1314.0,53.0,-0.0011,7.85,236.6,0.0,0.881,1090.7,3087.1,FOREST,0.322,,N0,NEWS-LINGCHOM-20200524_N0_2019,2019.0,46.0,71.0,223.5,,2.026,27.1,1.0,2.014,-8.200000000000003,1,0,0,0,0,1,0,0,2
NEWS-LINGCHOM-20200524,2019-04-28,,N0,0,0,0,2.3,11.2,38.5,228.8,-6.6,-5.6,-3.974,1,,MISSING (window-absent),,,2.031,ANALYTICAL-ensemble,0.005,9,5.9,6,16.9,1314.0,53.0,-0.0011,7.85,236.6,0.0,0.881,1090.7,3087.1,FOREST,0.322,,N0,NEWS-LINGCHOM-20200524_N0_2019,2019.0,44.1,66.3,222.5,,2.026,27.1,1.0,2.014,-8.207142857142857,1,0,0,0,0,1,0,0,2
NEWS-LINGCHOM-20200524,2019-04-29,,N0,0,0,0,17.5,28.7,28.9,246.2,15.2,-2.3,-8.543,0,,MISSING (window-absent),,,2.029,ANALYTICAL-ensemble,0.002,9,5.9,6,16.9,1314.0,53.0,-0.0011,7.85,236.6,0.0,0.881,1090.7,3087.1,FOREST,0.322,,N0,NEWS-LINGCHOM-20200524_N0_2019,2019.0,31.2,88.7,237.9,,2.027,17.5,1.0,2.014,-5.050000000000001,1,0,0,0,0,1,0,0,2
NEWS-LINGCHOM-20200524,2019-04-30,,N0,0,0,0,9.7,29.4,38.4,222.2,-7.8,2.2,-4.286,0,,MISSING (window-absent),,,2.031,ANALYTICAL-ensemble,0.013,9,5.9,6,16.9,1314.0,53.0,-0.0011,7.85,236.6,0.0,0.881,1090.7,3087.1,FOREST,0.322,,N0,NEWS-LINGCHOM-20200524_N0_2019,2019.0,36.2,68.4,238.1,,2.018,17.5,1.0,2.014,-1.639285714285715,1,0,0,0,0,1,0,0,2
NEWS-LINGCHOM-20200524,2019-05-01,,N0,0,0,0,28.6,55.7,66.9,248.2,18.9,28.4,2.983,0,0.2608,PROXY-spatial,,,2.025,ANALYTICAL-ensemble,0.0,9,5.9,6,16.9,1314.0,53.0,-0.0011,7.85,236.6,0.0,0.881,1090.7,3087.1,FOREST,0.322,,N0,NEWS-LINGCHOM-20200524_N0_2019,2019.0,38.5,46.0,237.3,,2.025,28.6,2.0,2.014,2.696428571428572,0,0,0,0,0,1,0,0,2
NEWS-LINGCHOM-20200524,2019-05-02,,N0,0,0,0,15.9,54.2,82.9,240.0,-12.7,54.0,5.549,0,0.2594,PROXY-spatial,,,2.02,ANALYTICAL-ensemble,-0.01,9,5.9,6,16.9,1314.0,53.0,-0.0011,7.85,236.6,0.0,0.881,1090.7,3087.1,FOREST,0.322,,N0,NEWS-LINGCHOM-20200524_N0_2019,2019.0,28.9,44.1,224.7,,2.03,28.6,3.0,2.018,7.728571428571429,0,0,0,0,0,1,0,0,2
NEWS-LINGCHOM-20200524,2019-05-03,,N0,0,0,0,23.6,68.1,106.5,256.6,7.7,68.1,10.764,0,0.2511,PROXY-spatial,,,2.013,ANALYTICAL-ensemble,-0.018,9,5.9,6,16.9,1314.0,53.0,-0.0011,7.85,236.6,0.0,0.881,1090.7,3087.1,FOREST,0.322,,N0,NEWS-LINGCHOM-20200524_N0_2019,2019.0,38.4,31.2,217.6,,2.031,28.6,4.0,2.013,12.060714285714287,0,0,0,0,0,1,0,0,2
NEWS-LINGCHOM-20200524,2019-05-04,,N0,0,0,0,19.2,58.7,116.7,275.8,-4.4,49.8,11.498,0,0.2698,PROXY-spatial,0.009,,2.011,ANALYTICAL-ensemble,-0.02,9,5.9,6,16.9,1314.0,53.0,-0.0011,7.85,236.6,0.0,0.881,1090.7,3087.1,FOREST,0.322,,N0,NEWS-LINGCHOM-20200524_N0_2019,2019.0,66.9,36.2,226.5,0.2608,2.031,28.6,5.0,2.011,15.510714285714288,0,0,0,0,0,1,0,0,2
NEWS-LINGCHOM-20200524,2019-05-05,,N0,0,0,0,2.0,44.8,116.4,277.7,-17.2,33.5,11.13,1,0.2714,PROXY-spatial,0.012,,2.002,ANALYTICAL-ensemble,-0.029,9,5.9,6,16.9,1314.0,53.0,-0.0011,7.85,236.6,0.0,0.881,1090.7,3087.1,FOREST,0.322,,N0,NEWS-LINGCHOM-20200524_N0_2019,2019.0,82.9,38.5,228.8,0.2594,2.031,28.6,5.0,2.002,16.382142857142856,0,0,0,0,0,1,0,0,2
NEWS-LINGCHOM-20200524,2019-05-06,,N0,0,0,0,28.6,49.7,127.5,293.1,26.6,21.0,14.092,0,0.2709,PROXY-spatial,0.0198,,2.003,ANALYTICAL-ensemble,-0.026,9,5.9,6,16.9,1314.0,53.0,-0.0011,7.85,236.6,0.0,0.881,1090.7,3087.1,FOREST,0.322,,N0,NEWS-LINGCHOM-20200524_N0_2019,2019.0,106.5,28.9,246.2,0.2511,2.029,28.6,5.0,2.002,14.289285714285716,0,0,0,0,0,1,0,0,2
NEWS-LINGCHOM-20200524,2019-05-07,,N0,0,0,0,8.7,39.2,126.5,294.2,-19.9,9.8,12.592,0,0.2671,REAL,-0.0027,,1.995,ANALYTICAL-ensemble,-0.036,9,5.9,6,16.9,1314.0,53.0,-0.0011,7.85,236.6,0.0,0.881,1090.7,3087.1,FOREST,0.322,,N0,NEWS-LINGCHOM-20200524_N0_2019,2019.0,116.7,38.4,222.2,0.2698,2.031,28.6,5.0,1.995,9.924999999999994,0,0,0,0,0,1,0,0,2
NEWS-LINGCHOM-20200524,2019-05-08,,N0,0,0,0,20.4,57.7,118.4,304.1,11.7,2.0,7.354,0,0.2632,REAL,-0.0082,0.0024,1.995,ANALYTICAL-ensemble,-0.03,9,5.9,6,16.9,1314.0,53.0,-0.0011,7.85,236.6,0.0,0.881,1090.7,3087.1,FOREST,0.322,,N0,NEWS-LINGCHOM-20200524_N0_2019,2019.0,116.4,66.9,248.2,0.2714,2.025,28.6,5.0,1.995,5.617857142857147,0,0,0,0,0,1,0,0,2
NEWS-LINGCHOM-20200524,2019-05-09,,N0,0,0,0,6.1,35.2,108.6,295.8,-14.3,-18.9,3.677,0,0.2572,REAL,-0.0137,-0.0022,1.994,ANALYTICAL-ensemble,-0.026,9,5.9,6,16.9,1314.0,53.0,-0.0011,7.85,236.6,0.0,0.881,1090.7,3087.1,FOREST,0.322,,N0,NEWS-LINGCHOM-20200524_N0_2019,2019.0,127.5,82.9,240.0,0.2709,2.02,28.6,4.0,1.994,0.7071428571428597,0,0,0,0,0,1,0,0,2
NEWS-LINGCHOM-20200524,2019-05-10,,N0,0,0,0,13.3,39.8,98.3,306.9,7.2,-28.2,-1.167,0,0.2596,REAL,-0.0075,0.0085,1.995,ANALYTICAL-ensemble,-0.018,9,5.9,6,16.9,1314.0,53.0,-0.0011,7.85,236.6,0.0,0.881,1090.7,3087.1,FOREST,0.322,,N0,NEWS-LINGCHOM-20200524_N0_2019,2019.0,126.5,106.5,256.6,0.2671,2.013,28.6,4.0,1.994,-2.8535714285714304,0,0,0,0,0,1,0,0,2
NEWS-LINGCHOM-20200524,2019-05-11,,N0,0,0,0,15.4,34.8,94.5,322.3,2.1,-23.9,-3.173,0,0.2478,REAL,-0.0154,-0.022,1.993,ANALYTICAL-ensemble,-0.018,9,5.9,6,16.9,1314.0,53.0,-0.0011,7.85,236.6,0.0,0.881,1090.7,3087.1,FOREST,0.322,,N0,NEWS-LINGCHOM-20200524_N0_2019,2019.0,118.4,116.7,275.8,0.2632,2.011,28.6,4.0,1.993,-5.0714285714285765,0,0,0,0,0,1,0,0,2
NEWS-LINGCHOM-20200524,2019-05-12,,N0,0,0,0,7.9,36.6,100.4,330.2,-7.5,-8.2,-2.286,0,0.2415,REAL,-0.0157,-0.0299,1.992,ANALYTICAL-ensemble,-0.01,9,5.9,6,16.9,1314.0,53.0,-0.0011,7.85,236.6,0.0,0.881,1090.7,3087.1,FOREST,0.322,,N0,NEWS-LINGCHOM-20200524_N0_2019,2019.0,108.6,116.4,277.7,0.2572,2.002,28.6,4.0,1.992,-5.907142857142854,0,0,0,0,0,1,0,0,2
NEWS-LINGCHOM-20200524,2019-05-13,,N0,0,0,0,4.0,27.2,75.8,330.3,-3.9,-22.5,-7.388,0,0.2339,REAL,-0.0257,-0.037,1.992,ANALYTICAL-ensemble,-0.011,9,5.9,6,16.9,1314.0,53.0,-0.0011,7.85,236.6,0.0,0.881,1090.7,3087.1,FOREST,0.322,,N0,NEWS-LINGCHOM-20200524_N0_2019,2019.0,98.3,127.5,293.1,0.2596,2.003,20.4,3.0,1.992,-7.2214285714285795,0,0,0,0,0,1,0,0,2
NEWS-LINGCHOM-20200524,2019-05-14,,N0,0,0,0,10.8,22.6,77.8,336.3,6.8,-16.7,-6.963,0,0.2245,REAL,-0.0233,-0.0426,1.993,ANALYTICAL-ensemble,-0.002,9,5.9,6,16.9,1314.0,53.0,-0.0011,7.85,236.6,0.0,0.881,1090.7,3087.1,FOREST,0.322,,N0,NEWS-LINGCHOM-20200524_N0_2019,2019.0,94.5,126.5,294.2,0.2478,1.995,20.4,4.0,1.992,-6.6178571428571376,0,0,0,0,0,1,0,0,2
NEWS-LINGCHOM-20200524,2019-05-15,,N0,0,0,0,3.7,18.5,61.1,335.3,-7.1,-39.3,-8.186,0,0.2263,REAL,-0.0152,-0.0369,1.994,ANALYTICAL-ensemble,-0.001,9,5.9,6,16.9,1314.0,53.0,-0.0011,7.85,236.6,0.0,0.881,1090.7,3087.1,FOREST,0.322,,N0,NEWS-LINGCHOM-20200524_N0_2019,2019.0,100.4,118.4,304.1,0.2415,1.995,15.4,3.0,1.992,-7.2214285714285795,0,0,0,0,0,1,0,0,2
NEWS-LINGCHOM-20200524,2019-05-16,,N0,0,0,0,3.4,17.9,58.5,318.3,-0.3,-17.3,-7.151,0,0.2284,REAL,-0.0055,-0.0288,1.996,ANALYTICAL-ensemble,0.002,9,5.9,6,16.9,1314.0,53.0,-0.0011,7.85,236.6,0.0,0.881,1090.7,3087.1,FOREST,0.322,,N0,NEWS-LINGCHOM-20200524_N0_2019,2019.0,75.8,108.6,295.8,0.2339,1.994,15.4,3.0,1.992,-7.457142857142855,0,0,0,0,0,1,0,0,2
NEWS-LINGCHOM-20200524,2019-05-17,,N0,0,0,0,6.9,14.1,52.1,302.8,3.5,-25.7,-6.593,0,0.2283,REAL,0.0038,-0.0313,1.999,ANALYTICAL-ensemble,0.004,9,5.9,6,16.9,1314.0,53.0,-0.0011,7.85,236.6,0.0,0.881,1090.7,3087.1,FOREST,0.322,,N0,NEWS-LINGCHOM-20200524_N0_2019,2019.0,77.8,98.3,306.9,0.2245,1.995,15.4,2.0,1.992,-8.060714285714283,0,0,0,0,0,1,0,0,2
NEWS-LINGCHOM-20200524,2019-05-18,,N0,0,0,0,15.8,26.1,52.5,316.7,8.9,-8.6,-5.993,0,0.2281,REAL,0.0018,-0.0197,1.998,ANALYTICAL-ensemble,0.005,9,5.9,6,16.9,1314.0,53.0,-0.0011,7.85,236.6,0.0,0.881,1090.7,3087.1,FOREST,0.322,,N0,NEWS-LINGCHOM-20200524_N0_2019,2019.0,61.1,94.5,322.3,0.2263,1.993,15.8,2.0,1.992,-7.514285714285717,0,0,0,0,0,1,0,0,2
NEWS-LINGCHOM-20200524,2019-05-19,,N0,0,0,0,14.6,37.3,59.2,318.4,-1.2,0.7,-5.879,0,0.23,REAL,0.0016,-0.0115,1.997,ANALYTICAL-ensemble,0.005,9,5.9,6,16.9,1314.0,53.0,-0.0011,7.85,236.6,0.0,0.881,1090.7,3087.1,FOREST,0.322,,N0,NEWS-LINGCHOM-20200524_N0_2019,2019.0,58.5,100.4,330.2,0.2284,1.992,15.8,3.0,1.992,-3.9071428571428544,0,0,0,0,0,1,0,0,2
NEWS-LINGCHOM-20200524,2019-05-20,,N0,0,0,0,5.4,35.8,60.7,319.9,-9.2,8.6,-2.152,0,0.2331,REAL,0.0048,-0.0008,1.996,ANALYTICAL-ensemble,0.004,9,5.9,6,16.9,1314.0,53.0,-0.0011,7.85,236.6,0.0,0.881,1090.7,3087.1,FOREST,0.322,,N0,NEWS-LINGCHOM-20200524_N0_2019,2019.0,52.1,75.8,330.3,0.2283,1.992,15.8,3.0,1.992,-2.182142857142859,0,0,0,0,0,1,0,0,2
NEWS-LINGCHOM-20200524,2019-05-21,,N0,0,0,0,9.9,29.9,59.8,329.8,4.5,7.3,-2.576,0,0.2415,REAL,0.0134,0.017,1.995,ANALYTICAL-ensemble,0.002,9,5.9,6,16.9,1314.0,53.0,-0.0011,7.85,236.6,0.0,0.881,1090.7,3087.1,FOREST,0.322,,N0,NEWS-LINGCHOM-20200524_N0_2019,2019.0,52.5,77.8,336.3,0.2281,1.993,15.8,2.0,1.992,0.27142857142857335,0,0,0,0,0,1,0,0,2
NEWS-LINGCHOM-20200524,2019-05-22,,N0,0,0,0,22.7,38.0,78.8,325.4,12.8,19.6,2.523,0,0.2435,REAL,0.0135,0.0172,1.996,ANALYTICAL-ensemble,0.002,9,5.9,6,16.9,1314.0,53.0,-0.0011,7.85,236.6,0.0,0.881,1090.7,3087.1,FOREST,0.322,,N0,NEWS-LINGCHOM-20200524_N0_2019,2019.0,59.2,61.1,335.3,0.23,1.994,22.7,3.0,1.992,3.0178571428571432,0,0,0,0,0,1,0,0,2
NEWS-LINGCHOM-20200524,2019-05-23,,N0,0,0,0,21.1,53.7,96.5,346.4,-1.6,35.8,5.433,0,0.2443,REAL,0.0112,0.0159,1.993,ANALYTICAL-ensemble,-0.003,9,5.9,6,16.9,1314.0,53.0,-0.0011,7.85,236.6,0.0,0.881,1090.7,3087.1,FOREST,0.322,,N0,NEWS-LINGCHOM-20200524_N0_2019,2019.0,60.7,58.5,318.3,0.2331,1.996,22.7,4.0,1.992,6.6571428571428575,0,0,0,0,0,1,0,0,2
NEWS-LINGCHOM-20200524,2019-05-24,,N0,0,0,0,39.0,82.8,128.6,385.4,17.9,68.8,10.934,0,0.2454,REAL,0.0039,0.0171,1.978,ANALYTICAL-ensemble,-0.021,9,5.9,6,16.9,1314.0,53.0,-0.0011,7.85,236.6,0.0,0.881,1090.7,3087.1,FOREST,0.322,,N0,NEWS-LINGCHOM-20200524_N0_2019,2019.0,59.8,52.1,302.8,0.2415,1.999,39.0,5.0,1.978,11.464285714285708,0,0,0,0,0,1,0,0,2
NEWS-LINGCHOM-20200524,2024-08-23,,N1,0,0,0,5.7,24.2,60.5,511.1,-1.9,-31.2,-7.795,0,0.3106,REAL,0.0107,0.004,1.941,ANALYTICAL-ensemble,0.012,10,5.9,3,16.9,1314.0,53.0,-0.0011,7.85,236.6,0.0,0.881,1090.7,3087.1,FOREST,0.312,,N1,NEWS-LINGCHOM-20200524_N1_2024,2024.0,,,,,,5.7,0.0,1.941,,0,0,0,0,0,1,0,0,2
NEWS-LINGCHOM-20200524,2024-08-24,,N1,0,0,0,13.7,27.0,73.5,505.3,8.0,5.8,-5.848,0,0.3158,REAL,0.0195,0.0163,1.941,ANALYTICAL-ensemble,0.01,10,5.9,3,16.9,1314.0,53.0,-0.0011,7.85,236.6,0.0,0.881,1090.7,3087.1,FOREST,0.312,,N1,NEWS-LINGCHOM-20200524_N1_2024,2024.0,,,,,,13.7,1.0,1.941,,0,0,0,0,0,1,0,0,2
NEWS-LINGCHOM-20200524,2024-08-25,,N1,0,0,0,11.0,30.4,83.1,504.4,-2.7,25.5,-2.32,0,0.3153,REAL,0.0095,0.0198,1.941,ANALYTICAL-ensemble,0.001,10,5.9,3,16.9,1314.0,53.0,-0.0011,7.85,236.6,0.0,0.881,1090.7,3087.1,FOREST,0.312,,N1,NEWS-LINGCHOM-20200524_N1_2024,2024.0,,,,,,13.7,2.0,1.941,,0,0,0,0,0,1,0,0,2
NEWS-LINGCHOM-20200524,2024-08-26,,N1,0,0,0,4.6,29.3,61.0,506.2,-6.4,0.5,-6.299,0,0.3107,REAL,0.0001,0.0155,1.941,ANALYTICAL-ensemble,0.001,10,5.9,3,16.9,1314.0,53.0,-0.0011,7.85,236.6,0.0,0.881,1090.7,3087.1,FOREST,0.312,,N1,NEWS-LINGCHOM-20200524_N1_2024,2024.0,60.5,,,0.3106,,13.7,2.0,1.941,1.1100000000000008,0,0,0,0,0,1,0,0,2
NEWS-LINGCHOM-20200524,2024-08-27,,N1,0,0,0,31.9,47.5,85.4,501.8,27.3,11.9,-0.903,0,0.3015,PROXY-spatial,-0.0143,0.0016,1.941,ANALYTICAL-ensemble,0.001,10,5.9,3,16.9,1314.0,53.0,-0.0011,7.85,236.6,0.0,0.881,1090.7,3087.1,FOREST,0.312,,N1,NEWS-LINGCHOM-20200524_N1_2024,2024.0,73.5,,,0.3158,,31.9,3.0,1.941,3.7299999999999938,0,0,0,0,0,1,0,0,2
NEWS-LINGCHOM-20200524,2024-08-28,,N1,0,0,0,10.7,47.3,85.2,493.9,-21.2,2.1,2.493,0,0.2986,PROXY-spatial,-0.0167,0.0023,1.943,ANALYTICAL-ensemble,0.003,10,5.9,3,16.9,1314.0,53.0,-0.0011,7.85,236.6,0.0,0.881,1090.7,3087.1,FOREST,0.312,,N1,NEWS-LINGCHOM-20200524_N1_2024,2024.0,83.1,,,0.3153,,31.9,4.0,1.941,3.9171428571428564,0,0,0,0,0,1,0,0,2
NEWS-LINGCHOM-20200524,2024-08-29,,N1,0,0,0,1.2,43.8,78.8,478.5,-9.5,17.8,3.027,1,0.2957,PROXY-spatial,-0.015,-0.0101,1.946,ANALYTICAL-ensemble,0.006,10,5.9,3,16.9,1314.0,53.0,-0.0011,7.85,236.6,0.0,0.881,1090.7,3087.1,FOREST,0.312,,N1,NEWS-LINGCHOM-20200524_N1_2024,2024.0,61.0,,,0.3107,,31.9,4.0,1.941,2.8785714285714277,0,0,0,0,0,1,0,0,2
NEWS-LINGCHOM-20200524,2024-08-30,,N1,0,0,0,6.9,18.8,80.1,470.1,5.7,-5.3,2.795,0,0.2896,PROXY-spatial,-0.0119,-0.021,1.951,ANALYTICAL-ensemble,0.01,10,5.9,3,16.9,1314.0,53.0,-0.0011,7.85,236.6,0.0,0.881,1090.7,3087.1,FOREST,0.312,,N1,NEWS-LINGCHOM-20200524_N1_2024,2024.0,85.4,60.5,511.1,0.3015,1.941,31.9,4.0,1.941,1.264285714285712,0,0,0,0,0,1,0,0,2
NEWS-LINGCHOM-20200524,2024-08-31,,N1,0,0,0,5.0,13.1,71.4,467.4,-1.9,-13.8,-0.295,0,0.2847,PROXY-spatial,-0.0139,-0.0311,1.96,ANALYTICAL-ensemble,0.019,10,5.9,3,16.9,1314.0,53.0,-0.0011,7.85,236.6,0.0,0.881,1090.7,3087.1,FOREST,0.312,,N1,NEWS-LINGCHOM-20200524_N1_2024,2024.0,85.2,73.5,505.3,0.2986,1.941,31.9,3.0,1.941,-0.12500000000000255,0,0,0,0,0,1,0,0,2
NEWS-LINGCHOM-20200524,2024-09-01,,N1,0,0,0,13.7,25.7,74.1,454.6,8.7,-4.7,-1.292,0,0.2799,PROXY-spatial,-0.0158,-0.0354,1.969,ANALYTICAL-ensemble,0.028,10,5.9,3,16.9,1314.0,53.0,-0.0011,7.85,236.6,0.0,0.881,1090.7,3087.1,FOREST,0.312,,N1,NEWS-LINGCHOM-20200524_N1_2024,2024.0,78.8,83.1,504.4,0.2957,1.941,31.9,3.0,1.941,0.22142857142856917,0,0,0,0,0,1,0,0,2
NEWS-LINGCHOM-20200524,2024-09-02,,N1,0,0,0,1.9,20.6,71.4,416.2,-11.8,-8.7,1.49,1,0.2802,PROXY-spatial,-0.0094,-0.0305,1.974,ANALYTICAL-ensemble,0.033,10,5.9,3,16.9,1314.0,53.0,-0.0011,7.85,236.6,0.0,0.881,1090.7,3087.1,FOREST,0.312,,N1,NEWS-LINGCHOM-20200524_N1_2024,2024.0,80.1,61.0,506.2,0.2896,1.941,31.9,3.0,1.941,-2.5571428571428605,0,0,0,0,0,1,0,0,2
NEWS-LINGCHOM-20200524,2024-09-03,,N1,0,0,0,10.2,25.8,49.7,399.4,8.3,-21.7,-5.106,0,0.285,REAL,0.0003,-0.0165,1.977,ANALYTICAL-ensemble,0.036,10,5.9,3,16.9,1314.0,53.0,-0.0011,7.85,236.6,0.0,0.881,1090.7,3087.1,FOREST,0.312,,N1,NEWS-LINGCHOM-20200524_N1_2024,2024.0,71.4,85.4,501.8,0.2847,1.941,13.7,3.0,1.941,-4.546428571428577,0,0,0,0,0,1,0,0,2
NEWS-LINGCHOM-20200524,2024-09-04,,N1,0,0,0,0.0,12.1,39.0,398.6,-10.2,-35.1,-6.601,1,0.2824,REAL,0.0025,-0.0162,1.976,ANALYTICAL-ensemble,0.033,10,5.9,3,16.9,1314.0,53.0,-0.0011,7.85,236.6,0.0,0.881,1090.7,3087.1,FOREST,0.312,,N1,NEWS-LINGCHOM-20200524_N1_2024,2024.0,74.1,85.2,493.9,0.2799,1.943,13.7,2.0,1.941,-6.435714285714288,0,0,0,0,0,1,0,0,2
NEWS-LINGCHOM-20200524,2024-09-05,,N1,0,0,0,21.1,31.4,58.9,363.4,21.1,-12.5,-2.846,0,0.2842,REAL,0.004,-0.0115,1.995,ANALYTICAL-ensemble,0.049,10,5.9,3,16.9,1314.0,53.0,-0.0011,7.85,236.6,0.0,0.881,1090.7,3087.1,FOREST,0.312,,N1,NEWS-LINGCHOM-20200524_N1_2024,2024.0,71.4,78.8,478.5,0.2802,1.946,21.1,3.0,1.941,-5.457142857142855,0,0,0,0,0,1,0,0,2
NEWS-LINGCHOM-20200524,2024-09-06,,N1,0,0,0,13.0,34.2,65.0,344.6,-8.1,15.3,-2.157,0,0.2837,REAL,-0.0013,-0.0059,1.995,ANALYTICAL-ensemble,0.044,10,5.9,3,16.9,1314.0,53.0,-0.0011,7.85,236.6,0.0,0.881,1090.7,3087.1,FOREST,0.312,,N1,NEWS-LINGCHOM-20200524_N1_2024,2024.0,49.7,80.1,470.1,0.285,1.951,21.1,4.0,1.941,-2.92857142857143,0,0,0,0,0,1,0,0,2
NEWS-LINGCHOM-20200524,2024-09-07,,N1,0,0,0,6.5,40.6,66.5,337.0,-6.5,27.5,-0.7,0,0.284,REAL,0.0016,-0.0007,1.995,ANALYTICAL-ensemble,0.035,10,5.9,3,16.9,1314.0,53.0,-0.0011,7.85,236.6,0.0,0.881,1090.7,3087.1,FOREST,0.312,,N1,NEWS-LINGCHOM-20200524_N1_2024,2024.0,39.0,71.4,467.4,0.2824,1.96,21.1,4.0,1.941,-0.9428571428571423,0,0,0,0,0,1,0,0,2
NEWS-LINGCHOM-20200524,2024-09-08,,N1,0,0,0,1.2,20.7,53.9,328.4,-5.3,-5.0,-2.886,1,0.287,REAL,0.0028,0.0071,1.996,ANALYTICAL-ensemble,0.027,10,5.9,3,16.9,1314.0,53.0,-0.0011,7.85,236.6,0.0,0.881,1090.7,3087.1,FOREST,0.312,,N1,NEWS-LINGCHOM-20200524_N1_2024,2024.0,58.9,74.1,454.6,0.2842,1.969,21.1,3.0,1.941,0.2535714285714296,0,0,0,0,0,1,0,0,2
NEWS-LINGCHOM-20200524,2024-09-09,,N1,0,0,0,0.6,8.3,52.7,327.6,-0.6,-12.3,-2.671,2,0.2866,REAL,0.0029,0.0064,2.0,ANALYTICAL-ensemble,0.026,10,5.9,3,16.9,1314.0,53.0,-0.0011,7.85,236.6,0.0,0.881,1090.7,3087.1,FOREST,0.312,,N1,NEWS-LINGCHOM-20200524_N1_2024,2024.0,65.0,71.4,416.2,0.2837,1.974,21.1,3.0,1.941,1.6571428571428577,0,0,0,0,0,1,0,0,2
NEWS-LINGCHOM-20200524,2024-09-10,,N1,0,0,0,0.0,1.8,42.4,311.1,-0.6,-24.1,-1.04,3,0.2829,REAL,-0.0011,-0.0021,2.013,ANALYTICAL-ensemble,0.036,10,5.9,3,16.9,1314.0,53.0,-0.0011,7.85,236.6,0.0,0.881,1090.7,3087.1,FOREST,0.312,,N1,NEWS-LINGCHOM-20200524_N1_2024,2024.0,66.5,49.7,399.4,0.284,1.977,21.1,2.0,1.943,-0.47499999999999576,0,0,0,0,0,1,0,0,2
NEWS-LINGCHOM-20200524,2024-09-11,,N1,0,0,0,8.5,9.2,51.0,298.7,8.5,-2.9,1.719,0,0.2816,REAL,-0.0054,-0.0008,2.023,ANALYTICAL-ensemble,0.047,10,5.9,3,16.9,1314.0,53.0,-0.0011,7.85,236.6,0.0,0.881,1090.7,3087.1,FOREST,0.312,,N1,NEWS-LINGCHOM-20200524_N1_2024,2024.0,53.9,39.0,398.6,0.287,1.976,21.1,2.0,1.946,-2.953571428571428,0,0,0,0,0,1,0,0,2
NEWS-LINGCHOM-20200524,2024-09-12,,N1,0,0,0,14.0,22.5,43.8,291.8,5.5,-8.9,-2.16,0,0.2828,REAL,-0.0038,-0.0014,2.014,ANALYTICAL-ensemble,0.019,10,5.9,3,16.9,1314.0,53.0,-0.0011,7.85,236.6,0.0,0.881,1090.7,3087.1,FOREST,0.312,,N1,NEWS-LINGCHOM-20200524_N1_2024,2024.0,52.7,58.9,363.4,0.2866,1.995,14.0,2.0,1.951,-3.789285714285715,0,0,0,0,0,1,0,0,2
NEWS-LINGCHOM-20200524,2024-09-13,,N1,0,0,0,0.5,23.0,31.3,257.4,-13.5,-11.1,-4.817,1,0.2806,REAL,-0.0023,-0.0031,2.025,ANALYTICAL-ensemble,0.03,10,5.9,3,16.9,1314.0,53.0,-0.0011,7.85,236.6,0.0,0.881,1090.7,3087.1,FOREST,0.312,,N1,NEWS-LINGCHOM-20200524_N1_2024,2024.0,42.4,65.0,344.6,0.2829,1.995,14.0,1.0,1.96,-4.553571428571429,0,0,0,0,0,1,0,0,2
NEWS-LINGCHOM-20200524,2024-09-14,,N1,0,0,0,0.5,15.0,25.3,240.2,-0.0,-25.7,-5.881,2,0.2823,REAL,0.0007,-0.0017,2.027,ANALYTICAL-ensemble,0.032,10,5.9,3,16.9,1314.0,53.0,-0.0011,7.85,236.6,0.0,0.881,1090.7,3087.1,FOREST,0.312,,N1,NEWS-LINGCHOM-20200524_N1_2024,2024.0,51.0,66.5,337.0,0.2816,1.995,14.0,1.0,1.969,-4.5428571428571445,0,0,0,0,0,1,0,0,2
NEWS-LINGCHOM-20200524,2024-09-15,,N1,0,0,0,28.2,29.2,52.3,265.6,27.7,8.5,-0.234,0,0.2882,REAL,0.0054,0.0012,2.025,ANALYTICAL-ensemble,0.029,10,5.9,3,16.9,1314.0,53.0,-0.0011,7.85,236.6,0.0,0.881,1090.7,3087.1,FOREST,0.312,,N1,NEWS-LINGCHOM-20200524_N1_2024,2024.0,43.8,53.9,328.4,0.2828,1.996,28.2,2.0,1.974,-1.9678571428571439,0,0,0,0,0,1,0,0,2
NEWS-LINGCHOM-20200524,2024-09-16,,N1,0,0,0,30.7,59.3,82.4,295.5,2.5,51.1,4.249,0,0.2913,REAL,0.0107,0.0047,2.012,ANALYTICAL-ensemble,0.012,10,5.9,3,16.9,1314.0,53.0,-0.0011,7.85,236.6,0.0,0.881,1090.7,3087.1,FOREST,0.312,,N1,NEWS-LINGCHOM-20200524_N1_2024,2024.0,31.3,52.7,327.6,0.2806,2.0,30.7,3.0,1.976,3.7178571428571434,0,0,0,0,0,1,0,0,2
NEWS-LINGCHOM-20200524,2024-09-17,,N1,0,0,0,7.0,65.9,89.4,301.2,-23.7,64.1,6.709,0,0.2933,REAL,0.011,0.0104,2.004,ANALYTICAL-ensemble,-0.009,10,5.9,3,16.9,1314.0,53.0,-0.0011,7.85,236.6,0.0,0.881,1090.7,3087.1,FOREST,0.312,,N1,NEWS-LINGCHOM-20200524_N1_2024,2024.0,25.3,42.4,311.1,0.2823,2.013,30.7,3.0,1.976,7.621428571428573,0,0,0,0,0,1,0,0,2
NEWS-LINGCHOM-20200524,2024-09-18,,N1,0,0,0,1.6,39.2,82.4,275.9,-5.4,30.1,4.488,1,0.2901,REAL,0.0019,0.0085,2.009,ANALYTICAL-ensemble,-0.014,10,5.9,3,16.9,1314.0,53.0,-0.0011,7.85,236.6,0.0,0.881,1090.7,3087.1,FOREST,0.312,,N1,NEWS-LINGCHOM-20200524_N1_2024,2024.0,52.3,51.0,298.7,0.2882,2.023,30.7,3.0,1.995,10.325000000000005,0,0,0,0,0,1,0,0,2
NEWS-LINGCHOM-20200524,2024-09-19,,N1,0,0,0,0.0,8.5,68.4,268.5,-1.6,-14.0,3.512,2,0.289,REAL,-0.0023,0.0062,2.021,ANALYTICAL-ensemble,0.007,10,5.9,3,16.9,1314.0,53.0,-0.0011,7.85,236.6,0.0,0.881,1090.7,3087.1,FOREST,0.312,,N1,NEWS-LINGCHOM-20200524_N1_2024,2024.0,82.4,43.8,291.8,0.2913,2.014,30.7,2.0,1.995,9.378571428571428,0,0,0,0,0,1,0,0,2
NEWS-LINGCHOM-20200524,2024-09-20,,N1,0,0,0,7.0,8.5,74.8,264.5,7.0,-14.6,6.214,0,0.2934,REAL,0.0001,0.0128,2.024,ANALYTICAL-ensemble,-0.001,10,5.9,3,16.9,1314.0,53.0,-0.0011,7.85,236.6,0.0,0.881,1090.7,3087.1,FOREST,0.312,,N1,NEWS-LINGCHOM-20200524_N1_2024,2024.0,89.4,31.3,257.4,0.2933,2.025,30.7,2.0,1.995,6.453571428571428,0,0,0,0,0,1,0,0,2
NEWS-LINGCHOM-20200524,2024-09-21,,N1,0,0,0,0.0,7.0,74.4,256.9,-7.0,-8.0,7.016,1,0.2919,REAL,0.0018,0.0096,2.025,ANALYTICAL-ensemble,-0.002,10,5.9,3,16.9,1314.0,53.0,-0.0011,7.85,236.6,0.0,0.881,1090.7,3087.1,FOREST,0.312,,N1,NEWS-LINGCHOM-20200524_N1_2024,2024.0,82.4,25.3,240.2,0.2901,2.027,30.7,2.0,1.996,1.0749999999999986,0,0,0,0,0,1,0,0,2
NEWS-LINGCHOM-20200524,2024-09-22,,N1,0,0,0,0.7,7.7,46.9,252.0,0.7,-21.5,-0.771,2,0.2857,REAL,-0.0033,-0.0025,2.025,ANALYTICAL-ensemble,0.0,10,5.9,3,16.9,1314.0,53.0,-0.0011,7.85,236.6,0.0,0.881,1090.7,3087.1,FOREST,0.312,,N1,NEWS-LINGCHOM-20200524_N1_2024,2024.0,68.4,52.3,265.6,0.289,2.025,30.7,1.0,2.0,-5.146428571428571,0,0,0,0,0,1,0,0,2
NEWS-MANGAN-20240613,2024-04-14,60.0,bg,0,0,0,1.5,16.4,50.1,192.6,1.5,-3.2,2.214,2,,MISSING (window-absent),,,1.376,ANALYTICAL-ensemble,-0.013,8,8.83,11,24.5,798.0,311.0,-0.0022,5.8,68.3,2.334,0.757,105.2,698.4,FOREST,0.438,842.3,POS,NEWS-MANGAN-20240613,,,,,,,1.5,0.0,1.376,,1,0,0,0,0,1,0,0,1
NEWS-MANGAN-20240613,2024-04-15,59.0,bg,0,0,0,9.5,11.0,56.7,202.1,8.0,-9.2,4.014,0,,MISSING (window-absent),,,1.376,ANALYTICAL-ensemble,-0.014,8,8.83,11,24.5,798.0,311.0,-0.0022,5.8,68.3,2.334,0.757,105.2,698.4,FOREST,0.438,842.3,POS,NEWS-MANGAN-20240613,,,,,,,9.5,0.0,1.376,,1,0,0,0,0,1,0,0,1
NEWS-MANGAN-20240613,2024-04-16,58.0,bg,0,0,0,4.9,15.9,43.8,204.6,-4.6,-6.0,0.214,0,,MISSING (window-absent),,,1.375,ANALYTICAL-ensemble,-0.013,8,8.83,11,24.5,798.0,311.0,-0.0022,5.8,68.3,2.334,0.757,105.2,698.4,FOREST,0.438,842.3,POS,NEWS-MANGAN-20240613,,,,,,,9.5,0.0,1.375,,1,0,0,0,0,1,0,0,1
NEWS-MANGAN-20240613,2024-04-17,57.0,bg,0,0,0,57.2,71.6,92.9,261.9,52.3,42.8,6.343,0,,MISSING (window-absent),,,1.363,ANALYTICAL-ensemble,-0.023,8,8.83,11,24.5,798.0,311.0,-0.0022,5.8,68.3,2.334,0.757,105.2,698.4,FOREST,0.438,842.3,POS,NEWS-MANGAN-20240613,,50.1,,,,,57.2,1.0,1.363,11.549999999999999,1,0,0,0,0,1,0,0,1
NEWS-MANGAN-20240613,2024-04-18,56.0,bg,0,0,0,14.1,76.3,102.2,276.0,-43.1,45.5,6.986,0,,MISSING (window-absent),,,1.36,ANALYTICAL-ensemble,-0.022,8,8.83,11,24.5,798.0,311.0,-0.0022,5.8,68.3,2.334,0.757,105.2,698.4,FOREST,0.438,842.3,POS,NEWS-MANGAN-20240613,,56.7,,,,,57.2,2.0,1.36,14.039999999999992,1,0,0,0,0,1,0,0,1
NEWS-MANGAN-20240613,2024-04-19,55.0,bg,0,0,0,13.8,85.2,101.1,289.0,-0.3,57.3,5.029,0,,MISSING (window-absent),,,1.359,ANALYTICAL-ensemble,-0.021,8,8.83,11,24.5,798.0,311.0,-0.0022,5.8,68.3,2.334,0.757,105.2,698.4,FOREST,0.438,842.3,POS,NEWS-MANGAN-20240613,,43.8,,,,,57.2,3.0,1.359,12.588571428571425,1,0,0,0,0,1,0,0,1
NEWS-MANGAN-20240613,2024-04-20,54.0,bg,0,0,0,1.2,29.2,102.3,273.4,-12.6,9.4,7.5,1,,MISSING (window-absent),,,1.36,ANALYTICAL-ensemble,-0.015,8,8.83,11,24.5,798.0,311.0,-0.0022,5.8,68.3,2.334,0.757,105.2,698.4,FOREST,0.438,842.3,POS,NEWS-MANGAN-20240613,,92.9,,,,,57.2,3.0,1.359,10.850000000000001,1,0,0,0,0,1,0,0,1
NEWS-MANGAN-20240613,2024-04-21,53.0,bg,0,0,0,15.3,30.3,116.1,270.7,14.1,13.9,9.429,0,,MISSING (window-absent),,,1.361,ANALYTICAL-ensemble,-0.015,8,8.83,11,24.5,798.0,311.0,-0.0022,5.8,68.3,2.334,0.757,105.2,698.4,FOREST,0.438,842.3,POS,NEWS-MANGAN-20240613,,102.2,50.1,192.6,,1.376,57.2,4.0,1.359,10.835714285714285,1,0,0,0,0,1,0,0,1
NEWS-MANGAN-20240613,2024-04-22,52.0,bg,0,0,0,7.1,23.6,113.8,269.4,-8.2,12.7,8.157,0,,MISSING (window-absent),,,1.361,ANALYTICAL-ensemble,-0.015,8,8.83,11,24.5,798.0,311.0,-0.0022,5.8,68.3,2.334,0.757,105.2,698.4,FOREST,0.438,842.3,POS,NEWS-MANGAN-20240613,,101.1,56.7,202.1,,1.376,57.2,4.0,1.359,9.160714285714286,1,0,0,0,0,1,0,0,1
NEWS-MANGAN-20240613,2024-04-23,51.0,bg,0,0,0,0.0,22.4,108.8,266.8,-7.1,6.5,9.286,1,,MISSING (window-absent),,,1.361,ANALYTICAL-ensemble,-0.014,8,8.83,11,24.5,798.0,311.0,-0.0022,5.8,68.3,2.334,0.757,105.2,698.4,FOREST,0.438,842.3,POS,NEWS-MANGAN-20240613,,102.3,43.8,204.6,,1.375,57.2,4.0,1.359,3.0678571428571417,1,0,0,0,0,1,0,0,1
NEWS-MANGAN-20240613,2024-04-24,50.0,bg,0,0,0,0.0,7.1,51.6,255.3,0.0,-64.5,-5.9,2,,MISSING (window-absent),,,1.363,ANALYTICAL-ensemble,0.0,8,8.83,11,24.5,798.0,311.0,-0.0022,5.8,68.3,2.334,0.757,105.2,698.4,FOREST,0.438,842.3,POS,NEWS-MANGAN-20240613,,116.1,92.9,261.9,,1.363,15.3,3.0,1.359,-4.460714285714287,1,0,0,0,0,1,0,0,1
NEWS-MANGAN-20240613,2024-04-25,49.0,bg,0,0,0,5.5,5.5,42.9,216.2,5.5,-70.9,-8.471,0,,MISSING (window-absent),,,1.366,ANALYTICAL-ensemble,0.006,8,8.83,11,24.5,798.0,311.0,-0.0022,5.8,68.3,2.334,0.757,105.2,698.4,FOREST,0.438,842.3,POS,NEWS-MANGAN-20240613,,113.8,102.2,276.0,,1.36,15.3,2.0,1.359,-10.117857142857137,1,0,0,0,0,1,0,0,1
NEWS-MANGAN-20240613,2024-04-26,48.0,bg,0,0,0,0.0,5.5,29.1,216.0,-5.5,-79.7,-10.286,1,,MISSING (window-absent),,,1.366,ANALYTICAL-ensemble,0.007,8,8.83,11,24.5,798.0,311.0,-0.0022,5.8,68.3,2.334,0.757,105.2,698.4,FOREST,0.438,842.3,POS,NEWS-MANGAN-20240613,,108.8,101.1,289.0,,1.359,15.3,1.0,1.359,-15.29285714285715,1,0,0,0,0,1,0,0,1
NEWS-MANGAN-20240613,2024-04-27,47.0,bg,0,0,0,0.0,5.5,27.9,216.0,0.0,-23.7,-10.629,2,,MISSING (window-absent),,,1.37,ANALYTICAL-ensemble,0.01,8,8.83,11,24.5,798.0,311.0,-0.0022,5.8,68.3,2.334,0.757,105.2,698.4,FOREST,0.438,842.3,POS,NEWS-MANGAN-20240613,,51.6,102.3,273.4,,1.36,15.3,1.0,1.359,-17.853571428571424,1,0,0,0,0,1,0,0,1
NEWS-MANGAN-20240613,2024-04-28,46.0,bg,0,0,0,1.6,1.6,14.2,217.6,1.6,-28.7,-14.557,3,,MISSING (window-absent),,,1.372,ANALYTICAL-ensemble,0.011,8,8.83,11,24.5,798.0,311.0,-0.0022,5.8,68.3,2.334,0.757,105.2,698.4,FOREST,0.438,842.3,POS,NEWS-MANGAN-20240613,,42.9,116.1,270.7,,1.361,7.1,0.0,1.359,-17.253571428571426,1,0,0,0,0,1,0,0,1
NEWS-MANGAN-20240613,2024-04-29,45.0,bg,0,0,0,5.7,7.3,12.7,223.3,4.1,-16.4,-14.443,0,,MISSING (window-absent),,,1.37,ANALYTICAL-ensemble,0.009,8,8.83,11,24.5,798.0,311.0,-0.0022,5.8,68.3,2.334,0.757,105.2,698.4,FOREST,0.438,842.3,POS,NEWS-MANGAN-20240613,,29.1,113.8,269.4,,1.361,5.7,0.0,1.359,-13.503571428571428,1,0,0,0,0,1,0,0,1
NEWS-MANGAN-20240613,2024-04-30,44.0,bg,0,0,0,1.1,8.4,13.8,221.7,-4.6,-14.1,-13.571,1,,MISSING (window-absent),,,1.371,ANALYTICAL-ensemble,0.01,8,8.83,11,24.5,798.0,311.0,-0.0022,5.8,68.3,2.334,0.757,105.2,698.4,FOREST,0.438,842.3,POS,NEWS-MANGAN-20240613,,27.9,108.8,266.8,,1.361,5.7,0.0,1.359,-6.739285714285713,1,0,0,0,0,1,0,0,1
NEWS-MANGAN-20240613,2024-05-01,43.0,bg,0,0,0,2.9,9.6,16.7,215.8,1.8,2.5,-4.986,0,0.2369,PROXY-spatial,,,1.375,ANALYTICAL-ensemble,0.012,8,8.83,11,24.5,798.0,311.0,-0.0022,5.8,68.3,2.334,0.757,105.2,698.4,FOREST,0.438,842.3,POS,NEWS-MANGAN-20240613,,14.2,51.6,255.3,,1.363,5.7,0.0,1.359,-4.442857142857142,0,0,0,0,0,1,0,0,1
NEWS-MANGAN-20240613,2024-05-02,42.0,bg,0,0,0,0.0,4.0,11.2,211.7,-2.9,-1.5,-4.529,1,0.2282,PROXY-spatial,,,1.38,ANALYTICAL-ensemble,0.014,8,8.83,11,24.5,798.0,311.0,-0.0022,5.8,68.3,2.334,0.757,105.2,698.4,FOREST,0.438,842.3,POS,NEWS-MANGAN-20240613,,12.7,42.9,216.2,,1.366,5.7,0.0,1.359,-2.7321428571428585,0,0,0,0,0,1,0,0,1
NEWS-MANGAN-20240613,2024-05-03,41.0,bg,0,0,0,0.0,2.9,11.2,209.7,0.0,-2.6,-2.557,2,0.2184,PROXY-spatial,,,1.381,ANALYTICAL-ensemble,0.015,8,8.83,11,24.5,798.0,311.0,-0.0022,5.8,68.3,2.334,0.757,105.2,698.4,FOREST,0.438,842.3,POS,NEWS-MANGAN-20240613,,13.8,29.1,216.0,,1.366,5.7,0.0,1.36,-1.8607142857142844,0,0,0,0,0,1,0,0,1
NEWS-MANGAN-20240613,2024-05-04,40.0,bg,0,0,0,0.0,0.0,11.2,209.7,0.0,-5.5,-2.386,3,0.2032,PROXY-spatial,-0.0337,,1.383,ANALYTICAL-ensemble,0.013,8,8.83,11,24.5,798.0,311.0,-0.0022,5.8,68.3,2.334,0.757,105.2,698.4,FOREST,0.438,842.3,POS,NEWS-MANGAN-20240613,,16.7,27.9,216.0,0.2369,1.37,5.7,0.0,1.361,-0.5214285714285721,0,0,0,0,0,1,0,0,1
NEWS-MANGAN-20240613,2024-05-05,39.0,bg,0,0,0,2.1,2.1,11.8,209.4,2.1,0.6,-0.343,4,0.199,PROXY-spatial,-0.0292,,1.386,ANALYTICAL-ensemble,0.014,8,8.83,11,24.5,798.0,311.0,-0.0022,5.8,68.3,2.334,0.757,105.2,698.4,FOREST,0.438,842.3,POS,NEWS-MANGAN-20240613,,11.2,14.2,217.6,0.2282,1.372,5.7,0.0,1.361,-0.47857142857142854,0,0,0,0,0,1,0,0,1
NEWS-MANGAN-20240613,2024-05-06,38.0,bg,0,0,0,0.0,2.1,6.1,193.4,-2.1,-5.1,-0.943,5,0.1965,PROXY-spatial,-0.0219,,1.389,ANALYTICAL-ensemble,0.019,8,8.83,11,24.5,798.0,311.0,-0.0022,5.8,68.3,2.334,0.757,105.2,698.4,FOREST,0.438,842.3,POS,NEWS-MANGAN-20240613,,11.2,12.7,223.3,0.2184,1.37,2.9,0.0,1.361,-1.175,0,0,0,0,0,1,0,0,1
NEWS-MANGAN-20240613,2024-05-07,37.0,bg,0,0,0,12.6,14.7,17.5,204.7,12.6,6.3,0.529,0,0.2019,REAL,-0.0013,,1.386,ANALYTICAL-ensemble,0.015,8,8.83,11,24.5,798.0,311.0,-0.0022,5.8,68.3,2.334,0.757,105.2,698.4,FOREST,0.438,842.3,POS,NEWS-MANGAN-20240613,,11.2,13.8,221.7,0.2032,1.371,12.6,1.0,1.363,-0.25714285714285723,0,0,0,0,0,1,0,0,1
NEWS-MANGAN-20240613,2024-05-08,36.0,bg,0,0,0,4.0,16.5,18.6,205.8,-8.6,6.8,0.271,0,0.2015,REAL,0.0025,-0.0354,1.385,ANALYTICAL-ensemble,0.01,8,8.83,11,24.5,798.0,311.0,-0.0022,5.8,68.3,2.334,0.757,105.2,698.4,FOREST,0.438,842.3,POS,NEWS-MANGAN-20240613,,11.8,16.7,215.8,0.199,1.375,12.6,1.0,1.366,1.0607142857142857,0,0,0,0,0,1,0,0,1
NEWS-MANGAN-20240613,2024-05-09,35.0,bg,0,0,0,0.0,16.5,18.6,188.0,-4.0,12.5,1.057,1,0.2009,REAL,0.0044,-0.0273,1.389,ANALYTICAL-ensemble,0.009,8,8.83,11,24.5,798.0,311.0,-0.0022,5.8,68.3,2.334,0.757,105.2,698.4,FOREST,0.438,842.3,POS,NEWS-MANGAN-20240613,,6.1,11.2,211.7,0.1965,1.38,12.6,1.0,1.366,1.5250000000000006,0,0,0,0,0,1,0,0,1
NEWS-MANGAN-20240613,2024-05-10,34.0,bg,0,0,0,0.6,4.5,19.2,180.4,0.6,1.7,1.143,2,0.1988,REAL,-0.0031,-0.0196,1.39,ANALYTICAL-ensemble,0.009,8,8.83,11,24.5,798.0,311.0,-0.0022,5.8,68.3,2.334,0.757,105.2,698.4,FOREST,0.438,842.3,POS,NEWS-MANGAN-20240613,,17.5,11.2,209.7,0.2019,1.381,12.6,1.0,1.37,1.7892857142857141,0,0,0,0,0,1,0,0,1
NEWS-MANGAN-20240613,2024-05-11,33.0,bg,0,0,0,1.8,2.3,20.9,177.3,1.2,2.3,1.386,3,0.2053,REAL,0.0038,0.0021,1.39,ANALYTICAL-ensemble,0.007,8,8.83,11,24.5,798.0,311.0,-0.0022,5.8,68.3,2.334,0.757,105.2,698.4,FOREST,0.438,842.3,POS,NEWS-MANGAN-20240613,,18.6,11.2,209.7,0.2015,1.383,12.6,1.0,1.37,1.9499999999999997,0,0,0,0,0,1,0,0,1
NEWS-MANGAN-20240613,2024-05-12,32.0,bg,0,0,0,13.4,15.7,32.2,175.7,11.6,13.6,2.914,0,0.2107,REAL,0.0098,0.0117,1.39,ANALYTICAL-ensemble,0.004,8,8.83,11,24.5,798.0,311.0,-0.0022,5.8,68.3,2.334,0.757,105.2,698.4,FOREST,0.438,842.3,POS,NEWS-MANGAN-20240613,,18.6,11.8,209.4,0.2009,1.386,13.4,2.0,1.37,3.060714285714286,0,0,0,0,0,1,0,0,1
NEWS-MANGAN-20240613,2024-05-13,31.0,bg,0,0,0,3.6,18.7,35.8,179.3,-9.8,16.6,4.243,0,0.2194,REAL,0.0206,0.0229,1.389,ANALYTICAL-ensemble,0.0,8,8.83,11,24.5,798.0,311.0,-0.0022,5.8,68.3,2.334,0.757,105.2,698.4,FOREST,0.438,842.3,POS,NEWS-MANGAN-20240613,,19.2,6.1,193.4,0.1988,1.389,13.4,2.0,1.371,3.014285714285714,0,0,0,0,0,1,0,0,1
NEWS-MANGAN-20240613,2024-05-14,30.0,pre,0,0,0,0.6,17.5,23.8,178.4,-3.0,2.9,0.9,1,0.2256,REAL,0.0203,0.0237,1.39,ANALYTICAL-ensemble,0.004,8,8.83,11,24.5,798.0,311.0,-0.0022,5.8,68.3,2.334,0.757,105.2,698.4,FOREST,0.438,842.3,POS,NEWS-MANGAN-20240613,,20.9,17.5,204.7,0.2053,1.386,13.4,1.0,1.375,2.2499999999999996,0,0,0,0,0,1,0,0,1
NEWS-MANGAN-20240613,2024-05-15,29.0,pre,0,0,0,3.2,7.4,23.1,172.2,2.6,-9.1,0.643,0,0.2253,REAL,0.0146,0.0238,1.39,ANALYTICAL-ensemble,0.005,8,8.83,11,24.5,798.0,311.0,-0.0022,5.8,68.3,2.334,0.757,105.2,698.4,FOREST,0.438,842.3,POS,NEWS-MANGAN-20240613,,32.2,18.6,205.8,0.2107,1.385,13.4,1.0,1.38,1.3428571428571425,0,0,0,0,0,1,0,0,1
NEWS-MANGAN-20240613,2024-05-16,28.0,pre,0,0,0,5.1,8.9,28.1,172.3,1.9,-7.7,1.357,0,0.2313,REAL,0.0119,0.0304,1.39,ANALYTICAL-ensemble,0.001,8,8.83,11,24.5,798.0,311.0,-0.0022,5.8,68.3,2.334,0.757,105.2,698.4,FOREST,0.438,842.3,POS,NEWS-MANGAN-20240613,,35.8,18.6,188.0,0.2194,1.389,13.4,1.0,1.381,0.8107142857142854,0,0,0,0,0,1,0,0,1
NEWS-MANGAN-20240613,2024-05-17,27.0,pre,0,0,0,2.1,10.4,29.7,117.2,-3.0,5.9,1.5,1,0.2439,REAL,0.0183,0.0451,1.394,ANALYTICAL-ensemble,0.004,8,8.83,11,24.5,798.0,311.0,-0.0022,5.8,68.3,2.334,0.757,105.2,698.4,FOREST,0.438,842.3,POS,NEWS-MANGAN-20240613,,23.8,19.2,180.4,0.2256,1.39,13.4,1.0,1.383,0.19642857142857256,0,0,0,0,0,1,0,0,1
NEWS-MANGAN-20240613,2024-05-18,26.0,pre,0,0,0,2.7,9.9,30.6,105.7,0.6,7.5,1.386,0,0.2484,REAL,0.0231,0.0431,1.4,ANALYTICAL-ensemble,0.01,8,8.83,11,24.5,798.0,311.0,-0.0022,5.8,68.3,2.334,0.757,105.2,698.4,FOREST,0.438,842.3,POS,NEWS-MANGAN-20240613,,23.1,20.9,177.3,0.2253,1.39,13.4,1.0,1.385,-0.4535714285714301,0,0,0,0,0,1,0,0,1
NEWS-MANGAN-20240613,2024-05-19,25.0,pre,0,0,0,51.6,56.4,68.9,143.4,48.9,40.8,5.243,0,0.2613,REAL,0.03,0.0506,1.387,ANALYTICAL-ensemble,-0.003,8,8.83,11,24.5,798.0,311.0,-0.0022,5.8,68.3,2.334,0.757,105.2,698.4,FOREST,0.438,842.3,POS,NEWS-MANGAN-20240613,,28.1,32.2,175.7,0.2313,1.39,51.6,1.0,1.385,4.267857142857144,0,0,0,0,0,1,0,0,1
NEWS-MANGAN-20240613,2024-05-20,24.0,pre,0,0,0,1.2,55.5,66.5,143.5,-50.4,36.8,4.386,1,0.2652,REAL,0.0213,0.0458,1.386,ANALYTICAL-ensemble,-0.003,8,8.83,11,24.5,798.0,311.0,-0.0022,5.8,68.3,2.334,0.757,105.2,698.4,FOREST,0.438,842.3,POS,NEWS-MANGAN-20240613,,29.7,35.8,179.3,0.2439,1.389,51.6,1.0,1.385,7.935714285714288,0,0,0,0,0,1,0,0,1
NEWS-MANGAN-20240613,2024-05-21,23.0,pre,0,0,0,12.7,65.5,78.6,140.9,11.5,48.0,7.829,0,0.2621,REAL,0.0137,0.0365,1.389,ANALYTICAL-ensemble,-0.001,8,8.83,11,24.5,798.0,311.0,-0.0022,5.8,68.3,2.334,0.757,105.2,698.4,FOREST,0.438,842.3,POS,NEWS-MANGAN-20240613,,30.6,23.8,178.4,0.2484,1.39,51.6,2.0,1.385,10.089285714285714,0,0,0,0,0,1,0,0,1
NEWS-MANGAN-20240613,2024-05-22,22.0,pre,0,0,0,2.4,16.3,77.7,136.1,-10.3,8.8,7.8,1,0.2696,REAL,0.0083,0.0443,1.389,ANALYTICAL-ensemble,-0.001,8,8.83,11,24.5,798.0,311.0,-0.0022,5.8,68.3,2.334,0.757,105.2,698.4,FOREST,0.438,842.3,POS,NEWS-MANGAN-20240613,,68.9,23.1,172.2,0.2613,1.39,51.6,2.0,1.386,10.089285714285715,0,0,0,0,0,1,0,0,1
NEWS-MANGAN-20240613,2024-05-23,21.0,pre,0,0,0,6.7,21.7,79.4,142.8,4.3,12.9,7.329,0,0.2686,REAL,0.0034,0.0373,1.389,ANALYTICAL-ensemble,-0.001,8,8.83,11,24.5,798.0,311.0,-0.0022,5.8,68.3,2.334,0.757,105.2,698.4,FOREST,0.438,842.3,POS,NEWS-MANGAN-20240613,,66.5,28.1,172.3,0.2652,1.39,51.6,2.0,1.386,9.035714285714288,0,0,0,0,0,1,0,0,1
NEWS-MANGAN-20240613,2024-05-24,20.0,pre,0,0,0,0.0,9.1,77.2,142.8,-6.7,-1.4,6.786,1,0.2625,REAL,0.0004,0.0186,1.389,ANALYTICAL-ensemble,-0.005,8,8.83,11,24.5,798.0,311.0,-0.0022,5.8,68.3,2.334,0.757,105.2,698.4,FOREST,0.438,842.3,POS,NEWS-MANGAN-20240613,,78.6,29.7,117.2,0.2621,1.394,51.6,2.0,1.386,6.142857142857146,0,0,0,0,0,1,0,0,1
NEWS-MANGAN-20240613,2024-05-25,19.0,pre,0,0,0,0.0,6.7,74.5,137.4,0.0,-3.2,6.271,2,0.2588,REAL,-0.0108,0.0104,1.39,ANALYTICAL-ensemble,-0.01,8,8.83,11,24.5,798.0,311.0,-0.0022,5.8,68.3,2.334,0.757,105.2,698.4,FOREST,0.438,842.3,POS,NEWS-MANGAN-20240613,,77.7,30.6,105.7,0.2696,1.4,51.6,2.0,1.386,1.3928571428571401,0,0,0,0,0,1,0,0,1
NEWS-MANGAN-20240613,2024-05-26,18.0,pre,0,0,0,0.0,0.0,23.0,137.4,0.0,-56.4,-6.557,3,0.2504,REAL,-0.0182,-0.0109,1.39,ANALYTICAL-ensemble,0.003,8,8.83,11,24.5,798.0,311.0,-0.0022,5.8,68.3,2.334,0.757,105.2,698.4,FOREST,0.438,842.3,POS,NEWS-MANGAN-20240613,,79.4,68.9,143.4,0.2686,1.387,12.7,1.0,1.386,-4.9714285714285715,0,0,0,0,0,1,0,0,1
NEWS-MANGAN-20240613,2024-05-27,17.0,pre,0,0,0,5.4,5.4,27.1,142.8,5.4,-50.1,-5.629,0,0.2415,REAL,-0.021,-0.0237,1.39,ANALYTICAL-ensemble,0.004,8,8.83,11,24.5,798.0,311.0,-0.0022,5.8,68.3,2.334,0.757,105.2,698.4,FOREST,0.438,842.3,POS,NEWS-MANGAN-20240613,,77.2,66.5,143.5,0.2625,1.386,12.7,1.0,1.386,-9.600000000000001,0,0,0,0,0,1,0,0,1
NEWS-MANGAN-20240613,2024-05-28,16.0,pre,0,0,0,4.9,10.3,19.3,146.0,-0.5,-55.2,-8.471,0,0.2458,REAL,-0.013,-0.0163,1.39,ANALYTICAL-ensemble,0.001,8,8.83,11,24.5,798.0,311.0,-0.0022,5.8,68.3,2.334,0.757,105.2,698.4,FOREST,0.438,842.3,POS,NEWS-MANGAN-20240613,,74.5,78.6,140.9,0.2588,1.389,6.7,0.0,1.386,-11.928571428571425,0,0,0,0,0,1,0,0,1
NEWS-MANGAN-20240613,2024-05-29,15.0,pre,0,0,0,10.9,21.2,27.9,151.3,6.0,4.9,-7.114,0,0.2468,REAL,-0.0036,-0.0228,1.39,ANALYTICAL-ensemble,0.001,8,8.83,11,24.5,798.0,311.0,-0.0022,5.8,68.3,2.334,0.757,105.2,698.4,FOREST,0.438,842.3,POS,NEWS-MANGAN-20240613,,23.0,77.7,136.1,0.2504,1.389,10.9,1.0,1.386,-11.346428571428573,0,0,0,0,0,1,0,0,1
NEWS-MANGAN-20240613,2024-05-30,14.0,pre,1,0,0,16.3,32.1,37.5,166.5,5.4,10.4,-5.986,0,0.2553,REAL,0.0138,-0.0133,1.388,ANALYTICAL-ensemble,-0.001,8,8.83,11,24.5,798.0,311.0,-0.0022,5.8,68.3,2.334,0.757,105.2,698.4,FOREST,0.438,842.3,POS,NEWS-MANGAN-20240613,,27.1,79.4,142.8,0.2415,1.389,16.3,2.0,1.386,-7.714285714285712,0,0,0,0,0,1,0,0,1
NEWS-MANGAN-20240613,2024-05-31,13.0,pre,1,0,0,73.0,100.2,110.5,236.6,56.7,91.2,4.757,0,0.2623,REAL,0.0165,-0.0002,1.368,ANALYTICAL-ensemble,-0.021,8,8.83,11,24.5,798.0,311.0,-0.0022,5.8,68.3,2.334,0.757,105.2,698.4,FOREST,0.438,842.3,POS,NEWS-MANGAN-20240613,,19.3,77.2,142.8,0.2458,1.389,73.0,3.0,1.368,4.921428571428571,0,0,0,0,0,1,0,0,1
NEWS-MANGAN-20240613,2024-06-01,12.0,pre,1,0,0,27.1,116.4,137.6,263.7,-45.9,109.7,9.014,0,0.2697,REAL,0.0229,0.0109,1.358,ANALYTICAL-ensemble,-0.032,8,8.83,11,24.5,798.0,311.0,-0.0022,5.8,68.3,2.334,0.757,105.2,698.4,FOREST,0.438,842.3,POS,NEWS-MANGAN-20240613,,27.9,74.5,137.4,0.2468,1.39,73.0,4.0,1.358,18.885714285714286,0,0,0,0,0,1,0,0,1
NEWS-MANGAN-20240613,2024-06-02,11.0,pre,1,0,0,4.8,104.9,142.4,268.5,-22.3,104.9,17.057,0,0.2711,REAL,0.0158,0.0207,1.359,ANALYTICAL-ensemble,-0.031,8,8.83,11,24.5,798.0,311.0,-0.0022,5.8,68.3,2.334,0.757,105.2,698.4,FOREST,0.438,842.3,POS,NEWS-MANGAN-20240613,,37.5,23.0,137.4,0.2553,1.39,73.0,4.0,1.358,23.753571428571433,0,0,0,0,0,1,0,0,1
NEWS-MANGAN-20240613,2024-06-03,10.0,pre,1,0,0,7.0,38.9,144.0,275.5,2.2,33.5,16.7,0,0.2806,REAL,0.0183,0.0391,1.358,ANALYTICAL-ensemble,-0.032,8,8.83,11,24.5,798.0,311.0,-0.0022,5.8,68.3,2.334,0.757,105.2,698.4,FOREST,0.438,842.3,POS,NEWS-MANGAN-20240613,,110.5,27.1,142.8,0.2623,1.39,73.0,4.0,1.358,25.11428571428571,0,0,0,0,0,1,0,0,1
NEWS-MANGAN-20240613,2024-06-04,9.0,pre,1,0,0,55.8,67.7,195.0,329.2,48.8,57.4,25.1,0,0.2787,REAL,0.009,0.0329,1.347,ANALYTICAL-ensemble,-0.043,8,8.83,11,24.5,798.0,311.0,-0.0022,5.8,68.3,2.334,0.757,105.2,698.4,FOREST,0.438,842.3,POS,NEWS-MANGAN-20240613,,137.6,19.3,146.0,0.2697,1.39,73.0,5.0,1.347,26.650000000000006,0,0,0,0,0,1,0,0,1
NEWS-MANGAN-20240613,2024-06-05,8.0,pre,1,0,0,14.0,76.9,198.1,343.3,-41.8,55.7,24.314,0,0.2705,REAL,-0.0006,0.0237,1.332,ANALYTICAL-ensemble,-0.058,8,8.83,11,24.5,798.0,311.0,-0.0022,5.8,68.3,2.334,0.757,105.2,698.4,FOREST,0.438,842.3,POS,NEWS-MANGAN-20240613,,142.4,27.9,151.3,0.2711,1.39,73.0,5.0,1.332,23.471428571428575,0,0,0,0,0,1,0,0,1
NEWS-MANGAN-20240613,2024-06-06,7.0,pre,1,1,0,0.3,70.2,182.1,331.0,-13.7,38.1,20.657,1,0.26,REAL,-0.0206,0.0047,1.346,ANALYTICAL-ensemble,-0.042,8,8.83,11,24.5,798.0,311.0,-0.0022,5.8,68.3,2.334,0.757,105.2,698.4,FOREST,0.438,842.3,POS,NEWS-MANGAN-20240613,,144.0,37.5,166.5,0.2806,1.388,73.0,4.0,1.332,13.871428571428556,0,0,0,0,0,1,0,0,1
NEWS-MANGAN-20240613,2024-06-07,6.0,pre,1,1,0,14.6,29.0,123.7,341.7,14.3,-71.3,1.886,0,0.2591,REAL,-0.0196,-0.0032,1.346,ANALYTICAL-ensemble,-0.022,8,8.83,11,24.5,798.0,311.0,-0.0022,5.8,68.3,2.334,0.757,105.2,698.4,FOREST,0.438,842.3,POS,NEWS-MANGAN-20240613,,195.0,110.5,236.6,0.2787,1.368,55.8,4.0,1.332,3.278571428571428,0,0,0,0,0,1,0,0,1
NEWS-MANGAN-20240613,2024-06-08,5.0,pre,1,1,0,26.2,41.1,122.8,367.9,11.6,-75.3,-2.114,0,0.259,REAL,-0.0115,-0.0107,1.341,ANALYTICAL-ensemble,-0.017,8,8.83,11,24.5,798.0,311.0,-0.0022,5.8,68.3,2.334,0.757,105.2,698.4,FOREST,0.438,842.3,POS,NEWS-MANGAN-20240613,,198.1,137.6,263.7,0.2705,1.358,55.8,4.0,1.332,-4.01071428571428,0,0,0,0,0,1,0,0,1
NEWS-MANGAN-20240613,2024-06-09,4.0,pre,1,1,0,2.3,43.1,120.3,369.6,-23.9,-61.8,-3.157,1,0.2657,REAL,0.0057,-0.0054,1.342,ANALYTICAL-ensemble,-0.017,8,8.83,11,24.5,798.0,311.0,-0.0022,5.8,68.3,2.334,0.757,105.2,698.4,FOREST,0.438,842.3,POS,NEWS-MANGAN-20240613,,182.1,142.4,268.5,0.26,1.359,55.8,4.0,1.332,-10.35357142857143,0,0,0,0,0,1,0,0,1
NEWS-MANGAN-20240613,2024-06-10,3.0,pre,1,1,0,31.7,60.2,144.9,399.5,29.4,21.2,0.129,0,0.2654,REAL,0.0063,-0.0152,1.337,ANALYTICAL-ensemble,-0.021,8,8.83,11,24.5,798.0,311.0,-0.0022,5.8,68.3,2.334,0.757,105.2,698.4,FOREST,0.438,842.3,POS,NEWS-MANGAN-20240613,,123.7,144.0,275.5,0.2591,1.358,55.8,5.0,1.332,-13.042857142857127,0,0,0,0,0,1,0,0,1
NEWS-MANGAN-20240613,2024-06-11,2.0,pre,1,1,0,72.2,106.1,161.3,458.3,40.5,38.5,-4.814,0,0.2664,REAL,0.0074,-0.0123,1.314,ANALYTICAL-ensemble,-0.033,8,8.83,11,24.5,798.0,311.0,-0.0022,5.8,68.3,2.334,0.757,105.2,698.4,FOREST,0.438,842.3,POS,NEWS-MANGAN-20240613,,122.8,195.0,329.2,0.259,1.347,72.2,5.0,1.314,-6.72142857142858,0,0,0,0,0,1,0,0,1
NEWS-MANGAN-20240613,2024-06-12,1.0,pre,1,1,0,39.0,142.8,186.2,493.7,-33.2,65.9,-1.7,0,0.2737,REAL,0.008,0.0032,1.314,ANALYTICAL-ensemble,-0.018,8,8.83,11,24.5,798.0,311.0,-0.0022,5.8,68.3,2.334,0.757,105.2,698.4,FOREST,0.438,842.3,POS,NEWS-MANGAN-20240613,,120.3,198.1,343.3,0.2657,1.332,72.2,5.0,1.314,3.914285714285715,0,0,0,0,0,1,0,0,1
NEWS-MANGAN-20240613,2023-04-14,,N0,0,0,0,0.0,0.0,19.5,330.3,0.0,-42.8,-14.471,3,,MISSING (window-absent),,,1.36,ANALYTICAL-ensemble,0.015,8,8.83,10,24.5,798.0,311.0,-0.0022,5.8,68.3,2.334,0.757,105.2,698.4,FOREST,0.468,,N0,NEWS-MANGAN-20240613_N0_2023,2023.0,,,,,,0.0,0.0,1.36,,1,0,0,0,0,1,0,0,1
NEWS-MANGAN-20240613,2023-04-15,,N0,0,0,0,0.0,0.0,19.5,317.9,0.0,-24.6,-10.317,4,,MISSING (window-absent),,,1.361,ANALYTICAL-ensemble,0.015,8,8.83,10,24.5,798.0,311.0,-0.0022,5.8,68.3,2.334,0.757,105.2,698.4,FOREST,0.468,,N0,NEWS-MANGAN-20240613_N0_2023,2023.0,,,,,,0.0,0.0,1.36,,1,0,0,0,0,1,0,0,1
NEWS-MANGAN-20240613,2023-04-16,,N0,0,0,0,0.0,0.0,14.9,298.5,0.0,-20.4,-10.009,5,,MISSING (window-absent),,,1.362,ANALYTICAL-ensemble,0.016,8,8.83,10,24.5,798.0,311.0,-0.0022,5.8,68.3,2.334,0.757,105.2,698.4,FOREST,0.468,,N0,NEWS-MANGAN-20240613_N0_2023,2023.0,,,,,,0.0,0.0,1.36,,1,0,0,0,0,1,0,0,1
NEWS-MANGAN-20240613,2023-04-17,,N0,0,0,0,8.0,8.0,19.0,302.3,8.0,-0.5,-8.649,0,,MISSING (window-absent),,,1.362,ANALYTICAL-ensemble,0.016,8,8.83,10,24.5,798.0,311.0,-0.0022,5.8,68.3,2.334,0.757,105.2,698.4,FOREST,0.468,,N0,NEWS-MANGAN-20240613_N0_2023,2023.0,19.5,,,,,8.0,0.0,1.36,-0.610000000000001,1,0,0,0,0,1,0,0,1
NEWS-MANGAN-20240613,2023-04-18,,N0,0,0,0,1.0,9.1,9.1,295.9,-7.0,-10.4,-7.602,1,,MISSING (window-absent),,,1.362,ANALYTICAL-ensemble,0.016,8,8.83,10,24.5,798.0,311.0,-0.0022,5.8,68.3,2.334,0.757,105.2,698.4,FOREST,0.468,,N0,NEWS-MANGAN-20240613_N0_2023,2023.0,19.5,,,,,8.0,0.0,1.36,-2.1300000000000017,1,0,0,0,0,1,0,0,1
NEWS-MANGAN-20240613,2023-04-19,,N0,0,0,0,15.7,24.7,24.7,298.6,14.7,9.8,-2.778,0,,MISSING (window-absent),,,1.363,ANALYTICAL-ensemble,0.017,8,8.83,10,24.5,798.0,311.0,-0.0022,5.8,68.3,2.334,0.757,105.2,698.4,FOREST,0.468,,N0,NEWS-MANGAN-20240613_N0_2023,2023.0,14.9,,,,,15.7,1.0,1.36,-0.031428571428572256,1,0,0,0,0,1,0,0,1
NEWS-MANGAN-20240613,2023-04-20,,N0,0,0,0,10.4,27.1,35.1,295.3,-5.3,16.1,-0.024,0,,MISSING (window-absent),,,1.362,ANALYTICAL-ensemble,0.012,8,8.83,10,24.5,798.0,311.0,-0.0022,5.8,68.3,2.334,0.757,105.2,698.4,FOREST,0.468,,N0,NEWS-MANGAN-20240613_N0_2023,2023.0,19.0,,,,,15.7,2.0,1.36,1.8357142857142843,1,0,0,0,0,1,0,0,1
NEWS-MANGAN-20240613,2023-04-21,,N0,0,0,0,5.7,31.8,40.8,279.6,-4.7,31.7,3.041,0,,MISSING (window-absent),,,1.362,ANALYTICAL-ensemble,0.002,8,8.83,10,24.5,798.0,311.0,-0.0022,5.8,68.3,2.334,0.757,105.2,698.4,FOREST,0.468,,N0,NEWS-MANGAN-20240613_N0_2023,2023.0,9.1,19.5,330.3,,1.36,15.7,2.0,1.36,3.9285714285714284,1,0,0,0,0,1,0,0,1
NEWS-MANGAN-20240613,2023-04-22,,N0,0,0,0,22.8,38.9,63.6,288.8,17.1,38.9,6.298,0,,MISSING (window-absent),,,1.36,ANALYTICAL-ensemble,-0.001,8,8.83,10,24.5,798.0,311.0,-0.0022,5.8,68.3,2.334,0.757,105.2,698.4,FOREST,0.468,,N0,NEWS-MANGAN-20240613_N0_2023,2023.0,24.7,19.5,317.9,,1.361,22.8,3.0,1.36,7.7035714285714265,1,0,0,0,0,1,0,0,1
NEWS-MANGAN-20240613,2023-04-23,,N0,0,0,0,11.5,40.0,75.2,274.3,-11.3,40.1,8.608,0,,MISSING (window-absent),,,1.36,ANALYTICAL-ensemble,-0.002,8,8.83,10,24.5,798.0,311.0,-0.0022,5.8,68.3,2.334,0.757,105.2,698.4,FOREST,0.468,,N0,NEWS-MANGAN-20240613_N0_2023,2023.0,35.1,14.9,298.5,,1.362,22.8,4.0,1.36,10.489285714285714,1,0,0,0,0,1,0,0,1
NEWS-MANGAN-20240613,2023-04-24,,N0,0,0,0,3.3,37.7,70.5,266.8,-8.2,29.7,7.354,0,,MISSING (window-absent),,,1.362,ANALYTICAL-ensemble,0.0,8,8.83,10,24.5,798.0,311.0,-0.0022,5.8,68.3,2.334,0.757,105.2,698.4,FOREST,0.468,,N0,NEWS-MANGAN-20240613_N0_2023,2023.0,40.8,19.0,302.3,,1.362,22.8,4.0,1.36,11.203571428571431,1,0,0,0,0,1,0,0,1
NEWS-MANGAN-20240613,2023-04-25,,N0,0,0,0,0.0,14.9,69.4,266.7,-3.3,5.8,8.616,1,,MISSING (window-absent),,,1.362,ANALYTICAL-ensemble,0.0,8,8.83,10,24.5,798.0,311.0,-0.0022,5.8,68.3,2.334,0.757,105.2,698.4,FOREST,0.468,,N0,NEWS-MANGAN-20240613_N0_2023,2023.0,63.6,9.1,295.9,,1.362,22.8,4.0,1.36,8.546428571428574,1,0,0,0,0,1,0,0,1
NEWS-MANGAN-20240613,2023-04-26,,N0,0,0,0,4.7,8.1,58.5,259.2,4.7,-16.7,4.825,0,,MISSING (window-absent),,,1.364,ANALYTICAL-ensemble,0.001,8,8.83,10,24.5,798.0,311.0,-0.0022,5.8,68.3,2.334,0.757,105.2,698.4,FOREST,0.468,,N0,NEWS-MANGAN-20240613_N0_2023,2023.0,75.2,24.7,298.6,,1.363,22.8,3.0,1.36,4.7964285714285735,1,0,0,0,0,1,0,0,1
NEWS-MANGAN-20240613,2023-04-27,,N0,0,0,0,9.6,14.4,57.8,246.9,4.9,-12.7,3.239,0,,MISSING (window-absent),,,1.365,ANALYTICAL-ensemble,0.003,8,8.83,10,24.5,798.0,311.0,-0.0022,5.8,68.3,2.334,0.757,105.2,698.4,FOREST,0.468,,N0,NEWS-MANGAN-20240613_N0_2023,2023.0,70.5,35.1,295.3,,1.362,22.8,2.0,1.36,1.2500000000000022,1,0,0,0,0,1,0,0,1
NEWS-MANGAN-20240613,2023-04-28,,N0,0,0,0,6.7,21.1,58.8,241.2,-2.9,-10.6,2.566,0,,MISSING (window-absent),,,1.365,ANALYTICAL-ensemble,0.003,8,8.83,10,24.5,798.0,311.0,-0.0022,5.8,68.3,2.334,0.757,105.2,698.4,FOREST,0.468,,N0,NEWS-MANGAN-20240613_N0_2023,2023.0,69.4,40.8,279.6,,1.362,22.8,2.0,1.36,-2.185714285714287,1,0,0,0,0,1,0,0,1
NEWS-MANGAN-20240613,2023-04-29,,N0,0,0,0,22.3,38.7,58.3,262.4,15.6,-0.2,-0.763,0,,MISSING (window-absent),,,1.363,ANALYTICAL-ensemble,0.003,8,8.83,10,24.5,798.0,311.0,-0.0022,5.8,68.3,2.334,0.757,105.2,698.4,FOREST,0.468,,N0,NEWS-MANGAN-20240613_N0_2023,2023.0,58.5,63.6,288.8,,1.36,22.3,2.0,1.36,-3.0607142857142877,1,0,0,0,0,1,0,0,1
NEWS-MANGAN-20240613,2023-04-30,,N0,0,0,0,15.4,44.4,62.1,277.6,-6.9,4.3,-1.867,0,,MISSING (window-absent),,,1.36,ANALYTICAL-ensemble,0.0,8,8.83,10,24.5,798.0,311.0,-0.0022,5.8,68.3,2.334,0.757,105.2,698.4,FOREST,0.468,,N0,NEWS-MANGAN-20240613_N0_2023,2023.0,57.8,75.2,274.3,,1.36,22.3,2.0,1.36,-1.6821428571428607,1,0,0,0,0,1,0,0,1
NEWS-MANGAN-20240613,2023-05-01,,N0,0,0,0,15.0,52.6,73.8,263.5,-0.4,15.0,0.476,0,0.2649,PROXY-spatial,,,1.361,ANALYTICAL-ensemble,-0.001,8,8.83,10,24.5,798.0,311.0,-0.0022,5.8,68.3,2.334,0.757,105.2,698.4,FOREST,0.468,,N0,NEWS-MANGAN-20240613_N0_2023,2023.0,58.8,70.5,266.8,,1.362,22.3,3.0,1.36,0.7464285714285668,0,0,0,0,0,1,0,0,1
NEWS-MANGAN-20240613,2023-05-02,,N0,0,0,0,8.4,38.8,82.2,260.6,-6.6,23.9,1.822,0,0.247,PROXY-spatial,,,1.361,ANALYTICAL-ensemble,-0.001,8,8.83,10,24.5,798.0,311.0,-0.0022,5.8,68.3,2.334,0.757,105.2,698.4,FOREST,0.468,,N0,NEWS-MANGAN-20240613_N0_2023,2023.0,58.3,69.4,266.7,,1.362,22.3,3.0,1.36,3.8000000000000003,0,0,0,0,0,1,0,0,1
NEWS-MANGAN-20240613,2023-05-03,,N0,0,0,0,1.9,25.3,79.3,253.1,-6.5,17.2,2.967,1,0.2419,PROXY-spatial,,,1.363,ANALYTICAL-ensemble,-0.001,8,8.83,10,24.5,798.0,311.0,-0.0022,5.8,68.3,2.334,0.757,105.2,698.4,FOREST,0.468,,N0,NEWS-MANGAN-20240613_N0_2023,2023.0,62.1,58.5,259.2,,1.364,22.3,3.0,1.36,4.528571428571428,0,0,0,0,0,1,0,0,1
NEWS-MANGAN-20240613,2023-05-04,,N0,0,0,0,6.4,16.7,76.1,231.4,4.5,2.3,2.618,0,0.2394,PROXY-spatial,-0.0255,,1.365,ANALYTICAL-ensemble,0.0,8,8.83,10,24.5,798.0,311.0,-0.0022,5.8,68.3,2.334,0.757,105.2,698.4,FOREST,0.468,,N0,NEWS-MANGAN-20240613_N0_2023,2023.0,73.8,57.8,246.9,0.2649,1.365,22.3,3.0,1.36,4.0714285714285685,0,0,0,0,0,1,0,0,1
NEWS-MANGAN-20240613,2023-05-05,,N0,0,0,0,2.3,10.6,71.7,215.4,-4.1,-10.5,1.843,1,0.2438,PROXY-spatial,-0.0032,,1.366,ANALYTICAL-ensemble,0.001,8,8.83,10,24.5,798.0,311.0,-0.0022,5.8,68.3,2.334,0.757,105.2,698.4,FOREST,0.468,,N0,NEWS-MANGAN-20240613_N0_2023,2023.0,82.2,58.8,241.2,0.247,1.365,22.3,3.0,1.36,2.6321428571428522,0,0,0,0,0,1,0,0,1
NEWS-MANGAN-20240613,2023-05-06,,N0,0,0,0,23.5,32.2,72.9,230.0,21.2,-6.4,2.091,0,0.2392,PROXY-spatial,-0.0027,,1.365,ANALYTICAL-ensemble,0.002,8,8.83,10,24.5,798.0,311.0,-0.0022,5.8,68.3,2.334,0.757,105.2,698.4,FOREST,0.468,,N0,NEWS-MANGAN-20240613_N0_2023,2023.0,79.3,58.3,262.4,0.2419,1.363,23.5,3.0,1.36,0.789285714285714,0,0,0,0,0,1,0,0,1
NEWS-MANGAN-20240613,2023-05-07,,N0,0,0,0,34.9,60.6,92.4,249.2,11.4,16.3,4.328,0,0.2363,REAL,-0.0031,,1.361,ANALYTICAL-ensemble,0.001,8,8.83,10,24.5,798.0,311.0,-0.0022,5.8,68.3,2.334,0.757,105.2,698.4,FOREST,0.468,,N0,NEWS-MANGAN-20240613_N0_2023,2023.0,76.1,62.1,277.6,0.2394,1.36,34.9,3.0,1.36,1.0571428571428603,0,0,0,0,0,1,0,0,1
NEWS-MANGAN-20240613,2023-05-08,,N0,0,0,0,16.6,75.0,94.0,265.8,-18.3,22.3,2.889,0,0.236,REAL,-0.0078,-0.0289,1.361,ANALYTICAL-ensemble,0.0,8,8.83,10,24.5,798.0,311.0,-0.0022,5.8,68.3,2.334,0.757,105.2,698.4,FOREST,0.468,,N0,NEWS-MANGAN-20240613_N0_2023,2023.0,71.7,73.8,263.5,0.2438,1.361,34.9,3.0,1.36,2.085714285714287,0,0,0,0,0,1,0,0,1
NEWS-MANGAN-20240613,2023-05-09,,N0,0,0,0,33.1,84.6,118.6,294.3,16.5,45.7,5.196,0,0.234,REAL,-0.0052,-0.013,1.359,ANALYTICAL-ensemble,-0.002,8,8.83,10,24.5,798.0,311.0,-0.0022,5.8,68.3,2.334,0.757,105.2,698.4,FOREST,0.468,,N0,NEWS-MANGAN-20240613_N0_2023,2023.0,72.9,82.2,260.6,0.2392,1.361,34.9,4.0,1.359,6.228571428571423,0,0,0,0,0,1,0,0,1
NEWS-MANGAN-20240613,2023-05-10,,N0,0,0,0,12.2,61.9,129.0,302.6,-20.9,36.6,7.094,0,0.234,REAL,-0.0023,-0.0079,1.354,ANALYTICAL-ensemble,-0.009,8,8.83,10,24.5,798.0,311.0,-0.0022,5.8,68.3,2.334,0.757,105.2,698.4,FOREST,0.468,,N0,NEWS-MANGAN-20240613_N0_2023,2023.0,92.4,79.3,253.1,0.2363,1.363,34.9,5.0,1.354,9.771428571428567,0,0,0,0,0,1,0,0,1
NEWS-MANGAN-20240613,2023-05-11,,N0,0,0,0,4.5,49.8,127.0,296.1,-7.7,33.0,7.268,0,0.2311,REAL,-0.0049,-0.0083,1.352,ANALYTICAL-ensemble,-0.013,8,8.83,10,24.5,798.0,311.0,-0.0022,5.8,68.3,2.334,0.757,105.2,698.4,FOREST,0.468,,N0,NEWS-MANGAN-20240613_N0_2023,2023.0,94.0,76.1,231.4,0.236,1.365,34.9,5.0,1.352,10.867857142857147,0,0,0,0,0,1,0,0,1
NEWS-MANGAN-20240613,2023-05-12,,N0,0,0,0,0.0,16.7,124.8,296.1,-4.5,6.2,7.591,1,0.2228,REAL,-0.0112,-0.021,1.354,ANALYTICAL-ensemble,-0.012,8,8.83,10,24.5,798.0,311.0,-0.0022,5.8,68.3,2.334,0.757,105.2,698.4,FOREST,0.468,,N0,NEWS-MANGAN-20240613_N0_2023,2023.0,118.6,71.7,215.4,0.234,1.366,34.9,5.0,1.352,9.28214285714286,0,0,0,0,0,1,0,0,1
NEWS-MANGAN-20240613,2023-05-13,,N0,0,0,0,0.0,4.5,101.3,296.1,0.0,-27.7,4.061,2,0.2178,REAL,-0.0162,-0.0214,1.358,ANALYTICAL-ensemble,-0.007,8,8.83,10,24.5,798.0,311.0,-0.0022,5.8,68.3,2.334,0.757,105.2,698.4,FOREST,0.468,,N0,NEWS-MANGAN-20240613_N0_2023,2023.0,129.0,72.9,230.0,0.234,1.365,34.9,4.0,1.352,3.453571428571436,0,0,0,0,0,1,0,0,1
NEWS-MANGAN-20240613,2023-05-14,,N0,0,0,0,0.0,0.0,66.4,296.1,0.0,-60.6,-3.714,3,0.213,REAL,-0.0181,-0.0233,1.359,ANALYTICAL-ensemble,-0.002,8,8.83,10,24.5,798.0,311.0,-0.0022,5.8,68.3,2.334,0.757,105.2,698.4,FOREST,0.468,,N0,NEWS-MANGAN-20240613_N0_2023,2023.0,127.0,92.4,249.2,0.2311,1.361,33.1,3.0,1.352,-4.342857142857149,0,0,0,0,0,1,0,0,1
NEWS-MANGAN-20240613,2023-05-15,,N0,0,0,0,4.5,4.5,54.3,300.6,4.5,-70.5,-5.67,0,0.2043,REAL,-0.0185,-0.0317,1.36,ANALYTICAL-ensemble,-0.001,8,8.83,10,24.5,798.0,311.0,-0.0022,5.8,68.3,2.334,0.757,105.2,698.4,FOREST,0.468,,N0,NEWS-MANGAN-20240613_N0_2023,2023.0,124.8,94.0,265.8,0.2228,1.361,33.1,2.0,1.352,-12.278571428571428,0,0,0,0,0,1,0,0,1
NEWS-MANGAN-20240613,2023-05-16,,N0,0,0,0,8.9,13.4,30.1,309.5,4.4,-71.2,-12.649,0,0.2162,REAL,-0.0016,-0.0178,1.358,ANALYTICAL-ensemble,-0.001,8,8.83,10,24.5,798.0,311.0,-0.0022,5.8,68.3,2.334,0.757,105.2,698.4,FOREST,0.468,,N0,NEWS-MANGAN-20240613_N0_2023,2023.0,101.3,118.6,294.3,0.2178,1.359,12.2,1.0,1.352,-17.875,0,0,0,0,0,1,0,0,1
NEWS-MANGAN-20240613,2023-05-17,,N0,0,0,0,1.7,15.1,19.6,303.1,-7.2,-46.8,-15.627,1,0.2191,REAL,0.0061,-0.0149,1.362,ANALYTICAL-ensemble,0.008,8,8.83,10,24.5,798.0,311.0,-0.0022,5.8,68.3,2.334,0.757,105.2,698.4,FOREST,0.468,,N0,NEWS-MANGAN-20240613_N0_2023,2023.0,66.4,129.0,302.6,0.213,1.354,8.9,0.0,1.352,-19.949999999999992,0,0,0,0,0,1,0,0,1
NEWS-MANGAN-20240613,2023-05-18,,N0,0,0,0,14.9,25.5,30.0,317.0,13.2,-24.3,-13.861,0,0.2268,REAL,0.0225,-0.0043,1.358,ANALYTICAL-ensemble,0.006,8,8.83,10,24.5,798.0,311.0,-0.0022,5.8,68.3,2.334,0.757,105.2,698.4,FOREST,0.468,,N0,NEWS-MANGAN-20240613_N0_2023,2023.0,54.3,127.0,296.1,0.2043,1.352,14.9,1.0,1.352,-17.289285714285718,0,0,0,0,0,1,0,0,1
NEWS-MANGAN-20240613,2023-05-19,,N0,0,0,0,3.1,19.7,33.1,304.5,-11.8,3.0,-13.094,0,0.2371,REAL,0.0209,0.0143,1.358,ANALYTICAL-ensemble,0.004,8,8.83,10,24.5,798.0,311.0,-0.0022,5.8,68.3,2.334,0.757,105.2,698.4,FOREST,0.468,,N0,NEWS-MANGAN-20240613_N0_2023,2023.0,30.1,124.8,296.1,0.2162,1.354,14.9,1.0,1.352,-11.146428571428576,0,0,0,0,0,1,0,0,1
NEWS-MANGAN-20240613,2023-05-20,,N0,0,0,0,21.4,39.4,54.6,315.5,18.3,35.0,-6.669,0,0.2447,REAL,0.0256,0.0269,1.358,ANALYTICAL-ensemble,0.0,8,8.83,10,24.5,798.0,311.0,-0.0022,5.8,68.3,2.334,0.757,105.2,698.4,FOREST,0.468,,N0,NEWS-MANGAN-20240613_N0_2023,2023.0,19.6,101.3,296.1,0.2191,1.358,21.4,2.0,1.352,-2.7821428571428592,0,0,0,0,0,1,0,0,1
NEWS-MANGAN-20240613,2023-05-21,,N0,0,0,0,21.8,46.3,76.3,331.5,0.4,46.3,1.416,0,0.2528,REAL,0.026,0.0398,1.357,ANALYTICAL-ensemble,-0.002,8,8.83,10,24.5,798.0,311.0,-0.0022,5.8,68.3,2.334,0.757,105.2,698.4,FOREST,0.468,,N0,NEWS-MANGAN-20240613_N0_2023,2023.0,30.0,66.4,296.1,0.2268,1.359,21.8,3.0,1.352,4.589285714285714,0,0,0,0,0,1,0,0,1
NEWS-MANGAN-20240613,2023-05-22,,N0,0,0,0,0.0,43.2,71.8,308.7,-21.8,38.7,2.499,1,0.2577,REAL,0.0206,0.0534,1.357,ANALYTICAL-ensemble,-0.003,8,8.83,10,24.5,798.0,311.0,-0.0022,5.8,68.3,2.334,0.757,105.2,698.4,FOREST,0.468,,N0,NEWS-MANGAN-20240613_N0_2023,2023.0,33.1,54.3,300.6,0.2371,1.36,21.8,3.0,1.352,9.39642857142857,0,0,0,0,0,1,0,0,1
NEWS-MANGAN-20240613,2023-05-23,,N0,0,0,0,0.0,21.8,62.9,297.2,0.0,8.3,4.683,2,0.2441,REAL,-0.0006,0.0279,1.36,ANALYTICAL-ensemble,0.002,8,8.83,10,24.5,798.0,311.0,-0.0022,5.8,68.3,2.334,0.757,105.2,698.4,FOREST,0.468,,N0,NEWS-MANGAN-20240613_N0_2023,2023.0,54.6,30.1,309.5,0.2447,1.358,21.8,3.0,1.352,9.167857142857143,0,0,0,0,0,1,0,0,1
NEWS-MANGAN-20240613,2023-05-24,,N0,0,0,0,0.4,0.4,61.6,294.3,0.4,-14.7,6.001,3,0.2409,REAL,-0.0119,0.0218,1.362,ANALYTICAL-ensemble,0.0,8,8.83,10,24.5,798.0,311.0,-0.0022,5.8,68.3,2.334,0.757,105.2,698.4,FOREST,0.468,,N0,NEWS-MANGAN-20240613_N0_2023,2023.0,76.3,19.6,303.1,0.2528,1.362,21.8,3.0,1.352,6.128571428571426,0,0,0,0,0,1,0,0,1
NEWS-MANGAN-20240613,2023-05-25,,N0,0,0,0,19.9,20.3,66.6,314.2,19.5,-5.2,5.227,0,0.241,REAL,-0.0167,0.0142,1.358,ANALYTICAL-ensemble,0.0,8,8.83,10,24.5,798.0,311.0,-0.0022,5.8,68.3,2.334,0.757,105.2,698.4,FOREST,0.468,,N0,NEWS-MANGAN-20240613_N0_2023,2023.0,71.8,30.0,317.0,0.2577,1.358,21.8,3.0,1.354,3.6107142857142844,0,0,0,0,0,1,0,0,1
NEWS-MANGAN-20240613,2023-05-26,,N0,0,0,0,18.8,39.2,82.4,328.3,-1.1,19.5,7.04,0,0.239,REAL,-0.0051,0.0019,1.358,ANALYTICAL-ensemble,0.0,8,8.83,10,24.5,798.0,311.0,-0.0022,5.8,68.3,2.334,0.757,105.2,698.4,FOREST,0.468,,N0,NEWS-MANGAN-20240613_N0_2023,2023.0,62.9,33.1,304.5,0.2441,1.358,21.8,4.0,1.357,1.921428571428573,0,0,0,0,0,1,0,0,1
NEWS-MANGAN-20240613,2023-05-27,,N0,0,0,0,28.6,67.4,89.5,347.3,9.8,27.9,4.99,0,0.2442,REAL,0.0033,-0.0005,1.354,ANALYTICAL-ensemble,-0.004,8,8.83,10,24.5,798.0,311.0,-0.0022,5.8,68.3,2.334,0.757,105.2,698.4,FOREST,0.468,,N0,NEWS-MANGAN-20240613_N0_2023,2023.0,61.6,54.6,315.5,0.2409,1.358,28.6,4.0,1.354,2.3035714285714226,0,0,0,0,0,1,0,0,1
NEWS-MANGAN-20240613,2023-05-28,,N0,0,0,0,8.7,56.1,76.5,349.2,-19.9,9.9,0.025,0,0.2465,REAL,0.0055,-0.0063,1.347,ANALYTICAL-ensemble,-0.01,8,8.83,10,24.5,798.0,311.0,-0.0022,5.8,68.3,2.334,0.757,105.2,698.4,FOREST,0.468,,N0,NEWS-MANGAN-20240613_N0_2023,2023.0,66.6,76.3,331.5,0.241,1.357,28.6,3.0,1.347,3.1464285714285745,0,0,0,0,0,1,0,0,1
NEWS-MANGAN-20240613,2023-05-29,,N0,0,0,0,1.3,38.6,77.8,328.2,-7.4,-4.6,0.857,1,0.2506,REAL,0.0116,-0.0071,1.351,ANALYTICAL-ensemble,-0.006,8,8.83,10,24.5,798.0,311.0,-0.0022,5.8,68.3,2.334,0.757,105.2,698.4,FOREST,0.468,,N0,NEWS-MANGAN-20240613_N0_2023,2023.0,82.4,71.8,308.7,0.239,1.357,28.6,3.0,1.347,3.4785714285714247,0,0,0,0,0,1,0,0,1
NEWS-MANGAN-20240613,2023-05-30,,N0,0,0,0,0.0,10.0,77.8,312.9,-1.3,-11.7,2.13,2,0.2578,REAL,0.0136,0.0137,1.357,ANALYTICAL-ensemble,-0.003,8,8.83,10,24.5,798.0,311.0,-0.0022,5.8,68.3,2.334,0.757,105.2,698.4,FOREST,0.468,,N0,NEWS-MANGAN-20240613_N0_2023,2023.0,89.5,62.9,297.2,0.2442,1.36,28.6,3.0,1.347,2.3249999999999984,0,0,0,0,0,1,0,0,1
NEWS-MANGAN-20240613,2023-05-31,,N0,0,0,0,0.0,1.3,77.4,297.9,0.0,0.9,2.256,3,0.2589,REAL,0.0124,0.018,1.361,ANALYTICAL-ensemble,-0.001,8,8.83,10,24.5,798.0,311.0,-0.0022,5.8,68.3,2.334,0.757,105.2,698.4,FOREST,0.468,,N0,NEWS-MANGAN-20240613_N0_2023,2023.0,76.5,61.6,294.3,0.2465,1.362,28.6,3.0,1.347,0.41071428571428475,0,0,0,0,0,1,0,0,1
NEWS-MANGAN-20240613,2023-06-01,,N0,0,0,0,4.5,4.5,61.9,293.9,4.5,-15.9,-0.678,0,0.256,REAL,0.0054,0.015,1.362,ANALYTICAL-ensemble,0.004,8,8.83,10,24.5,798.0,311.0,-0.0022,5.8,68.3,2.334,0.757,105.2,698.4,FOREST,0.468,,N0,NEWS-MANGAN-20240613_N0_2023,2023.0,77.8,66.6,314.2,0.2506,1.358,28.6,2.0,1.347,-3.014285714285713,0,0,0,0,0,1,0,0,1
NEWS-MANGAN-20240613,2023-06-02,,N0,0,0,0,5.1,9.6,48.2,297.2,0.6,-29.6,-4.883,0,0.2506,REAL,-0.0072,0.0116,1.362,ANALYTICAL-ensemble,0.004,8,8.83,10,24.5,798.0,311.0,-0.0022,5.8,68.3,2.334,0.757,105.2,698.4,FOREST,0.468,,N0,NEWS-MANGAN-20240613_N0_2023,2023.0,77.8,82.4,328.3,0.2578,1.358,28.6,1.0,1.347,-5.482142857142859,0,0,0,0,0,1,0,0,1
NEWS-MANGAN-20240613,2023-06-03,,N0,0,0,0,4.2,13.8,23.8,294.9,-0.9,-53.6,-9.39,0,0.2442,REAL,-0.0147,0.0,1.362,ANALYTICAL-ensemble,0.008,8,8.83,10,24.5,798.0,311.0,-0.0022,5.8,68.3,2.334,0.757,105.2,698.4,FOREST,0.468,,N0,NEWS-MANGAN-20240613_N0_2023,2023.0,77.4,89.5,347.3,0.2589,1.354,8.7,0.0,1.347,-8.32857142857143,0,0,0,0,0,1,0,0,1
NEWS-MANGAN-20240613,2023-06-04,,N0,0,0,0,0.2,9.6,15.3,292.9,-4.0,-46.6,-8.739,1,0.2407,REAL,-0.0153,-0.0058,1.362,ANALYTICAL-ensemble,0.015,8,8.83,10,24.5,798.0,311.0,-0.0022,5.8,68.3,2.334,0.757,105.2,698.4,FOREST,0.468,,N0,NEWS-MANGAN-20240613_N0_2023,2023.0,61.9,76.5,349.2,0.256,1.347,5.1,0.0,1.347,-11.596428571428577,0,0,0,0,0,1,0,0,1
NEWS-MANGAN-20240613,2023-06-05,,N0,0,0,0,0.0,4.4,14.0,269.4,-0.2,-34.2,-9.109,2,0.2353,REAL,-0.0153,-0.0153,1.365,ANALYTICAL-ensemble,0.014,8,8.83,10,24.5,798.0,311.0,-0.0022,5.8,68.3,2.334,0.757,105.2,698.4,FOREST,0.468,,N0,NEWS-MANGAN-20240613_N0_2023,2023.0,48.2,77.8,328.2,0.2506,1.351,5.1,0.0,1.347,-12.632142857142862,0,0,0,0,0,1,0,0,1
NEWS-MANGAN-20240613,2023-06-06,,N0,0,0,0,0.0,0.2,14.0,234.5,0.0,-9.8,-9.109,3,0.2322,REAL,-0.012,-0.0256,1.374,ANALYTICAL-ensemble,0.017,8,8.83,10,24.5,798.0,311.0,-0.0022,5.8,68.3,2.334,0.757,105.2,698.4,FOREST,0.468,,N0,NEWS-MANGAN-20240613_N0_2023,2023.0,23.8,77.8,312.9,0.2442,1.357,5.1,0.0,1.347,-11.389285714285718,0,0,0,0,0,1,0,0,1
NEWS-MANGAN-20240613,2023-06-07,,N0,0,0,0,0.0,0.0,14.0,217.9,0.0,-1.3,-9.052,4,0.2269,REAL,-0.0138,-0.032,1.379,ANALYTICAL-ensemble,0.018,8,8.83,10,24.5,798.0,311.0,-0.0022,5.8,68.3,2.334,0.757,105.2,698.4,FOREST,0.468,,N0,NEWS-MANGAN-20240613_N0_2023,2023.0,15.3,77.4,297.9,0.2407,1.361,5.1,0.0,1.347,-7.925,0,0,0,0,0,1,0,0,1
NEWS-MANGAN-20240613,2023-06-08,,N0,0,0,0,0.0,0.0,9.6,184.8,0.0,-4.4,-7.471,5,0.2221,REAL,-0.0132,-0.0339,1.389,ANALYTICAL-ensemble,0.027,8,8.83,10,24.5,798.0,311.0,-0.0022,5.8,68.3,2.334,0.757,105.2,698.4,FOREST,0.468,,N0,NEWS-MANGAN-20240613_N0_2023,2023.0,14.0,61.9,293.9,0.2353,1.362,5.1,0.0,1.347,-4.882142857142858,0,0,0,0,0,1,0,0,1
NEWS-MANGAN-20240613,2023-06-09,,N0,0,0,0,6.1,6.1,10.5,178.7,6.1,-3.5,-5.386,0,0.2186,REAL,-0.0136,-0.032,1.39,ANALYTICAL-ensemble,0.028,8,8.83,10,24.5,798.0,311.0,-0.0022,5.8,68.3,2.334,0.757,105.2,698.4,FOREST,0.468,,N0,NEWS-MANGAN-20240613_N0_2023,2023.0,14.0,48.2,297.2,0.2322,1.362,6.1,0.0,1.347,-1.832142857142857,0,0,0,0,0,1,0,0,1
NEWS-MANGAN-20240613,2023-06-10,,N0,0,0,0,6.7,12.7,13.0,180.9,0.6,-1.0,-1.541,0,0.214,REAL,-0.0129,-0.0302,1.39,ANALYTICAL-ensemble,0.028,8,8.83,10,24.5,798.0,311.0,-0.0022,5.8,68.3,2.334,0.757,105.2,698.4,FOREST,0.468,,N0,NEWS-MANGAN-20240613_N0_2023,2023.0,14.0,23.8,294.9,0.2269,1.362,6.7,0.0,1.347,-0.6535714285714289,0,0,0,0,0,1,0,0,1
NEWS-MANGAN-20240613,2023-06-11,,N0,0,0,0,4.3,17.1,17.1,185.2,-2.4,7.5,0.253,0,0.2119,REAL,-0.0102,-0.0288,1.389,ANALYTICAL-ensemble,0.027,8,8.83,10,24.5,798.0,311.0,-0.0022,5.8,68.3,2.334,0.757,105.2,698.4,FOREST,0.468,,N0,NEWS-MANGAN-20240613_N0_2023,2023.0,9.6,15.3,292.9,0.2221,1.362,6.7,0.0,1.351,0.13571428571428523,0,0,0,0,0,1,0,0,1
NEWS-MANGAN-20240613,2023-06-12,,N0,0,0,0,35.3,46.3,52.4,220.5,31.0,41.9,5.48,0,0.2154,REAL,-0.0032,-0.0199,1.378,ANALYTICAL-ensemble,0.013,8,8.83,10,24.5,798.0,311.0,-0.0022,5.8,68.3,2.334,0.757,105.2,698.4,FOREST,0.468,,N0,NEWS-MANGAN-20240613_N0_2023,2023.0,10.5,14.0,269.4,0.2186,1.365,35.3,1.0,1.357,4.457142857142856,0,0,0,0,0,1,0,0,1
NEWS-MANGAN-20240613,2023-06-13,,N0,0,0,0,9.8,49.4,62.1,230.3,-25.5,49.1,6.865,0,0.22,REAL,0.006,-0.0122,1.365,ANALYTICAL-ensemble,-0.009,8,8.83,10,24.5,798.0,311.0,-0.0022,5.8,68.3,2.334,0.757,105.2,698.4,FOREST,0.468,,N0,NEWS-MANGAN-20240613_N0_2023,2023.0,13.0,14.0,234.5,0.214,1.374,35.3,1.0,1.361,8.44642857142857,0,0,0,0,0,1,0,0,1
NEWS-MANGAN-20240613,2023-04-05,,N1,0,0,0,18.2,55.8,97.4,347.4,-10.0,9.2,0.027,0,0.2477,PROXY-spatial,0.0042,-0.0043,1.347,ANALYTICAL-ensemble,-0.014,8,8.83,10,24.5,798.0,311.0,-0.0022,5.8,68.3,2.334,0.757,105.2,698.4,FOREST,0.468,,N1,NEWS-MANGAN-20240613_N1_2023,2023.0,,,,,,18.2,1.0,1.347,,0,0,0,0,0,1,0,0,1
NEWS-MANGAN-20240613,2023-04-06,,N1,0,0,0,8.9,55.3,105.2,344.1,-9.3,19.8,2.937,0,0.2632,PROXY-spatial,0.0242,0.0159,1.346,ANALYTICAL-ensemble,-0.015,8,8.83,10,24.5,798.0,311.0,-0.0022,5.8,68.3,2.334,0.757,105.2,698.4,FOREST,0.468,,N1,NEWS-MANGAN-20240613_N1_2023,2023.0,,,,,,18.2,1.0,1.346,,0,0,0,0,0,1,0,0,1
NEWS-MANGAN-20240613,2023-04-07,,N1,0,0,0,15.8,42.8,120.8,359.9,6.9,29.2,8.855,0,,MISSING (window-absent),,,1.345,ANALYTICAL-ensemble,-0.018,8,8.83,10,24.5,798.0,311.0,-0.0022,5.8,68.3,2.334,0.757,105.2,698.4,FOREST,0.468,,N1,NEWS-MANGAN-20240613_N1_2023,2023.0,,,,,,18.2,2.0,1.345,,1,0,0,0,0,1,0,0,1
NEWS-MANGAN-20240613,2023-04-08,,N1,0,0,0,0.0,24.6,91.7,346.9,-15.8,-5.7,2.097,1,,MISSING (window-absent),,,1.346,ANALYTICAL-ensemble,-0.014,8,8.83,10,24.5,798.0,311.0,-0.0022,5.8,68.3,2.334,0.757,105.2,698.4,FOREST,0.468,,N1,NEWS-MANGAN-20240613_N1_2023,2023.0,97.4,,,0.2477,,18.2,2.0,1.345,-0.15000000000000113,1,0,0,0,0,1,0,0,1
NEWS-MANGAN-20240613,2023-04-09,,N1,0,0,0,4.6,20.3,85.0,351.4,4.6,-20.2,-0.463,0,,MISSING (window-absent),,,1.346,ANALYTICAL-ensemble,-0.013,8,8.83,10,24.5,798.0,311.0,-0.0022,5.8,68.3,2.334,0.757,105.2,698.4,FOREST,0.468,,N1,NEWS-MANGAN-20240613_N1_2023,2023.0,105.2,,,0.2632,,18.2,2.0,1.345,-3.829999999999999,1,0,0,0,0,1,0,0,1
NEWS-MANGAN-20240613,2023-04-10,,N1,0,0,0,4.0,8.5,79.5,350.4,-0.6,-41.3,-0.844,0,,MISSING (window-absent),,,1.346,ANALYTICAL-ensemble,-0.011,8,8.83,10,24.5,798.0,311.0,-0.0022,5.8,68.3,2.334,0.757,105.2,698.4,FOREST,0.468,,N1,NEWS-MANGAN-20240613_N1_2023,2023.0,120.8,,,,,18.2,2.0,1.345,-5.120000000000002,1,0,0,0,0,1,0,0,1
NEWS-MANGAN-20240613,2023-04-11,,N1,0,0,0,11.0,19.5,62.3,359.2,7.0,-29.4,-4.191,0,,MISSING (window-absent),,,1.346,ANALYTICAL-ensemble,-0.009,8,8.83,10,24.5,798.0,311.0,-0.0022,5.8,68.3,2.334,0.757,105.2,698.4,FOREST,0.468,,N1,NEWS-MANGAN-20240613_N1_2023,2023.0,91.7,,,,,18.2,3.0,1.345,-6.874999999999997,1,0,0,0,0,1,0,0,1
NEWS-MANGAN-20240613,2023-04-12,,N1,0,0,0,0.0,14.9,44.1,359.2,-11.0,-40.9,-7.62,1,,MISSING (window-absent),,,1.346,ANALYTICAL-ensemble,-0.001,8,8.83,10,24.5,798.0,311.0,-0.0022,5.8,68.3,2.334,0.757,105.2,698.4,FOREST,0.468,,N1,NEWS-MANGAN-20240613_N1_2023,2023.0,85.0,97.4,347.4,,1.347,15.8,2.0,1.345,-11.160714285714288,1,0,0,0,0,1,0,0,1
NEWS-MANGAN-20240613,2023-04-13,,N1,0,0,0,0.0,11.0,35.3,358.0,-0.0,-44.2,-9.992,2,,MISSING (window-absent),,,1.35,ANALYTICAL-ensemble,0.004,8,8.83,10,24.5,798.0,311.0,-0.0022,5.8,68.3,2.334,0.757,105.2,698.4,FOREST,0.468,,N1,NEWS-MANGAN-20240613_N1_2023,2023.0,79.5,105.2,344.1,,1.346,15.8,2.0,1.345,-13.371428571428572,1,0,0,0,0,1,0,0,1
NEWS-MANGAN-20240613,2023-04-14,,N1,0,0,0,0.0,0.0,19.5,330.3,0.0,-42.8,-14.471,3,,MISSING (window-absent),,,1.36,ANALYTICAL-ensemble,0.015,8,8.83,10,24.5,798.0,311.0,-0.0022,5.8,68.3,2.334,0.757,105.2,698.4,FOREST,0.468,,N1,NEWS-MANGAN-20240613_N1_2023,2023.0,62.3,120.8,359.9,,1.345,11.0,1.0,1.345,-12.549999999999999,1,0,0,0,0,1,0,0,1
NEWS-MANGAN-20240613,2023-04-15,,N1,0,0,0,0.0,0.0,19.5,317.9,0.0,-24.6,-10.317,4,,MISSING (window-absent),,,1.361,ANALYTICAL-ensemble,0.015,8,8.83,10,24.5,798.0,311.0,-0.0022,5.8,68.3,2.334,0.757,105.2,698.4,FOREST,0.468,,N1,NEWS-MANGAN-20240613_N1_2023,2023.0,44.1,91.7,346.9,,1.346,11.0,1.0,1.345,-12.267857142857148,1,0,0,0,0,1,0,0,1
NEWS-MANGAN-20240613,2023-04-16,,N1,0,0,0,0.0,0.0,14.9,298.5,0.0,-20.4,-10.009,5,,MISSING (window-absent),,,1.362,ANALYTICAL-ensemble,0.016,8,8.83,10,24.5,798.0,311.0,-0.0022,5.8,68.3,2.334,0.757,105.2,698.4,FOREST,0.468,,N1,NEWS-MANGAN-20240613_N1_2023,2023.0,35.3,85.0,351.4,,1.346,11.0,1.0,1.345,-10.857142857142858,1,0,0,0,0,1,0,0,1
NEWS-MANGAN-20240613,2023-04-17,,N1,0,0,0,8.0,8.0,19.0,302.3,8.0,-0.5,-8.649,0,,MISSING (window-absent),,,1.362,ANALYTICAL-ensemble,0.016,8,8.83,10,24.5,798.0,311.0,-0.0022,5.8,68.3,2.334,0.757,105.2,698.4,FOREST,0.468,,N1,NEWS-MANGAN-20240613_N1_2023,2023.0,19.5,79.5,350.4,,1.346,11.0,1.0,1.345,-7.289285714285716,1,0,0,0,0,1,0,0,1
NEWS-MANGAN-20240613,2023-04-18,,N1,0,0,0,1.0,9.1,9.1,295.9,-7.0,-10.4,-7.602,1,,MISSING (window-absent),,,1.362,ANALYTICAL-ensemble,0.016,8,8.83,10,24.5,798.0,311.0,-0.0022,5.8,68.3,2.334,0.757,105.2,698.4,FOREST,0.468,,N1,NEWS-MANGAN-20240613_N1_2023,2023.0,19.5,62.3,359.2,,1.346,8.0,0.0,1.345,-5.078571428571431,1,0,0,0,0,1,0,0,1
NEWS-MANGAN-20240613,2023-04-19,,N1,0,0,0,15.7,24.7,24.7,298.6,14.7,9.8,-2.778,0,,MISSING (window-absent),,,1.363,ANALYTICAL-ensemble,0.017,8,8.83,10,24.5,798.0,311.0,-0.0022,5.8,68.3,2.334,0.757,105.2,698.4,FOREST,0.468,,N1,NEWS-MANGAN-20240613_N1_2023,2023.0,14.9,44.1,359.2,,1.346,15.7,1.0,1.345,-1.8964285714285702,1,0,0,0,0,1,0,0,1
NEWS-MANGAN-20240613,2023-04-20,,N1,0,0,0,10.4,27.1,35.1,295.3,-5.3,16.1,-0.024,0,,MISSING (window-absent),,,1.362,ANALYTICAL-ensemble,0.012,8,8.83,10,24.5,798.0,311.0,-0.0022,5.8,68.3,2.334,0.757,105.2,698.4,FOREST,0.468,,N1,NEWS-MANGAN-20240613_N1_2023,2023.0,19.0,35.3,358.0,,1.35,15.7,2.0,1.345,1.8357142857142843,1,0,0,0,0,1,0,0,1
NEWS-MANGAN-20240613,2023-04-21,,N1,0,0,0,5.7,31.8,40.8,279.6,-4.7,31.7,3.041,0,,MISSING (window-absent),,,1.362,ANALYTICAL-ensemble,0.002,8,8.83,10,24.5,798.0,311.0,-0.0022,5.8,68.3,2.334,0.757,105.2,698.4,FOREST,0.468,,N1,NEWS-MANGAN-20240613_N1_2023,2023.0,9.1,19.5,330.3,,1.36,15.7,2.0,1.346,3.9285714285714284,1,0,0,0,0,1,0,0,1
NEWS-MANGAN-20240613,2023-04-22,,N1,0,0,0,22.8,38.9,63.6,288.8,17.1,38.9,6.298,0,,MISSING (window-absent),,,1.36,ANALYTICAL-ensemble,-0.001,8,8.83,10,24.5,798.0,311.0,-0.0022,5.8,68.3,2.334,0.757,105.2,698.4,FOREST,0.468,,N1,NEWS-MANGAN-20240613_N1_2023,2023.0,24.7,19.5,317.9,,1.361,22.8,3.0,1.346,7.7035714285714265,1,0,0,0,0,1,0,0,1
NEWS-MANGAN-20240613,2023-04-23,,N1,0,0,0,11.5,40.0,75.2,274.3,-11.3,40.1,8.608,0,,MISSING (window-absent),,,1.36,ANALYTICAL-ensemble,-0.002,8,8.83,10,24.5,798.0,311.0,-0.0022,5.8,68.3,2.334,0.757,105.2,698.4,FOREST,0.468,,N1,NEWS-MANGAN-20240613_N1_2023,2023.0,35.1,14.9,298.5,,1.362,22.8,4.0,1.346,10.489285714285714,1,0,0,0,0,1,0,0,1
NEWS-MANGAN-20240613,2023-04-24,,N1,0,0,0,3.3,37.7,70.5,266.8,-8.2,29.7,7.354,0,,MISSING (window-absent),,,1.362,ANALYTICAL-ensemble,0.0,8,8.83,10,24.5,798.0,311.0,-0.0022,5.8,68.3,2.334,0.757,105.2,698.4,FOREST,0.468,,N1,NEWS-MANGAN-20240613_N1_2023,2023.0,40.8,19.0,302.3,,1.362,22.8,4.0,1.346,11.203571428571431,1,0,0,0,0,1,0,0,1
NEWS-MANGAN-20240613,2023-04-25,,N1,0,0,0,0.0,14.9,69.4,266.7,-3.3,5.8,8.616,1,,MISSING (window-absent),,,1.362,ANALYTICAL-ensemble,0.0,8,8.83,10,24.5,798.0,311.0,-0.0022,5.8,68.3,2.334,0.757,105.2,698.4,FOREST,0.468,,N1,NEWS-MANGAN-20240613_N1_2023,2023.0,63.6,9.1,295.9,,1.362,22.8,4.0,1.346,8.546428571428574,1,0,0,0,0,1,0,0,1
NEWS-MANGAN-20240613,2023-04-26,,N1,0,0,0,4.7,8.1,58.5,259.2,4.7,-16.7,4.825,0,,MISSING (window-absent),,,1.364,ANALYTICAL-ensemble,0.001,8,8.83,10,24.5,798.0,311.0,-0.0022,5.8,68.3,2.334,0.757,105.2,698.4,FOREST,0.468,,N1,NEWS-MANGAN-20240613_N1_2023,2023.0,75.2,24.7,298.6,,1.363,22.8,3.0,1.35,4.7964285714285735,1,0,0,0,0,1,0,0,1
NEWS-MANGAN-20240613,2023-04-27,,N1,0,0,0,9.6,14.4,57.8,246.9,4.9,-12.7,3.239,0,,MISSING (window-absent),,,1.365,ANALYTICAL-ensemble,0.003,8,8.83,10,24.5,798.0,311.0,-0.0022,5.8,68.3,2.334,0.757,105.2,698.4,FOREST,0.468,,N1,NEWS-MANGAN-20240613_N1_2023,2023.0,70.5,35.1,295.3,,1.362,22.8,2.0,1.36,1.2500000000000022,1,0,0,0,0,1,0,0,1
NEWS-MANGAN-20240613,2023-04-28,,N1,0,0,0,6.7,21.1,58.8,241.2,-2.9,-10.6,2.566,0,,MISSING (window-absent),,,1.365,ANALYTICAL-ensemble,0.003,8,8.83,10,24.5,798.0,311.0,-0.0022,5.8,68.3,2.334,0.757,105.2,698.4,FOREST,0.468,,N1,NEWS-MANGAN-20240613_N1_2023,2023.0,69.4,40.8,279.6,,1.362,22.8,2.0,1.36,-2.185714285714287,1,0,0,0,0,1,0,0,1
NEWS-MANGAN-20240613,2023-04-29,,N1,0,0,0,22.3,38.7,58.3,262.4,15.6,-0.2,-0.763,0,,MISSING (window-absent),,,1.363,ANALYTICAL-ensemble,0.003,8,8.83,10,24.5,798.0,311.0,-0.0022,5.8,68.3,2.334,0.757,105.2,698.4,FOREST,0.468,,N1,NEWS-MANGAN-20240613_N1_2023,2023.0,58.5,63.6,288.8,,1.36,22.3,2.0,1.36,-3.0607142857142877,1,0,0,0,0,1,0,0,1
NEWS-MANGAN-20240613,2023-04-30,,N1,0,0,0,15.4,44.4,62.1,277.6,-6.9,4.3,-1.867,0,,MISSING (window-absent),,,1.36,ANALYTICAL-ensemble,0.0,8,8.83,10,24.5,798.0,311.0,-0.0022,5.8,68.3,2.334,0.757,105.2,698.4,FOREST,0.468,,N1,NEWS-MANGAN-20240613_N1_2023,2023.0,57.8,75.2,274.3,,1.36,22.3,2.0,1.36,-1.6821428571428607,1,0,0,0,0,1,0,0,1
NEWS-MANGAN-20240613,2023-05-01,,N1,0,0,0,15.0,52.6,73.8,263.5,-0.4,15.0,0.476,0,0.2649,PROXY-spatial,,,1.361,ANALYTICAL-ensemble,-0.001,8,8.83,10,24.5,798.0,311.0,-0.0022,5.8,68.3,2.334,0.757,105.2,698.4,FOREST,0.468,,N1,NEWS-MANGAN-20240613_N1_2023,2023.0,58.8,70.5,266.8,,1.362,22.3,3.0,1.36,0.7464285714285668,0,0,0,0,0,1,0,0,1
NEWS-MANGAN-20240613,2023-05-02,,N1,0,0,0,8.4,38.8,82.2,260.6,-6.6,23.9,1.822,0,0.247,PROXY-spatial,,,1.361,ANALYTICAL-ensemble,-0.001,8,8.83,10,24.5,798.0,311.0,-0.0022,5.8,68.3,2.334,0.757,105.2,698.4,FOREST,0.468,,N1,NEWS-MANGAN-20240613_N1_2023,2023.0,58.3,69.4,266.7,,1.362,22.3,3.0,1.36,3.8000000000000003,0,0,0,0,0,1,0,0,1
NEWS-MANGAN-20240613,2023-05-03,,N1,0,0,0,1.9,25.3,79.3,253.1,-6.5,17.2,2.967,1,0.2419,PROXY-spatial,,,1.363,ANALYTICAL-ensemble,-0.001,8,8.83,10,24.5,798.0,311.0,-0.0022,5.8,68.3,2.334,0.757,105.2,698.4,FOREST,0.468,,N1,NEWS-MANGAN-20240613_N1_2023,2023.0,62.1,58.5,259.2,,1.364,22.3,3.0,1.36,4.528571428571428,0,0,0,0,0,1,0,0,1
NEWS-MANGAN-20240613,2023-05-04,,N1,0,0,0,6.4,16.7,76.1,231.4,4.5,2.3,2.618,0,0.2394,PROXY-spatial,-0.0255,,1.365,ANALYTICAL-ensemble,0.0,8,8.83,10,24.5,798.0,311.0,-0.0022,5.8,68.3,2.334,0.757,105.2,698.4,FOREST,0.468,,N1,NEWS-MANGAN-20240613_N1_2023,2023.0,73.8,57.8,246.9,0.2649,1.365,22.3,3.0,1.36,4.0714285714285685,0,0,0,0,0,1,0,0,1
NEWS-MANGAN-20240613,2023-05-05,,N1,0,0,0,2.3,10.6,71.7,215.4,-4.1,-10.5,1.843,1,0.2438,PROXY-spatial,-0.0032,,1.366,ANALYTICAL-ensemble,0.001,8,8.83,10,24.5,798.0,311.0,-0.0022,5.8,68.3,2.334,0.757,105.2,698.4,FOREST,0.468,,N1,NEWS-MANGAN-20240613_N1_2023,2023.0,82.2,58.8,241.2,0.247,1.365,22.3,3.0,1.36,2.6321428571428522,0,0,0,0,0,1,0,0,1
NEWS-MANGANCHUNG-20200627,2020-04-28,60.0,bg,0,0,0,10.4,16.3,50.9,313.7,5.0,-73.2,-9.343,0,0.2489,REAL,0.0122,0.0265,1.357,ANALYTICAL-ensemble,-0.002,8,8.83,7,24.5,798.0,311.0,-0.0022,5.8,68.3,2.334,0.757,105.2,698.4,FOREST,0.4,842.3,POS,NEWS-MANGANCHUNG-20200627,,,,,,,10.4,1.0,1.357,,0,0,0,0,0,1,0,0,0
NEWS-MANGANCHUNG-20200627,2020-04-29,59.0,bg,0,0,0,0.6,16.5,41.7,314.3,-9.8,-46.4,-12.043,1,0.2476,REAL,0.0089,0.0239,1.357,ANALYTICAL-ensemble,-0.001,8,8.83,7,24.5,798.0,311.0,-0.0022,5.8,68.3,2.334,0.757,105.2,698.4,FOREST,0.4,842.3,POS,NEWS-MANGANCHUNG-20200627,,,,,,,10.4,1.0,1.357,,0,0,0,0,0,1,0,0,0
NEWS-MANGANCHUNG-20200627,2020-04-30,58.0,bg,0,0,0,2.7,13.8,34.6,317.1,2.1,-40.8,-14.471,0,0.2506,REAL,0.0102,0.0233,1.358,ANALYTICAL-ensemble,0.002,8,8.83,7,24.5,798.0,311.0,-0.0022,5.8,68.3,2.334,0.757,105.2,698.4,FOREST,0.4,842.3,POS,NEWS-MANGANCHUNG-20200627,,,,,,,10.4,1.0,1.357,,0,0,0,0,0,1,0,0,0
NEWS-MANGANCHUNG-20200627,2020-05-01,57.0,bg,0,0,0,3.5,6.8,31.2,317.2,0.8,-19.7,-13.443,0,0.2499,REAL,0.001,0.0146,1.36,ANALYTICAL-ensemble,0.006,8,8.83,7,24.5,798.0,311.0,-0.0022,5.8,68.3,2.334,0.757,105.2,698.4,FOREST,0.4,842.3,POS,NEWS-MANGANCHUNG-20200627,,50.9,,,0.2489,,10.4,1.0,1.357,-6.619999999999996,0,0,0,0,0,1,0,0,0
NEWS-MANGANCHUNG-20200627,2020-05-02,56.0,bg,0,0,0,1.6,7.8,24.7,287.1,-1.9,-17.0,-14.2,1,0.2555,REAL,0.0079,0.0188,1.362,ANALYTICAL-ensemble,0.007,8,8.83,7,24.5,798.0,311.0,-0.0022,5.8,68.3,2.334,0.757,105.2,698.4,FOREST,0.4,842.3,POS,NEWS-MANGANCHUNG-20200627,,41.7,,,0.2476,,10.4,1.0,1.357,-6.290000000000007,0,0,0,0,0,1,0,0,0
NEWS-MANGANCHUNG-20200627,2020-05-03,55.0,bg,0,0,0,0.7,5.8,25.0,262.0,-0.9,-9.6,-9.014,2,0.2546,REAL,0.004,0.0159,1.364,ANALYTICAL-ensemble,0.009,8,8.83,7,24.5,798.0,311.0,-0.0022,5.8,68.3,2.334,0.757,105.2,698.4,FOREST,0.4,842.3,POS,NEWS-MANGANCHUNG-20200627,,34.6,,,0.2506,,10.4,1.0,1.357,-5.254285714285716,0,0,0,0,0,1,0,0,0
NEWS-MANGANCHUNG-20200627,2020-05-04,54.0,bg,0,0,0,3.3,5.6,22.8,262.1,2.6,-8.4,-7.514,0,0.2516,REAL,0.0017,0.0112,1.365,ANALYTICAL-ensemble,0.007,8,8.83,7,24.5,798.0,311.0,-0.0022,5.8,68.3,2.334,0.757,105.2,698.4,FOREST,0.4,842.3,POS,NEWS-MANGANCHUNG-20200627,,31.2,,,0.2499,,10.4,1.0,1.357,-4.557142857142858,0,0,0,0,0,1,0,0,0
NEWS-MANGANCHUNG-20200627,2020-05-05,53.0,bg,0,0,0,8.4,12.4,20.9,258.7,5.1,-3.8,-4.286,0,0.2419,REAL,-0.0136,-0.007,1.365,ANALYTICAL-ensemble,0.008,8,8.83,7,24.5,798.0,311.0,-0.0022,5.8,68.3,2.334,0.757,105.2,698.4,FOREST,0.4,842.3,POS,NEWS-MANGANCHUNG-20200627,,24.7,50.9,313.7,0.2555,1.357,8.4,0.0,1.357,-3.2928571428571427,0,0,0,0,0,1,0,0,0
NEWS-MANGANCHUNG-20200627,2020-05-06,52.0,bg,0,0,0,4.3,16.0,24.5,263.0,-4.1,-0.5,-2.457,0,0.2417,REAL,-0.0129,-0.0059,1.365,ANALYTICAL-ensemble,0.008,8,8.83,7,24.5,798.0,311.0,-0.0022,5.8,68.3,2.334,0.757,105.2,698.4,FOREST,0.4,842.3,POS,NEWS-MANGANCHUNG-20200627,,25.0,41.7,314.3,0.2546,1.357,8.4,0.0,1.357,-1.8857142857142888,0,0,0,0,0,1,0,0,0
NEWS-MANGANCHUNG-20200627,2020-05-07,51.0,bg,0,0,0,10.9,23.6,32.7,259.7,6.6,9.9,-0.271,0,0.2414,REAL,-0.0102,-0.0092,1.365,ANALYTICAL-ensemble,0.007,8,8.83,7,24.5,798.0,311.0,-0.0022,5.8,68.3,2.334,0.757,105.2,698.4,FOREST,0.4,842.3,POS,NEWS-MANGANCHUNG-20200627,,22.8,34.6,317.1,0.2516,1.358,10.9,1.0,1.357,6.248923577092105e-16,0,0,0,0,0,1,0,0,0
NEWS-MANGANCHUNG-20200627,2020-05-08,50.0,bg,0,0,0,14.6,29.8,43.8,266.8,3.7,22.9,1.8,0,0.2426,REAL,0.0007,-0.0073,1.364,ANALYTICAL-ensemble,0.004,8,8.83,7,24.5,798.0,311.0,-0.0022,5.8,68.3,2.334,0.757,105.2,698.4,FOREST,0.4,842.3,POS,NEWS-MANGANCHUNG-20200627,,20.9,31.2,317.2,0.2419,1.36,14.6,2.0,1.357,2.657142857142856,0,0,0,0,0,1,0,0,0
NEWS-MANGANCHUNG-20200627,2020-05-09,49.0,bg,0,0,0,0.0,25.5,42.2,243.4,-14.6,17.7,2.5,1,0.2386,REAL,-0.0031,-0.0169,1.365,ANALYTICAL-ensemble,0.003,8,8.83,7,24.5,798.0,311.0,-0.0022,5.8,68.3,2.334,0.757,105.2,698.4,FOREST,0.4,842.3,POS,NEWS-MANGANCHUNG-20200627,,24.5,24.7,287.1,0.2417,1.362,14.6,2.0,1.357,3.764285714285714,0,0,0,0,0,1,0,0,0
NEWS-MANGANCHUNG-20200627,2020-05-10,48.0,bg,0,0,0,0.0,14.6,41.5,223.7,0.0,8.8,2.357,2,0.2367,REAL,-0.0047,-0.0179,1.369,ANALYTICAL-ensemble,0.005,8,8.83,7,24.5,798.0,311.0,-0.0022,5.8,68.3,2.334,0.757,105.2,698.4,FOREST,0.4,842.3,POS,NEWS-MANGANCHUNG-20200627,,32.7,25.0,262.0,0.2414,1.364,14.6,2.0,1.357,4.214285714285715,0,0,0,0,0,1,0,0,0
NEWS-MANGANCHUNG-20200627,2020-05-11,47.0,bg,0,0,0,1.7,1.7,39.9,224.8,1.7,-3.9,2.443,3,0.2333,REAL,-0.0093,-0.0183,1.372,ANALYTICAL-ensemble,0.007,8,8.83,7,24.5,798.0,311.0,-0.0022,5.8,68.3,2.334,0.757,105.2,698.4,FOREST,0.4,842.3,POS,NEWS-MANGANCHUNG-20200627,,43.8,22.8,262.1,0.2426,1.365,14.6,2.0,1.357,3.589285714285715,0,0,0,0,0,1,0,0,0
NEWS-MANGANCHUNG-20200627,2020-05-12,46.0,bg,0,0,0,5.2,6.8,36.6,224.6,3.5,-5.6,2.243,0,0.2333,REAL,-0.0053,-0.0086,1.371,ANALYTICAL-ensemble,0.006,8,8.83,7,24.5,798.0,311.0,-0.0022,5.8,68.3,2.334,0.757,105.2,698.4,FOREST,0.4,842.3,POS,NEWS-MANGANCHUNG-20200627,,42.2,20.9,258.7,0.2386,1.365,14.6,2.0,1.357,1.728571428571429,0,0,0,0,0,1,0,0,0
NEWS-MANGANCHUNG-20200627,2020-05-13,45.0,bg,0,0,0,13.9,20.8,46.3,238.5,8.7,4.8,3.114,0,0.2349,REAL,-0.0018,-0.0068,1.368,ANALYTICAL-ensemble,0.003,8,8.83,7,24.5,798.0,311.0,-0.0022,5.8,68.3,2.334,0.757,105.2,698.4,FOREST,0.4,842.3,POS,NEWS-MANGANCHUNG-20200627,,41.5,24.5,263.0,0.2367,1.365,14.6,3.0,1.358,0.8607142857142864,0,0,0,0,0,1,0,0,0
NEWS-MANGANCHUNG-20200627,2020-05-14,44.0,bg,0,0,0,0.0,19.1,35.4,238.5,-13.9,-4.5,0.386,1,0.2346,REAL,0.0013,-0.0068,1.365,ANALYTICAL-ensemble,0.0,8,8.83,7,24.5,798.0,311.0,-0.0022,5.8,68.3,2.334,0.757,105.2,698.4,FOREST,0.4,842.3,POS,NEWS-MANGANCHUNG-20200627,,39.9,32.7,259.7,0.2333,1.365,14.6,2.0,1.36,-0.7821428571428567,0,0,0,0,0,1,0,0,0
NEWS-MANGANCHUNG-20200627,2020-05-15,43.0,bg,0,0,0,7.8,21.7,28.6,246.4,7.8,-8.0,-2.171,0,0.2329,REAL,-0.0004,-0.0097,1.367,ANALYTICAL-ensemble,0.003,8,8.83,7,24.5,798.0,311.0,-0.0022,5.8,68.3,2.334,0.757,105.2,698.4,FOREST,0.4,842.3,POS,NEWS-MANGANCHUNG-20200627,,36.6,43.8,266.8,0.2333,1.364,13.9,1.0,1.362,-1.6642857142857155,0,0,0,0,0,1,0,0,0
NEWS-MANGANCHUNG-20200627,2020-05-16,42.0,bg,0,0,0,21.0,28.8,49.5,267.3,13.2,3.2,1.043,0,0.237,REAL,0.0021,-0.0016,1.365,ANALYTICAL-ensemble,0.0,8,8.83,7,24.5,798.0,311.0,-0.0022,5.8,68.3,2.334,0.757,105.2,698.4,FOREST,0.4,842.3,POS,NEWS-MANGANCHUNG-20200627,,46.3,42.2,243.4,0.2349,1.365,21.0,2.0,1.364,0.00714285714285499,0,0,0,0,0,1,0,0,0
NEWS-MANGANCHUNG-20200627,2020-05-17,41.0,bg,0,0,0,11.5,40.2,61.0,261.3,-9.5,25.6,2.786,0,0.2462,REAL,0.0116,0.0095,1.362,ANALYTICAL-ensemble,-0.007,8,8.83,7,24.5,798.0,311.0,-0.0022,5.8,68.3,2.334,0.757,105.2,698.4,FOREST,0.4,842.3,POS,NEWS-MANGANCHUNG-20200627,,35.4,41.5,223.7,0.2346,1.369,21.0,3.0,1.362,2.5500000000000016,0,0,0,0,0,1,0,0,0
NEWS-MANGANCHUNG-20200627,2020-05-18,40.0,bg,0,0,0,6.2,38.6,65.5,258.2,-5.3,36.9,3.657,0,0.2567,REAL,0.0238,0.0234,1.363,ANALYTICAL-ensemble,-0.009,8,8.83,7,24.5,798.0,311.0,-0.0022,5.8,68.3,2.334,0.757,105.2,698.4,FOREST,0.4,842.3,POS,NEWS-MANGANCHUNG-20200627,,28.6,39.9,224.8,0.2329,1.372,21.0,3.0,1.362,4.649999999999999,0,0,0,0,0,1,0,0,0
NEWS-MANGANCHUNG-20200627,2020-05-19,39.0,bg,0,0,0,17.5,35.2,77.9,239.3,11.3,28.4,5.9,0,0.2578,REAL,0.0208,0.0245,1.365,ANALYTICAL-ensemble,-0.006,8,8.83,7,24.5,798.0,311.0,-0.0022,5.8,68.3,2.334,0.757,105.2,698.4,FOREST,0.4,842.3,POS,NEWS-MANGANCHUNG-20200627,,49.5,36.6,224.6,0.237,1.371,21.0,4.0,1.362,6.692857142857143,0,0,0,0,0,1,0,0,0
NEWS-MANGANCHUNG-20200627,2020-05-20,38.0,bg,0,0,0,0.0,23.7,64.0,221.2,-17.5,3.0,2.529,1,0.2625,REAL,0.0163,0.0276,1.366,ANALYTICAL-ensemble,-0.002,8,8.83,7,24.5,798.0,311.0,-0.0022,5.8,68.3,2.334,0.757,105.2,698.4,FOREST,0.4,842.3,POS,NEWS-MANGANCHUNG-20200627,,61.0,46.3,238.5,0.2462,1.368,21.0,3.0,1.362,7.157142857142858,0,0,0,0,0,1,0,0,0
NEWS-MANGANCHUNG-20200627,2020-05-21,37.0,bg,0,0,0,23.3,40.8,87.3,209.6,23.3,21.8,7.414,0,0.2672,REAL,0.0105,0.0326,1.369,ANALYTICAL-ensemble,0.004,8,8.83,7,24.5,798.0,311.0,-0.0022,5.8,68.3,2.334,0.757,105.2,698.4,FOREST,0.4,842.3,POS,NEWS-MANGANCHUNG-20200627,,65.5,35.4,238.5,0.2567,1.365,23.3,4.0,1.362,7.92857142857143,0,0,0,0,0,1,0,0,0
NEWS-MANGANCHUNG-20200627,2020-05-22,36.0,bg,0,0,0,8.0,31.3,87.5,207.8,-15.3,9.6,8.414,0,0.2743,REAL,0.0165,0.0414,1.367,ANALYTICAL-ensemble,0.0,8,8.83,7,24.5,798.0,311.0,-0.0022,5.8,68.3,2.334,0.757,105.2,698.4,FOREST,0.4,842.3,POS,NEWS-MANGANCHUNG-20200627,,77.9,28.6,246.4,0.2578,1.367,23.3,4.0,1.362,5.896428571428571,0,0,0,0,0,1,0,0,0
NEWS-MANGANCHUNG-20200627,2020-05-23,35.0,bg,0,0,0,17.3,48.7,83.9,215.3,9.3,19.9,4.914,0,0.2813,REAL,0.0188,0.0443,1.365,ANALYTICAL-ensemble,0.0,8,8.83,7,24.5,798.0,311.0,-0.0022,5.8,68.3,2.334,0.757,105.2,698.4,FOREST,0.4,842.3,POS,NEWS-MANGANCHUNG-20200627,,64.0,49.5,267.3,0.2625,1.365,23.3,4.0,1.362,4.3607142857142875,0,0,0,0,0,1,0,0,0
NEWS-MANGANCHUNG-20200627,2020-05-24,34.0,bg,0,0,0,62.8,88.2,135.2,271.2,45.5,47.9,10.6,0,0.2795,REAL,0.0123,0.0333,1.361,ANALYTICAL-ensemble,-0.001,8,8.83,7,24.5,798.0,311.0,-0.0022,5.8,68.3,2.334,0.757,105.2,698.4,FOREST,0.4,842.3,POS,NEWS-MANGANCHUNG-20200627,,87.3,61.0,261.3,0.2672,1.362,62.8,4.0,1.361,8.735714285714284,0,0,0,0,0,1,0,0,0
NEWS-MANGANCHUNG-20200627,2020-05-25,33.0,bg,0,0,0,31.3,111.5,160.3,294.4,-31.5,72.8,13.543,0,0.2846,REAL,0.0103,0.0279,1.357,ANALYTICAL-ensemble,-0.006,8,8.83,7,24.5,798.0,311.0,-0.0022,5.8,68.3,2.334,0.757,105.2,698.4,FOREST,0.4,842.3,POS,NEWS-MANGANCHUNG-20200627,,87.5,65.5,258.2,0.2743,1.363,62.8,5.0,1.357,13.792857142857146,0,0,0,0,0,1,0,0,0
NEWS-MANGANCHUNG-20200627,2020-05-26,32.0,bg,0,0,0,29.5,123.6,172.3,323.5,-1.8,88.4,13.486,0,0.2923,REAL,0.011,0.0345,1.335,ANALYTICAL-ensemble,-0.03,8,8.83,7,24.5,798.0,311.0,-0.0022,5.8,68.3,2.334,0.757,105.2,698.4,FOREST,0.4,842.3,POS,NEWS-MANGANCHUNG-20200627,,83.9,77.9,239.3,0.2813,1.365,62.8,5.0,1.335,18.521428571428572,0,0,0,0,0,1,0,0,0
NEWS-MANGANCHUNG-20200627,2020-05-27,31.0,bg,0,0,0,1.6,62.4,173.9,319.7,-27.9,38.7,15.7,1,0.29,REAL,0.0105,0.0275,1.341,ANALYTICAL-ensemble,-0.025,8,8.83,7,24.5,798.0,311.0,-0.0022,5.8,68.3,2.334,0.757,105.2,698.4,FOREST,0.4,842.3,POS,NEWS-MANGANCHUNG-20200627,,135.2,64.0,221.2,0.2795,1.366,62.8,5.0,1.335,18.064285714285713,0,0,0,0,0,1,0,0,0
NEWS-MANGANCHUNG-20200627,2020-05-28,30.0,pre,0,0,0,0.0,31.1,150.6,309.3,-1.6,-9.7,9.043,2,0.2895,PROXY-spatial,0.0049,0.0223,1.347,ANALYTICAL-ensemble,-0.022,8,8.83,7,24.5,798.0,311.0,-0.0022,5.8,68.3,2.334,0.757,105.2,698.4,FOREST,0.4,842.3,POS,NEWS-MANGANCHUNG-20200627,,160.3,87.3,209.6,0.2846,1.369,62.8,4.0,1.335,14.514285714285716,0,0,0,0,0,1,0,0,0
NEWS-MANGANCHUNG-20200627,2020-05-29,29.0,pre,0,0,0,0.0,1.6,142.6,308.7,0.0,-29.7,7.871,3,0.2841,PROXY-spatial,-0.0082,0.0098,1.348,ANALYTICAL-ensemble,-0.019,8,8.83,7,24.5,798.0,311.0,-0.0022,5.8,68.3,2.334,0.757,105.2,698.4,FOREST,0.4,842.3,POS,NEWS-MANGANCHUNG-20200627,,172.3,87.5,207.8,0.2923,1.367,62.8,4.0,1.335,7.8749999999999964,0,0,0,0,0,1,0,0,0
NEWS-MANGANCHUNG-20200627,2020-05-30,28.0,pre,0,0,0,8.3,8.3,133.5,314.2,8.3,-40.4,7.086,0,0.2743,PROXY-spatial,-0.0157,-0.007,1.349,ANALYTICAL-ensemble,-0.016,8,8.83,7,24.5,798.0,311.0,-0.0022,5.8,68.3,2.334,0.757,105.2,698.4,FOREST,0.4,842.3,POS,NEWS-MANGANCHUNG-20200627,,173.9,83.9,215.3,0.29,1.365,62.8,3.0,1.335,-2.221428571428573,0,0,0,0,0,1,0,0,0
NEWS-MANGANCHUNG-20200627,2020-05-31,27.0,pre,0,0,0,10.4,18.7,81.1,321.1,2.1,-69.5,-7.729,0,0.2729,PROXY-spatial,-0.0166,-0.0066,1.35,ANALYTICAL-ensemble,-0.011,8,8.83,7,24.5,798.0,311.0,-0.0022,5.8,68.3,2.334,0.757,105.2,698.4,FOREST,0.4,842.3,POS,NEWS-MANGANCHUNG-20200627,,150.6,135.2,271.2,0.2895,1.361,31.3,3.0,1.335,-12.375000000000018,0,0,0,0,0,1,0,0,0
NEWS-MANGANCHUNG-20200627,2020-06-01,26.0,pre,0,0,0,27.2,45.8,77.0,346.7,16.8,-65.6,-11.9,0,0.2686,PROXY-spatial,-0.0155,-0.016,1.347,ANALYTICAL-ensemble,-0.01,8,8.83,7,24.5,798.0,311.0,-0.0022,5.8,68.3,2.334,0.757,105.2,698.4,FOREST,0.4,842.3,POS,NEWS-MANGANCHUNG-20200627,,142.6,160.3,294.4,0.2841,1.357,29.5,3.0,1.335,-17.450000000000003,0,0,0,0,0,1,0,0,0
NEWS-MANGANCHUNG-20200627,2020-06-02,25.0,pre,0,0,0,27.8,65.3,75.2,373.8,0.6,-58.3,-13.871,0,0.2645,PROXY-spatial,-0.0098,-0.0278,1.341,ANALYTICAL-ensemble,0.006,8,8.83,7,24.5,798.0,311.0,-0.0022,5.8,68.3,2.334,0.757,105.2,698.4,FOREST,0.4,842.3,POS,NEWS-MANGANCHUNG-20200627,,133.5,172.3,323.5,0.2743,1.335,27.8,3.0,1.335,-18.02857142857143,0,0,0,0,0,1,0,0,0
NEWS-MANGANCHUNG-20200627,2020-06-03,24.0,pre,0,0,0,45.6,100.5,119.2,416.0,17.8,38.1,-7.814,0,0.2655,PROXY-spatial,-0.0074,-0.0245,1.322,ANALYTICAL-ensemble,-0.019,8,8.83,7,24.5,798.0,311.0,-0.0022,5.8,68.3,2.334,0.757,105.2,698.4,FOREST,0.4,842.3,POS,NEWS-MANGANCHUNG-20200627,,81.1,173.9,319.7,0.2729,1.341,45.6,4.0,1.322,-10.196428571428573,0,0,0,0,0,1,0,0,0
NEWS-MANGANCHUNG-20200627,2020-06-04,23.0,pre,0,0,0,25.5,98.8,144.6,433.1,-20.1,67.6,-0.857,0,0.2659,REAL,-0.0027,-0.0236,1.316,ANALYTICAL-ensemble,-0.031,8,8.83,7,24.5,798.0,311.0,-0.0022,5.8,68.3,2.334,0.757,105.2,698.4,FOREST,0.4,842.3,POS,NEWS-MANGANCHUNG-20200627,,77.0,150.6,309.3,0.2686,1.347,45.6,5.0,1.316,-1.017857142857137,0,0,0,0,0,1,0,0,0
NEWS-MANGANCHUNG-20200627,2020-06-05,22.0,pre,0,0,0,15.6,86.6,160.2,444.4,-9.9,85.0,2.514,0,0.2689,REAL,0.0044,-0.0152,1.316,ANALYTICAL-ensemble,-0.032,8,8.83,7,24.5,798.0,311.0,-0.0022,5.8,68.3,2.334,0.757,105.2,698.4,FOREST,0.4,842.3,POS,NEWS-MANGANCHUNG-20200627,,75.2,142.6,308.7,0.2645,1.348,45.6,6.0,1.316,8.903571428571425,0,0,0,0,0,1,0,0,0
NEWS-MANGANCHUNG-20200627,2020-06-06,21.0,pre,0,0,0,5.8,46.8,157.7,439.3,-9.8,38.5,3.457,0,0.2785,REAL,0.013,0.0042,1.318,ANALYTICAL-ensemble,-0.031,8,8.83,7,24.5,798.0,311.0,-0.0022,5.8,68.3,2.334,0.757,105.2,698.4,FOREST,0.4,842.3,POS,NEWS-MANGANCHUNG-20200627,,119.2,133.5,314.2,0.2655,1.349,45.6,6.0,1.316,16.628571428571426,0,0,0,0,0,1,0,0,0
NEWS-MANGANCHUNG-20200627,2020-06-07,20.0,pre,0,0,0,20.5,41.9,167.9,445.2,14.7,23.3,12.4,0,0.2789,REAL,0.013,0.006,1.319,ANALYTICAL-ensemble,-0.031,8,8.83,7,24.5,798.0,311.0,-0.0022,5.8,68.3,2.334,0.757,105.2,698.4,FOREST,0.4,842.3,POS,NEWS-MANGANCHUNG-20200627,,144.6,81.1,321.1,0.2659,1.35,45.6,6.0,1.316,17.096428571428575,0,0,0,0,0,1,0,0,0
NEWS-MANGANCHUNG-20200627,2020-06-08,19.0,pre,0,0,0,23.4,49.7,164.1,468.6,2.9,3.9,12.443,0,0.2783,REAL,0.0094,0.0097,1.316,ANALYTICAL-ensemble,-0.031,8,8.83,7,24.5,798.0,311.0,-0.0022,5.8,68.3,2.334,0.757,105.2,698.4,FOREST,0.4,842.3,POS,NEWS-MANGANCHUNG-20200627,,160.2,77.0,346.7,0.2689,1.347,45.6,6.0,1.316,13.471428571428577,0,0,0,0,0,1,0,0,0
NEWS-MANGANCHUNG-20200627,2020-06-09,18.0,pre,0,0,0,26.1,70.0,162.4,494.7,2.7,4.7,12.457,0,0.2778,REAL,-0.0007,0.0133,1.316,ANALYTICAL-ensemble,-0.025,8,8.83,7,24.5,798.0,311.0,-0.0022,5.8,68.3,2.334,0.757,105.2,698.4,FOREST,0.4,842.3,POS,NEWS-MANGANCHUNG-20200627,,157.7,75.2,373.8,0.2785,1.341,45.6,6.0,1.316,6.296428571428568,0,0,0,0,0,1,0,0,0
NEWS-MANGANCHUNG-20200627,2020-06-10,17.0,pre,0,0,0,14.9,64.4,131.7,507.9,-11.2,-36.2,1.786,0,0.2793,REAL,0.0004,0.0138,1.316,ANALYTICAL-ensemble,-0.006,8,8.83,7,24.5,798.0,311.0,-0.0022,5.8,68.3,2.334,0.757,105.2,698.4,FOREST,0.4,842.3,POS,NEWS-MANGANCHUNG-20200627,,167.9,119.2,416.0,0.2789,1.322,26.1,6.0,1.316,-0.9964285714285841,0,0,0,0,0,1,0,0,0
NEWS-MANGANCHUNG-20200627,2020-06-11,16.0,pre,0,0,0,9.7,50.7,116.0,512.4,-5.2,-48.1,-4.086,0,0.2756,REAL,-0.0027,0.0097,1.316,ANALYTICAL-ensemble,0.0,8,8.83,7,24.5,798.0,311.0,-0.0022,5.8,68.3,2.334,0.757,105.2,698.4,FOREST,0.4,842.3,POS,NEWS-MANGANCHUNG-20200627,,164.1,144.6,433.1,0.2783,1.316,26.1,5.0,1.316,-6.789285714285711,0,0,0,0,0,1,0,0,0
NEWS-MANGANCHUNG-20200627,2020-06-12,15.0,pre,0,0,0,10.6,35.2,111.0,509.1,0.9,-51.4,-7.029,0,0.2747,REAL,-0.0031,0.0058,1.316,ANALYTICAL-ensemble,0.0,8,8.83,7,24.5,798.0,311.0,-0.0022,5.8,68.3,2.334,0.757,105.2,698.4,FOREST,0.4,842.3,POS,NEWS-MANGANCHUNG-20200627,,162.4,160.2,444.4,0.2778,1.316,26.1,5.0,1.316,-9.867857142857147,0,0,0,0,0,1,0,0,0
NEWS-MANGANCHUNG-20200627,2020-06-13,14.0,pre,1,0,0,15.2,35.5,120.4,524.3,4.6,-11.3,-5.329,0,0.2787,REAL,-0.0006,0.0002,1.316,ANALYTICAL-ensemble,-0.002,8,8.83,7,24.5,798.0,311.0,-0.0022,5.8,68.3,2.334,0.757,105.2,698.4,FOREST,0.4,842.3,POS,NEWS-MANGANCHUNG-20200627,,131.7,157.7,439.3,0.2793,1.318,26.1,6.0,1.316,-10.539285714285707,0,0,0,0,0,1,0,0,0
NEWS-MANGANCHUNG-20200627,2020-06-14,13.0,pre,1,0,0,23.6,49.4,123.6,540.1,8.4,7.6,-6.329,0,0.2828,REAL,0.0072,0.0039,1.316,ANALYTICAL-ensemble,-0.003,8,8.83,7,24.5,798.0,311.0,-0.0022,5.8,68.3,2.334,0.757,105.2,698.4,FOREST,0.4,842.3,POS,NEWS-MANGANCHUNG-20200627,,116.0,167.9,445.2,0.2756,1.319,26.1,6.0,1.316,-8.078571428571436,0,0,0,0,0,1,0,0,0
NEWS-MANGANCHUNG-20200627,2020-06-15,12.0,pre,1,0,0,20.8,59.6,120.9,539.9,-2.8,9.9,-6.171,0,0.2933,REAL,0.0186,0.015,1.316,ANALYTICAL-ensemble,0.0,8,8.83,7,24.5,798.0,311.0,-0.0022,5.8,68.3,2.334,0.757,105.2,698.4,FOREST,0.4,842.3,POS,NEWS-MANGANCHUNG-20200627,,111.0,164.1,468.6,0.2747,1.316,26.1,6.0,1.316,-4.867857142857135,0,0,0,0,0,1,0,0,0
NEWS-MANGANCHUNG-20200627,2020-06-16,11.0,pre,1,0,0,39.5,83.9,134.3,567.9,18.7,13.9,-4.014,0,0.3031,REAL,0.0244,0.0253,1.314,ANALYTICAL-ensemble,-0.002,8,8.83,7,24.5,798.0,311.0,-0.0022,5.8,68.3,2.334,0.757,105.2,698.4,FOREST,0.4,842.3,POS,NEWS-MANGANCHUNG-20200627,,120.4,162.4,494.7,0.2787,1.316,39.5,6.0,1.314,1.0785714285714323,0,0,0,0,0,1,0,0,0
NEWS-MANGANCHUNG-20200627,2020-06-17,10.0,pre,1,0,0,12.0,72.2,131.4,573.7,-27.5,7.8,-0.043,0,0.3021,PROXY-spatial,0.0193,0.0228,1.313,ANALYTICAL-ensemble,-0.003,8,8.83,7,24.5,798.0,311.0,-0.0022,5.8,68.3,2.334,0.757,105.2,698.4,FOREST,0.4,842.3,POS,NEWS-MANGANCHUNG-20200627,,123.6,131.7,507.9,0.2828,1.316,39.5,6.0,1.313,3.3321428571428497,0,0,0,0,0,1,0,0,0
NEWS-MANGANCHUNG-20200627,2020-06-18,9.0,pre,1,0,0,58.6,110.1,180.3,614.9,46.6,59.4,9.186,0,0.3125,PROXY-spatial,0.0192,0.0369,1.313,ANALYTICAL-ensemble,-0.003,8,8.83,7,24.5,798.0,311.0,-0.0022,5.8,68.3,2.334,0.757,105.2,698.4,FOREST,0.4,842.3,POS,NEWS-MANGANCHUNG-20200627,,120.9,116.0,512.4,0.2933,1.316,58.6,7.0,1.313,8.592857142857142,0,0,0,0,0,1,0,0,0
NEWS-MANGANCHUNG-20200627,2020-06-19,8.0,pre,1,0,0,39.9,110.6,209.7,654.8,-18.7,75.4,14.1,0,0.3282,PROXY-spatial,0.0251,0.0535,1.308,ANALYTICAL-ensemble,-0.008,8,8.83,7,24.5,798.0,311.0,-0.0022,5.8,68.3,2.334,0.757,105.2,698.4,FOREST,0.4,842.3,POS,NEWS-MANGANCHUNG-20200627,,134.3,111.0,509.1,0.3031,1.316,58.6,7.0,1.308,13.992857142857153,0,0,0,0,0,1,0,0,0
NEWS-MANGANCHUNG-20200627,2020-06-20,7.0,pre,1,1,0,11.7,110.3,206.1,643.2,-28.2,74.7,12.243,0,0.3296,PROXY-spatial,0.0275,0.0509,1.307,ANALYTICAL-ensemble,-0.009,8,8.83,7,24.5,798.0,311.0,-0.0022,5.8,68.3,2.334,0.757,105.2,698.4,FOREST,0.4,842.3,POS,NEWS-MANGANCHUNG-20200627,,131.4,120.4,524.3,0.3021,1.316,58.6,7.0,1.307,16.825000000000006,0,0,0,0,0,1,0,0,0
NEWS-MANGANCHUNG-20200627,2020-06-21,6.0,pre,1,1,0,17.7,69.3,200.2,652.8,6.0,19.9,10.943,0,0.3341,PROXY-spatial,0.0216,0.0513,1.306,ANALYTICAL-ensemble,-0.01,8,8.83,7,24.5,798.0,311.0,-0.0022,5.8,68.3,2.334,0.757,105.2,698.4,FOREST,0.4,842.3,POS,NEWS-MANGANCHUNG-20200627,,180.3,123.6,540.1,0.3125,1.316,58.6,7.0,1.306,16.42142857142857,0,0,0,0,0,1,0,0,0
NEWS-MANGANCHUNG-20200627,2020-06-22,5.0,pre,1,1,0,23.2,52.6,202.7,658.7,5.5,-7.0,11.686,0,0.3307,PROXY-spatial,0.0025,0.0374,1.306,ANALYTICAL-ensemble,-0.01,8,8.83,7,24.5,798.0,311.0,-0.0022,5.8,68.3,2.334,0.757,105.2,698.4,FOREST,0.4,842.3,POS,NEWS-MANGANCHUNG-20200627,,209.7,120.9,539.9,0.3282,1.316,58.6,7.0,1.306,13.164285714285715,0,0,0,0,0,1,0,0,0
NEWS-MANGANCHUNG-20200627,2020-06-23,4.0,pre,1,1,0,28.5,69.4,191.7,624.4,5.3,-14.4,8.2,0,0.3329,PROXY-spatial,0.0033,0.0298,1.31,ANALYTICAL-ensemble,-0.004,8,8.83,7,24.5,798.0,311.0,-0.0022,5.8,68.3,2.334,0.757,105.2,698.4,FOREST,0.4,842.3,POS,NEWS-MANGANCHUNG-20200627,,206.1,134.3,567.9,0.3296,1.314,58.6,7.0,1.306,7.721428571428574,0,0,0,0,0,1,0,0,0
NEWS-MANGANCHUNG-20200627,2020-06-24,3.0,pre,1,1,0,8.4,60.1,188.0,601.5,-20.1,-12.2,8.086,0,0.3385,PROXY-spatial,0.0044,0.0364,1.312,ANALYTICAL-ensemble,-0.001,8,8.83,7,24.5,798.0,311.0,-0.0022,5.8,68.3,2.334,0.757,105.2,698.4,FOREST,0.4,842.3,POS,NEWS-MANGANCHUNG-20200627,,200.2,131.4,573.7,0.3341,1.313,58.6,6.0,1.306,-0.5821428571428451,0,0,0,0,0,1,0,0,0
NEWS-MANGANCHUNG-20200627,2020-06-25,2.0,pre,1,1,0,38.2,75.1,167.6,610.2,29.8,-35.1,-1.814,0,0.3437,PROXY-spatial,0.013,0.0312,1.312,ANALYTICAL-ensemble,-0.001,8,8.83,7,24.5,798.0,311.0,-0.0022,5.8,68.3,2.334,0.757,105.2,698.4,FOREST,0.4,842.3,POS,NEWS-MANGANCHUNG-20200627,,202.7,180.3,614.9,0.3307,1.313,39.9,6.0,1.306,-6.10714285714286,0,0,0,0,0,1,0,0,0
NEWS-MANGANCHUNG-20200627,2020-06-26,1.0,pre,1,1,0,70.2,116.8,197.9,678.8,32.0,6.2,-1.686,0,0.3419,REAL,0.009,0.0137,1.304,ANALYTICAL-ensemble,-0.004,8,8.83,7,24.5,798.0,311.0,-0.0022,5.8,68.3,2.334,0.757,105.2,698.4,FOREST,0.4,842.3,POS,NEWS-MANGANCHUNG-20200627,,191.7,209.7,654.8,0.3329,1.308,70.2,6.0,1.304,-3.7321428571428656,0,0,0,0,0,1,0,0,0
NEWS-MANGANCHUNG-20200627,2019-04-28,,N0,0,0,0,2.3,11.2,38.5,228.8,-6.6,-5.6,-3.974,1,,MISSING (window-absent),,,1.369,ANALYTICAL-ensemble,0.003,8,8.83,6,24.5,798.0,311.0,-0.0022,5.8,68.3,2.334,0.757,105.2,698.4,FOREST,0.456,,N0,NEWS-MANGANCHUNG-20200627_N0_2019,2019.0,,,,,,2.3,0.0,1.369,,1,0,0,0,0,1,0,0,0
NEWS-MANGANCHUNG-20200627,2019-04-29,,N0,0,0,0,17.5,28.7,28.9,246.2,15.2,-2.3,-8.543,0,,MISSING (window-absent),,,1.365,ANALYTICAL-ensemble,0.0,8,8.83,6,24.5,798.0,311.0,-0.0022,5.8,68.3,2.334,0.757,105.2,698.4,FOREST,0.456,,N0,NEWS-MANGANCHUNG-20200627_N0_2019,2019.0,,,,,,17.5,1.0,1.365,,1,0,0,0,0,1,0,0,0
NEWS-MANGANCHUNG-20200627,2019-04-30,,N0,0,0,0,9.7,29.4,38.4,222.2,-7.8,2.2,-4.286,0,,MISSING (window-absent),,,1.366,ANALYTICAL-ensemble,0.002,8,8.83,6,24.5,798.0,311.0,-0.0022,5.8,68.3,2.334,0.757,105.2,698.4,FOREST,0.456,,N0,NEWS-MANGANCHUNG-20200627_N0_2019,2019.0,,,,,,17.5,1.0,1.365,,1,0,0,0,0,1,0,0,0
NEWS-MANGANCHUNG-20200627,2019-05-01,,N0,0,0,0,28.6,55.7,66.9,248.2,18.9,28.4,2.983,0,0.2608,PROXY-spatial,,,1.364,ANALYTICAL-ensemble,-0.001,8,8.83,6,24.5,798.0,311.0,-0.0022,5.8,68.3,2.334,0.757,105.2,698.4,FOREST,0.456,,N0,NEWS-MANGANCHUNG-20200627_N0_2019,2019.0,38.5,,,,,28.6,2.0,1.364,9.47,0,0,0,0,0,1,0,0,0
NEWS-MANGANCHUNG-20200627,2019-05-02,,N0,0,0,0,15.9,54.2,82.9,240.0,-12.7,54.0,5.549,0,0.2594,PROXY-spatial,,,1.361,ANALYTICAL-ensemble,-0.008,8,8.83,6,24.5,798.0,311.0,-0.0022,5.8,68.3,2.334,0.757,105.2,698.4,FOREST,0.456,,N0,NEWS-MANGANCHUNG-20200627_N0_2019,2019.0,28.9,,,,,28.6,3.0,1.361,12.679999999999998,0,0,0,0,0,1,0,0,0
NEWS-MANGANCHUNG-20200627,2019-05-03,,N0,0,0,0,23.6,68.1,106.5,256.6,7.7,68.1,10.764,0,0.2511,PROXY-spatial,,,1.361,ANALYTICAL-ensemble,-0.011,8,8.83,6,24.5,798.0,311.0,-0.0022,5.8,68.3,2.334,0.757,105.2,698.4,FOREST,0.456,,N0,NEWS-MANGANCHUNG-20200627_N0_2019,2019.0,38.4,,,,,28.6,4.0,1.361,15.157142857142853,0,0,0,0,0,1,0,0,0
NEWS-MANGANCHUNG-20200627,2019-05-04,,N0,0,0,0,19.2,58.7,116.7,275.8,-4.4,49.8,11.498,0,0.2698,PROXY-spatial,0.009,,1.36,ANALYTICAL-ensemble,-0.01,8,8.83,6,24.5,798.0,311.0,-0.0022,5.8,68.3,2.334,0.757,105.2,698.4,FOREST,0.456,,N0,NEWS-MANGANCHUNG-20200627_N0_2019,2019.0,66.9,,,0.2608,,28.6,5.0,1.36,15.510714285714288,0,0,0,0,0,1,0,0,0
NEWS-MANGANCHUNG-20200627,2019-05-05,,N0,0,0,0,2.0,44.8,116.4,277.7,-17.2,33.5,11.13,1,0.2714,PROXY-spatial,0.012,,1.36,ANALYTICAL-ensemble,-0.009,8,8.83,6,24.5,798.0,311.0,-0.0022,5.8,68.3,2.334,0.757,105.2,698.4,FOREST,0.456,,N0,NEWS-MANGANCHUNG-20200627_N0_2019,2019.0,82.9,38.5,228.8,0.2594,1.369,28.6,5.0,1.36,16.382142857142856,0,0,0,0,0,1,0,0,0
NEWS-MANGANCHUNG-20200627,2019-05-06,,N0,0,0,0,28.6,49.7,127.5,293.1,26.6,21.0,14.092,0,0.2709,PROXY-spatial,0.0198,,1.359,ANALYTICAL-ensemble,-0.006,8,8.83,6,24.5,798.0,311.0,-0.0022,5.8,68.3,2.334,0.757,105.2,698.4,FOREST,0.456,,N0,NEWS-MANGANCHUNG-20200627_N0_2019,2019.0,106.5,28.9,246.2,0.2511,1.365,28.6,5.0,1.359,14.289285714285716,0,0,0,0,0,1,0,0,0
NEWS-MANGANCHUNG-20200627,2019-05-07,,N0,0,0,0,8.7,39.2,126.5,294.2,-19.9,9.8,12.592,0,0.2671,REAL,-0.0027,,1.358,ANALYTICAL-ensemble,-0.008,8,8.83,6,24.5,798.0,311.0,-0.0022,5.8,68.3,2.334,0.757,105.2,698.4,FOREST,0.456,,N0,NEWS-MANGANCHUNG-20200627_N0_2019,2019.0,116.7,38.4,222.2,0.2698,1.366,28.6,5.0,1.358,9.924999999999994,0,0,0,0,0,1,0,0,0
NEWS-MANGANCHUNG-20200627,2019-05-08,,N0,0,0,0,20.4,57.7,118.4,304.1,11.7,2.0,7.354,0,0.2632,REAL,-0.0082,0.0024,1.357,ANALYTICAL-ensemble,-0.007,8,8.83,6,24.5,798.0,311.0,-0.0022,5.8,68.3,2.334,0.757,105.2,698.4,FOREST,0.456,,N0,NEWS-MANGANCHUNG-20200627_N0_2019,2019.0,116.4,66.9,248.2,0.2714,1.364,28.6,5.0,1.357,5.617857142857147,0,0,0,0,0,1,0,0,0
NEWS-MANGANCHUNG-20200627,2019-05-09,,N0,0,0,0,6.1,35.2,108.6,295.8,-14.3,-18.9,3.677,0,0.2572,REAL,-0.0137,-0.0022,1.358,ANALYTICAL-ensemble,-0.003,8,8.83,6,24.5,798.0,311.0,-0.0022,5.8,68.3,2.334,0.757,105.2,698.4,FOREST,0.456,,N0,NEWS-MANGANCHUNG-20200627_N0_2019,2019.0,127.5,82.9,240.0,0.2709,1.361,28.6,4.0,1.357,0.7071428571428597,0,0,0,0,0,1,0,0,0
NEWS-MANGANCHUNG-20200627,2019-05-10,,N0,0,0,0,13.3,39.8,98.3,306.9,7.2,-28.2,-1.167,0,0.2596,REAL,-0.0075,0.0085,1.357,ANALYTICAL-ensemble,-0.004,8,8.83,6,24.5,798.0,311.0,-0.0022,5.8,68.3,2.334,0.757,105.2,698.4,FOREST,0.456,,N0,NEWS-MANGANCHUNG-20200627_N0_2019,2019.0,126.5,106.5,256.6,0.2671,1.361,28.6,4.0,1.357,-2.8535714285714304,0,0,0,0,0,1,0,0,0
NEWS-MANGANCHUNG-20200627,2019-05-11,,N0,0,0,0,15.4,34.8,94.5,322.3,2.1,-23.9,-3.173,0,0.2478,REAL,-0.0154,-0.022,1.352,ANALYTICAL-ensemble,-0.008,8,8.83,6,24.5,798.0,311.0,-0.0022,5.8,68.3,2.334,0.757,105.2,698.4,FOREST,0.456,,N0,NEWS-MANGANCHUNG-20200627_N0_2019,2019.0,118.4,116.7,275.8,0.2632,1.36,28.6,4.0,1.352,-5.0714285714285765,0,0,0,0,0,1,0,0,0
NEWS-MANGANCHUNG-20200627,2019-05-12,,N0,0,0,0,7.9,36.6,100.4,330.2,-7.5,-8.2,-2.286,0,0.2415,REAL,-0.0157,-0.0299,1.348,ANALYTICAL-ensemble,-0.012,8,8.83,6,24.5,798.0,311.0,-0.0022,5.8,68.3,2.334,0.757,105.2,698.4,FOREST,0.456,,N0,NEWS-MANGANCHUNG-20200627_N0_2019,2019.0,108.6,116.4,277.7,0.2572,1.36,28.6,4.0,1.348,-5.907142857142854,0,0,0,0,0,1,0,0,0
NEWS-MANGANCHUNG-20200627,2019-05-13,,N0,0,0,0,4.0,27.2,75.8,330.3,-3.9,-22.5,-7.388,0,0.2339,REAL,-0.0257,-0.037,1.348,ANALYTICAL-ensemble,-0.011,8,8.83,6,24.5,798.0,311.0,-0.0022,5.8,68.3,2.334,0.757,105.2,698.4,FOREST,0.456,,N0,NEWS-MANGANCHUNG-20200627_N0_2019,2019.0,98.3,127.5,293.1,0.2596,1.359,20.4,3.0,1.348,-7.2214285714285795,0,0,0,0,0,1,0,0,0
NEWS-MANGANCHUNG-20200627,2019-05-14,,N0,0,0,0,10.8,22.6,77.8,336.3,6.8,-16.7,-6.963,0,0.2245,REAL,-0.0233,-0.0426,1.349,ANALYTICAL-ensemble,-0.009,8,8.83,6,24.5,798.0,311.0,-0.0022,5.8,68.3,2.334,0.757,105.2,698.4,FOREST,0.456,,N0,NEWS-MANGANCHUNG-20200627_N0_2019,2019.0,94.5,126.5,294.2,0.2478,1.358,20.4,4.0,1.348,-6.6178571428571376,0,0,0,0,0,1,0,0,0
NEWS-MANGANCHUNG-20200627,2019-05-15,,N0,0,0,0,3.7,18.5,61.1,335.3,-7.1,-39.3,-8.186,0,0.2263,REAL,-0.0152,-0.0369,1.349,ANALYTICAL-ensemble,-0.008,8,8.83,6,24.5,798.0,311.0,-0.0022,5.8,68.3,2.334,0.757,105.2,698.4,FOREST,0.456,,N0,NEWS-MANGANCHUNG-20200627_N0_2019,2019.0,100.4,118.4,304.1,0.2415,1.357,15.4,3.0,1.348,-7.2214285714285795,0,0,0,0,0,1,0,0,0
NEWS-MANGANCHUNG-20200627,2019-05-16,,N0,0,0,0,3.4,17.9,58.5,318.3,-0.3,-17.3,-7.151,0,0.2284,REAL,-0.0055,-0.0288,1.357,ANALYTICAL-ensemble,-0.001,8,8.83,6,24.5,798.0,311.0,-0.0022,5.8,68.3,2.334,0.757,105.2,698.4,FOREST,0.456,,N0,NEWS-MANGANCHUNG-20200627_N0_2019,2019.0,75.8,108.6,295.8,0.2339,1.358,15.4,3.0,1.348,-7.457142857142855,0,0,0,0,0,1,0,0,0
NEWS-MANGANCHUNG-20200627,2019-05-17,,N0,0,0,0,6.9,14.1,52.1,302.8,3.5,-25.7,-6.593,0,0.2283,REAL,0.0038,-0.0313,1.358,ANALYTICAL-ensemble,0.001,8,8.83,6,24.5,798.0,311.0,-0.0022,5.8,68.3,2.334,0.757,105.2,698.4,FOREST,0.456,,N0,NEWS-MANGANCHUNG-20200627_N0_2019,2019.0,77.8,98.3,306.9,0.2245,1.357,15.4,2.0,1.348,-8.060714285714283,0,0,0,0,0,1,0,0,0
NEWS-MANGANCHUNG-20200627,2019-05-18,,N0,0,0,0,15.8,26.1,52.5,316.7,8.9,-8.6,-5.993,0,0.2281,REAL,0.0018,-0.0197,1.358,ANALYTICAL-ensemble,0.006,8,8.83,6,24.5,798.0,311.0,-0.0022,5.8,68.3,2.334,0.757,105.2,698.4,FOREST,0.456,,N0,NEWS-MANGANCHUNG-20200627_N0_2019,2019.0,61.1,94.5,322.3,0.2263,1.352,15.8,2.0,1.348,-7.514285714285717,0,0,0,0,0,1,0,0,0
NEWS-MANGANCHUNG-20200627,2019-05-19,,N0,0,0,0,14.6,37.3,59.2,318.4,-1.2,0.7,-5.879,0,0.23,REAL,0.0016,-0.0115,1.357,ANALYTICAL-ensemble,0.009,8,8.83,6,24.5,798.0,311.0,-0.0022,5.8,68.3,2.334,0.757,105.2,698.4,FOREST,0.456,,N0,NEWS-MANGANCHUNG-20200627_N0_2019,2019.0,58.5,100.4,330.2,0.2284,1.348,15.8,3.0,1.348,-3.9071428571428544,0,0,0,0,0,1,0,0,0
NEWS-MANGANCHUNG-20200627,2019-05-20,,N0,0,0,0,5.4,35.8,60.7,319.9,-9.2,8.6,-2.152,0,0.2331,REAL,0.0048,-0.0008,1.357,ANALYTICAL-ensemble,0.009,8,8.83,6,24.5,798.0,311.0,-0.0022,5.8,68.3,2.334,0.757,105.2,698.4,FOREST,0.456,,N0,NEWS-MANGANCHUNG-20200627_N0_2019,2019.0,52.1,75.8,330.3,0.2283,1.348,15.8,3.0,1.348,-2.182142857142859,0,0,0,0,0,1,0,0,0
NEWS-MANGANCHUNG-20200627,2019-05-21,,N0,0,0,0,9.9,29.9,59.8,329.8,4.5,7.3,-2.576,0,0.2415,REAL,0.0134,0.017,1.356,ANALYTICAL-ensemble,0.007,8,8.83,6,24.5,798.0,311.0,-0.0022,5.8,68.3,2.334,0.757,105.2,698.4,FOREST,0.456,,N0,NEWS-MANGANCHUNG-20200627_N0_2019,2019.0,52.5,77.8,336.3,0.2281,1.349,15.8,2.0,1.348,0.27142857142857335,0,0,0,0,0,1,0,0,0
NEWS-MANGANCHUNG-20200627,2019-05-22,,N0,0,0,0,22.7,38.0,78.8,325.4,12.8,19.6,2.523,0,0.2435,REAL,0.0135,0.0172,1.356,ANALYTICAL-ensemble,0.007,8,8.83,6,24.5,798.0,311.0,-0.0022,5.8,68.3,2.334,0.757,105.2,698.4,FOREST,0.456,,N0,NEWS-MANGANCHUNG-20200627_N0_2019,2019.0,59.2,61.1,335.3,0.23,1.349,22.7,3.0,1.348,3.0178571428571432,0,0,0,0,0,1,0,0,0
NEWS-MANGANCHUNG-20200627,2019-05-23,,N0,0,0,0,21.1,53.7,96.5,346.4,-1.6,35.8,5.433,0,0.2443,REAL,0.0112,0.0159,1.351,ANALYTICAL-ensemble,-0.006,8,8.83,6,24.5,798.0,311.0,-0.0022,5.8,68.3,2.334,0.757,105.2,698.4,FOREST,0.456,,N0,NEWS-MANGANCHUNG-20200627_N0_2019,2019.0,60.7,58.5,318.3,0.2331,1.357,22.7,4.0,1.348,6.6571428571428575,0,0,0,0,0,1,0,0,0
NEWS-MANGANCHUNG-20200627,2019-05-24,,N0,0,0,0,39.0,82.8,128.6,385.4,17.9,68.8,10.934,0,0.2454,REAL,0.0039,0.0171,1.339,ANALYTICAL-ensemble,-0.019,8,8.83,6,24.5,798.0,311.0,-0.0022,5.8,68.3,2.334,0.757,105.2,698.4,FOREST,0.456,,N0,NEWS-MANGANCHUNG-20200627_N0_2019,2019.0,59.8,52.1,302.8,0.2415,1.358,39.0,5.0,1.339,11.464285714285708,0,0,0,0,0,1,0,0,0
NEWS-MANGANCHUNG-20200627,2019-05-25,,N0,0,0,0,12.5,72.6,125.2,397.8,-26.5,46.4,10.385,0,0.2393,REAL,-0.0042,0.0112,1.335,ANALYTICAL-ensemble,-0.023,8,8.83,6,24.5,798.0,311.0,-0.0022,5.8,68.3,2.334,0.757,105.2,698.4,FOREST,0.456,,N0,NEWS-MANGANCHUNG-20200627_N0_2019,2019.0,78.8,52.5,316.7,0.2435,1.358,39.0,5.0,1.335,13.23214285714286,0,0,0,0,0,1,0,0,0
NEWS-MANGANCHUNG-20200627,2019-05-26,,N0,0,0,0,49.9,101.4,160.5,447.7,37.4,64.0,14.465,0,0.2411,REAL,-0.0032,0.0111,1.316,ANALYTICAL-ensemble,-0.041,8,8.83,6,24.5,798.0,311.0,-0.0022,5.8,68.3,2.334,0.757,105.2,698.4,FOREST,0.456,,N0,NEWS-MANGANCHUNG-20200627_N0_2019,2019.0,96.5,59.2,318.4,0.2443,1.357,49.9,5.0,1.316,17.14285714285714,0,0,0,0,0,1,0,0,0
NEWS-MANGANCHUNG-20200627,2019-05-27,,N0,0,0,0,19.8,82.2,174.9,458.6,-30.1,46.3,16.32,0,0.2439,REAL,-0.0015,0.0108,1.316,ANALYTICAL-ensemble,-0.041,8,8.83,6,24.5,798.0,311.0,-0.0022,5.8,68.3,2.334,0.757,105.2,698.4,FOREST,0.456,,N0,NEWS-MANGANCHUNG-20200627_N0_2019,2019.0,128.6,60.7,319.9,0.2454,1.357,49.9,6.0,1.316,19.192857142857143,0,0,0,0,0,1,0,0,0
NEWS-MANGANCHUNG-20200627,2019-05-28,,N0,0,0,0,32.7,102.4,197.7,489.0,12.9,72.5,19.698,0,0.2449,PROXY-spatial,0.0056,0.0034,1.314,ANALYTICAL-ensemble,-0.042,8,8.83,6,24.5,798.0,311.0,-0.0022,5.8,68.3,2.334,0.757,105.2,698.4,FOREST,0.456,,N0,NEWS-MANGANCHUNG-20200627_N0_2019,2019.0,125.2,59.8,329.8,0.2393,1.356,49.9,7.0,1.314,19.47857142857142,0,0,0,0,0,1,0,0,0
NEWS-MANGANCHUNG-20200627,2019-05-29,,N0,0,0,0,13.9,66.4,188.9,485.5,-18.8,28.4,15.731,0,0.2428,PROXY-spatial,0.0017,-0.0007,1.316,ANALYTICAL-ensemble,-0.04,8,8.83,6,24.5,798.0,311.0,-0.0022,5.8,68.3,2.334,0.757,105.2,698.4,FOREST,0.456,,N0,NEWS-MANGANCHUNG-20200627_N0_2019,2019.0,160.5,78.8,325.4,0.2411,1.356,49.9,7.0,1.314,16.610714285714288,0,0,0,0,0,1,0,0,0
NEWS-MANGANCHUNG-20200627,2019-05-30,,N0,0,0,0,9.2,55.9,177.0,485.0,-4.7,2.1,11.504,0,0.2434,PROXY-spatial,-0.0005,-0.0009,1.316,ANALYTICAL-ensemble,-0.035,8,8.83,6,24.5,798.0,311.0,-0.0022,5.8,68.3,2.334,0.757,105.2,698.4,FOREST,0.456,,N0,NEWS-MANGANCHUNG-20200627_N0_2019,2019.0,174.9,96.5,346.4,0.2439,1.351,49.9,6.0,1.314,11.06428571428571,0,0,0,0,0,1,0,0,0
NEWS-MANGANCHUNG-20200627,2019-05-31,,N0,0,0,0,4.9,28.1,143.0,461.4,-4.3,-54.7,2.061,0,0.241,PROXY-spatial,-0.0039,-0.0044,1.321,ANALYTICAL-ensemble,-0.018,8,8.83,6,24.5,798.0,311.0,-0.0022,5.8,68.3,2.334,0.757,105.2,698.4,FOREST,0.456,,N0,NEWS-MANGANCHUNG-20200627_N0_2019,2019.0,197.7,128.6,385.4,0.2449,1.339,49.9,5.0,1.314,3.5857142857142814,0,0,0,0,0,1,0,0,0
NEWS-MANGANCHUNG-20200627,2019-06-01,,N0,0,0,0,0.0,14.2,130.5,445.5,-4.9,-58.4,0.753,1,0.2458,PROXY-spatial,0.003,0.0065,1.324,ANALYTICAL-ensemble,-0.011,8,8.83,6,24.5,798.0,311.0,-0.0022,5.8,68.3,2.334,0.757,105.2,698.4,FOREST,0.456,,N0,NEWS-MANGANCHUNG-20200627_N0_2019,2019.0,188.9,125.2,397.8,0.2428,1.335,49.9,4.0,1.314,-6.2321428571428585,0,0,0,0,0,1,0,0,0
NEWS-MANGANCHUNG-20200627,2019-06-02,,N0,0,0,0,7.1,12.0,87.7,429.0,7.1,-89.3,-10.402,0,0.2421,PROXY-spatial,-0.0013,0.001,1.334,ANALYTICAL-ensemble,0.018,8,8.83,6,24.5,798.0,311.0,-0.0022,5.8,68.3,2.334,0.757,105.2,698.4,FOREST,0.456,,N0,NEWS-MANGANCHUNG-20200627_N0_2019,2019.0,177.0,160.5,447.7,0.2434,1.316,32.7,3.0,1.314,-15.782142857142862,0,0,0,0,0,1,0,0,0
NEWS-MANGANCHUNG-20200627,2019-06-03,,N0,0,0,0,9.2,16.3,77.1,419.0,2.1,-65.9,-13.972,0,0.2392,PROXY-spatial,-0.0018,-0.0047,1.34,ANALYTICAL-ensemble,0.024,8,8.83,6,24.5,798.0,311.0,-0.0022,5.8,68.3,2.334,0.757,105.2,698.4,FOREST,0.456,,N0,NEWS-MANGANCHUNG-20200627_N0_2019,2019.0,143.0,174.9,458.6,0.241,1.316,32.7,2.0,1.314,-21.810714285714294,0,0,0,0,0,1,0,0,0
NEWS-MANGANCHUNG-20200627,2019-06-04,,N0,0,0,0,0.0,16.3,44.4,417.0,-9.2,-86.1,-21.902,1,0.2386,REAL,-0.0072,-0.0063,1.34,ANALYTICAL-ensemble,0.026,8,8.83,6,24.5,798.0,311.0,-0.0022,5.8,68.3,2.334,0.757,105.2,698.4,FOREST,0.456,,N0,NEWS-MANGANCHUNG-20200627_N0_2019,2019.0,130.5,197.7,489.0,0.2458,1.314,13.9,1.0,1.314,-24.592857142857156,0,0,0,0,0,1,0,0,0
NEWS-MANGANCHUNG-20200627,2019-06-05,,N0,0,0,0,18.5,27.7,48.9,406.9,18.5,-38.8,-20.003,0,0.2407,REAL,-0.0014,-0.0021,1.342,ANALYTICAL-ensemble,0.026,8,8.83,6,24.5,798.0,311.0,-0.0022,5.8,68.3,2.334,0.757,105.2,698.4,FOREST,0.456,,N0,NEWS-MANGANCHUNG-20200627_N0_2019,2019.0,87.7,188.9,485.5,0.2421,1.316,18.5,1.0,1.314,-22.675000000000008,0,0,0,0,0,1,0,0,0
NEWS-MANGANCHUNG-20200627,2019-06-06,,N0,0,0,0,9.4,27.9,49.1,407.6,-9.1,-28.0,-18.277,0,0.2435,REAL,0.0043,0.0001,1.342,ANALYTICAL-ensemble,0.026,8,8.83,6,24.5,798.0,311.0,-0.0022,5.8,68.3,2.334,0.757,105.2,698.4,FOREST,0.456,,N0,NEWS-MANGANCHUNG-20200627_N0_2019,2019.0,77.1,177.0,485.0,0.2392,1.316,18.5,1.0,1.314,-17.43571428571429,0,0,0,0,0,1,0,0,0
NEWS-MANGANCHUNG-20200627,2019-06-07,,N0,0,0,0,2.6,30.5,46.8,389.8,-6.8,2.4,-13.738,0,0.2458,REAL,0.0072,0.0048,1.343,ANALYTICAL-ensemble,0.022,8,8.83,6,24.5,798.0,311.0,-0.0022,5.8,68.3,2.334,0.757,105.2,698.4,FOREST,0.456,,N0,NEWS-MANGANCHUNG-20200627_N0_2019,2019.0,44.4,143.0,461.4,0.2386,1.321,18.5,1.0,1.314,-12.73214285714285,0,0,0,0,0,1,0,0,0
NEWS-MANGANCHUNG-20200627,2019-06-08,,N0,0,0,0,20.8,32.8,67.6,404.5,18.2,18.7,-8.983,0,0.2577,REAL,0.017,0.0119,1.342,ANALYTICAL-ensemble,0.018,8,8.83,6,24.5,798.0,311.0,-0.0022,5.8,68.3,2.334,0.757,105.2,698.4,FOREST,0.456,,N0,NEWS-MANGANCHUNG-20200627_N0_2019,2019.0,48.9,130.5,445.5,0.2407,1.324,20.8,2.0,1.314,-4.150000000000004,0,0,0,0,0,1,0,0,0
NEWS-MANGANCHUNG-20200627,2019-06-09,,N0,0,0,0,55.1,78.5,115.6,446.3,34.3,66.5,3.984,0,0.2611,REAL,0.0176,0.019,1.327,ANALYTICAL-ensemble,-0.007,8,8.83,6,24.5,798.0,311.0,-0.0022,5.8,68.3,2.334,0.757,105.2,698.4,FOREST,0.456,,N0,NEWS-MANGANCHUNG-20200627_N0_2019,2019.0,49.1,87.7,429.0,0.2435,1.334,55.1,3.0,1.314,5.707142857142856,0,0,0,0,0,1,0,0,0
NEWS-MANGANCHUNG-20200627,2019-06-10,,N0,0,0,0,7.0,82.9,113.4,437.9,-48.1,66.6,5.182,0,0.2528,REAL,0.007,0.0136,1.316,ANALYTICAL-ensemble,-0.024,8,8.83,6,24.5,798.0,311.0,-0.0022,5.8,68.3,2.334,0.757,105.2,698.4,FOREST,0.456,,N0,NEWS-MANGANCHUNG-20200627_N0_2019,2019.0,46.8,77.1,419.0,0.2458,1.34,55.1,3.0,1.314,12.817857142857141,0,0,0,0,0,1,0,0,0
NEWS-MANGANCHUNG-20200627,2019-06-11,,N0,0,0,0,19.2,81.3,132.6,449.3,12.2,65.0,12.599,0,0.2565,REAL,-0.0012,0.0179,1.32,ANALYTICAL-ensemble,-0.02,8,8.83,6,24.5,798.0,311.0,-0.0022,5.8,68.3,2.334,0.757,105.2,698.4,FOREST,0.456,,N0,NEWS-MANGANCHUNG-20200627_N0_2019,2019.0,67.6,44.4,417.0,0.2577,1.34,55.1,4.0,1.316,16.017857142857142,0,0,0,0,0,1,0,0,0
NEWS-MANGANCHUNG-20200627,2019-06-12,,N0,0,0,0,2.7,28.9,116.8,448.0,-16.5,1.2,9.693,0,0.2564,REAL,-0.0047,0.0157,1.325,ANALYTICAL-ensemble,-0.017,8,8.83,6,24.5,798.0,311.0,-0.0022,5.8,68.3,2.334,0.757,105.2,698.4,FOREST,0.456,,N0,NEWS-MANGANCHUNG-20200627_N0_2019,2019.0,115.6,48.9,406.9,0.2611,1.342,55.1,3.0,1.316,15.017857142857146,0,0,0,0,0,1,0,0,0
NEWS-MANGANCHUNG-20200627,2019-06-13,,N0,0,0,0,0.0,21.9,107.4,437.2,-2.7,-6.0,8.323,1,0.2519,REAL,-0.0009,0.0084,1.327,ANALYTICAL-ensemble,-0.015,8,8.83,6,24.5,798.0,311.0,-0.0022,5.8,68.3,2.334,0.757,105.2,698.4,FOREST,0.456,,N0,NEWS-MANGANCHUNG-20200627_N0_2019,2019.0,113.4,49.1,407.6,0.2528,1.342,55.1,3.0,1.316,10.61428571428572,0,0,0,0,0,1,0,0,0
NEWS-MANGANCHUNG-20200627,2019-06-14,,N0,0,0,0,1.8,4.5,106.6,435.3,1.8,-26.0,8.542,2,0.2475,REAL,-0.009,0.0017,1.339,ANALYTICAL-ensemble,-0.004,8,8.83,6,24.5,798.0,311.0,-0.0022,5.8,68.3,2.334,0.757,105.2,698.4,FOREST,0.456,,N0,NEWS-MANGANCHUNG-20200627_N0_2019,2019.0,132.6,46.8,389.8,0.2565,1.343,55.1,3.0,1.316,3.714285714285716,0,0,0,0,0,1,0,0,0
NEWS-MANGANCHUNG-20200627,2019-06-15,,N0,0,0,0,72.3,74.1,158.1,504.2,70.5,41.3,12.928,0,0.2443,REAL,-0.0121,-0.0134,1.318,ANALYTICAL-ensemble,-0.024,8,8.83,6,24.5,798.0,311.0,-0.0022,5.8,68.3,2.334,0.757,105.2,698.4,FOREST,0.456,,N0,NEWS-MANGANCHUNG-20200627_N0_2019,2019.0,116.8,67.6,404.5,0.2564,1.342,72.3,3.0,1.316,3.167857142857145,0,0,0,0,0,1,0,0,0
NEWS-MANGANCHUNG-20200627,2019-06-16,,N0,0,0,0,59.4,133.5,162.4,556.6,-12.9,55.0,6.686,0,0.2485,REAL,-0.0034,-0.0126,1.314,ANALYTICAL-ensemble,-0.013,8,8.83,6,24.5,798.0,311.0,-0.0022,5.8,68.3,2.334,0.757,105.2,698.4,FOREST,0.456,,N0,NEWS-MANGANCHUNG-20200627_N0_2019,2019.0,107.4,115.6,446.3,0.2519,1.327,72.3,3.0,1.314,6.707142857142861,0,0,0,0,0,1,0,0,0
NEWS-MANGANCHUNG-20200627,2019-06-17,,N0,0,0,0,35.3,167.0,190.7,576.1,-24.1,84.1,11.046,0,0.2672,REAL,0.0197,0.0144,1.313,ANALYTICAL-ensemble,-0.003,8,8.83,6,24.5,798.0,311.0,-0.0022,5.8,68.3,2.334,0.757,105.2,698.4,FOREST,0.456,,N0,NEWS-MANGANCHUNG-20200627_N0_2019,2019.0,106.6,113.4,437.9,0.2475,1.316,72.3,4.0,1.313,11.29285714285714,0,0,0,0,0,1,0,0,0
NEWS-MANGANCHUNG-20200627,2019-06-18,,N0,0,0,0,34.8,129.4,206.2,596.3,-0.5,48.1,10.514,0,0.2694,PROXY-spatial,0.0251,0.0129,1.313,ANALYTICAL-ensemble,-0.007,8,8.83,6,24.5,798.0,311.0,-0.0022,5.8,68.3,2.334,0.757,105.2,698.4,FOREST,0.456,,N0,NEWS-MANGANCHUNG-20200627_N0_2019,2019.0,158.1,132.6,449.3,0.2443,1.32,72.3,4.0,1.313,17.521428571428565,0,0,0,0,0,1,0,0,0
NEWS-MANGANCHUNG-20200627,2019-06-19,,N0,0,0,0,5.4,75.5,208.9,596.3,-29.4,46.5,13.153,0,0.2709,PROXY-spatial,0.0224,0.0145,1.313,ANALYTICAL-ensemble,-0.012,8,8.83,6,24.5,798.0,311.0,-0.0022,5.8,68.3,2.334,0.757,105.2,698.4,FOREST,0.456,,N0,NEWS-MANGANCHUNG-20200627_N0_2019,2019.0,162.4,116.8,448.0,0.2485,1.325,72.3,4.0,1.313,19.153571428571425,0,0,0,0,0,1,0,0,0
NEWS-MANGANCHUNG-20200627,2019-06-20,,N0,0,0,0,1.3,41.4,210.2,587.6,-4.1,19.5,14.685,1,0.2756,PROXY-spatial,0.0084,0.0237,1.313,ANALYTICAL-ensemble,-0.014,8,8.83,6,24.5,798.0,311.0,-0.0022,5.8,68.3,2.334,0.757,105.2,698.4,FOREST,0.456,,N0,NEWS-MANGANCHUNG-20200627_N0_2019,2019.0,190.7,107.4,437.2,0.2672,1.327,72.3,4.0,1.313,16.292857142857134,0,0,0,0,0,1,0,0,0
NEWS-MANGANCHUNG-20200627,2019-06-21,,N0,0,0,0,1.0,7.6,209.3,565.8,-0.3,3.1,14.667,2,0.2805,PROXY-spatial,0.0111,0.033,1.314,ANALYTICAL-ensemble,-0.025,8,8.83,6,24.5,798.0,311.0,-0.0022,5.8,68.3,2.334,0.757,105.2,698.4,FOREST,0.456,,N0,NEWS-MANGANCHUNG-20200627_N0_2019,2019.0,206.2,106.6,435.3,0.2694,1.339,72.3,4.0,1.313,9.54999999999999,0,0,0,0,0,1,0,0,0
NEWS-MANGANCHUNG-20200627,2019-06-22,,N0,0,0,0,0.9,3.1,138.0,545.7,-0.1,-70.9,-2.875,3,0.2742,PROXY-spatial,0.0033,0.0299,1.315,ANALYTICAL-ensemble,-0.003,8,8.83,6,24.5,798.0,311.0,-0.0022,5.8,68.3,2.334,0.757,105.2,698.4,FOREST,0.456,,N0,NEWS-MANGANCHUNG-20200627_N0_2019,2019.0,208.9,158.1,504.2,0.2709,1.318,59.4,3.0,1.313,-1.1428571428571506,0,0,0,0,0,1,0,0,0
NEWS-MANGANCHUNG-20200627,2019-06-23,,N0,0,0,0,10.6,12.5,89.2,517.3,9.7,-121.0,-10.455,0,0.2725,PROXY-spatial,-0.0031,0.024,1.322,ANALYTICAL-ensemble,0.008,8,8.83,6,24.5,798.0,311.0,-0.0022,5.8,68.3,2.334,0.757,105.2,698.4,FOREST,0.456,,N0,NEWS-MANGANCHUNG-20200627_N0_2019,2019.0,210.2,162.4,556.6,0.2756,1.314,35.3,3.0,1.313,-15.732142857142858,0,0,0,0,0,1,0,0,0
NEWS-MANGANCHUNG-20200627,2019-06-24,,N0,0,0,0,0.1,11.6,54.0,504.9,-10.5,-155.3,-19.529,1,0.267,PROXY-spatial,-0.0135,-0.0002,1.323,ANALYTICAL-ensemble,0.01,8,8.83,6,24.5,798.0,311.0,-0.0022,5.8,68.3,2.334,0.757,105.2,698.4,FOREST,0.456,,N0,NEWS-MANGANCHUNG-20200627_N0_2019,2019.0,209.3,190.7,576.1,0.2805,1.313,34.8,2.0,1.313,-27.435714285714276,0,0,0,0,0,1,0,0,0
NEWS-MANGANCHUNG-20200627,2019-06-25,,N0,0,0,0,51.0,61.7,70.2,505.9,50.9,-67.8,-19.434,0,0.267,REAL,-0.0072,-0.0024,1.316,ANALYTICAL-ensemble,0.003,8,8.83,6,24.5,798.0,311.0,-0.0022,5.8,68.3,2.334,0.757,105.2,698.4,FOREST,0.456,,N0,NEWS-MANGANCHUNG-20200627_N0_2019,2019.0,138.0,206.2,596.3,0.2742,1.313,51.0,2.0,1.313,-30.307142857142857,0,0,0,0,0,1,0,0,0
NEWS-MANGANCHUNG-20200627,2019-06-26,,N0,0,0,0,44.6,95.7,109.4,530.7,-6.4,20.2,-14.22,0,0.2742,REAL,0.0017,0.0033,1.314,ANALYTICAL-ensemble,0.001,8,8.83,6,24.5,798.0,311.0,-0.0022,5.8,68.3,2.334,0.757,105.2,698.4,FOREST,0.456,,N0,NEWS-MANGANCHUNG-20200627_N0_2019,2019.0,89.2,208.9,596.3,0.2725,1.313,51.0,3.0,1.313,-23.73571428571429,0,0,0,0,0,1,0,0,0
NEWS-MANGANCHUNG-20200627,2019-06-27,,N0,0,0,0,18.3,113.9,126.5,516.4,-26.3,72.5,-11.957,0,0.283,REAL,0.016,0.0074,1.314,ANALYTICAL-ensemble,0.001,8,8.83,6,24.5,798.0,311.0,-0.0022,5.8,68.3,2.334,0.757,105.2,698.4,FOREST,0.456,,N0,NEWS-MANGANCHUNG-20200627_N0_2019,2019.0,54.0,210.2,587.6,0.267,1.313,51.0,4.0,1.313,-11.592857142857152,0,0,0,0,0,1,0,0,0
NEWS-MANGANCHUNG-20200627,2018-08-13,,N1,0,0,0,28.0,59.3,167.8,598.7,18.3,-2.1,2.134,0,0.2939,REAL,-0.0019,-0.0268,1.313,ANALYTICAL-ensemble,-0.001,8,8.83,5,24.5,798.0,311.0,-0.0022,5.8,68.3,2.334,0.757,105.2,698.4,FOREST,0.44,,N1,NEWS-MANGANCHUNG-20200627_N1_2018,2018.0,,,,,,28.0,1.0,1.313,,0,0,0,0,0,1,0,0,0
NEWS-MANGANCHUNG-20200627,2018-08-14,,N1,0,0,0,14.8,52.5,116.8,598.4,-13.2,-73.9,-10.062,0,0.293,REAL,-0.0011,-0.0274,1.312,ANALYTICAL-ensemble,0.0,8,8.83,5,24.5,798.0,311.0,-0.0022,5.8,68.3,2.334,0.757,105.2,698.4,FOREST,0.44,,N1,NEWS-MANGANCHUNG-20200627_N1_2018,2018.0,,,,,,28.0,2.0,1.312,,0,0,0,0,0,1,0,0,0
NEWS-MANGANCHUNG-20200627,2018-08-15,,N1,0,0,0,23.3,66.1,113.4,617.4,8.5,-70.4,-9.147,0,0.2942,REAL,0.0001,-0.0166,1.31,ANALYTICAL-ensemble,-0.001,8,8.83,5,24.5,798.0,311.0,-0.0022,5.8,68.3,2.334,0.757,105.2,698.4,FOREST,0.44,,N1,NEWS-MANGANCHUNG-20200627_N1_2018,2018.0,,,,,,28.0,3.0,1.31,,0,0,0,0,0,1,0,0,0
NEWS-MANGANCHUNG-20200627,2018-08-16,,N1,0,0,0,19.8,57.9,132.7,627.0,-3.5,-35.1,-4.015,0,0.2969,REAL,0.003,-0.0069,1.31,ANALYTICAL-ensemble,-0.003,8,8.83,5,24.5,798.0,311.0,-0.0022,5.8,68.3,2.334,0.757,105.2,698.4,FOREST,0.44,,N1,NEWS-MANGANCHUNG-20200627_N1_2018,2018.0,167.8,,,0.2939,,28.0,4.0,1.31,-10.870000000000015,0,0,0,0,0,1,0,0,0
NEWS-MANGANCHUNG-20200627,2018-08-17,,N1,0,0,0,10.6,53.7,127.8,623.8,-9.2,11.0,-6.016,0,0.2997,REAL,0.0067,0.0039,1.31,ANALYTICAL-ensemble,-0.002,8,8.83,5,24.5,798.0,311.0,-0.0022,5.8,68.3,2.334,0.757,105.2,698.4,FOREST,0.44,,N1,NEWS-MANGANCHUNG-20200627_N1_2018,2018.0,116.8,,,0.293,,28.0,5.0,1.31,-6.410000000000006,0,0,0,0,0,1,0,0,0
NEWS-MANGANCHUNG-20200627,2018-08-18,,N1,0,0,0,20.4,50.7,126.6,623.0,9.8,13.2,-9.154,0,0.2968,REAL,0.0026,0.0027,1.31,ANALYTICAL-ensemble,0.0,8,8.83,5,24.5,798.0,311.0,-0.0022,5.8,68.3,2.334,0.757,105.2,698.4,FOREST,0.44,,N1,NEWS-MANGANCHUNG-20200627_N1_2018,2018.0,113.4,,,0.2942,,28.0,6.0,1.31,-4.3914285714285715,0,0,0,0,0,1,0,0,0
NEWS-MANGANCHUNG-20200627,2018-08-19,,N1,0,0,0,3.2,34.2,120.0,626.2,-17.2,-12.7,-9.116,0,0.2943,REAL,-0.0026,0.0002,1.313,ANALYTICAL-ensemble,0.002,8,8.83,5,24.5,798.0,311.0,-0.0022,5.8,68.3,2.334,0.757,105.2,698.4,FOREST,0.44,,N1,NEWS-MANGANCHUNG-20200627_N1_2018,2018.0,132.7,,,0.2969,,28.0,6.0,1.31,-3.9071428571428535,0,0,0,0,0,1,0,0,0
NEWS-MANGANCHUNG-20200627,2018-08-20,,N1,0,0,0,9.5,33.1,101.5,628.6,6.3,-26.3,-9.472,0,0.2936,REAL,-0.0061,-0.0003,1.313,ANALYTICAL-ensemble,0.0,8,8.83,5,24.5,798.0,311.0,-0.0022,5.8,68.3,2.334,0.757,105.2,698.4,FOREST,0.44,,N1,NEWS-MANGANCHUNG-20200627_N1_2018,2018.0,127.8,167.8,598.7,0.2997,1.313,23.3,5.0,1.31,-1.385714285714291,0,0,0,0,0,1,0,0,0
NEWS-MANGANCHUNG-20200627,2018-08-21,,N1,0,0,0,4.8,17.5,91.5,609.2,-4.7,-35.1,-3.614,0,0.2903,REAL,-0.0065,-0.0027,1.313,ANALYTICAL-ensemble,0.001,8,8.83,5,24.5,798.0,311.0,-0.0022,5.8,68.3,2.334,0.757,105.2,698.4,FOREST,0.44,,N1,NEWS-MANGANCHUNG-20200627_N1_2018,2018.0,126.6,116.8,598.4,0.2968,1.312,23.3,4.0,1.31,-4.85357142857142,0,0,0,0,0,1,0,0,0
NEWS-MANGANCHUNG-20200627,2018-08-22,,N1,0,0,0,3.2,17.5,71.4,586.1,-1.6,-48.6,-6.005,0,0.2825,REAL,-0.0118,-0.0117,1.314,ANALYTICAL-ensemble,0.004,8,8.83,5,24.5,798.0,311.0,-0.0022,5.8,68.3,2.334,0.757,105.2,698.4,FOREST,0.44,,N1,NEWS-MANGANCHUNG-20200627_N1_2018,2018.0,120.0,113.4,617.4,0.2943,1.31,20.4,3.0,1.31,-10.057142857142859,0,0,0,0,0,1,0,0,0
NEWS-MANGANCHUNG-20200627,2018-08-23,,N1,0,0,0,9.7,17.7,61.4,582.3,6.5,-40.1,-10.185,0,0.2846,REAL,-0.009,-0.0123,1.315,ANALYTICAL-ensemble,0.005,8,8.83,5,24.5,798.0,311.0,-0.0022,5.8,68.3,2.334,0.757,105.2,698.4,FOREST,0.44,,N1,NEWS-MANGANCHUNG-20200627_N1_2018,2018.0,101.5,132.7,627.0,0.2936,1.31,20.4,2.0,1.31,-12.074999999999996,0,0,0,0,0,1,0,0,0
NEWS-MANGANCHUNG-20200627,2018-08-24,,N1,0,0,0,9.9,22.8,60.7,562.0,0.2,-30.8,-9.582,0,0.2893,REAL,-0.001,-0.0104,1.319,ANALYTICAL-ensemble,0.009,8,8.83,5,24.5,798.0,311.0,-0.0022,5.8,68.3,2.334,0.757,105.2,698.4,FOREST,0.44,,N1,NEWS-MANGANCHUNG-20200627_N1_2018,2018.0,91.5,127.8,623.8,0.2903,1.31,20.4,1.0,1.31,-12.321428571428568,0,0,0,0,0,1,0,0,0
NEWS-MANGANCHUNG-20200627,2018-08-25,,N1,0,0,0,52.7,72.3,93.0,575.9,42.8,21.6,-4.794,0,0.2914,REAL,0.0089,-0.0054,1.314,ANALYTICAL-ensemble,0.004,8,8.83,5,24.5,798.0,311.0,-0.0022,5.8,68.3,2.334,0.757,105.2,698.4,FOREST,0.44,,N1,NEWS-MANGANCHUNG-20200627_N1_2018,2018.0,71.4,126.6,623.0,0.2825,1.31,52.7,1.0,1.31,-6.8821428571428545,0,0,0,0,0,1,0,0,0
NEWS-MANGANCHUNG-20200627,2018-08-26,,N1,0,0,0,18.1,80.7,107.9,586.6,-34.6,46.5,-1.73,0,0.2934,REAL,0.0088,-0.0009,1.313,ANALYTICAL-ensemble,0.0,8,8.83,5,24.5,798.0,311.0,-0.0022,5.8,68.3,2.334,0.757,105.2,698.4,FOREST,0.44,,N1,NEWS-MANGANCHUNG-20200627_N1_2018,2018.0,61.4,120.0,626.2,0.2846,1.313,52.7,2.0,1.31,0.410714285714287,0,0,0,0,0,1,0,0,0
NEWS-MANGANCHUNG-20200627,2018-08-27,,N1,0,0,0,41.8,112.6,140.2,617.3,23.7,79.5,5.525,0,0.2944,REAL,0.0051,0.0008,1.313,ANALYTICAL-ensemble,0.0,8,8.83,5,24.5,798.0,311.0,-0.0022,5.8,68.3,2.334,0.757,105.2,698.4,FOREST,0.44,,N1,NEWS-MANGANCHUNG-20200627_N1_2018,2018.0,60.7,101.5,628.6,0.2893,1.313,52.7,3.0,1.31,8.953571428571424,0,0,0,0,0,1,0,0,0
NEWS-MANGANCHUNG-20200627,2018-08-28,,N1,0,0,0,23.9,83.8,159.3,613.7,-17.9,66.3,9.679,0,0.2946,REAL,0.0032,0.0043,1.313,ANALYTICAL-ensemble,0.0,8,8.83,5,24.5,798.0,311.0,-0.0022,5.8,68.3,2.334,0.757,105.2,698.4,FOREST,0.44,,N1,NEWS-MANGANCHUNG-20200627_N1_2018,2018.0,93.0,91.5,609.2,0.2914,1.313,52.7,4.0,1.31,16.732142857142865,0,0,0,0,0,1,0,0,0
NEWS-MANGANCHUNG-20200627,2018-08-29,,N1,0,0,0,13.8,79.5,169.9,600.1,-10.1,62.0,14.073,0,0.3029,REAL,0.0095,0.0204,1.313,ANALYTICAL-ensemble,-0.001,8,8.83,5,24.5,798.0,311.0,-0.0022,5.8,68.3,2.334,0.757,105.2,698.4,FOREST,0.44,,N1,NEWS-MANGANCHUNG-20200627_N1_2018,2018.0,107.9,71.4,586.1,0.2934,1.314,52.7,5.0,1.31,20.353571428571435,0,0,0,0,0,1,0,0,0
NEWS-MANGANCHUNG-20200627,2018-08-30,,N1,0,0,0,23.9,61.6,184.1,592.6,10.1,43.9,17.535,0,0.3021,REAL,0.0077,0.0175,1.313,ANALYTICAL-ensemble,-0.002,8,8.83,5,24.5,798.0,311.0,-0.0022,5.8,68.3,2.334,0.757,105.2,698.4,FOREST,0.44,,N1,NEWS-MANGANCHUNG-20200627_N1_2018,2018.0,140.2,61.4,582.3,0.2944,1.315,52.7,6.0,1.31,20.550000000000004,0,0,0,0,0,1,0,0,0
NEWS-MANGANCHUNG-20200627,2018-08-31,,N1,0,0,0,7.2,44.9,181.5,563.4,-16.7,22.2,17.261,0,0.3004,REAL,0.0058,0.0111,1.314,ANALYTICAL-ensemble,-0.005,8,8.83,5,24.5,798.0,311.0,-0.0022,5.8,68.3,2.334,0.757,105.2,698.4,FOREST,0.44,,N1,NEWS-MANGANCHUNG-20200627_N1_2018,2018.0,159.3,60.7,562.0,0.2946,1.319,52.7,6.0,1.31,15.985714285714288,0,0,0,0,0,1,0,0,0
NEWS-MANGANCHUNG-20200627,2018-09-01,,N1,0,0,0,5.5,36.7,134.3,551.8,-1.7,-35.6,5.9,0,0.2999,REAL,-0.003,0.0085,1.314,ANALYTICAL-ensemble,0.0,8,8.83,5,24.5,798.0,311.0,-0.0022,5.8,68.3,2.334,0.757,105.2,698.4,FOREST,0.44,,N1,NEWS-MANGANCHUNG-20200627_N1_2018,2018.0,169.9,93.0,575.9,0.3029,1.314,41.8,5.0,1.313,6.66428571428572,0,0,0,0,0,1,0,0,0
NEWS-MANGANCHUNG-20200627,2018-09-02,,N1,0,0,0,19.3,32.0,135.5,564.6,13.8,-48.6,3.95,0,0.3046,REAL,0.0025,0.0112,1.314,ANALYTICAL-ensemble,0.001,8,8.83,5,24.5,798.0,311.0,-0.0022,5.8,68.3,2.334,0.757,105.2,698.4,FOREST,0.44,,N1,NEWS-MANGANCHUNG-20200627_N1_2018,2018.0,184.1,107.9,586.6,0.3021,1.313,41.8,5.0,1.313,-1.8750000000000033,0,0,0,0,0,1,0,0,0
NEWS-MANGANCHUNG-20200627,2018-09-03,,N1,0,0,0,15.0,39.8,108.6,578.8,-4.3,-72.9,-4.516,0,0.3032,REAL,0.0028,0.0088,1.314,ANALYTICAL-ensemble,0.001,8,8.83,5,24.5,798.0,311.0,-0.0022,5.8,68.3,2.334,0.757,105.2,698.4,FOREST,0.44,,N1,NEWS-MANGANCHUNG-20200627_N1_2018,2018.0,181.5,140.2,617.3,0.3004,1.313,23.9,5.0,1.313,-9.667857142857155,0,0,0,0,0,1,0,0,0
NEWS-MANGANCHUNG-20200627,2018-09-04,,N1,0,0,0,11.7,45.9,96.4,573.8,-3.3,-37.9,-8.99,0,0.2994,REAL,-0.0005,0.0048,1.314,ANALYTICAL-ensemble,0.001,8,8.83,5,24.5,798.0,311.0,-0.0022,5.8,68.3,2.334,0.757,105.2,698.4,FOREST,0.44,,N1,NEWS-MANGANCHUNG-20200627_N1_2018,2018.0,134.3,159.3,613.7,0.2999,1.313,23.9,5.0,1.313,-14.910714285714295,0,0,0,0,0,1,0,0,0
NEWS-MANGANCHUNG-20200627,2018-09-05,,N1,0,0,0,8.6,35.3,91.2,538.5,-3.1,-44.3,-11.245,0,0.3005,REAL,-0.0041,-0.0024,1.316,ANALYTICAL-ensemble,0.003,8,8.83,5,24.5,798.0,311.0,-0.0022,5.8,68.3,2.334,0.757,105.2,698.4,FOREST,0.44,,N1,NEWS-MANGANCHUNG-20200627_N1_2018,2018.0,135.5,169.9,600.1,0.3046,1.313,23.9,4.0,1.313,-16.95,0,0,0,0,0,1,0,0,0
NEWS-MANGANCHUNG-20200627,2018-09-06,,N1,0,0,0,6.0,26.3,73.3,478.7,-2.6,-35.3,-15.834,0,0.3008,REAL,-0.0024,-0.0013,1.324,ANALYTICAL-ensemble,0.011,8,8.83,5,24.5,798.0,311.0,-0.0022,5.8,68.3,2.334,0.757,105.2,698.4,FOREST,0.44,,N1,NEWS-MANGANCHUNG-20200627_N1_2018,2018.0,108.6,184.1,592.6,0.3032,1.313,19.3,3.0,1.313,-16.06785714285715,0,0,0,0,0,1,0,0,0
NEWS-MANGANCHUNG-20200627,2018-09-07,,N1,0,0,0,35.4,50.0,101.4,487.4,29.4,5.0,-11.441,0,0.3054,REAL,0.006,0.005,1.319,ANALYTICAL-ensemble,0.005,8,8.83,5,24.5,798.0,311.0,-0.0022,5.8,68.3,2.334,0.757,105.2,698.4,FOREST,0.44,,N1,NEWS-MANGANCHUNG-20200627_N1_2018,2018.0,96.4,181.5,563.4,0.2994,1.314,35.4,4.0,1.313,-8.589285714285714,0,0,0,0,0,1,0,0,0
NEWS-MANGANCHUNG-20200627,2018-09-08,,N1,0,0,0,4.2,45.6,100.1,491.1,-31.2,8.9,-4.884,0,0.3088,REAL,0.0083,0.0089,1.318,ANALYTICAL-ensemble,0.004,8,8.83,5,24.5,798.0,311.0,-0.0022,5.8,68.3,2.334,0.757,105.2,698.4,FOREST,0.44,,N1,NEWS-MANGANCHUNG-20200627_N1_2018,2018.0,91.2,134.3,551.8,0.3005,1.314,35.4,4.0,1.313,-5.132142857142866,0,0,0,0,0,1,0,0,0
NEWS-MANGANCHUNG-20200627,2018-09-09,,N1,0,0,0,9.2,48.8,90.1,484.8,5.0,16.8,-6.485,0,0.3053,REAL,0.0045,0.0007,1.324,ANALYTICAL-ensemble,0.01,8,8.83,5,24.5,798.0,311.0,-0.0022,5.8,68.3,2.334,0.757,105.2,698.4,FOREST,0.44,,N1,NEWS-MANGANCHUNG-20200627_N1_2018,2018.0,73.3,135.5,564.6,0.3008,1.314,35.4,3.0,1.313,-1.353571428571431,0,0,0,0,0,1,0,0,0
NEWS-MANGANCHUNG-20200627,2018-09-10,,N1,0,0,0,24.7,38.1,99.8,487.9,15.5,-1.6,-1.263,0,0.3131,REAL,0.0077,0.0099,1.321,ANALYTICAL-ensemble,0.007,8,8.83,5,24.5,798.0,311.0,-0.0022,5.8,68.3,2.334,0.757,105.2,698.4,FOREST,0.44,,N1,NEWS-MANGANCHUNG-20200627_N1_2018,2018.0,101.4,108.6,578.8,0.3054,1.314,35.4,3.0,1.313,1.2428571428571384,0,0,0,0,0,1,0,0,0
NEWS-MANGANCHUNG-20200627,2018-09-11,,N1,0,0,0,45.3,79.2,133.4,523.4,20.6,33.3,5.284,0,0.3179,REAL,0.0091,0.0185,1.314,ANALYTICAL-ensemble,0.0,8,8.83,5,24.5,798.0,311.0,-0.0022,5.8,68.3,2.334,0.757,105.2,698.4,FOREST,0.44,,N1,NEWS-MANGANCHUNG-20200627_N1_2018,2018.0,100.1,96.4,573.8,0.3088,1.314,45.3,3.0,1.313,6.010714285714283,0,0,0,0,0,1,0,0,0
NEWS-MANGANCHUNG-20200627,2018-09-12,,N1,0,0,0,22.5,92.5,147.2,517.9,-22.8,57.1,7.994,0,0.324,REAL,0.0187,0.0235,1.314,ANALYTICAL-ensemble,-0.002,8,8.83,5,24.5,798.0,311.0,-0.0022,5.8,68.3,2.334,0.757,105.2,698.4,FOREST,0.44,,N1,NEWS-MANGANCHUNG-20200627_N1_2018,2018.0,90.1,91.2,538.5,0.3053,1.316,45.3,4.0,1.313,10.19285714285714,0,0,0,0,0,1,0,0,0
NEWS-NH10-20150709,2015-05-10,60.0,bg,0,0,0,0.0,0.5,8.5,126.8,0.0,-11.5,-4.857,5,,MISSING (window-absent),,,1.021,ANALYTICAL-ensemble,0.006,8,13.74,0,32.7,537.0,45.0,0.0011,5.92,154.1,0.0,0.7304999999999999,482.6,1376.5,FOREST,0.414,1057.2,POS,NEWS-NH10-20150709,,,,,,,0.0,0.0,1.021,,1,0,0,0,0,1,0,0,4
NEWS-NH10-20150709,2015-05-11,59.0,bg,0,0,0,12.9,12.9,20.3,139.7,12.9,9.0,-3.329,0,,MISSING (window-absent),,,1.02,ANALYTICAL-ensemble,0.005,8,13.74,0,32.7,537.0,45.0,0.0011,5.92,154.1,0.0,0.7304999999999999,482.6,1376.5,FOREST,0.414,1057.2,POS,NEWS-NH10-20150709,,,,,,,12.9,1.0,1.02,,1,0,0,0,0,1,0,0,4
NEWS-NH10-20150709,2015-05-12,58.0,bg,0,0,0,0.2,13.1,14.2,139.9,-12.7,2.9,-4.843,1,,MISSING (window-absent),,,1.02,ANALYTICAL-ensemble,0.003,8,13.74,0,32.7,537.0,45.0,0.0011,5.92,154.1,0.0,0.7304999999999999,482.6,1376.5,FOREST,0.414,1057.2,POS,NEWS-NH10-20150709,,,,,,,12.9,1.0,1.02,,1,0,0,0,0,1,0,0,4
NEWS-NH10-20150709,2015-05-13,57.0,bg,0,0,0,1.2,14.4,14.8,133.6,1.0,6.3,-0.986,2,,MISSING (window-absent),,,1.02,ANALYTICAL-ensemble,0.002,8,13.74,0,32.7,537.0,45.0,0.0011,5.92,154.1,0.0,0.7304999999999999,482.6,1376.5,FOREST,0.414,1057.2,POS,NEWS-NH10-20150709,,8.5,,,,,12.9,1.0,1.02,1.2800000000000011,1,0,0,0,0,1,0,0,4
NEWS-NH10-20150709,2015-05-14,56.0,bg,0,0,0,15.5,16.9,30.3,149.1,14.3,10.0,1.471,0,0.2288,PROXY-spatial,,,1.019,ANALYTICAL-ensemble,-0.001,8,13.74,0,32.7,537.0,45.0,0.0011,5.92,154.1,0.0,0.7304999999999999,482.6,1376.5,FOREST,0.414,1057.2,POS,NEWS-NH10-20150709,,20.3,,,,,15.5,2.0,1.019,3.8099999999999983,0,0,0,0,0,1,0,0,4
NEWS-NH10-20150709,2015-05-15,55.0,bg,0,0,0,8.3,25.0,38.1,157.4,-7.2,23.9,3.829,0,0.2288,PROXY-spatial,,,1.019,ANALYTICAL-ensemble,-0.002,8,13.74,0,32.7,537.0,45.0,0.0011,5.92,154.1,0.0,0.7304999999999999,482.6,1376.5,FOREST,0.414,1057.2,POS,NEWS-NH10-20150709,,14.2,,,,,15.5,2.0,1.019,5.102857142857142,0,0,0,0,0,1,0,0,4
NEWS-NH10-20150709,2015-05-16,54.0,bg,0,0,0,7.7,31.4,45.8,165.1,-0.6,31.0,4.929,0,0.2288,PROXY-spatial,,,1.018,ANALYTICAL-ensemble,-0.003,8,13.74,0,32.7,537.0,45.0,0.0011,5.92,154.1,0.0,0.7304999999999999,482.6,1376.5,FOREST,0.414,1057.2,POS,NEWS-NH10-20150709,,14.8,,,,,15.5,2.0,1.018,5.8428571428571425,0,0,0,0,0,1,0,0,4
NEWS-NH10-20150709,2015-05-17,53.0,bg,0,0,0,49.6,65.6,95.4,214.7,41.9,65.1,12.414,0,0.2288,PROXY-spatial,0.0,,1.006,ANALYTICAL-ensemble,-0.015,8,13.74,0,32.7,537.0,45.0,0.0011,5.92,154.1,0.0,0.7304999999999999,482.6,1376.5,FOREST,0.414,1057.2,POS,NEWS-NH10-20150709,,30.3,8.5,126.8,0.2288,1.021,49.6,3.0,1.006,11.135714285714288,0,0,0,0,0,1,0,0,4
NEWS-NH10-20150709,2015-05-18,52.0,bg,0,0,0,5.3,62.6,87.8,161.6,-44.3,49.7,9.643,0,0.2288,PROXY-spatial,0.0,,1.007,ANALYTICAL-ensemble,-0.013,8,13.74,0,32.7,537.0,45.0,0.0011,5.92,154.1,0.0,0.7304999999999999,482.6,1376.5,FOREST,0.414,1057.2,POS,NEWS-NH10-20150709,,38.1,20.3,139.7,0.2288,1.02,49.6,2.0,1.006,14.196428571428571,0,0,0,0,0,1,0,0,4
NEWS-NH10-20150709,2015-05-19,51.0,bg,0,0,0,11.6,66.5,99.2,166.6,6.3,53.4,12.143,0,0.2288,PROXY-spatial,0.0,,1.009,ANALYTICAL-ensemble,-0.011,8,13.74,0,32.7,537.0,45.0,0.0011,5.92,154.1,0.0,0.7304999999999999,482.6,1376.5,FOREST,0.414,1057.2,POS,NEWS-NH10-20150709,,45.8,14.2,139.9,0.2288,1.02,49.6,3.0,1.006,15.19642857142857,0,0,0,0,0,1,0,0,4
NEWS-NH10-20150709,2015-05-20,50.0,bg,0,0,0,0.3,17.1,98.2,166.8,-11.3,2.8,11.914,1,0.2288,PROXY-spatial,0.0,,1.008,ANALYTICAL-ensemble,-0.012,8,13.74,0,32.7,537.0,45.0,0.0011,5.92,154.1,0.0,0.7304999999999999,482.6,1376.5,FOREST,0.414,1057.2,POS,NEWS-NH10-20150709,,95.4,14.8,133.6,0.2288,1.02,49.6,3.0,1.006,13.139285714285714,0,0,0,0,0,1,0,0,4
NEWS-NH10-20150709,2015-05-21,49.0,bg,0,0,0,2.6,14.5,85.3,169.5,2.3,-2.5,7.857,0,,MISSING (window-absent),,,1.011,ANALYTICAL-ensemble,-0.008,8,13.74,0,32.7,537.0,45.0,0.0011,5.92,154.1,0.0,0.7304999999999999,482.6,1376.5,FOREST,0.414,1057.2,POS,NEWS-NH10-20150709,,87.8,30.3,149.1,0.2288,1.019,49.6,2.0,1.006,8.935714285714287,1,0,0,0,0,1,0,0,4
NEWS-NH10-20150709,2015-05-22,48.0,bg,0,0,0,24.0,26.9,101.1,192.2,21.4,1.9,9.0,0,,MISSING (window-absent),,,1.009,ANALYTICAL-ensemble,-0.01,8,13.74,0,32.7,537.0,45.0,0.0011,5.92,154.1,0.0,0.7304999999999999,482.6,1376.5,FOREST,0.414,1057.2,POS,NEWS-NH10-20150709,,99.2,38.1,157.4,0.2288,1.019,49.6,3.0,1.006,5.575000000000007,1,0,0,0,0,1,0,0,4
NEWS-NH10-20150709,2015-05-23,47.0,bg,0,0,0,0.0,26.6,93.4,192.2,-24.0,-4.8,6.8,1,0.2373,PROXY-spatial,0.0085,0.0085,1.003,ANALYTICAL-ensemble,-0.015,8,13.74,0,32.7,537.0,45.0,0.0011,5.92,154.1,0.0,0.7304999999999999,482.6,1376.5,FOREST,0.414,1057.2,POS,NEWS-NH10-20150709,,98.2,45.8,165.1,0.2288,1.018,49.6,3.0,1.003,0.2392857142857117,0,0,0,0,0,1,0,0,4
NEWS-NH10-20150709,2015-05-24,46.0,bg,0,0,0,21.7,45.7,65.5,214.0,21.7,-19.8,-4.271,0,0.2373,PROXY-spatial,,0.0085,1.002,ANALYTICAL-ensemble,-0.004,8,13.74,0,32.7,537.0,45.0,0.0011,5.92,154.1,0.0,0.7304999999999999,482.6,1376.5,FOREST,0.414,1057.2,POS,NEWS-NH10-20150709,,85.3,95.4,214.7,,1.006,24.0,3.0,1.002,-2.6999999999999935,0,0,0,0,0,1,0,0,4
NEWS-NH10-20150709,2015-05-25,45.0,bg,0,0,0,0.0,21.7,60.2,211.9,-21.7,-40.9,-3.943,1,0.2373,PROXY-spatial,,0.0085,1.002,ANALYTICAL-ensemble,-0.005,8,13.74,0,32.7,537.0,45.0,0.0011,5.92,154.1,0.0,0.7304999999999999,482.6,1376.5,FOREST,0.414,1057.2,POS,NEWS-NH10-20150709,,101.1,87.8,161.6,,1.007,24.0,3.0,1.002,-6.224999999999994,0,0,0,0,0,1,0,0,4
NEWS-NH10-20150709,2015-05-26,44.0,bg,0,0,0,27.0,48.7,75.6,238.9,27.0,-17.8,-3.371,0,0.2373,PROXY-spatial,0.0,0.0085,0.99,ANALYTICAL-ensemble,-0.019,8,13.74,0,32.7,537.0,45.0,0.0011,5.92,154.1,0.0,0.7304999999999999,482.6,1376.5,FOREST,0.414,1057.2,POS,NEWS-NH10-20150709,,93.4,99.2,166.6,0.2373,1.009,27.0,3.0,0.99,-5.485714285714284,0,0,0,0,0,1,0,0,4
NEWS-NH10-20150709,2015-05-27,43.0,bg,0,0,0,4.7,31.7,80.1,243.6,-22.3,14.6,-2.586,0,0.2373,PROXY-spatial,0.0,0.0085,0.99,ANALYTICAL-ensemble,-0.018,8,13.74,0,32.7,537.0,45.0,0.0011,5.92,154.1,0.0,0.7304999999999999,482.6,1376.5,FOREST,0.414,1057.2,POS,NEWS-NH10-20150709,,65.5,98.2,166.8,0.2373,1.008,27.0,3.0,0.99,-3.5642857142857136,0,0,0,0,0,1,0,0,4
NEWS-NH10-20150709,2015-05-28,42.0,bg,0,0,0,0.0,31.7,77.4,241.8,-4.7,17.2,-1.129,1,0.2373,PROXY-spatial,0.0,,0.996,ANALYTICAL-ensemble,-0.015,8,13.74,0,32.7,537.0,45.0,0.0011,5.92,154.1,0.0,0.7304999999999999,482.6,1376.5,FOREST,0.414,1057.2,POS,NEWS-NH10-20150709,,60.2,85.3,169.5,0.2373,1.011,27.0,3.0,0.99,-3.1285714285714277,0,0,0,0,0,1,0,0,4
NEWS-NH10-20150709,2015-05-29,41.0,bg,0,0,0,49.9,54.6,103.4,264.8,49.9,27.8,0.329,0,0.2373,PROXY-spatial,0.0,,0.983,ANALYTICAL-ensemble,-0.026,8,13.74,0,32.7,537.0,45.0,0.0011,5.92,154.1,0.0,0.7304999999999999,482.6,1376.5,FOREST,0.414,1057.2,POS,NEWS-NH10-20150709,,75.6,101.1,192.2,0.2373,1.009,49.9,3.0,0.983,2.6321428571428553,0,0,0,0,0,1,0,0,4
NEWS-NH10-20150709,2015-05-30,40.0,bg,0,0,0,10.8,60.7,114.2,273.8,-39.1,34.1,2.971,0,0.2055,PROXY-spatial,-0.0318,-0.0318,0.98,ANALYTICAL-ensemble,-0.023,8,13.74,0,32.7,537.0,45.0,0.0011,5.92,154.1,0.0,0.7304999999999999,482.6,1376.5,FOREST,0.414,1057.2,POS,NEWS-NH10-20150709,,80.1,93.4,192.2,0.2373,1.003,49.9,4.0,0.98,8.36785714285714,0,0,0,0,0,1,0,0,4
NEWS-NH10-20150709,2015-05-31,39.0,bg,0,0,0,11.2,71.9,103.6,275.8,0.4,26.2,5.443,0,0.1825,PROXY-spatial,-0.0548,-0.0548,0.98,ANALYTICAL-ensemble,-0.022,8,13.74,0,32.7,537.0,45.0,0.0011,5.92,154.1,0.0,0.7304999999999999,482.6,1376.5,FOREST,0.414,1057.2,POS,NEWS-NH10-20150709,,77.4,65.5,214.0,0.2373,1.002,49.9,4.0,0.98,8.239285714285712,0,0,0,0,0,1,0,0,4
NEWS-NH10-20150709,2015-06-01,38.0,bg,0,0,0,18.9,40.8,122.5,294.7,7.7,19.1,8.9,0,0.2121,PROXY-spatial,-0.0252,-0.0252,0.98,ANALYTICAL-ensemble,-0.022,8,13.74,0,32.7,537.0,45.0,0.0011,5.92,154.1,0.0,0.7304999999999999,482.6,1376.5,FOREST,0.414,1057.2,POS,NEWS-NH10-20150709,,103.4,60.2,211.9,0.2373,1.002,49.9,5.0,0.98,8.01785714285714,0,0,0,0,0,1,0,0,4
NEWS-NH10-20150709,2015-06-02,37.0,bg,0,0,0,12.7,42.7,108.2,304.6,-6.2,-6.0,4.657,0,0.2121,PROXY-spatial,0.0066,-0.0252,0.979,ANALYTICAL-ensemble,-0.011,8,13.74,0,32.7,537.0,45.0,0.0011,5.92,154.1,0.0,0.7304999999999999,482.6,1376.5,FOREST,0.414,1057.2,POS,NEWS-NH10-20150709,,114.2,75.6,238.9,0.2055,0.99,49.9,5.0,0.979,6.239285714285715,0,0,0,0,0,1,0,0,4
NEWS-NH10-20150709,2015-06-03,36.0,bg,0,0,0,4.2,35.8,107.7,307.7,-8.5,4.1,3.943,0,0.2184,PROXY-spatial,0.0359,-0.0189,0.978,ANALYTICAL-ensemble,-0.012,8,13.74,0,32.7,537.0,45.0,0.0011,5.92,154.1,0.0,0.7304999999999999,482.6,1376.5,FOREST,0.414,1057.2,POS,NEWS-NH10-20150709,,103.6,80.1,243.6,0.1825,0.99,49.9,5.0,0.978,3.885714285714283,0,0,0,0,0,1,0,0,4
NEWS-NH10-20150709,2015-06-04,35.0,bg,0,0,0,19.5,36.4,127.2,320.9,15.3,4.7,7.114,0,0.2184,PROXY-spatial,0.0063,-0.0189,0.978,ANALYTICAL-ensemble,-0.018,8,13.74,0,32.7,537.0,45.0,0.0011,5.92,154.1,0.0,0.7304999999999999,482.6,1376.5,FOREST,0.414,1057.2,POS,NEWS-NH10-20150709,,122.5,77.4,241.8,0.2121,0.996,49.9,6.0,0.978,2.25,0,0,0,0,0,1,0,0,4
NEWS-NH10-20150709,2015-06-05,34.0,bg,0,0,0,89.1,112.9,166.4,409.5,69.6,58.2,9.0,0,0.2184,PROXY-spatial,0.0063,-0.0189,0.972,ANALYTICAL-ensemble,-0.011,8,13.74,0,32.7,537.0,45.0,0.0011,5.92,154.1,0.0,0.7304999999999999,482.6,1376.5,FOREST,0.414,1057.2,POS,NEWS-NH10-20150709,,108.2,103.4,264.8,0.2121,0.983,89.1,6.0,0.972,6.750000000000004,0,0,0,0,0,1,0,0,4
NEWS-NH10-20150709,2015-06-06,33.0,bg,0,0,0,23.0,131.7,178.6,432.5,-66.1,70.9,9.2,0,0.2267,PROXY-spatial,0.0083,0.0212,0.968,ANALYTICAL-ensemble,-0.012,8,13.74,0,32.7,537.0,45.0,0.0011,5.92,154.1,0.0,0.7304999999999999,482.6,1376.5,FOREST,0.414,1057.2,POS,NEWS-NH10-20150709,,107.7,114.2,273.8,0.2184,0.98,89.1,6.0,0.968,11.850000000000009,0,0,0,0,0,1,0,0,4
NEWS-NH10-20150709,2015-06-07,32.0,bg,0,0,0,120.4,232.5,287.8,552.4,97.4,160.6,26.314,0,0.2523,PROXY-spatial,0.0339,0.0698,0.958,ANALYTICAL-ensemble,-0.022,8,13.74,0,32.7,537.0,45.0,0.0011,5.92,154.1,0.0,0.7304999999999999,482.6,1376.5,FOREST,0.414,1057.2,POS,NEWS-NH10-20150709,,127.2,103.6,275.8,0.2184,0.98,120.4,6.0,0.958,24.83571428571428,0,0,0,0,0,1,0,0,4
NEWS-NH10-20150709,2015-06-08,31.0,bg,0,0,0,92.6,235.9,361.5,645.0,-27.8,195.1,34.143,0,0.2508,PROXY-spatial,0.0324,0.0387,0.942,ANALYTICAL-ensemble,-0.038,8,13.74,0,32.7,537.0,45.0,0.0011,5.92,154.1,0.0,0.7304999999999999,482.6,1376.5,FOREST,0.414,1057.2,POS,NEWS-NH10-20150709,,166.4,122.5,294.7,0.2184,0.98,120.4,6.0,0.942,41.83928571428571,0,0,0,0,0,1,0,0,4
NEWS-NH10-20150709,2015-06-09,30.0,pre,0,0,0,15.4,228.4,364.3,660.4,-77.2,185.7,36.586,0,0.2559,PROXY-spatial,0.0292,0.0438,0.94,ANALYTICAL-ensemble,-0.039,8,13.74,0,32.7,537.0,45.0,0.0011,5.92,154.1,0.0,0.7304999999999999,482.6,1376.5,FOREST,0.414,1057.2,POS,NEWS-NH10-20150709,,178.6,108.2,304.6,0.2267,0.979,120.4,6.0,0.94,48.56428571428572,0,0,0,0,0,1,0,0,4
NEWS-NH10-20150709,2015-06-10,29.0,pre,0,0,0,14.3,122.4,374.4,661.8,-1.1,86.6,38.1,0,0.2552,PROXY-spatial,0.0029,0.0368,0.942,ANALYTICAL-ensemble,-0.036,8,13.74,0,32.7,537.0,45.0,0.0011,5.92,154.1,0.0,0.7304999999999999,482.6,1376.5,FOREST,0.414,1057.2,POS,NEWS-NH10-20150709,,287.8,107.7,307.7,0.2523,0.978,120.4,7.0,0.94,47.153571428571425,0,0,0,0,0,1,0,0,4
NEWS-NH10-20150709,2015-06-11,28.0,pre,0,0,0,58.9,88.7,413.8,720.6,44.6,52.3,40.943,0,0.2576,PROXY-spatial,0.0068,0.0392,0.941,ANALYTICAL-ensemble,-0.037,8,13.74,0,32.7,537.0,45.0,0.0011,5.92,154.1,0.0,0.7304999999999999,482.6,1376.5,FOREST,0.414,1057.2,POS,NEWS-NH10-20150709,,361.5,127.2,320.9,0.2508,0.978,120.4,7.0,0.94,43.225,0,0,0,0,0,1,0,0,4
NEWS-NH10-20150709,2015-06-12,27.0,pre,0,0,0,34.3,107.6,359.0,753.7,-24.6,-5.3,27.514,0,0.2606,PROXY-spatial,0.0047,0.0422,0.939,ANALYTICAL-ensemble,-0.033,8,13.74,0,32.7,537.0,45.0,0.0011,5.92,154.1,0.0,0.7304999999999999,482.6,1376.5,FOREST,0.414,1057.2,POS,NEWS-NH10-20150709,,364.3,166.4,409.5,0.2559,0.972,120.4,7.0,0.939,28.789285714285704,0,0,0,0,0,1,0,0,4
NEWS-NH10-20150709,2015-06-13,26.0,pre,0,0,0,17.1,110.4,353.1,755.3,-17.2,-21.3,24.929,0,0.2678,PROXY-spatial,0.0126,0.0411,0.939,ANALYTICAL-ensemble,-0.029,8,13.74,0,32.7,537.0,45.0,0.0011,5.92,154.1,0.0,0.7304999999999999,482.6,1376.5,FOREST,0.414,1057.2,POS,NEWS-NH10-20150709,,374.4,178.6,432.5,0.2552,0.968,120.4,7.0,0.939,8.585714285714301,0,0,0,0,0,1,0,0,4
NEWS-NH10-20150709,2015-06-14,25.0,pre,0,0,0,52.1,103.6,284.9,799.1,35.0,-128.9,-0.414,0,0.2662,PROXY-spatial,0.0086,0.0139,0.938,ANALYTICAL-ensemble,-0.02,8,13.74,0,32.7,537.0,45.0,0.0011,5.92,154.1,0.0,0.7304999999999999,482.6,1376.5,FOREST,0.414,1057.2,POS,NEWS-NH10-20150709,,413.8,287.8,552.4,0.2576,0.958,92.6,7.0,0.938,-9.55714285714283,0,0,0,0,0,1,0,0,4
NEWS-NH10-20150709,2015-06-15,24.0,pre,0,0,0,14.8,84.0,207.0,806.2,-37.3,-152.0,-22.071,0,0.2602,PROXY-spatial,-0.0004,0.0094,0.937,ANALYTICAL-ensemble,-0.005,8,13.74,0,32.7,537.0,45.0,0.0011,5.92,154.1,0.0,0.7304999999999999,482.6,1376.5,FOREST,0.414,1057.2,POS,NEWS-NH10-20150709,,359.0,361.5,645.0,0.2606,0.942,58.9,7.0,0.937,-25.414285714285704,0,0,0,0,0,1,0,0,4
NEWS-NH10-20150709,2015-06-16,23.0,pre,0,0,0,11.8,78.6,203.4,768.3,-3.0,-149.7,-22.986,0,0.2542,PROXY-spatial,-0.0136,-0.0017,0.94,ANALYTICAL-ensemble,0.0,8,13.74,0,32.7,537.0,45.0,0.0011,5.92,154.1,0.0,0.7304999999999999,482.6,1376.5,FOREST,0.414,1057.2,POS,NEWS-NH10-20150709,,353.1,364.3,660.4,0.2678,0.94,58.9,7.0,0.937,-35.73928571428571,0,0,0,0,0,1,0,0,4
NEWS-NH10-20150709,2015-06-17,22.0,pre,0,0,0,12.7,39.2,201.7,775.7,0.9,-83.2,-24.671,0,0.2554,PROXY-spatial,-0.0108,0.0002,0.94,ANALYTICAL-ensemble,-0.002,8,13.74,0,32.7,537.0,45.0,0.0011,5.92,154.1,0.0,0.7304999999999999,482.6,1376.5,FOREST,0.414,1057.2,POS,NEWS-NH10-20150709,,284.9,374.4,661.8,0.2662,0.942,58.9,7.0,0.937,-39.05714285714286,0,0,0,0,0,1,0,0,4
NEWS-NH10-20150709,2015-06-18,21.0,pre,0,0,0,55.5,79.9,198.2,819.6,42.8,-8.8,-30.8,0,0.2451,PROXY-spatial,-0.0151,-0.0125,0.939,ANALYTICAL-ensemble,-0.002,8,13.74,0,32.7,537.0,45.0,0.0011,5.92,154.1,0.0,0.7304999999999999,482.6,1376.5,FOREST,0.414,1057.2,POS,NEWS-NH10-20150709,,207.0,413.8,720.6,0.2602,0.941,55.5,7.0,0.937,-30.953571428571422,0,0,0,0,0,1,0,0,4
NEWS-NH10-20150709,2015-06-19,20.0,pre,0,0,0,3.7,71.8,167.5,823.0,-51.8,-35.9,-27.357,0,0.2398,PROXY-spatial,-0.0144,-0.0208,0.939,ANALYTICAL-ensemble,0.0,8,13.74,0,32.7,537.0,45.0,0.0011,5.92,154.1,0.0,0.7304999999999999,482.6,1376.5,FOREST,0.414,1057.2,POS,NEWS-NH10-20150709,,203.4,359.0,753.7,0.2542,0.939,55.5,6.0,0.937,-26.267857142857153,0,0,0,0,0,1,0,0,4
NEWS-NH10-20150709,2015-06-20,19.0,pre,0,0,0,11.3,70.4,161.7,831.6,7.6,-40.0,-27.343,0,0.2352,PROXY-spatial,-0.0202,-0.0326,0.939,ANALYTICAL-ensemble,0.0,8,13.74,0,32.7,537.0,45.0,0.0011,5.92,154.1,0.0,0.7304999999999999,482.6,1376.5,FOREST,0.414,1057.2,POS,NEWS-NH10-20150709,,201.7,353.1,755.3,0.2554,0.939,55.5,6.0,0.937,-16.20714285714285,0,0,0,0,0,1,0,0,4
NEWS-NH10-20150709,2015-06-21,18.0,pre,0,0,0,5.0,20.0,114.6,812.6,-6.3,-83.6,-24.329,0,0.2326,PROXY-spatial,-0.0125,-0.0336,0.94,ANALYTICAL-ensemble,0.002,8,13.74,0,32.7,537.0,45.0,0.0011,5.92,154.1,0.0,0.7304999999999999,482.6,1376.5,FOREST,0.414,1057.2,POS,NEWS-NH10-20150709,,198.2,284.9,799.1,0.2451,0.938,55.5,5.0,0.937,-14.099999999999998,0,0,0,0,0,1,0,0,4
NEWS-NH10-20150709,2015-06-22,17.0,pre,0,0,0,5.0,21.3,104.9,817.7,-0.0,-62.6,-14.586,0,0.2383,PROXY-spatial,-0.0015,-0.0219,0.942,ANALYTICAL-ensemble,0.005,8,13.74,0,32.7,537.0,45.0,0.0011,5.92,154.1,0.0,0.7304999999999999,482.6,1376.5,FOREST,0.414,1057.2,POS,NEWS-NH10-20150709,,167.5,207.0,806.2,0.2398,0.937,55.5,4.0,0.937,-18.078571428571422,0,0,0,0,0,1,0,0,4
NEWS-NH10-20150709,2015-06-23,16.0,pre,0,0,0,64.0,74.1,157.2,860.0,59.0,-4.5,-6.6,0,0.2425,PROXY-spatial,0.0073,-0.0117,0.939,ANALYTICAL-ensemble,-0.001,8,13.74,0,32.7,537.0,45.0,0.0011,5.92,154.1,0.0,0.7304999999999999,482.6,1376.5,FOREST,0.414,1057.2,POS,NEWS-NH10-20150709,,161.7,203.4,768.3,0.2352,0.94,64.0,4.0,0.937,-13.321428571428573,0,0,0,0,0,1,0,0,4
NEWS-NH10-20150709,2015-06-24,15.0,pre,0,0,0,14.5,83.6,159.0,874.5,-49.5,44.4,-6.1,0,0.2464,PROXY-spatial,0.0138,-0.009,0.937,ANALYTICAL-ensemble,-0.003,8,13.74,0,32.7,537.0,45.0,0.0011,5.92,154.1,0.0,0.7304999999999999,482.6,1376.5,FOREST,0.414,1057.2,POS,NEWS-NH10-20150709,,114.6,201.7,775.7,0.2326,0.94,64.0,4.0,0.937,-6.964285714285716,0,0,0,0,0,1,0,0,4
NEWS-NH10-20150709,2015-06-25,14.0,pre,1,0,0,0.2,78.7,103.7,847.7,-14.3,-1.2,-13.5,1,0.2554,PROXY-spatial,0.0171,0.0103,0.939,ANALYTICAL-ensemble,0.0,8,13.74,0,32.7,537.0,45.0,0.0011,5.92,154.1,0.0,0.7304999999999999,482.6,1376.5,FOREST,0.414,1057.2,POS,NEWS-NH10-20150709,,104.9,198.2,819.6,0.2383,0.939,64.0,3.0,0.937,-5.507142857142854,0,0,0,0,0,1,0,0,4
NEWS-NH10-20150709,2015-06-26,13.0,pre,1,0,0,5.3,20.0,105.4,848.3,5.1,-51.8,-8.871,0,0.2568,PROXY-spatial,0.0143,0.017,0.94,ANALYTICAL-ensemble,0.001,8,13.74,0,32.7,537.0,45.0,0.0011,5.92,154.1,0.0,0.7304999999999999,482.6,1376.5,FOREST,0.414,1057.2,POS,NEWS-NH10-20150709,,157.2,167.5,823.0,0.2425,0.939,64.0,3.0,0.937,-4.878571428571428,0,0,0,0,0,1,0,0,4
NEWS-NH10-20150709,2015-06-27,12.0,pre,1,0,0,8.3,13.8,102.4,856.6,3.0,-56.6,-8.471,0,0.258,REAL,0.0116,0.0228,0.94,ANALYTICAL-ensemble,0.001,8,13.74,0,32.7,537.0,45.0,0.0011,5.92,154.1,0.0,0.7304999999999999,482.6,1376.5,FOREST,0.414,1057.2,POS,NEWS-NH10-20150709,,159.0,161.7,831.6,0.2464,0.939,64.0,2.0,0.937,-3.182142857142855,0,0,0,0,0,1,0,0,4
NEWS-NH10-20150709,2015-06-28,11.0,pre,1,0,0,9.7,23.3,107.0,816.3,1.4,3.3,-1.086,0,0.2659,REAL,0.0105,0.0333,0.942,ANALYTICAL-ensemble,0.002,8,13.74,0,32.7,537.0,45.0,0.0011,5.92,154.1,0.0,0.7304999999999999,482.6,1376.5,FOREST,0.414,1057.2,POS,NEWS-NH10-20150709,,103.7,114.6,812.6,0.2554,0.94,64.0,2.0,0.937,-5.603571428571422,0,0,0,0,0,1,0,0,4
NEWS-NH10-20150709,2015-06-29,10.0,pre,1,0,0,11.5,29.4,113.5,817.0,1.8,8.1,1.229,0,0.2674,REAL,0.0106,0.0291,0.942,ANALYTICAL-ensemble,0.0,8,13.74,0,32.7,537.0,45.0,0.0011,5.92,154.1,0.0,0.7304999999999999,482.6,1376.5,FOREST,0.414,1057.2,POS,NEWS-NH10-20150709,,105.4,104.9,817.7,0.2568,0.942,64.0,3.0,0.937,-8.442857142857136,0,0,0,0,0,1,0,0,4
NEWS-NH10-20150709,2015-06-30,9.0,pre,1,0,0,41.0,62.1,90.4,846.8,29.5,-12.0,-9.543,0,0.2657,REAL,0.0077,0.0232,0.942,ANALYTICAL-ensemble,0.003,8,13.74,0,32.7,537.0,45.0,0.0011,5.92,154.1,0.0,0.7304999999999999,482.6,1376.5,FOREST,0.414,1057.2,POS,NEWS-NH10-20150709,,102.4,157.2,860.0,0.258,0.939,41.0,3.0,0.937,-6.592857142857147,0,0,0,0,0,1,0,0,4
NEWS-NH10-20150709,2015-07-01,8.0,pre,1,0,0,89.4,141.9,165.3,917.4,48.4,58.3,0.9,0,0.2655,REAL,-0.0004,0.0191,0.93,ANALYTICAL-ensemble,-0.007,8,13.74,0,32.7,537.0,45.0,0.0011,5.92,154.1,0.0,0.7304999999999999,482.6,1376.5,FOREST,0.414,1057.2,POS,NEWS-NH10-20150709,,107.0,159.0,874.5,0.2659,0.937,89.4,3.0,0.93,5.924999999999997,0,0,0,0,0,1,0,0,4
NEWS-NH10-20150709,2015-07-02,7.0,pre,1,1,0,30.5,160.9,195.6,935.1,-58.9,82.1,13.129,0,0.2663,PROXY-spatial,-0.0011,0.0109,0.929,ANALYTICAL-ensemble,-0.01,8,13.74,0,32.7,537.0,45.0,0.0011,5.92,154.1,0.0,0.7304999999999999,482.6,1376.5,FOREST,0.414,1057.2,POS,NEWS-NH10-20150709,,113.5,103.7,847.7,0.2674,0.939,89.4,4.0,0.929,13.564285714285717,0,0,0,0,0,1,0,0,4
NEWS-NH10-20150709,2015-07-03,6.0,pre,1,1,0,33.2,153.1,223.5,964.2,2.7,133.1,16.871,0,0.265,PROXY-spatial,-0.0007,0.0082,0.929,ANALYTICAL-ensemble,-0.011,8,13.74,0,32.7,537.0,45.0,0.0011,5.92,154.1,0.0,0.7304999999999999,482.6,1376.5,FOREST,0.414,1057.2,POS,NEWS-NH10-20150709,,90.4,105.4,848.3,0.2657,0.94,89.4,5.0,0.929,21.15357142857142,0,0,0,0,0,1,0,0,4
NEWS-NH10-20150709,2015-07-04,5.0,pre,1,1,0,56.4,120.1,271.6,1001.0,23.2,106.3,24.171,0,0.2652,PROXY-spatial,-0.0003,0.0072,0.928,ANALYTICAL-ensemble,-0.012,8,13.74,0,32.7,537.0,45.0,0.0011,5.92,154.1,0.0,0.7304999999999999,482.6,1376.5,FOREST,0.414,1057.2,POS,NEWS-NH10-20150709,,165.3,102.4,856.6,0.2655,0.94,89.4,6.0,0.928,29.250000000000004,0,0,0,0,0,1,0,0,4
NEWS-NH10-20150709,2015-07-05,4.0,pre,1,1,0,9.3,98.9,271.3,921.2,-47.1,75.7,23.471,0,0.2634,PROXY-spatial,-0.0029,-0.0025,0.931,ANALYTICAL-ensemble,-0.011,8,13.74,0,32.7,537.0,45.0,0.0011,5.92,154.1,0.0,0.7304999999999999,482.6,1376.5,FOREST,0.414,1057.2,POS,NEWS-NH10-20150709,,195.6,107.0,816.3,0.2663,0.942,89.4,6.0,0.928,31.928571428571427,0,0,0,0,0,1,0,0,4
NEWS-NH10-20150709,2015-07-06,3.0,pre,1,1,0,22.1,87.8,281.9,920.3,12.8,58.4,24.057,0,0.2646,PROXY-spatial,-0.0004,-0.0028,0.934,ANALYTICAL-ensemble,-0.008,8,13.74,0,32.7,537.0,45.0,0.0011,5.92,154.1,0.0,0.7304999999999999,482.6,1376.5,FOREST,0.414,1057.2,POS,NEWS-NH10-20150709,,223.5,113.5,817.0,0.265,0.942,89.4,6.0,0.928,30.803571428571423,0,0,0,0,0,1,0,0,4
NEWS-NH10-20150709,2015-07-07,2.0,pre,1,1,0,0.0,31.5,241.0,799.9,-22.1,-30.6,21.514,1,0.2686,PROXY-spatial,0.0034,0.0029,0.941,ANALYTICAL-ensemble,-0.001,8,13.74,0,32.7,537.0,45.0,0.0011,5.92,154.1,0.0,0.7304999999999999,482.6,1376.5,FOREST,0.414,1057.2,POS,NEWS-NH10-20150709,,271.6,90.4,846.8,0.2652,0.942,89.4,5.0,0.928,15.982142857142852,0,0,0,0,0,1,0,0,4
NEWS-NH10-20150709,2015-07-08,1.0,pre,1,1,0,45.4,67.5,196.9,752.8,45.4,-74.4,4.514,0,0.2697,PROXY-spatial,0.0063,0.0042,0.943,ANALYTICAL-ensemble,0.013,8,13.74,0,32.7,537.0,45.0,0.0011,5.92,154.1,0.0,0.7304999999999999,482.6,1376.5,FOREST,0.414,1057.2,POS,NEWS-NH10-20150709,,271.3,165.3,917.4,0.2634,0.93,56.4,5.0,0.928,1.7571428571428522,0,0,0,0,0,1,0,0,4
NEWS-NH10-20150709,2016-05-10,,N0,0,0,0,1.1,3.5,35.6,129.7,-0.7,-4.1,-7.492,4,0.2695,PROXY-spatial,,,1.019,ANALYTICAL-ensemble,0.001,8,13.74,1,32.7,537.0,45.0,0.0011,5.92,154.1,0.0,0.7304999999999999,482.6,1376.5,FOREST,0.368,,N0,NEWS-NH10-20150709_N0_2016,2016.0,,,,,,1.1,0.0,1.019,,0,0,0,0,0,1,0,0,4
NEWS-NH10-20150709,2016-05-11,,N0,0,0,0,11.2,14.1,45.0,140.9,10.1,12.2,-6.413,0,0.2695,PROXY-spatial,0.0,,1.019,ANALYTICAL-ensemble,0.0,8,13.74,1,32.7,537.0,45.0,0.0011,5.92,154.1,0.0,0.7304999999999999,482.6,1376.5,FOREST,0.368,,N0,NEWS-NH10-20150709_N0_2016,2016.0,,,,,,11.2,1.0,1.019,,0,0,0,0,0,1,0,0,4
NEWS-NH10-20150709,2016-05-12,,N0,0,0,0,0.0,12.3,39.9,140.9,-11.2,5.3,-7.868,1,0.2695,PROXY-spatial,0.0,,1.019,ANALYTICAL-ensemble,0.0,8,13.74,1,32.7,537.0,45.0,0.0011,5.92,154.1,0.0,0.7304999999999999,482.6,1376.5,FOREST,0.368,,N0,NEWS-NH10-20150709_N0_2016,2016.0,,,,,,11.2,1.0,1.019,,0,0,0,0,0,1,0,0,4
NEWS-NH10-20150709,2016-05-13,,N0,0,0,0,1.2,12.4,16.7,142.1,1.2,-18.9,-3.246,2,0.2695,PROXY-spatial,0.0,,1.019,ANALYTICAL-ensemble,0.001,8,13.74,1,32.7,537.0,45.0,0.0011,5.92,154.1,0.0,0.7304999999999999,482.6,1376.5,FOREST,0.368,,N0,NEWS-NH10-20150709_N0_2016,2016.0,35.6,,,0.2695,,11.2,1.0,1.019,-6.1800000000000015,0,0,0,0,0,1,0,0,4
NEWS-NH10-20150709,2016-05-14,,N0,0,0,0,20.3,21.5,36.3,162.4,19.1,-8.7,-0.486,0,0.2695,PROXY-spatial,0.0,,1.017,ANALYTICAL-ensemble,-0.001,8,13.74,1,32.7,537.0,45.0,0.0011,5.92,154.1,0.0,0.7304999999999999,482.6,1376.5,FOREST,0.368,,N0,NEWS-NH10-20150709_N0_2016,2016.0,45.0,,,0.2695,,20.3,2.0,1.017,-2.6900000000000035,0,0,0,0,0,1,0,0,4
NEWS-NH10-20150709,2016-05-15,,N0,0,0,0,0.7,22.2,36.3,160.0,-19.6,-3.6,0.504,1,0.2686,PROXY-spatial,-0.0009,-0.0009,1.017,ANALYTICAL-ensemble,-0.002,8,13.74,1,32.7,537.0,45.0,0.0011,5.92,154.1,0.0,0.7304999999999999,482.6,1376.5,FOREST,0.368,,N0,NEWS-NH10-20150709_N0_2016,2016.0,39.9,,,0.2695,,20.3,2.0,1.017,-1.30857142857143,0,0,0,0,0,1,0,0,4
NEWS-NH10-20150709,2016-05-16,,N0,0,0,0,7.2,28.2,41.7,167.2,6.5,25.0,1.018,0,0.2843,PROXY-spatial,0.0148,0.0148,1.017,ANALYTICAL-ensemble,-0.002,8,13.74,1,32.7,537.0,45.0,0.0011,5.92,154.1,0.0,0.7304999999999999,482.6,1376.5,FOREST,0.368,,N0,NEWS-NH10-20150709_N0_2016,2016.0,16.7,,,0.2695,,20.3,2.0,1.017,-0.09642857142857138,0,0,0,0,0,1,0,0,4
NEWS-NH10-20150709,2016-05-17,,N0,0,0,0,1.4,9.3,42.1,167.2,-5.8,5.8,0.924,1,0.2843,PROXY-spatial,0.0148,0.0148,1.017,ANALYTICAL-ensemble,-0.002,8,13.74,1,32.7,537.0,45.0,0.0011,5.92,154.1,0.0,0.7304999999999999,482.6,1376.5,FOREST,0.368,,N0,NEWS-NH10-20150709_N0_2016,2016.0,36.3,35.6,129.7,0.2695,1.019,20.3,2.0,1.017,0.5178571428571406,0,0,0,0,0,1,0,0,4
NEWS-NH10-20150709,2016-05-18,,N0,0,0,0,18.9,27.5,49.7,185.7,17.5,13.4,0.668,0,0.2843,PROXY-spatial,0.0157,0.0148,1.016,ANALYTICAL-ensemble,-0.003,8,13.74,1,32.7,537.0,45.0,0.0011,5.92,154.1,0.0,0.7304999999999999,482.6,1376.5,FOREST,0.368,,N0,NEWS-NH10-20150709_N0_2016,2016.0,36.3,45.0,140.9,0.2686,1.019,20.3,2.0,1.016,3.057142857142855,0,0,0,0,0,1,0,0,4
NEWS-NH10-20150709,2016-05-19,,N0,0,0,0,0.0,20.3,49.7,185.3,-18.9,8.0,1.395,1,0.2843,PROXY-spatial,0.0,0.0148,1.012,ANALYTICAL-ensemble,-0.007,8,13.74,1,32.7,537.0,45.0,0.0011,5.92,154.1,0.0,0.7304999999999999,482.6,1376.5,FOREST,0.368,,N0,NEWS-NH10-20150709_N0_2016,2016.0,41.7,39.9,140.9,0.2843,1.019,20.3,2.0,1.012,4.700000000000002,0,0,0,0,0,1,0,0,4
NEWS-NH10-20150709,2016-05-20,,N0,0,0,0,1.4,20.3,50.0,186.7,1.4,7.9,4.754,2,0.2843,PROXY-spatial,0.0,0.0148,1.012,ANALYTICAL-ensemble,-0.007,8,13.74,1,32.7,537.0,45.0,0.0011,5.92,154.1,0.0,0.7304999999999999,482.6,1376.5,FOREST,0.368,,N0,NEWS-NH10-20150709_N0_2016,2016.0,42.1,16.7,142.1,0.2843,1.019,20.3,2.0,1.012,2.7107142857142876,0,0,0,0,0,1,0,0,4
NEWS-NH10-20150709,2016-05-21,,N0,0,0,0,0.0,1.4,29.7,186.1,-1.4,-20.0,-0.939,3,0.2843,PROXY-spatial,0.0,0.0148,1.013,ANALYTICAL-ensemble,-0.004,8,13.74,1,32.7,537.0,45.0,0.0011,5.92,154.1,0.0,0.7304999999999999,482.6,1376.5,FOREST,0.368,,N0,NEWS-NH10-20150709_N0_2016,2016.0,49.7,36.3,162.4,0.2843,1.017,18.9,1.0,1.012,0.1571428571428578,0,0,0,0,0,1,0,0,4
NEWS-NH10-20150709,2016-05-22,,N0,0,0,0,0.0,1.4,29.0,186.1,0.0,-20.7,-1.046,4,0.3001,PROXY-spatial,0.0158,0.0315,1.017,ANALYTICAL-ensemble,0.0,8,13.74,1,32.7,537.0,45.0,0.0011,5.92,154.1,0.0,0.7304999999999999,482.6,1376.5,FOREST,0.368,,N0,NEWS-NH10-20150709_N0_2016,2016.0,49.7,36.3,160.0,0.2843,1.017,18.9,1.0,1.012,-2.2357142857142853,0,0,0,0,0,1,0,0,4
NEWS-NH10-20150709,2016-05-23,,N0,0,0,0,0.0,0.0,21.8,186.1,0.0,-28.2,-2.842,5,,MISSING (window-absent),,,1.017,ANALYTICAL-ensemble,0.0,8,13.74,1,32.7,537.0,45.0,0.0011,5.92,154.1,0.0,0.7304999999999999,482.6,1376.5,FOREST,0.368,,N0,NEWS-NH10-20150709_N0_2016,2016.0,50.0,41.7,167.2,0.2843,1.017,18.9,1.0,1.012,-4.367857142857147,1,0,0,0,0,1,0,0,4
NEWS-NH10-20150709,2016-05-24,,N0,0,0,0,19.0,19.0,39.4,205.1,19.0,9.7,-0.382,0,,MISSING (window-absent),,,1.015,ANALYTICAL-ensemble,-0.002,8,13.74,1,32.7,537.0,45.0,0.0011,5.92,154.1,0.0,0.7304999999999999,482.6,1376.5,FOREST,0.368,,N0,NEWS-NH10-20150709_N0_2016,2016.0,29.7,42.1,167.2,0.2843,1.017,19.0,2.0,1.012,-3.8464285714285693,1,0,0,0,0,1,0,0,4
NEWS-NH10-20150709,2016-05-25,,N0,0,0,0,4.6,23.6,25.1,209.7,-14.4,-3.9,-3.518,0,0.1654,PROXY-spatial,-0.1347,-0.1189,1.011,ANALYTICAL-ensemble,-0.005,8,13.74,1,32.7,537.0,45.0,0.0011,5.92,154.1,0.0,0.7304999999999999,482.6,1376.5,FOREST,0.368,,N0,NEWS-NH10-20150709_N0_2016,2016.0,29.0,49.7,185.7,0.3001,1.016,19.0,1.0,1.011,-3.6750000000000007,0,0,0,0,0,1,0,0,4
NEWS-NH10-20150709,2016-05-26,,N0,0,0,0,0.0,23.6,25.1,209.7,-4.6,3.3,-3.518,1,0.1654,PROXY-spatial,,-0.1189,1.011,ANALYTICAL-ensemble,-0.001,8,13.74,1,32.7,537.0,45.0,0.0011,5.92,154.1,0.0,0.7304999999999999,482.6,1376.5,FOREST,0.368,,N0,NEWS-NH10-20150709_N0_2016,2016.0,21.8,49.7,185.3,,1.012,19.0,1.0,1.011,-2.6249999999999987,0,0,0,0,0,1,0,0,4
NEWS-NH10-20150709,2016-05-27,,N0,0,0,0,12.3,16.9,35.9,222.0,12.3,-3.5,-2.013,0,0.1654,PROXY-spatial,,-0.1189,1.01,ANALYTICAL-ensemble,-0.002,8,13.74,1,32.7,537.0,45.0,0.0011,5.92,154.1,0.0,0.7304999999999999,482.6,1376.5,FOREST,0.368,,N0,NEWS-NH10-20150709_N0_2016,2016.0,39.4,50.0,186.7,,1.012,19.0,2.0,1.01,0.5035714285714271,0,0,0,0,0,1,0,0,4
NEWS-NH10-20150709,2016-05-28,,N0,0,0,0,0.0,12.3,35.9,222.0,-12.3,10.8,0.892,1,0.1654,PROXY-spatial,0.0,-0.1189,1.01,ANALYTICAL-ensemble,-0.003,8,13.74,1,32.7,537.0,45.0,0.0011,5.92,154.1,0.0,0.7304999999999999,482.6,1376.5,FOREST,0.368,,N0,NEWS-NH10-20150709_N0_2016,2016.0,25.1,29.7,186.1,0.1654,1.013,19.0,2.0,1.01,1.2357142857142849,0,0,0,0,0,1,0,0,4
NEWS-NH10-20150709,2016-05-29,,N0,0,0,0,17.7,30.0,53.6,159.8,17.7,28.5,3.521,0,0.1654,PROXY-spatial,0.0,-0.1347,1.018,ANALYTICAL-ensemble,0.001,8,13.74,1,32.7,537.0,45.0,0.0011,5.92,154.1,0.0,0.7304999999999999,482.6,1376.5,FOREST,0.368,,N0,NEWS-NH10-20150709_N0_2016,2016.0,25.1,29.0,186.1,0.1654,1.017,19.0,3.0,1.01,3.5428571428571423,0,0,0,0,0,1,0,0,4
NEWS-NH10-20150709,2016-05-30,,N0,0,0,0,16.1,33.8,69.7,175.4,-1.6,33.8,6.845,0,0.1654,PROXY-spatial,0.0,,1.017,ANALYTICAL-ensemble,0.0,8,13.74,1,32.7,537.0,45.0,0.0011,5.92,154.1,0.0,0.7304999999999999,482.6,1376.5,FOREST,0.368,,N0,NEWS-NH10-20150709_N0_2016,2016.0,35.9,21.8,186.1,0.1654,1.017,19.0,4.0,1.01,5.667857142857144,0,0,0,0,0,1,0,0,4
NEWS-NH10-20150709,2016-05-31,,N0,0,0,0,42.6,76.5,93.4,210.4,26.5,57.5,7.72,0,0.1654,PROXY-spatial,0.0,,1.001,ANALYTICAL-ensemble,-0.014,8,13.74,1,32.7,537.0,45.0,0.0011,5.92,154.1,0.0,0.7304999999999999,482.6,1376.5,FOREST,0.368,,N0,NEWS-NH10-20150709_N0_2016,2016.0,35.9,39.4,205.1,0.1654,1.015,42.6,4.0,1.001,11.135714285714286,0,0,0,0,0,1,0,0,4
NEWS-NH10-20150709,2016-06-01,,N0,0,0,0,22.7,81.4,111.4,233.1,-19.9,57.8,12.334,0,,MISSING (window-absent),,,0.983,ANALYTICAL-ensemble,-0.028,8,13.74,1,32.7,537.0,45.0,0.0011,5.92,154.1,0.0,0.7304999999999999,482.6,1376.5,FOREST,0.368,,N0,NEWS-NH10-20150709_N0_2016,2016.0,53.6,25.1,209.7,0.1654,1.011,42.6,5.0,0.983,14.560714285714289,1,0,0,0,0,1,0,0,4
NEWS-NH10-20150709,2016-06-02,,N0,0,0,0,0.0,65.3,111.4,233.1,-22.7,41.7,12.334,1,,MISSING (window-absent),,,0.982,ANALYTICAL-ensemble,-0.029,8,13.74,1,32.7,537.0,45.0,0.0011,5.92,154.1,0.0,0.7304999999999999,482.6,1376.5,FOREST,0.368,,N0,NEWS-NH10-20150709_N0_2016,2016.0,69.7,25.1,209.7,0.1654,1.011,42.6,5.0,0.982,14.903571428571432,1,0,0,0,0,1,0,0,4
NEWS-NH10-20150709,2016-06-03,,N0,0,0,0,0.0,22.7,99.1,231.2,0.0,5.7,9.029,2,,MISSING (window-absent),,,0.993,ANALYTICAL-ensemble,-0.017,8,13.74,1,32.7,537.0,45.0,0.0011,5.92,154.1,0.0,0.7304999999999999,482.6,1376.5,FOREST,0.368,,N0,NEWS-NH10-20150709_N0_2016,2016.0,93.4,35.9,222.0,0.1654,1.01,42.6,4.0,0.982,12.389285714285712,1,0,0,0,0,1,0,0,4
NEWS-NH10-20150709,2016-06-04,,N0,0,0,0,50.3,50.3,149.4,276.4,50.3,38.0,16.215,0,,MISSING (window-absent),,,0.981,ANALYTICAL-ensemble,-0.029,8,13.74,1,32.7,537.0,45.0,0.0011,5.92,154.1,0.0,0.7304999999999999,482.6,1376.5,FOREST,0.368,,N0,NEWS-NH10-20150709_N0_2016,2016.0,111.4,35.9,222.0,,1.01,50.3,5.0,0.981,13.007142857142862,1,0,0,0,0,1,0,0,4
NEWS-NH10-20150709,2016-06-05,,N0,0,0,0,0.0,50.3,131.7,252.0,-50.3,20.3,11.153,1,0.2099,PROXY-spatial,,0.0445,0.98,ANALYTICAL-ensemble,-0.038,8,13.74,1,32.7,537.0,45.0,0.0011,5.92,154.1,0.0,0.7304999999999999,482.6,1376.5,FOREST,0.368,,N0,NEWS-NH10-20150709_N0_2016,2016.0,111.4,53.6,159.8,,1.018,50.3,4.0,0.98,10.203571428571427,0,0,0,0,0,1,0,0,4
NEWS-NH10-20150709,2016-06-06,,N0,0,0,0,49.7,100.0,165.3,300.9,49.7,66.2,13.651,0,0.2409,PROXY-spatial,,0.0755,0.98,ANALYTICAL-ensemble,-0.037,8,13.74,1,32.7,537.0,45.0,0.0011,5.92,154.1,0.0,0.7304999999999999,482.6,1376.5,FOREST,0.368,,N0,NEWS-NH10-20150709_N0_2016,2016.0,99.1,69.7,175.4,,1.017,50.3,4.0,0.98,10.510714285714284,0,0,0,0,0,1,0,0,4
NEWS-NH10-20150709,2016-06-07,,N0,0,0,0,7.0,56.7,129.6,307.3,-42.7,-19.8,5.178,0,0.2375,PROXY-spatial,,0.0721,0.978,ANALYTICAL-ensemble,-0.023,8,13.74,1,32.7,537.0,45.0,0.0011,5.92,154.1,0.0,0.7304999999999999,482.6,1376.5,FOREST,0.368,,N0,NEWS-NH10-20150709_N0_2016,2016.0,149.4,93.4,210.4,,1.001,50.3,3.0,0.978,6.9642857142857135,0,0,0,0,0,1,0,0,4
NEWS-NH10-20150709,2016-06-08,,N0,0,0,0,29.9,86.6,136.8,335.4,22.9,5.1,3.625,0,0.24,PROXY-spatial,0.0301,,0.977,ANALYTICAL-ensemble,-0.006,8,13.74,1,32.7,537.0,45.0,0.0011,5.92,154.1,0.0,0.7304999999999999,482.6,1376.5,FOREST,0.368,,N0,NEWS-NH10-20150709_N0_2016,2016.0,131.7,111.4,233.1,0.2099,0.983,50.3,3.0,0.977,5.467857142857143,0,0,0,0,0,1,0,0,4
NEWS-NH10-20150709,2016-06-09,,N0,0,0,0,11.6,48.5,148.4,345.9,-18.3,-16.9,5.282,0,0.2393,PROXY-spatial,-0.0016,,0.975,ANALYTICAL-ensemble,-0.007,8,13.74,1,32.7,537.0,45.0,0.0011,5.92,154.1,0.0,0.7304999999999999,482.6,1376.5,FOREST,0.368,,N0,NEWS-NH10-20150709_N0_2016,2016.0,165.3,111.4,233.1,0.2409,0.982,50.3,4.0,0.975,4.307142857142867,0,0,0,0,0,1,0,0,4
NEWS-NH10-20150709,2016-06-10,,N0,0,0,0,4.6,46.1,153.0,339.2,-7.0,23.4,7.694,0,0.245,PROXY-spatial,0.0075,,0.975,ANALYTICAL-ensemble,-0.018,8,13.74,1,32.7,537.0,45.0,0.0011,5.92,154.1,0.0,0.7304999999999999,482.6,1376.5,FOREST,0.368,,N0,NEWS-NH10-20150709_N0_2016,2016.0,129.6,99.1,231.2,0.2375,0.993,50.3,4.0,0.975,0.560714285714275,0,0,0,0,0,1,0,0,4
NEWS-NH10-20150709,2016-06-11,,N0,0,0,0,12.0,28.2,114.8,351.3,7.4,-22.0,-4.945,0,0.2406,PROXY-spatial,0.0006,,0.975,ANALYTICAL-ensemble,-0.006,8,13.74,1,32.7,537.0,45.0,0.0011,5.92,154.1,0.0,0.7304999999999999,482.6,1376.5,FOREST,0.368,,N0,NEWS-NH10-20150709_N0_2016,2016.0,136.8,149.4,276.4,0.24,0.981,49.7,4.0,0.975,-2.0178571428571397,0,0,0,0,0,1,0,0,4
NEWS-NH10-20150709,2016-06-12,,N0,0,0,0,16.9,33.5,131.7,367.0,4.9,-16.7,0.003,0,0.2457,PROXY-spatial,0.0064,0.0358,0.975,ANALYTICAL-ensemble,-0.005,8,13.74,1,32.7,537.0,45.0,0.0011,5.92,154.1,0.0,0.7304999999999999,482.6,1376.5,FOREST,0.368,,N0,NEWS-NH10-20150709_N0_2016,2016.0,148.4,131.7,252.0,0.2393,0.98,49.7,5.0,0.975,-4.078571428571434,0,0,0,0,0,1,0,0,4
NEWS-NH10-20150709,2016-06-13,,N0,0,0,0,103.7,132.7,185.7,450.4,86.8,32.7,2.921,0,0.2407,PROXY-spatial,-0.0043,-0.0002,0.971,ANALYTICAL-ensemble,-0.009,8,13.74,1,32.7,537.0,45.0,0.0011,5.92,154.1,0.0,0.7304999999999999,482.6,1376.5,FOREST,0.368,,N0,NEWS-NH10-20150709_N0_2016,2016.0,153.0,165.3,300.9,0.245,0.98,103.7,5.0,0.971,4.446428571428563,0,0,0,0,0,1,0,0,4
NEWS-NH10-20150709,2016-06-14,,N0,0,0,0,136.6,257.3,315.4,586.3,32.9,200.6,26.538,0,0.2447,PROXY-spatial,0.0041,0.0072,0.952,ANALYTICAL-ensemble,-0.026,8,13.74,1,32.7,537.0,45.0,0.0011,5.92,154.1,0.0,0.7304999999999999,482.6,1376.5,FOREST,0.368,,N0,NEWS-NH10-20150709_N0_2016,2016.0,114.8,129.6,307.3,0.2406,0.978,136.6,6.0,0.952,21.039285714285707,0,0,0,0,0,1,0,0,4
NEWS-NH10-20150709,2016-06-15,,N0,0,0,0,3.1,243.4,288.5,582.2,-133.5,156.8,21.666,0,0.246,PROXY-spatial,0.0003,0.006,0.946,ANALYTICAL-ensemble,-0.031,8,13.74,1,32.7,537.0,45.0,0.0011,5.92,154.1,0.0,0.7304999999999999,482.6,1376.5,FOREST,0.368,,N0,NEWS-NH10-20150709_N0_2016,2016.0,131.7,136.8,335.4,0.2457,0.977,136.6,5.0,0.946,29.142857142857142,0,0,0,0,0,1,0,0,4
NEWS-NH10-20150709,2016-06-16,,N0,0,0,0,1.8,141.5,278.8,582.6,-1.3,93.1,18.621,1,0.2499,PROXY-spatial,0.0092,0.0106,0.945,ANALYTICAL-ensemble,-0.03,8,13.74,1,32.7,537.0,45.0,0.0011,5.92,154.1,0.0,0.7304999999999999,482.6,1376.5,FOREST,0.368,,N0,NEWS-NH10-20150709_N0_2016,2016.0,185.7,148.4,345.9,0.2407,0.975,136.6,4.0,0.945,32.44642857142858,0,0,0,0,0,1,0,0,4
NEWS-NH10-20150709,2016-06-17,,N0,0,0,0,1.2,6.1,275.4,564.9,-0.6,-40.0,17.485,2,0.2524,PROXY-spatial,0.0077,0.0074,0.952,ANALYTICAL-ensemble,-0.023,8,13.74,1,32.7,537.0,45.0,0.0011,5.92,154.1,0.0,0.7304999999999999,482.6,1376.5,FOREST,0.368,,N0,NEWS-NH10-20150709_N0_2016,2016.0,315.4,153.0,339.2,0.2447,0.975,136.6,4.0,0.945,31.385714285714293,0,0,0,0,0,1,0,0,4
NEWS-NH10-20150709,2016-06-18,,N0,0,0,0,15.1,18.1,278.5,580.0,13.9,-10.0,23.389,0,0.2618,PROXY-spatial,0.0158,0.0212,0.96,ANALYTICAL-ensemble,-0.015,8,13.74,1,32.7,537.0,45.0,0.0011,5.92,154.1,0.0,0.7304999999999999,482.6,1376.5,FOREST,0.368,,N0,NEWS-NH10-20150709_N0_2016,2016.0,288.5,114.8,351.3,0.246,0.975,136.6,4.0,0.945,20.828571428571408,0,0,0,0,0,1,0,0,4
NEWS-NH10-20150709,2016-06-19,,N0,0,0,0,66.3,82.6,327.9,644.9,51.2,49.1,28.035,0,0.2623,REAL,0.0124,0.0166,0.948,ANALYTICAL-ensemble,-0.027,8,13.74,1,32.7,537.0,45.0,0.0011,5.92,154.1,0.0,0.7304999999999999,482.6,1376.5,FOREST,0.368,,N0,NEWS-NH10-20150709_N0_2016,2016.0,278.8,131.7,367.0,0.2499,0.975,136.6,4.0,0.945,12.132142857142837,0,0,0,0,0,1,0,0,4
NEWS-NH10-20150709,2016-06-20,,N0,0,0,0,20.6,102.0,244.8,665.5,-45.7,-30.6,8.441,0,0.2697,REAL,0.0173,0.029,0.943,ANALYTICAL-ensemble,-0.028,8,13.74,1,32.7,537.0,45.0,0.0011,5.92,154.1,0.0,0.7304999999999999,482.6,1376.5,FOREST,0.368,,N0,NEWS-NH10-20150709_N0_2016,2016.0,275.4,185.7,450.4,0.2524,0.971,136.6,4.0,0.943,-4.760714285714308,0,0,0,0,0,1,0,0,4
NEWS-NH10-20150709,2016-06-21,,N0,0,0,0,126.4,213.3,234.5,791.8,105.8,-44.0,-11.551,0,0.2734,REAL,0.0116,0.0287,0.942,ANALYTICAL-ensemble,-0.01,8,13.74,1,32.7,537.0,45.0,0.0011,5.92,154.1,0.0,0.7304999999999999,482.6,1376.5,FOREST,0.368,,N0,NEWS-NH10-20150709_N0_2016,2016.0,278.5,315.4,586.3,0.2618,0.952,126.4,4.0,0.942,-6.339285714285723,0,0,0,0,0,1,0,0,4
NEWS-NH10-20150709,2016-06-22,,N0,0,0,0,51.0,197.9,282.4,842.8,-75.4,-45.5,-0.877,0,0.2811,REAL,0.0188,0.0351,0.929,ANALYTICAL-ensemble,-0.017,8,13.74,1,32.7,537.0,45.0,0.0011,5.92,154.1,0.0,0.7304999999999999,482.6,1376.5,FOREST,0.368,,N0,NEWS-NH10-20150709_N0_2016,2016.0,327.9,288.5,582.2,0.2623,0.946,126.4,5.0,0.929,-3.7392857142857334,0,0,0,0,0,1,0,0,4
NEWS-NH10-20150709,2016-06-23,,N0,0,0,0,22.4,199.8,303.0,846.2,-28.6,58.2,3.463,0,0.2837,REAL,0.014,0.0338,0.93,ANALYTICAL-ensemble,-0.015,8,13.74,1,32.7,537.0,45.0,0.0011,5.92,154.1,0.0,0.7304999999999999,482.6,1376.5,FOREST,0.368,,N0,NEWS-NH10-20150709_N0_2016,2016.0,244.8,278.8,582.6,0.2697,0.945,126.4,6.0,0.929,-0.09999999999999751,0,0,0,0,0,1,0,0,4
NEWS-NH10-20150709,2016-06-24,,N0,0,0,0,39.8,113.2,341.5,881.4,17.4,107.0,9.44,0,0.2825,REAL,0.0091,0.0301,0.931,ANALYTICAL-ensemble,-0.021,8,13.74,1,32.7,537.0,45.0,0.0011,5.92,154.1,0.0,0.7304999999999999,482.6,1376.5,FOREST,0.368,,N0,NEWS-NH10-20150709_N0_2016,2016.0,234.5,275.4,564.9,0.2734,0.952,126.4,7.0,0.929,6.314285714285719,0,0,0,0,0,1,0,0,4
NEWS-NH10-20150709,2016-06-25,,N0,0,0,0,8.6,70.8,335.1,890.0,-31.2,52.7,8.09,0,0.2786,REAL,-0.0025,0.0168,0.933,ANALYTICAL-ensemble,-0.027,8,13.74,1,32.7,537.0,45.0,0.0011,5.92,154.1,0.0,0.7304999999999999,482.6,1376.5,FOREST,0.368,,N0,NEWS-NH10-20150709_N0_2016,2016.0,282.4,278.5,580.0,0.2811,0.96,126.4,6.0,0.929,10.125,0,0,0,0,0,1,0,0,4
NEWS-NH10-20150709,2016-06-26,,N0,0,0,0,3.1,51.5,271.8,880.8,-5.5,-31.2,-8.017,0,0.2768,REAL,-0.0069,0.0145,0.934,ANALYTICAL-ensemble,-0.014,8,13.74,1,32.7,537.0,45.0,0.0011,5.92,154.1,0.0,0.7304999999999999,482.6,1376.5,FOREST,0.368,,N0,NEWS-NH10-20150709_N0_2016,2016.0,303.0,327.9,644.9,0.2837,0.948,126.4,5.0,0.929,12.189285714285717,0,0,0,0,0,1,0,0,4
NEWS-NH10-20150709,2016-06-27,,N0,0,0,0,1.2,12.9,252.4,882.0,-1.9,-89.1,1.092,1,0.2708,REAL,-0.0117,0.0011,0.936,ANALYTICAL-ensemble,-0.007,8,13.74,1,32.7,537.0,45.0,0.0011,5.92,154.1,0.0,0.7304999999999999,482.6,1376.5,FOREST,0.368,,N0,NEWS-NH10-20150709_N0_2016,2016.0,341.5,244.8,665.5,0.2825,0.943,126.4,4.0,0.929,2.307142857142866,0,0,0,0,0,1,0,0,4
NEWS-NH10-20150709,2016-06-28,,N0,0,0,0,0.7,5.0,126.8,865.0,-0.5,-208.3,-15.383,2,0.2666,REAL,-0.012,-0.0068,0.937,ANALYTICAL-ensemble,-0.005,8,13.74,1,32.7,537.0,45.0,0.0011,5.92,154.1,0.0,0.7304999999999999,482.6,1376.5,FOREST,0.368,,N0,NEWS-NH10-20150709_N0_2016,2016.0,335.1,234.5,791.8,0.2786,0.942,51.0,3.0,0.929,-22.775000000000002,0,0,0,0,0,1,0,0,4
NEWS-NH10-20150709,2016-06-29,,N0,0,0,0,1.0,2.9,76.8,849.8,0.3,-195.0,-29.371,3,0.2635,PROXY-spatial,-0.0133,-0.0176,0.94,ANALYTICAL-ensemble,0.011,8,13.74,1,32.7,537.0,45.0,0.0011,5.92,154.1,0.0,0.7304999999999999,482.6,1376.5,FOREST,0.368,,N0,NEWS-NH10-20150709_N0_2016,2016.0,271.8,282.4,842.8,0.2768,0.929,39.8,2.0,0.929,-42.52499999999999,0,0,0,0,0,1,0,0,4
NEWS-NH10-20150709,2016-06-30,,N0,0,0,0,138.2,139.9,192.5,945.4,137.2,-59.9,-15.784,0,0.2635,PROXY-spatial,-0.0073,-0.0202,0.93,ANALYTICAL-ensemble,0.0,8,13.74,1,32.7,537.0,45.0,0.0011,5.92,154.1,0.0,0.7304999999999999,482.6,1376.5,FOREST,0.368,,N0,NEWS-NH10-20150709_N0_2016,2016.0,252.4,303.0,846.2,0.2708,0.93,138.2,2.0,0.929,-39.59285714285714,0,0,0,0,0,1,0,0,4
NEWS-NH10-20150709,2016-07-01,,N0,0,0,0,33.3,172.5,186.1,956.0,-104.9,59.3,-22.206,0,0.2641,PROXY-spatial,-0.0025,-0.0184,0.927,ANALYTICAL-ensemble,-0.004,8,13.74,1,32.7,537.0,45.0,0.0011,5.92,154.1,0.0,0.7304999999999999,482.6,1376.5,FOREST,0.368,,N0,NEWS-NH10-20150709_N0_2016,2016.0,126.8,341.5,881.4,0.2666,0.931,138.2,2.0,0.927,-27.900000000000016,0,0,0,0,0,1,0,0,4
NEWS-NH10-20150709,2016-07-02,,N0,0,0,0,7.9,179.4,185.4,964.0,-25.4,108.6,-21.382,0,0.2725,PROXY-spatial,0.009,-0.0061,0.929,ANALYTICAL-ensemble,-0.004,8,13.74,1,32.7,537.0,45.0,0.0011,5.92,154.1,0.0,0.7304999999999999,482.6,1376.5,FOREST,0.368,,N0,NEWS-NH10-20150709_N0_2016,2016.0,76.8,335.1,890.0,0.2635,0.933,138.2,2.0,0.927,-11.64642857142857,0,0,0,0,0,1,0,0,4
NEWS-NH10-20150709,2016-07-03,,N0,0,0,0,4.5,45.8,186.8,968.5,-3.4,-5.7,-12.146,0,0.2827,PROXY-spatial,0.0192,0.0059,0.929,ANALYTICAL-ensemble,-0.005,8,13.74,1,32.7,537.0,45.0,0.0011,5.92,154.1,0.0,0.7304999999999999,482.6,1376.5,FOREST,0.368,,N0,NEWS-NH10-20150709_N0_2016,2016.0,192.5,271.8,880.8,0.2635,0.934,138.2,2.0,0.927,1.0607142857142842,0,0,0,0,0,1,0,0,4
NEWS-NH10-20150709,2016-07-04,,N0,0,0,0,18.5,31.0,204.2,936.8,14.0,18.1,-6.885,0,0.2881,PROXY-spatial,0.024,0.0173,0.933,ANALYTICAL-ensemble,-0.003,8,13.74,1,32.7,537.0,45.0,0.0011,5.92,154.1,0.0,0.7304999999999999,482.6,1376.5,FOREST,0.368,,N0,NEWS-NH10-20150709_N0_2016,2016.0,186.1,252.4,882.0,0.2641,0.936,138.2,3.0,0.927,15.896428571428574,0,0,0,0,0,1,0,0,4
NEWS-NH10-20150709,2016-07-05,,N0,0,0,0,11.2,34.3,214.7,948.0,-7.3,29.3,12.564,0,0.2946,PROXY-spatial,0.0221,0.028,0.932,ANALYTICAL-ensemble,-0.005,8,13.74,1,32.7,537.0,45.0,0.0011,5.92,154.1,0.0,0.7304999999999999,482.6,1376.5,FOREST,0.368,,N0,NEWS-NH10-20150709_N0_2016,2016.0,185.4,126.8,865.0,0.2725,0.937,138.2,4.0,0.927,15.635714285714272,0,0,0,0,0,1,0,0,4
NEWS-NH10-20150709,2016-07-06,,N0,0,0,0,47.5,77.2,261.2,945.8,36.3,74.4,26.346,0,0.2948,REAL,0.0121,0.0313,0.931,ANALYTICAL-ensemble,-0.009,8,13.74,1,32.7,537.0,45.0,0.0011,5.92,154.1,0.0,0.7304999999999999,482.6,1376.5,FOREST,0.368,,N0,NEWS-NH10-20150709_N0_2016,2016.0,186.8,76.8,849.8,0.2827,0.94,138.2,5.0,0.927,10.074999999999998,0,0,0,0,0,1,0,0,4
NEWS-NH10-20150709,2016-07-07,,N0,0,0,0,19.2,77.9,142.2,957.9,-28.3,-62.0,-7.191,0,0.2921,REAL,0.004,0.0286,0.929,ANALYTICAL-ensemble,-0.001,8,13.74,1,32.7,537.0,45.0,0.0011,5.92,154.1,0.0,0.7304999999999999,482.6,1376.5,FOREST,0.368,,N0,NEWS-NH10-20150709_N0_2016,2016.0,204.2,192.5,945.4,0.2881,0.93,47.5,5.0,0.927,1.707142857142842,0,0,0,0,0,1,0,0,4
NEWS-NH10-20150709,2016-07-08,,N0,0,0,0,3.4,70.0,112.2,931.4,-15.8,-102.5,-10.553,0,0.2978,REAL,0.0032,0.0337,0.933,ANALYTICAL-ensemble,0.006,8,13.74,1,32.7,537.0,45.0,0.0011,5.92,154.1,0.0,0.7304999999999999,482.6,1376.5,FOREST,0.368,,N0,NEWS-NH10-20150709_N0_2016,2016.0,214.7,186.1,956.0,0.2946,0.927,47.5,4.0,0.927,-8.992857142857142,0,0,0,0,0,1,0,0,4
NEWS-NH10-20150709,2016-07-09,,N0,0,0,0,28.8,51.3,133.1,948.6,25.4,-128.1,-7.465,0,0.2975,REAL,0.0027,0.025,0.932,ANALYTICAL-ensemble,0.003,8,13.74,1,32.7,537.0,45.0,0.0011,5.92,154.1,0.0,0.7304999999999999,482.6,1376.5,FOREST,0.368,,N0,NEWS-NH10-20150709_N0_2016,2016.0,261.2,185.4,964.0,0.2948,0.929,47.5,5.0,0.927,-14.914285714285718,0,0,0,0,0,1,0,0,4
NEWS-NH10-20150709,2018-08-08,,N1,0,0,0,22.7,56.8,120.1,549.2,18.7,-62.5,-12.754,0,0.292,PROXY-spatial,0.0008,0.0034,0.966,ANALYTICAL-ensemble,0.024,8,13.74,3,32.7,537.0,45.0,0.0011,5.92,154.1,0.0,0.7304999999999999,482.6,1376.5,FOREST,0.412,,N1,NEWS-NH10-20150709_N1_2018,2018.0,,,,,,22.7,1.0,0.966,,0,0,0,0,0,1,0,0,4
NEWS-NH10-20150709,2018-08-09,,N1,0,0,0,5.0,31.8,108.5,521.0,-17.7,-95.6,-14.197,0,0.2886,PROXY-spatial,-0.0062,0.0044,0.967,ANALYTICAL-ensemble,0.026,8,13.74,3,32.7,537.0,45.0,0.0011,5.92,154.1,0.0,0.7304999999999999,482.6,1376.5,FOREST,0.412,,N1,NEWS-NH10-20150709_N1_2018,2018.0,,,,,,22.7,1.0,0.966,,0,0,0,0,0,1,0,0,4
NEWS-NH10-20150709,2018-08-10,,N1,0,0,0,104.4,132.1,198.0,586.2,99.4,56.7,-3.055,0,0.29,PROXY-spatial,-0.0066,0.0059,0.963,ANALYTICAL-ensemble,0.017,8,13.74,3,32.7,537.0,45.0,0.0011,5.92,154.1,0.0,0.7304999999999999,482.6,1376.5,FOREST,0.412,,N1,NEWS-NH10-20150709_N1_2018,2018.0,,,,,,104.4,2.0,0.963,,0,0,0,0,0,1,0,0,4
NEWS-NH10-20150709,2018-08-11,,N1,0,0,0,38.8,148.1,221.3,615.9,-65.6,101.2,-0.336,0,0.2945,PROXY-spatial,0.0025,0.0085,0.948,ANALYTICAL-ensemble,-0.016,8,13.74,3,32.7,537.0,45.0,0.0011,5.92,154.1,0.0,0.7304999999999999,482.6,1376.5,FOREST,0.412,,N1,NEWS-NH10-20150709_N1_2018,2018.0,120.1,,,0.292,,104.4,3.0,0.948,39.31,0,0,0,0,0,1,0,0,4
NEWS-NH10-20150709,2018-08-12,,N1,0,0,0,5.7,148.8,210.6,596.0,-33.1,102.1,4.005,0,0.2988,PROXY-spatial,0.0102,0.0076,0.947,ANALYTICAL-ensemble,-0.017,8,13.74,3,32.7,537.0,45.0,0.0011,5.92,154.1,0.0,0.7304999999999999,482.6,1376.5,FOREST,0.412,,N1,NEWS-NH10-20150709_N1_2018,2018.0,108.5,,,0.2886,,104.4,3.0,0.947,29.37999999999998,0,0,0,0,0,1,0,0,4
NEWS-NH10-20150709,2018-08-13,,N1,0,0,0,32.6,77.1,213.2,625.2,26.9,15.2,1.305,0,0.3027,PROXY-spatial,0.0127,0.0079,0.95,ANALYTICAL-ensemble,-0.014,8,13.74,3,32.7,537.0,45.0,0.0011,5.92,154.1,0.0,0.7304999999999999,482.6,1376.5,FOREST,0.412,,N1,NEWS-NH10-20150709_N1_2018,2018.0,198.0,,,0.29,,104.4,4.0,0.947,22.717142857142843,0,0,0,0,0,1,0,0,4
NEWS-NH10-20150709,2018-08-14,,N1,0,0,0,7.3,45.6,216.5,608.1,-25.3,-4.8,10.746,0,0.306,PROXY-spatial,0.0115,0.0094,0.952,ANALYTICAL-ensemble,-0.013,8,13.74,3,32.7,537.0,45.0,0.0011,5.92,154.1,0.0,0.7304999999999999,482.6,1376.5,FOREST,0.412,,N1,NEWS-NH10-20150709_N1_2018,2018.0,221.3,,,0.2945,,104.4,4.0,0.947,18.25714285714286,0,0,0,0,0,1,0,0,4
NEWS-NH10-20150709,2018-08-15,,N1,0,0,0,11.0,51.0,204.8,615.7,3.7,-5.8,12.1,0,0.3094,PROXY-spatial,0.0106,0.0174,0.957,ANALYTICAL-ensemble,-0.009,8,13.74,3,32.7,537.0,45.0,0.0011,5.92,154.1,0.0,0.7304999999999999,482.6,1376.5,FOREST,0.412,,N1,NEWS-NH10-20150709_N1_2018,2018.0,210.6,120.1,549.2,0.2988,0.966,104.4,4.0,0.947,11.35,0,0,0,0,0,1,0,0,4
NEWS-NH10-20150709,2018-08-16,,N1,0,0,0,14.3,32.6,214.1,630.0,3.3,0.9,15.083,0,0.3145,REAL,0.0118,0.0259,0.959,ANALYTICAL-ensemble,-0.008,8,13.74,3,32.7,537.0,45.0,0.0011,5.92,154.1,0.0,0.7304999999999999,482.6,1376.5,FOREST,0.412,,N1,NEWS-NH10-20150709_N1_2018,2018.0,213.2,108.5,521.0,0.3027,0.967,104.4,5.0,0.947,0.7571428571428621,0,0,0,0,0,1,0,0,4
NEWS-NH10-20150709,2018-08-17,,N1,0,0,0,0.0,25.3,109.7,627.0,-14.3,-106.8,-12.616,1,0.3092,PROXY-spatial,0.0032,0.0192,0.962,ANALYTICAL-ensemble,-0.001,8,13.74,3,32.7,537.0,45.0,0.0011,5.92,154.1,0.0,0.7304999999999999,482.6,1376.5,FOREST,0.412,,N1,NEWS-NH10-20150709_N1_2018,2018.0,216.5,198.0,586.2,0.306,0.963,38.8,4.0,0.947,-12.007142857142858,0,0,0,0,0,1,0,0,4
NEWS-NH10-20150709,2018-08-18,,N1,0,0,0,0.0,14.3,70.9,627.0,0.0,-133.9,-21.486,2,0.3076,PROXY-spatial,-0.0018,0.0131,0.963,ANALYTICAL-ensemble,0.015,8,13.74,3,32.7,537.0,45.0,0.0011,5.92,154.1,0.0,0.7304999999999999,482.6,1376.5,FOREST,0.412,,N1,NEWS-NH10-20150709_N1_2018,2018.0,204.8,221.3,615.9,0.3094,0.948,32.6,3.0,0.947,-22.44642857142858,0,0,0,0,0,1,0,0,4
NEWS-NH10-20150709,2018-08-19,,N1,0,0,0,0.0,0.0,65.3,627.0,0.0,-148.8,-20.756,3,0.3031,PROXY-spatial,-0.0114,0.0043,0.964,ANALYTICAL-ensemble,0.017,8,13.74,3,32.7,537.0,45.0,0.0011,5.92,154.1,0.0,0.7304999999999999,482.6,1376.5,FOREST,0.412,,N1,NEWS-NH10-20150709_N1_2018,2018.0,214.1,210.6,596.0,0.3145,0.947,32.6,3.0,0.947,-29.642857142857153,0,0,0,0,0,1,0,0,4
NEWS-NH10-20150709,2018-08-20,,N1,0,0,0,10.9,10.9,43.5,634.0,10.9,-66.2,-24.244,0,0.288,PROXY-spatial,-0.0212,-0.0147,0.964,ANALYTICAL-ensemble,0.014,8,13.74,3,32.7,537.0,45.0,0.0011,5.92,154.1,0.0,0.7304999999999999,482.6,1376.5,FOREST,0.412,,N1,NEWS-NH10-20150709_N1_2018,2018.0,109.7,213.2,625.2,0.3092,0.95,14.3,3.0,0.947,-33.61428571428572,0,0,0,0,0,1,0,0,4
NEWS-NH10-20150709,2018-08-21,,N1,0,0,0,18.4,29.3,54.6,630.1,7.5,-16.3,-23.122,0,0.2785,PROXY-spatial,-0.0291,-0.0275,0.963,ANALYTICAL-ensemble,0.011,8,13.74,3,32.7,537.0,45.0,0.0011,5.92,154.1,0.0,0.7304999999999999,482.6,1376.5,FOREST,0.412,,N1,NEWS-NH10-20150709_N1_2018,2018.0,70.9,216.5,608.1,0.3076,0.952,18.4,4.0,0.947,-29.864285714285707,0,0,0,0,0,1,0,0,4
NEWS-NH10-20150709,2018-08-22,,N1,0,0,0,108.2,137.5,151.7,728.7,89.8,86.4,-7.582,0,0.2764,PROXY-spatial,-0.0267,-0.033,0.95,ANALYTICAL-ensemble,-0.007,8,13.74,3,32.7,537.0,45.0,0.0011,5.92,154.1,0.0,0.7304999999999999,482.6,1376.5,FOREST,0.412,,N1,NEWS-NH10-20150709_N1_2018,2018.0,65.3,204.8,615.7,0.3031,0.957,108.2,4.0,0.947,-11.600000000000007,0,0,0,0,0,1,0,0,4
NEWS-NH10-20150709,2018-08-23,,N1,0,0,0,101.9,228.5,239.4,815.7,-6.3,195.9,3.621,0,0.2744,PROXY-spatial,-0.0136,-0.0401,0.939,ANALYTICAL-ensemble,-0.02,8,13.74,3,32.7,537.0,45.0,0.0011,5.92,154.1,0.0,0.7304999999999999,482.6,1376.5,FOREST,0.412,,N1,NEWS-NH10-20150709_N1_2018,2018.0,43.5,214.1,630.0,0.288,0.959,108.2,4.0,0.939,19.285714285714285,0,0,0,0,0,1,0,0,4
NEWS-NH10-20150709,2018-08-24,,N1,0,0,0,7.7,217.8,247.1,795.6,-94.2,192.5,19.633,0,0.277,PROXY-spatial,-0.0015,-0.0322,0.939,ANALYTICAL-ensemble,-0.023,8,13.74,3,32.7,537.0,45.0,0.0011,5.92,154.1,0.0,0.7304999999999999,482.6,1376.5,FOREST,0.412,,N1,NEWS-NH10-20150709_N1_2018,2018.0,54.6,109.7,627.0,0.2785,0.962,108.2,4.0,0.939,35.17857142857143,0,0,0,0,0,1,0,0,4
NEWS-NH10-20150709,2018-08-25,,N1,0,0,0,27.6,137.2,274.6,805.1,19.9,122.9,29.098,0,0.2759,PROXY-spatial,-0.0005,-0.0317,0.939,ANALYTICAL-ensemble,-0.024,8,13.74,3,32.7,537.0,45.0,0.0011,5.92,154.1,0.0,0.7304999999999999,482.6,1376.5,FOREST,0.412,,N1,NEWS-NH10-20150709_N1_2018,2018.0,151.7,70.9,627.0,0.2764,0.963,108.2,5.0,0.939,43.567857142857136,0,0,0,0,0,1,0,0,4
NEWS-NH10-20150709,2018-08-26,,N1,0,0,0,18.8,54.1,293.4,820.5,-8.8,54.0,32.593,0,0.2731,PROXY-spatial,-0.0013,-0.03,0.939,ANALYTICAL-ensemble,-0.025,8,13.74,3,32.7,537.0,45.0,0.0011,5.92,154.1,0.0,0.7304999999999999,482.6,1376.5,FOREST,0.412,,N1,NEWS-NH10-20150709_N1_2018,2018.0,239.4,65.3,627.0,0.2744,0.964,108.2,6.0,0.939,45.89642857142857,0,0,0,0,0,1,0,0,4
NEWS-NH10-20150709,2018-08-27,,N1,0,0,0,12.9,59.3,295.5,822.3,-5.9,48.4,36.004,0,0.2822,PROXY-spatial,0.0052,-0.0058,0.94,ANALYTICAL-ensemble,-0.024,8,13.74,3,32.7,537.0,45.0,0.0011,5.92,154.1,0.0,0.7304999999999999,482.6,1376.5,FOREST,0.412,,N1,NEWS-NH10-20150709_N1_2018,2018.0,247.1,43.5,634.0,0.277,0.964,108.2,6.0,0.939,37.18928571428572,0,0,0,0,0,1,0,0,4
NEWS-NH10-20150709,2018-08-28,,N1,0,0,0,46.6,78.4,323.8,811.4,33.7,49.2,38.459,0,0.2886,REAL,0.0127,0.0101,0.941,ANALYTICAL-ensemble,-0.022,8,13.74,3,32.7,537.0,45.0,0.0011,5.92,154.1,0.0,0.7304999999999999,482.6,1376.5,FOREST,0.412,,N1,NEWS-NH10-20150709_N1_2018,2018.0,274.6,54.6,630.1,0.2759,0.963,108.2,6.0,0.939,24.10000000000001,0,0,0,0,0,1,0,0,4
NEWS-NH10-20150709,2018-08-29,,N1,0,0,0,7.3,66.9,222.9,810.2,-39.3,-70.5,10.168,0,0.2899,REAL,0.0168,0.0135,0.941,ANALYTICAL-ensemble,-0.009,8,13.74,3,32.7,537.0,45.0,0.0011,5.92,154.1,0.0,0.7304999999999999,482.6,1376.5,FOREST,0.412,,N1,NEWS-NH10-20150709_N1_2018,2018.0,293.4,151.7,728.7,0.2731,0.95,101.9,5.0,0.939,4.457142857142856,0,0,0,0,0,1,0,0,4
NEWS-NH10-20150709,2018-08-30,,N1,0,0,0,23.1,77.1,144.1,766.5,15.8,-151.4,-13.613,0,0.2913,REAL,0.0091,0.0169,0.942,ANALYTICAL-ensemble,0.003,8,13.74,3,32.7,537.0,45.0,0.0011,5.92,154.1,0.0,0.7304999999999999,482.6,1376.5,FOREST,0.412,,N1,NEWS-NH10-20150709_N1_2018,2018.0,295.5,239.4,815.7,0.2822,0.939,46.6,5.0,0.939,-13.642857142857151,0,0,0,0,0,1,0,0,4
NEWS-NH10-20150709,2018-08-31,,N1,0,0,0,2.2,32.6,138.6,724.8,-20.9,-185.2,-15.494,1,0.2914,REAL,0.0028,0.0144,0.943,ANALYTICAL-ensemble,0.004,8,13.74,3,32.7,537.0,45.0,0.0011,5.92,154.1,0.0,0.7304999999999999,482.6,1376.5,FOREST,0.412,,N1,NEWS-NH10-20150709_N1_2018,2018.0,323.8,247.1,795.6,0.2886,0.939,46.6,5.0,0.939,-27.828571428571433,0,0,0,0,0,1,0,0,4
NEWS-NH10-20150709,2018-09-01,,N1,0,0,0,7.4,32.7,118.5,715.6,5.2,-104.4,-22.302,0,0.2871,REAL,-0.0028,0.0112,0.948,ANALYTICAL-ensemble,0.009,8,13.74,3,32.7,537.0,45.0,0.0011,5.92,154.1,0.0,0.7304999999999999,482.6,1376.5,FOREST,0.412,,N1,NEWS-NH10-20150709_N1_2018,2018.0,222.9,274.6,805.1,0.2899,0.939,46.6,4.0,0.939,-36.36428571428571,0,0,0,0,0,1,0,0,4
NEWS-NH10-20150709,2018-09-02,,N1,0,0,0,95.4,105.0,195.0,796.1,88.0,50.9,-14.063,0,0.2867,PROXY-spatial,-0.0046,0.0136,0.942,ANALYTICAL-ensemble,0.003,8,13.74,3,32.7,537.0,45.0,0.0011,5.92,154.1,0.0,0.7304999999999999,482.6,1376.5,FOREST,0.412,,N1,NEWS-NH10-20150709_N1_2018,2018.0,144.1,293.4,820.5,0.2913,0.939,95.4,4.0,0.939,-28.442857142857147,0,0,0,0,0,1,0,0,4
NEWS-NH10-20150709,2018-09-03,,N1,0,0,0,25.2,127.9,207.2,805.8,-70.2,68.6,-12.618,0,0.2796,PROXY-spatial,-0.0118,-0.0026,0.941,ANALYTICAL-ensemble,0.001,8,13.74,3,32.7,537.0,45.0,0.0011,5.92,154.1,0.0,0.7304999999999999,482.6,1376.5,FOREST,0.412,,N1,NEWS-NH10-20150709_N1_2018,2018.0,138.6,295.5,822.3,0.2914,0.94,95.4,4.0,0.939,-15.40000000000002,0,0,0,0,0,1,0,0,4
NEWS-NH10-20150709,2018-09-04,,N1,0,0,0,9.2,129.7,169.7,798.6,-16.0,51.2,-22.009,0,0.2748,PROXY-spatial,-0.0123,-0.0138,0.941,ANALYTICAL-ensemble,0.0,8,13.74,3,32.7,537.0,45.0,0.0011,5.92,154.1,0.0,0.7304999999999999,482.6,1376.5,FOREST,0.412,,N1,NEWS-NH10-20150709_N1_2018,2018.0,118.5,323.8,811.4,0.2871,0.941,95.4,3.0,0.939,0.8214285714285641,0,0,0,0,0,1,0,0,4
NEWS-NH10-20150709,2018-09-05,,N1,0,0,0,10.3,44.6,172.7,778.9,1.1,-22.3,-7.173,0,0.2705,PROXY-spatial,-0.0162,-0.0194,0.941,ANALYTICAL-ensemble,0.0,8,13.74,3,32.7,537.0,45.0,0.0011,5.92,154.1,0.0,0.7304999999999999,482.6,1376.5,FOREST,0.412,,N1,NEWS-NH10-20150709_N1_2018,2018.0,195.0,222.9,810.2,0.2867,0.941,95.4,4.0,0.939,8.453571428571422,0,0,0,0,0,1,0,0,4
NEWS-NH10-20150709,2018-09-06,,N1,0,0,0,13.9,33.4,163.5,788.8,3.6,-43.7,2.772,0,0.2603,PROXY-spatial,-0.0193,-0.031,0.942,ANALYTICAL-ensemble,0.0,8,13.74,3,32.7,537.0,45.0,0.0011,5.92,154.1,0.0,0.7304999999999999,482.6,1376.5,FOREST,0.412,,N1,NEWS-NH10-20150709_N1_2018,2018.0,207.2,144.1,766.5,0.2796,0.942,95.4,4.0,0.939,5.635714285714285,0,0,0,0,0,1,0,0,4
NEWS-NH10-20150709,2018-09-07,,N1,0,0,0,32.8,57.1,194.2,798.9,18.9,24.5,7.942,0,0.2562,PROXY-spatial,-0.0186,-0.0352,0.942,ANALYTICAL-ensemble,-0.001,8,13.74,3,32.7,537.0,45.0,0.0011,5.92,154.1,0.0,0.7304999999999999,482.6,1376.5,FOREST,0.412,,N1,NEWS-NH10-20150709_N1_2018,2018.0,169.7,138.6,724.8,0.2748,0.943,95.4,5.0,0.939,4.6285714285714255,0,0,0,0,0,1,0,0,4
NEWS-NH10-20211020,2021-08-21,60.0,bg,0,0,0,17.3,121.0,275.1,637.0,-39.9,49.1,22.929,0,0.2971,REAL,-0.0014,0.0009,0.499,ANALYTICAL-ensemble,-0.003,10,17.09,0,54.3,694.0,347.0,-0.0167,4.46,167.1,0.0,0.748,266.9,1683.5,FOREST,0.434,476.8,POS,NEWS-NH10-20211020,,,,,,,17.3,1.0,0.499,,0,0,0,0,0,1,0,0,3
NEWS-NH10-20211020,2021-08-22,59.0,bg,0,0,0,7.5,82.0,250.7,630.0,-9.8,0.7,18.943,0,0.3007,REAL,0.0051,0.0058,0.499,ANALYTICAL-ensemble,-0.003,10,17.09,0,54.3,694.0,347.0,-0.0167,4.46,167.1,0.0,0.748,266.9,1683.5,FOREST,0.434,476.8,POS,NEWS-NH10-20211020,,,,,,,17.3,1.0,0.499,,0,0,0,0,0,1,0,0,3
NEWS-NH10-20211020,2021-08-23,58.0,bg,0,0,0,61.4,86.2,307.7,672.8,53.9,10.7,28.1,0,0.2995,REAL,0.0031,0.002,0.499,ANALYTICAL-ensemble,-0.002,10,17.09,0,54.3,694.0,347.0,-0.0167,4.46,167.1,0.0,0.748,266.9,1683.5,FOREST,0.434,476.8,POS,NEWS-NH10-20211020,,,,,,,61.4,2.0,0.499,,0,0,0,0,0,1,0,0,3
NEWS-NH10-20211020,2021-08-24,57.0,bg,0,0,0,38.1,107.0,268.5,695.9,-23.3,-6.6,11.843,0,0.3025,REAL,0.0054,0.0036,0.496,ANALYTICAL-ensemble,-0.005,10,17.09,0,54.3,694.0,347.0,-0.0167,4.46,167.1,0.0,0.748,266.9,1683.5,FOREST,0.434,476.8,POS,NEWS-NH10-20211020,,275.1,,,0.2971,,61.4,3.0,0.496,3.7199999999999958,0,0,0,0,0,1,0,0,3
NEWS-NH10-20211020,2021-08-25,56.0,bg,0,0,0,23.3,122.8,251.3,704.4,-14.8,0.6,3.614,0,0.31,REAL,0.0093,0.0115,0.496,ANALYTICAL-ensemble,-0.004,10,17.09,0,54.3,694.0,347.0,-0.0167,4.46,167.1,0.0,0.748,266.9,1683.5,FOREST,0.434,476.8,POS,NEWS-NH10-20211020,,250.7,,,0.3007,,61.4,4.0,0.496,-2.979999999999994,0,0,0,0,0,1,0,0,3
NEWS-NH10-20211020,2021-08-26,55.0,bg,0,0,0,21.0,82.4,225.9,700.4,-2.3,-81.8,-3.443,0,0.3163,REAL,0.0168,0.0207,0.497,ANALYTICAL-ensemble,-0.003,10,17.09,0,54.3,694.0,347.0,-0.0167,4.46,167.1,0.0,0.748,266.9,1683.5,FOREST,0.434,476.8,POS,NEWS-NH10-20211020,,307.7,,,0.2995,,61.4,5.0,0.496,-8.097142857142858,0,0,0,0,0,1,0,0,3
NEWS-NH10-20211020,2021-08-27,54.0,bg,0,0,0,44.5,88.9,213.2,739.7,23.5,-55.3,-11.971,0,0.3188,REAL,0.0163,0.0224,0.496,ANALYTICAL-ensemble,-0.003,10,17.09,0,54.3,694.0,347.0,-0.0167,4.46,167.1,0.0,0.748,266.9,1683.5,FOREST,0.434,476.8,POS,NEWS-NH10-20211020,,268.5,,,0.3025,,61.4,6.0,0.496,-10.417857142857137,0,0,0,0,0,1,0,0,3
NEWS-NH10-20211020,2021-08-28,53.0,bg,0,0,0,42.9,108.5,238.8,767.1,-1.6,-12.5,-5.186,0,0.3205,REAL,0.0105,0.0234,0.494,ANALYTICAL-ensemble,-0.005,10,17.09,0,54.3,694.0,347.0,-0.0167,4.46,167.1,0.0,0.748,266.9,1683.5,FOREST,0.434,476.8,POS,NEWS-NH10-20211020,,251.3,275.1,637.0,0.31,0.499,61.4,6.0,0.494,-9.546428571428581,0,0,0,0,0,1,0,0,3
NEWS-NH10-20211020,2021-08-29,52.0,bg,0,0,0,27.7,115.1,259.0,776.3,-15.2,33.1,1.186,0,0.3193,REAL,0.003,0.0186,0.494,ANALYTICAL-ensemble,-0.005,10,17.09,0,54.3,694.0,347.0,-0.0167,4.46,167.1,0.0,0.748,266.9,1683.5,FOREST,0.434,476.8,POS,NEWS-NH10-20211020,,225.9,250.7,630.0,0.3163,0.499,61.4,7.0,0.494,-8.700000000000012,0,0,0,0,0,1,0,0,3
NEWS-NH10-20211020,2021-08-30,51.0,bg,0,0,0,3.0,73.6,200.5,748.1,-24.7,-12.7,-15.314,0,0.3189,REAL,0.0001,0.0194,0.497,ANALYTICAL-ensemble,-0.002,10,17.09,0,54.3,694.0,347.0,-0.0167,4.46,167.1,0.0,0.748,266.9,1683.5,FOREST,0.434,476.8,POS,NEWS-NH10-20211020,,213.2,307.7,672.8,0.3188,0.499,44.5,6.0,0.494,-6.2749999999999915,0,0,0,0,0,1,0,0,3
NEWS-NH10-20211020,2021-08-31,50.0,bg,0,0,0,20.8,51.4,183.2,736.6,17.8,-55.6,-12.186,0,0.318,REAL,-0.0025,0.0155,0.497,ANALYTICAL-ensemble,0.001,10,17.09,0,54.3,694.0,347.0,-0.0167,4.46,167.1,0.0,0.748,266.9,1683.5,FOREST,0.434,476.8,POS,NEWS-NH10-20211020,,238.8,268.5,695.9,0.3205,0.496,44.5,6.0,0.494,-7.475000000000027,0,0,0,0,0,1,0,0,3
NEWS-NH10-20211020,2021-09-01,49.0,bg,0,0,0,21.8,45.5,181.7,738.0,1.0,-77.3,-9.943,0,0.3143,REAL,-0.005,0.0043,0.497,ANALYTICAL-ensemble,0.001,10,17.09,0,54.3,694.0,347.0,-0.0167,4.46,167.1,0.0,0.748,266.9,1683.5,FOREST,0.434,476.8,POS,NEWS-NH10-20211020,,259.0,251.3,704.4,0.3193,0.496,44.5,6.0,0.494,-8.246428571428574,0,0,0,0,0,1,0,0,3
NEWS-NH10-20211020,2021-09-02,48.0,bg,0,0,0,69.3,111.8,229.9,787.6,47.5,29.4,0.571,0,0.3118,REAL,-0.0071,-0.0045,0.495,ANALYTICAL-ensemble,-0.002,10,17.09,0,54.3,694.0,347.0,-0.0167,4.46,167.1,0.0,0.748,266.9,1683.5,FOREST,0.434,476.8,POS,NEWS-NH10-20211020,,200.5,225.9,700.4,0.3189,0.497,69.3,6.0,0.494,-4.996428571428566,0,0,0,0,0,1,0,0,3
NEWS-NH10-20211020,2021-09-03,47.0,bg,0,0,0,31.6,122.7,217.0,808.2,-37.7,33.8,0.543,0,0.3078,REAL,-0.0102,-0.011,0.494,ANALYTICAL-ensemble,-0.002,10,17.09,0,54.3,694.0,347.0,-0.0167,4.46,167.1,0.0,0.748,266.9,1683.5,FOREST,0.434,476.8,POS,NEWS-NH10-20211020,,183.2,213.2,739.7,0.318,0.496,69.3,6.0,0.494,-5.0857142857142925,0,0,0,0,0,1,0,0,3
NEWS-NH10-20211020,2021-09-04,46.0,bg,0,0,0,10.5,111.4,184.5,817.0,-21.1,2.8,-7.757,0,0.3026,REAL,-0.0117,-0.0179,0.495,ANALYTICAL-ensemble,0.001,10,17.09,0,54.3,694.0,347.0,-0.0167,4.46,167.1,0.0,0.748,266.9,1683.5,FOREST,0.434,476.8,POS,NEWS-NH10-20211020,,181.7,238.8,767.1,0.3143,0.494,69.3,6.0,0.494,-5.135714285714301,0,0,0,0,0,1,0,0,3
NEWS-NH10-20211020,2021-09-05,45.0,bg,0,0,0,2.4,44.5,159.3,815.6,-8.1,-70.6,-14.243,1,0.2987,REAL,-0.0131,-0.0206,0.496,ANALYTICAL-ensemble,0.002,10,17.09,0,54.3,694.0,347.0,-0.0167,4.46,167.1,0.0,0.748,266.9,1683.5,FOREST,0.434,476.8,POS,NEWS-NH10-20211020,,229.9,259.0,776.3,0.3118,0.494,69.3,5.0,0.494,-3.0607142857142704,0,0,0,0,0,1,0,0,3
NEWS-NH10-20211020,2021-09-06,44.0,bg,0,0,0,18.5,31.3,174.7,833.9,16.1,-42.3,-3.686,0,0.297,REAL,-0.0108,-0.0219,0.496,ANALYTICAL-ensemble,-0.001,10,17.09,0,54.3,694.0,347.0,-0.0167,4.46,167.1,0.0,0.748,266.9,1683.5,FOREST,0.434,476.8,POS,NEWS-NH10-20211020,,217.0,200.5,748.1,0.3078,0.497,69.3,6.0,0.494,-4.132142857142846,0,0,0,0,0,1,0,0,3
NEWS-NH10-20211020,2021-09-07,43.0,bg,0,0,0,48.1,69.0,202.1,853.6,29.6,17.6,2.7,0,0.2994,REAL,-0.0032,-0.0186,0.494,ANALYTICAL-ensemble,-0.003,10,17.09,0,54.3,694.0,347.0,-0.0167,4.46,167.1,0.0,0.748,266.9,1683.5,FOREST,0.434,476.8,POS,NEWS-NH10-20211020,,184.5,183.2,736.6,0.3026,0.497,69.3,6.0,0.494,-3.8178571428571493,0,0,0,0,0,1,0,0,3
NEWS-NH10-20211020,2021-09-08,42.0,bg,0,0,0,12.2,78.8,192.6,854.4,-35.9,33.3,1.557,0,0.3002,REAL,0.0015,-0.0141,0.494,ANALYTICAL-ensemble,-0.003,10,17.09,0,54.3,694.0,347.0,-0.0167,4.46,167.1,0.0,0.748,266.9,1683.5,FOREST,0.434,476.8,POS,NEWS-NH10-20211020,,159.3,181.7,738.0,0.2987,0.497,69.3,6.0,0.494,-5.410714285714286,0,0,0,0,0,1,0,0,3
NEWS-NH10-20211020,2021-09-09,41.0,bg,0,0,0,14.5,74.8,137.7,866.1,2.3,-37.0,-13.171,0,0.302,REAL,0.005,-0.0098,0.496,ANALYTICAL-ensemble,0.001,10,17.09,0,54.3,694.0,347.0,-0.0167,4.46,167.1,0.0,0.748,266.9,1683.5,FOREST,0.434,476.8,POS,NEWS-NH10-20211020,,174.7,229.9,787.6,0.297,0.495,48.1,6.0,0.494,-6.389285714285718,0,0,0,0,0,1,0,0,3
NEWS-NH10-20211020,2021-09-10,40.0,bg,0,0,0,20.3,47.0,126.5,886.3,5.8,-75.6,-12.929,0,0.3063,PROXY-spatial,0.0069,-0.0015,0.496,ANALYTICAL-ensemble,0.002,10,17.09,0,54.3,694.0,347.0,-0.0167,4.46,167.1,0.0,0.748,266.9,1683.5,FOREST,0.434,476.8,POS,NEWS-NH10-20211020,,202.1,217.0,808.2,0.2994,0.494,48.1,6.0,0.494,-7.117857142857151,0,0,0,0,0,1,0,0,3
NEWS-NH10-20211020,2021-09-11,39.0,bg,0,0,0,10.6,45.4,126.6,874.4,-9.7,-66.0,-8.271,0,0.3118,PROXY-spatial,0.0116,0.0092,0.496,ANALYTICAL-ensemble,0.001,10,17.09,0,54.3,694.0,347.0,-0.0167,4.46,167.1,0.0,0.748,266.9,1683.5,FOREST,0.434,476.8,POS,NEWS-NH10-20211020,,192.6,184.5,817.0,0.3002,0.495,48.1,6.0,0.494,-9.246428571428574,0,0,0,0,0,1,0,0,3
NEWS-NH10-20211020,2021-09-12,38.0,bg,0,0,0,1.0,31.9,125.2,865.2,-9.6,-12.5,-4.871,1,0.3129,PROXY-spatial,0.0109,0.0142,0.496,ANALYTICAL-ensemble,0.0,10,17.09,0,54.3,694.0,347.0,-0.0167,4.46,167.1,0.0,0.748,266.9,1683.5,FOREST,0.434,476.8,POS,NEWS-NH10-20211020,,137.7,159.3,815.6,0.302,0.496,48.1,6.0,0.494,-13.057142857142866,0,0,0,0,0,1,0,0,3
NEWS-NH10-20211020,2021-09-13,37.0,bg,0,0,0,11.8,23.3,118.5,837.7,10.8,-8.0,-8.029,0,0.3149,PROXY-spatial,0.0086,0.0179,0.496,ANALYTICAL-ensemble,0.0,10,17.09,0,54.3,694.0,347.0,-0.0167,4.46,167.1,0.0,0.748,266.9,1683.5,FOREST,0.434,476.8,POS,NEWS-NH10-20211020,,126.5,174.7,833.9,0.3063,0.496,48.1,6.0,0.494,-14.167857142857136,0,0,0,0,0,1,0,0,3
NEWS-NH10-20211020,2021-09-14,36.0,bg,0,0,0,5.0,17.8,75.4,810.9,-6.8,-51.2,-18.1,0,0.3091,PROXY-spatial,-0.0027,0.0097,0.496,ANALYTICAL-ensemble,0.002,10,17.09,0,54.3,694.0,347.0,-0.0167,4.46,167.1,0.0,0.748,266.9,1683.5,FOREST,0.434,476.8,POS,NEWS-NH10-20211020,,126.6,202.1,853.6,0.3118,0.494,20.3,5.0,0.494,-13.975000000000001,0,0,0,0,0,1,0,0,3
NEWS-NH10-20211020,2021-09-15,35.0,bg,0,0,0,13.7,30.4,76.8,820.1,8.7,-48.4,-16.543,0,0.3047,PROXY-spatial,-0.0082,0.0045,0.496,ANALYTICAL-ensemble,0.002,10,17.09,0,54.3,694.0,347.0,-0.0167,4.46,167.1,0.0,0.748,266.9,1683.5,FOREST,0.434,476.8,POS,NEWS-NH10-20211020,,125.2,192.6,854.4,0.3129,0.494,20.3,5.0,0.494,-10.464285714285728,0,0,0,0,0,1,0,0,3
NEWS-NH10-20211020,2021-09-16,34.0,bg,0,0,0,4.2,22.8,66.5,747.0,-9.5,-52.0,-10.171,0,0.301,PROXY-spatial,-0.0139,-0.001,0.498,ANALYTICAL-ensemble,0.002,10,17.09,0,54.3,694.0,347.0,-0.0167,4.46,167.1,0.0,0.748,266.9,1683.5,FOREST,0.434,476.8,POS,NEWS-NH10-20211020,,118.5,137.7,866.1,0.3149,0.496,20.3,4.0,0.494,-11.76428571428571,0,0,0,0,0,1,0,0,3
NEWS-NH10-20211020,2021-09-17,33.0,bg,0,0,0,13.0,30.8,59.2,719.4,8.8,-16.2,-9.614,0,0.2969,PROXY-spatial,-0.0122,-0.0094,0.499,ANALYTICAL-ensemble,0.003,10,17.09,0,54.3,694.0,347.0,-0.0167,4.46,167.1,0.0,0.748,266.9,1683.5,FOREST,0.434,476.8,POS,NEWS-NH10-20211020,,75.4,126.5,886.3,0.3091,0.496,13.7,4.0,0.494,-12.903571428571427,0,0,0,0,0,1,0,0,3
NEWS-NH10-20211020,2021-09-18,32.0,bg,0,0,0,22.9,40.1,71.5,695.9,9.9,-5.3,-7.871,0,0.2956,PROXY-spatial,-0.0091,-0.0162,0.499,ANALYTICAL-ensemble,0.003,10,17.09,0,54.3,694.0,347.0,-0.0167,4.46,167.1,0.0,0.748,266.9,1683.5,FOREST,0.434,476.8,POS,NEWS-NH10-20211020,,76.8,126.6,874.4,0.3047,0.496,22.9,4.0,0.494,-10.307142857142859,0,0,0,0,0,1,0,0,3
NEWS-NH10-20211020,2021-09-19,31.0,bg,0,0,0,29.9,65.7,100.4,668.6,7.0,33.9,-3.543,0,0.2942,PROXY-spatial,-0.0068,-0.0187,0.499,ANALYTICAL-ensemble,0.003,10,17.09,0,54.3,694.0,347.0,-0.0167,4.46,167.1,0.0,0.748,266.9,1683.5,FOREST,0.434,476.8,POS,NEWS-NH10-20211020,,66.5,125.2,865.2,0.301,0.496,29.9,5.0,0.494,-2.8464285714285755,0,0,0,0,0,1,0,0,3
NEWS-NH10-20211020,2021-09-20,30.0,pre,0,0,0,1.0,53.7,89.6,652.2,-28.9,30.4,-4.129,1,0.2923,PROXY-spatial,-0.0046,-0.0226,0.5,ANALYTICAL-ensemble,0.004,10,17.09,0,54.3,694.0,347.0,-0.0167,4.46,167.1,0.0,0.748,266.9,1683.5,FOREST,0.434,476.8,POS,NEWS-NH10-20211020,,59.2,118.5,837.7,0.2969,0.496,29.9,4.0,0.494,3.3857142857142857,0,0,0,0,0,1,0,0,3
NEWS-NH10-20211020,2021-09-21,29.0,pre,0,0,0,7.7,38.6,92.3,652.4,6.7,20.8,2.414,0,0.2908,PROXY-spatial,-0.0048,-0.0183,0.5,ANALYTICAL-ensemble,0.004,10,17.09,0,54.3,694.0,347.0,-0.0167,4.46,167.1,0.0,0.748,266.9,1683.5,FOREST,0.434,476.8,POS,NEWS-NH10-20211020,,71.5,75.4,810.9,0.2956,0.496,29.9,4.0,0.494,4.782142857142856,0,0,0,0,0,1,0,0,3
NEWS-NH10-20211020,2021-09-22,28.0,pre,0,0,0,23.4,32.1,102.0,614.4,15.7,1.6,3.6,0,0.2908,PROXY-spatial,-0.0034,-0.0139,0.5,ANALYTICAL-ensemble,0.004,10,17.09,0,54.3,694.0,347.0,-0.0167,4.46,167.1,0.0,0.748,266.9,1683.5,FOREST,0.434,476.8,POS,NEWS-NH10-20211020,,100.4,76.8,820.1,0.2942,0.496,29.9,4.0,0.496,6.814285714285713,0,0,0,0,0,1,0,0,3
NEWS-NH10-20211020,2021-09-23,27.0,pre,0,0,0,0.7,31.8,98.5,577.0,-22.7,8.9,4.571,1,0.2906,PROXY-spatial,-0.0017,-0.0104,0.5,ANALYTICAL-ensemble,0.002,10,17.09,0,54.3,694.0,347.0,-0.0167,4.46,167.1,0.0,0.748,266.9,1683.5,FOREST,0.434,476.8,POS,NEWS-NH10-20211020,,89.6,66.5,747.0,0.2923,0.498,29.9,4.0,0.496,6.100000000000002,0,0,0,0,0,1,0,0,3
NEWS-NH10-20211020,2021-09-24,26.0,pre,0,0,0,11.0,35.1,96.5,564.7,10.3,4.2,5.329,0,0.2874,PROXY-spatial,-0.0034,-0.0095,0.501,ANALYTICAL-ensemble,0.002,10,17.09,0,54.3,694.0,347.0,-0.0167,4.46,167.1,0.0,0.748,266.9,1683.5,FOREST,0.434,476.8,POS,NEWS-NH10-20211020,,92.3,59.2,719.4,0.2908,0.499,29.9,4.0,0.496,2.9857142857142778,0,0,0,0,0,1,0,0,3
NEWS-NH10-20211020,2021-09-25,25.0,pre,0,0,0,14.0,25.7,87.7,557.7,3.0,-14.3,2.314,0,0.284,PROXY-spatial,-0.0068,-0.0116,0.501,ANALYTICAL-ensemble,0.002,10,17.09,0,54.3,694.0,347.0,-0.0167,4.46,167.1,0.0,0.748,266.9,1683.5,FOREST,0.434,476.8,POS,NEWS-NH10-20211020,,102.0,71.5,695.9,0.2908,0.499,29.9,4.0,0.496,-0.646428571428569,0,0,0,0,0,1,0,0,3
NEWS-NH10-20211020,2021-09-26,24.0,pre,0,0,0,5.2,30.2,63.0,518.3,-8.8,-35.5,-5.343,0,0.2819,PROXY-spatial,-0.0087,-0.0123,0.501,ANALYTICAL-ensemble,0.002,10,17.09,0,54.3,694.0,347.0,-0.0167,4.46,167.1,0.0,0.748,266.9,1683.5,FOREST,0.434,476.8,POS,NEWS-NH10-20211020,,98.5,100.4,668.6,0.2906,0.499,23.4,3.0,0.496,-3.3749999999999973,0,0,0,0,0,1,0,0,3
NEWS-NH10-20211020,2021-09-27,23.0,pre,0,0,0,2.7,21.9,64.7,478.1,-2.5,-31.8,-3.557,0,0.2809,PROXY-spatial,-0.0065,-0.0114,0.502,ANALYTICAL-ensemble,0.002,10,17.09,0,54.3,694.0,347.0,-0.0167,4.46,167.1,0.0,0.748,266.9,1683.5,FOREST,0.434,476.8,POS,NEWS-NH10-20211020,,96.5,89.6,652.2,0.2874,0.5,23.4,3.0,0.496,-6.128571428571426,0,0,0,0,0,1,0,0,3
NEWS-NH10-20211020,2021-09-28,22.0,pre,0,0,0,2.9,10.7,59.9,453.3,0.2,-27.8,-4.629,0,0.2807,PROXY-spatial,-0.0033,-0.0101,0.503,ANALYTICAL-ensemble,0.003,10,17.09,0,54.3,694.0,347.0,-0.0167,4.46,167.1,0.0,0.748,266.9,1683.5,FOREST,0.434,476.8,POS,NEWS-NH10-20211020,,87.7,92.3,652.4,0.284,0.5,23.4,3.0,0.496,-8.121428571428575,0,0,0,0,0,1,0,0,3
NEWS-NH10-20211020,2021-09-29,21.0,pre,0,0,0,22.2,27.8,58.7,472.6,19.3,-4.3,-6.186,0,0.2793,PROXY-spatial,-0.0026,-0.0115,0.503,ANALYTICAL-ensemble,0.003,10,17.09,0,54.3,694.0,347.0,-0.0167,4.46,167.1,0.0,0.748,266.9,1683.5,FOREST,0.434,476.8,POS,NEWS-NH10-20211020,,63.0,102.0,614.4,0.2819,0.5,22.2,3.0,0.498,-7.699999999999999,0,0,0,0,0,1,0,0,3
NEWS-NH10-20211020,2021-09-30,20.0,pre,0,0,0,6.3,31.5,64.3,458.1,-15.9,-0.4,-4.886,0,0.2765,PROXY-spatial,-0.0044,-0.0141,0.503,ANALYTICAL-ensemble,0.003,10,17.09,0,54.3,694.0,347.0,-0.0167,4.46,167.1,0.0,0.748,266.9,1683.5,FOREST,0.434,476.8,POS,NEWS-NH10-20211020,,64.7,98.5,577.0,0.2809,0.5,22.2,3.0,0.499,-5.632142857142856,0,0,0,0,0,1,0,0,3
NEWS-NH10-20211020,2021-10-01,19.0,pre,0,0,0,5.8,34.3,59.1,442.2,-0.5,-0.8,-5.343,0,0.2688,PROXY-spatial,-0.0119,-0.0186,0.503,ANALYTICAL-ensemble,0.002,10,17.09,0,54.3,694.0,347.0,-0.0167,4.46,167.1,0.0,0.748,266.9,1683.5,FOREST,0.434,476.8,POS,NEWS-NH10-20211020,,59.9,96.5,564.7,0.2807,0.501,22.2,2.0,0.499,-3.1857142857142806,0,0,0,0,0,1,0,0,3
NEWS-NH10-20211020,2021-10-02,18.0,pre,0,0,0,2.1,14.2,47.2,375.0,-3.7,-11.5,-5.786,1,0.2664,PROXY-spatial,-0.0129,-0.0176,0.503,ANALYTICAL-ensemble,0.002,10,17.09,0,54.3,694.0,347.0,-0.0167,4.46,167.1,0.0,0.748,266.9,1683.5,FOREST,0.434,476.8,POS,NEWS-NH10-20211020,,58.7,87.7,557.7,0.2793,0.501,22.2,1.0,0.499,-1.9357142857142886,0,0,0,0,0,1,0,0,3
NEWS-NH10-20211020,2021-10-03,17.0,pre,0,0,0,6.4,14.3,48.5,349.8,4.3,-15.8,-2.071,0,0.2643,PROXY-spatial,-0.0122,-0.0176,0.503,ANALYTICAL-ensemble,0.002,10,17.09,0,54.3,694.0,347.0,-0.0167,4.46,167.1,0.0,0.748,266.9,1683.5,FOREST,0.434,476.8,POS,NEWS-NH10-20211020,,64.3,63.0,518.3,0.2765,0.501,22.2,1.0,0.5,-2.628571428571429,0,0,0,0,0,1,0,0,3
NEWS-NH10-20211020,2021-10-04,16.0,pre,0,0,0,1.9,10.4,47.7,341.2,-4.5,-11.4,-2.429,1,0.2638,PROXY-spatial,-0.005,-0.0171,0.503,ANALYTICAL-ensemble,0.001,10,17.09,0,54.3,694.0,347.0,-0.0167,4.46,167.1,0.0,0.748,266.9,1683.5,FOREST,0.434,476.8,POS,NEWS-NH10-20211020,,59.1,64.7,478.1,0.2688,0.502,22.2,1.0,0.5,-2.646428571428574,0,0,0,0,0,1,0,0,3
NEWS-NH10-20211020,2021-10-05,15.0,pre,0,0,0,13.2,21.5,58.0,352.0,11.3,10.8,-0.271,0,0.2639,PROXY-spatial,-0.0025,-0.0168,0.503,ANALYTICAL-ensemble,0.0,10,17.09,0,54.3,694.0,347.0,-0.0167,4.46,167.1,0.0,0.748,266.9,1683.5,FOREST,0.434,476.8,POS,NEWS-NH10-20211020,,47.2,59.9,453.3,0.2664,0.503,22.2,2.0,0.5,-1.6392857142857158,0,0,0,0,0,1,0,0,3
NEWS-NH10-20211020,2021-10-06,14.0,pre,1,0,0,2.5,17.6,38.3,336.1,-10.7,-10.2,-2.914,0,0.2603,PROXY-spatial,-0.004,-0.019,0.503,ANALYTICAL-ensemble,0.0,10,17.09,0,54.3,694.0,347.0,-0.0167,4.46,167.1,0.0,0.748,266.9,1683.5,FOREST,0.434,476.8,POS,NEWS-NH10-20211020,,48.5,58.7,472.6,0.2643,0.503,13.2,1.0,0.5,-2.846428571428575,0,0,0,0,0,1,0,0,3
NEWS-NH10-20211020,2021-10-07,13.0,pre,1,0,0,10.3,26.0,42.2,298.3,7.8,-5.5,-3.157,0,0.2603,PROXY-spatial,-0.0035,-0.0162,0.503,ANALYTICAL-ensemble,0.0,10,17.09,0,54.3,694.0,347.0,-0.0167,4.46,167.1,0.0,0.748,266.9,1683.5,FOREST,0.434,476.8,POS,NEWS-NH10-20211020,,47.7,64.3,458.1,0.2638,0.503,13.2,2.0,0.501,-2.1071428571428563,0,0,0,0,0,1,0,0,3
NEWS-NH10-20211020,2021-10-08,12.0,pre,1,0,0,1.8,14.7,38.3,287.9,-8.5,-19.7,-2.971,1,0.269,PROXY-spatial,0.0051,0.0002,0.503,ANALYTICAL-ensemble,0.0,10,17.09,0,54.3,694.0,347.0,-0.0167,4.46,167.1,0.0,0.748,266.9,1683.5,FOREST,0.434,476.8,POS,NEWS-NH10-20211020,,58.0,59.1,442.2,0.2639,0.503,13.2,2.0,0.501,-1.7392857142857134,0,0,0,0,0,1,0,0,3
NEWS-NH10-20211020,2021-10-09,11.0,pre,1,0,0,15.1,27.3,51.3,288.5,13.3,13.0,0.586,0,0.2691,PROXY-spatial,0.0088,0.0027,0.505,ANALYTICAL-ensemble,0.002,10,17.09,0,54.3,694.0,347.0,-0.0167,4.46,167.1,0.0,0.748,266.9,1683.5,FOREST,0.434,476.8,POS,NEWS-NH10-20211020,,38.3,47.2,375.0,0.2603,0.503,15.1,3.0,0.501,-0.935714285714289,0,0,0,0,0,1,0,0,3
NEWS-NH10-20211020,2021-10-10,10.0,pre,1,0,0,1.5,18.4,46.3,269.7,-13.6,4.1,-0.314,1,0.2694,PROXY-spatial,0.0091,0.0051,0.506,ANALYTICAL-ensemble,0.003,10,17.09,0,54.3,694.0,347.0,-0.0167,4.46,167.1,0.0,0.748,266.9,1683.5,FOREST,0.434,476.8,POS,NEWS-NH10-20211020,,42.2,48.5,349.8,0.2603,0.503,15.1,3.0,0.502,-0.6285714285714312,0,0,0,0,0,1,0,0,3
NEWS-NH10-20211020,2021-10-11,9.0,pre,1,0,0,0.0,16.6,44.5,259.1,-1.5,6.2,-0.457,2,0.2679,PROXY-spatial,-0.0011,0.0041,0.512,ANALYTICAL-ensemble,0.009,10,17.09,0,54.3,694.0,347.0,-0.0167,4.46,167.1,0.0,0.748,266.9,1683.5,FOREST,0.434,476.8,POS,NEWS-NH10-20211020,,38.3,47.7,341.2,0.269,0.503,15.1,3.0,0.503,-0.5500000000000046,0,0,0,0,0,1,0,0,3
NEWS-NH10-20211020,2021-10-12,8.0,pre,1,0,0,0.0,1.5,31.3,258.1,0.0,-20.0,-3.814,3,0.267,PROXY-spatial,-0.0021,0.0031,0.514,ANALYTICAL-ensemble,0.011,10,17.09,0,54.3,694.0,347.0,-0.0167,4.46,167.1,0.0,0.748,266.9,1683.5,FOREST,0.434,476.8,POS,NEWS-NH10-20211020,,51.3,58.0,352.0,0.2691,0.503,15.1,2.0,0.503,-0.30000000000000077,0,0,0,0,0,1,0,0,3
NEWS-NH10-20211020,2021-10-13,7.0,pre,1,1,0,0.0,0.0,28.8,246.4,0.0,-17.5,-1.357,4,0.2665,PROXY-spatial,-0.0029,0.0062,0.517,ANALYTICAL-ensemble,0.014,10,17.09,0,54.3,694.0,347.0,-0.0167,4.46,167.1,0.0,0.748,266.9,1683.5,FOREST,0.434,476.8,POS,NEWS-NH10-20211020,,46.3,38.3,336.1,0.2694,0.503,15.1,2.0,0.503,-2.1785714285714275,0,0,0,0,0,1,0,0,3
NEWS-NH10-20211020,2021-10-14,6.0,pre,1,1,0,0.0,0.0,18.4,241.4,0.0,-26.1,-3.4,5,0.2628,PROXY-spatial,-0.0051,0.0025,0.518,ANALYTICAL-ensemble,0.015,10,17.09,0,54.3,694.0,347.0,-0.0167,4.46,167.1,0.0,0.748,266.9,1683.5,FOREST,0.434,476.8,POS,NEWS-NH10-20211020,,44.5,42.2,298.3,0.2679,0.503,15.1,1.0,0.503,-4.275000000000001,0,0,0,0,0,1,0,0,3
NEWS-NH10-20211020,2021-10-15,5.0,pre,1,1,0,0.0,0.0,16.6,227.7,0.0,-14.7,-3.1,6,0.2631,PROXY-spatial,-0.0039,-0.0059,0.521,ANALYTICAL-ensemble,0.018,10,17.09,0,54.3,694.0,347.0,-0.0167,4.46,167.1,0.0,0.748,266.9,1683.5,FOREST,0.434,476.8,POS,NEWS-NH10-20211020,,31.3,38.3,287.9,0.267,0.503,15.1,1.0,0.503,-6.271428571428573,0,0,0,0,0,1,0,0,3
NEWS-NH10-20211020,2021-10-16,4.0,pre,1,1,0,0.0,0.0,1.5,223.5,0.0,-27.3,-7.114,7,0.2617,PROXY-spatial,-0.0048,-0.0074,0.522,ANALYTICAL-ensemble,0.017,10,17.09,0,54.3,694.0,347.0,-0.0167,4.46,167.1,0.0,0.748,266.9,1683.5,FOREST,0.434,476.8,POS,NEWS-NH10-20211020,,28.8,51.3,288.5,0.2665,0.505,1.5,0.0,0.503,-7.253571428571432,0,0,0,0,0,1,0,0,3
NEWS-NH10-20211020,2021-10-17,3.0,pre,1,1,0,2.0,2.0,2.0,212.5,2.0,-16.4,-6.329,8,0.2613,PROXY-spatial,-0.0015,-0.0081,0.524,ANALYTICAL-ensemble,0.018,10,17.09,0,54.3,694.0,347.0,-0.0167,4.46,167.1,0.0,0.748,266.9,1683.5,FOREST,0.434,476.8,POS,NEWS-NH10-20211020,,18.4,46.3,269.7,0.2628,0.506,2.0,0.0,0.503,-7.117857142857145,0,0,0,0,0,1,0,0,3
NEWS-NH10-20211020,2021-10-18,2.0,pre,1,1,0,11.2,13.2,13.2,200.9,9.2,-3.4,-4.471,0,0.2612,PROXY-spatial,-0.0019,-0.0067,0.523,ANALYTICAL-ensemble,0.011,10,17.09,0,54.3,694.0,347.0,-0.0167,4.46,167.1,0.0,0.748,266.9,1683.5,FOREST,0.434,476.8,POS,NEWS-NH10-20211020,,16.6,44.5,259.1,0.2631,0.512,11.2,1.0,0.503,-4.457142857142856,0,0,0,0,0,1,0,0,3
NEWS-NH10-20211020,2021-10-19,1.0,pre,1,1,0,84.1,97.3,97.3,255.1,72.9,95.8,9.429,0,0.2612,PROXY-spatial,-0.0005,-0.0058,0.507,ANALYTICAL-ensemble,-0.007,10,17.09,0,54.3,694.0,347.0,-0.0167,4.46,167.1,0.0,0.748,266.9,1683.5,FOREST,0.434,476.8,POS,NEWS-NH10-20211020,,1.5,31.3,258.1,0.2617,0.514,84.1,2.0,0.503,6.446428571428569,0,0,0,0,0,1,0,0,3
NEWS-NH10-20211020,2023-08-21,,N0,0,0,0,18.4,62.9,108.1,656.2,8.0,-43.6,-16.849,0,0.2845,REAL,-0.0041,-0.0128,0.499,ANALYTICAL-ensemble,0.0,10,17.09,2,54.3,694.0,347.0,-0.0167,4.46,167.1,0.0,0.748,266.9,1683.5,FOREST,0.412,,N0,NEWS-NH10-20211020_N0_2023,2023.0,,,,,,18.4,1.0,0.499,,0,0,0,0,0,1,0,0,3
NEWS-NH10-20211020,2023-08-22,,N0,0,0,0,9.9,38.7,113.4,650.3,-8.5,-30.2,-14.261,0,0.2942,REAL,0.008,0.0022,0.5,ANALYTICAL-ensemble,0.001,10,17.09,2,54.3,694.0,347.0,-0.0167,4.46,167.1,0.0,0.748,266.9,1683.5,FOREST,0.412,,N0,NEWS-NH10-20211020_N0_2023,2023.0,,,,,,18.4,1.0,0.499,,0,0,0,0,0,1,0,0,3
NEWS-NH10-20211020,2023-08-23,,N0,0,0,0,10.2,38.5,117.3,655.0,0.3,-13.3,-5.216,0,0.2997,REAL,0.0154,0.0091,0.5,ANALYTICAL-ensemble,0.001,10,17.09,2,54.3,694.0,347.0,-0.0167,4.46,167.1,0.0,0.748,266.9,1683.5,FOREST,0.412,,N0,NEWS-NH10-20211020_N0_2023,2023.0,,,,,,18.4,2.0,0.499,,0,0,0,0,0,1,0,0,3
NEWS-NH10-20211020,2023-08-24,,N0,0,0,0,22.1,42.2,130.8,624.9,11.9,22.7,-1.62,0,0.305,REAL,0.0205,0.016,0.5,ANALYTICAL-ensemble,0.0,10,17.09,2,54.3,694.0,347.0,-0.0167,4.46,167.1,0.0,0.748,266.9,1683.5,FOREST,0.412,,N0,NEWS-NH10-20211020_N0_2023,2023.0,108.1,,,0.2845,,22.1,3.0,0.499,7.200000000000008,0,0,0,0,0,1,0,0,3
NEWS-NH10-20211020,2023-08-25,,N0,0,0,0,67.5,99.8,172.6,668.6,45.4,59.2,2.99,0,0.3102,REAL,0.016,0.0216,0.499,ANALYTICAL-ensemble,0.0,10,17.09,2,54.3,694.0,347.0,-0.0167,4.46,167.1,0.0,0.748,266.9,1683.5,FOREST,0.412,,N0,NEWS-NH10-20211020_N0_2023,2023.0,113.4,,,0.2942,,67.5,4.0,0.499,14.640000000000004,0,0,0,0,0,1,0,0,3
NEWS-NH10-20211020,2023-08-26,,N0,0,0,0,13.6,103.2,152.1,674.9,-53.9,34.8,1.213,0,0.3191,REAL,0.0194,0.0329,0.499,ANALYTICAL-ensemble,0.0,10,17.09,2,54.3,694.0,347.0,-0.0167,4.46,167.1,0.0,0.748,266.9,1683.5,FOREST,0.412,,N0,NEWS-NH10-20211020_N0_2023,2023.0,117.3,,,0.2997,,67.5,5.0,0.499,11.745714285714284,0,0,0,0,0,1,0,0,3
NEWS-NH10-20211020,2023-08-27,,N0,0,0,0,6.4,87.5,148.1,675.0,-7.2,17.3,2.505,0,0.3256,REAL,0.0206,0.0413,0.499,ANALYTICAL-ensemble,0.0,10,17.09,2,54.3,694.0,347.0,-0.0167,4.46,167.1,0.0,0.748,266.9,1683.5,FOREST,0.412,,N0,NEWS-NH10-20211020_N0_2023,2023.0,130.8,,,0.305,,67.5,5.0,0.499,9.024999999999991,0,0,0,0,0,1,0,0,3
NEWS-NH10-20211020,2023-08-28,,N0,0,0,0,67.8,87.8,197.5,725.0,61.4,24.9,12.776,0,0.325,REAL,0.0148,0.0405,0.498,ANALYTICAL-ensemble,-0.001,10,17.09,2,54.3,694.0,347.0,-0.0167,4.46,167.1,0.0,0.748,266.9,1683.5,FOREST,0.412,,N0,NEWS-NH10-20211020_N0_2023,2023.0,172.6,108.1,656.2,0.3102,0.499,67.8,5.0,0.498,11.971428571428573,0,0,0,0,0,1,0,0,3
NEWS-NH10-20211020,2023-08-29,,N0,0,0,0,9.5,83.7,197.1,713.7,-58.3,45.0,11.96,0,0.319,REAL,-0.0001,0.0248,0.498,ANALYTICAL-ensemble,-0.002,10,17.09,2,54.3,694.0,347.0,-0.0167,4.46,167.1,0.0,0.748,266.9,1683.5,FOREST,0.412,,N0,NEWS-NH10-20211020_N0_2023,2023.0,152.1,113.4,650.3,0.3191,0.5,67.8,5.0,0.498,12.439285714285708,0,0,0,0,0,1,0,0,3
NEWS-NH10-20211020,2023-08-30,,N0,0,0,0,7.9,85.2,194.7,717.3,-1.6,46.6,11.063,0,0.3134,REAL,-0.0122,0.0137,0.497,ANALYTICAL-ensemble,-0.003,10,17.09,2,54.3,694.0,347.0,-0.0167,4.46,167.1,0.0,0.748,266.9,1683.5,FOREST,0.412,,N0,NEWS-NH10-20211020_N0_2023,2023.0,148.1,117.3,655.0,0.3256,0.5,67.8,4.0,0.497,10.217857142857143,0,0,0,0,0,1,0,0,3
NEWS-NH10-20211020,2023-08-31,,N0,0,0,0,6.4,23.8,179.0,717.8,-1.5,-18.5,6.883,0,0.3062,REAL,-0.0188,0.0012,0.497,ANALYTICAL-ensemble,-0.003,10,17.09,2,54.3,694.0,347.0,-0.0167,4.46,167.1,0.0,0.748,266.9,1683.5,FOREST,0.412,,N0,NEWS-NH10-20211020_N0_2023,2023.0,197.5,130.8,624.9,0.325,0.5,67.8,3.0,0.497,5.478571428571432,0,0,0,0,0,1,0,0,3
NEWS-NH10-20211020,2023-09-01,,N0,0,0,0,0.0,14.3,111.5,643.2,-6.4,-85.6,-8.723,1,0.2974,REAL,-0.0216,-0.0128,0.5,ANALYTICAL-ensemble,0.001,10,17.09,2,54.3,694.0,347.0,-0.0167,4.46,167.1,0.0,0.748,266.9,1683.5,FOREST,0.412,,N0,NEWS-NH10-20211020_N0_2023,2023.0,197.1,172.6,668.6,0.319,0.499,67.8,2.0,0.497,-2.242857142857149,0,0,0,0,0,1,0,0,3
NEWS-NH10-20211020,2023-09-02,,N0,0,0,0,2.5,8.9,100.5,609.6,2.5,-94.2,-7.371,0,0.284,PROXY-spatial,-0.0294,-0.0351,0.5,ANALYTICAL-ensemble,0.001,10,17.09,2,54.3,694.0,347.0,-0.0167,4.46,167.1,0.0,0.748,266.9,1683.5,FOREST,0.412,,N0,NEWS-NH10-20211020_N0_2023,2023.0,194.7,152.1,674.9,0.3134,0.499,67.8,1.0,0.497,-11.889285714285725,0,0,0,0,0,1,0,0,3
NEWS-NH10-20211020,2023-09-03,,N0,0,0,0,10.6,13.2,104.7,612.4,8.1,-74.3,-6.195,0,0.2766,PROXY-spatial,-0.0296,-0.049,0.5,ANALYTICAL-ensemble,0.001,10,17.09,2,54.3,694.0,347.0,-0.0167,4.46,167.1,0.0,0.748,266.9,1683.5,FOREST,0.412,,N0,NEWS-NH10-20211020_N0_2023,2023.0,179.0,148.1,675.0,0.3062,0.499,67.8,2.0,0.497,-19.814285714285727,0,0,0,0,0,1,0,0,3
NEWS-NH10-20211020,2023-09-04,,N0,0,0,0,13.2,26.4,50.1,602.3,2.6,-61.4,-21.052,0,0.2702,PROXY-spatial,-0.0272,-0.0548,0.5,ANALYTICAL-ensemble,0.002,10,17.09,2,54.3,694.0,347.0,-0.0167,4.46,167.1,0.0,0.748,266.9,1683.5,FOREST,0.412,,N0,NEWS-NH10-20211020_N0_2023,2023.0,111.5,197.5,725.0,0.2974,0.498,13.2,2.0,0.497,-24.98214285714285,0,0,0,0,0,1,0,0,3
NEWS-NH10-20211020,2023-09-05,,N0,0,0,0,1.0,24.8,41.6,595.9,-12.2,-58.9,-22.208,1,0.2636,PROXY-spatial,-0.0204,-0.0554,0.5,ANALYTICAL-ensemble,0.002,10,17.09,2,54.3,694.0,347.0,-0.0167,4.46,167.1,0.0,0.748,266.9,1683.5,FOREST,0.412,,N0,NEWS-NH10-20211020_N0_2023,2023.0,100.5,197.1,713.7,0.284,0.498,13.2,2.0,0.497,-25.85357142857143,0,0,0,0,0,1,0,0,3
NEWS-NH10-20211020,2023-09-06,,N0,0,0,0,0.2,14.4,33.9,582.9,-0.8,-70.8,-22.977,2,0.2646,PROXY-spatial,-0.012,-0.0488,0.5,ANALYTICAL-ensemble,0.003,10,17.09,2,54.3,694.0,347.0,-0.0167,4.46,167.1,0.0,0.748,266.9,1683.5,FOREST,0.412,,N0,NEWS-NH10-20211020_N0_2023,2023.0,104.7,194.7,717.3,0.2766,0.497,13.2,2.0,0.497,-22.339285714285722,0,0,0,0,0,1,0,0,3
NEWS-NH10-20211020,2023-09-07,,N0,0,0,0,0.6,1.8,28.2,566.1,0.4,-21.9,-21.547,3,0.2623,PROXY-spatial,-0.0079,-0.0439,0.501,ANALYTICAL-ensemble,0.004,10,17.09,2,54.3,694.0,347.0,-0.0167,4.46,167.1,0.0,0.748,266.9,1683.5,FOREST,0.412,,N0,NEWS-NH10-20211020_N0_2023,2023.0,50.1,179.0,717.8,0.2702,0.497,13.2,2.0,0.497,-15.935714285714292,0,0,0,0,0,1,0,0,3
NEWS-NH10-20211020,2023-09-08,,N0,0,0,0,9.9,10.7,38.1,510.3,9.3,-3.5,-10.488,0,0.2639,PROXY-spatial,0.0003,-0.0335,0.502,ANALYTICAL-ensemble,0.002,10,17.09,2,54.3,694.0,347.0,-0.0167,4.46,167.1,0.0,0.748,266.9,1683.5,FOREST,0.412,,N0,NEWS-NH10-20211020_N0_2023,2023.0,41.6,111.5,643.2,0.2636,0.5,13.2,2.0,0.497,-12.72857142857143,0,0,0,0,0,1,0,0,3
NEWS-NH10-20211020,2023-09-09,,N0,0,0,0,48.3,58.9,83.9,538.4,38.4,50.0,-2.365,0,0.2673,PROXY-spatial,0.0027,-0.0167,0.502,ANALYTICAL-ensemble,0.002,10,17.09,2,54.3,694.0,347.0,-0.0167,4.46,167.1,0.0,0.748,266.9,1683.5,FOREST,0.412,,N0,NEWS-NH10-20211020_N0_2023,2023.0,33.9,100.5,609.6,0.2646,0.5,48.3,3.0,0.497,-3.564285714285715,0,0,0,0,0,1,0,0,3
NEWS-NH10-20211020,2023-09-10,,N0,0,0,0,5.9,64.1,79.1,528.0,-42.4,50.9,-3.66,0,0.2679,PROXY-spatial,0.0056,-0.0087,0.501,ANALYTICAL-ensemble,0.001,10,17.09,2,54.3,694.0,347.0,-0.0167,4.46,167.1,0.0,0.748,266.9,1683.5,FOREST,0.412,,N0,NEWS-NH10-20211020_N0_2023,2023.0,28.2,104.7,612.4,0.2623,0.5,48.3,2.0,0.497,6.27857142857143,0,0,0,0,0,1,0,0,3
NEWS-NH10-20211020,2023-09-11,,N0,0,0,0,5.2,59.4,71.1,491.1,-0.7,33.0,2.994,0,0.2718,PROXY-spatial,0.0079,0.0016,0.502,ANALYTICAL-ensemble,0.002,10,17.09,2,54.3,694.0,347.0,-0.0167,4.46,167.1,0.0,0.748,266.9,1683.5,FOREST,0.412,,N0,NEWS-NH10-20211020_N0_2023,2023.0,38.1,50.1,602.3,0.2639,0.5,48.3,1.0,0.497,8.378571428571428,0,0,0,0,0,1,0,0,3
NEWS-NH10-20211020,2023-09-12,,N0,0,0,0,21.7,32.8,91.8,489.4,16.5,7.9,7.167,0,0.2824,PROXY-spatial,0.0151,0.0188,0.502,ANALYTICAL-ensemble,0.002,10,17.09,2,54.3,694.0,347.0,-0.0167,4.46,167.1,0.0,0.748,266.9,1683.5,FOREST,0.412,,N0,NEWS-NH10-20211020_N0_2023,2023.0,83.9,41.6,595.9,0.2673,0.5,48.3,2.0,0.497,10.732142857142854,0,0,0,0,0,1,0,0,3
NEWS-NH10-20211020,2023-09-13,,N0,0,0,0,4.9,31.9,96.6,453.4,-16.8,17.5,8.953,0,0.2824,PROXY-spatial,0.0145,0.0178,0.502,ANALYTICAL-ensemble,0.002,10,17.09,2,54.3,694.0,347.0,-0.0167,4.46,167.1,0.0,0.748,266.9,1683.5,FOREST,0.412,,N0,NEWS-NH10-20211020_N0_2023,2023.0,79.1,33.9,582.9,0.2679,0.5,48.3,2.0,0.497,10.707142857142859,0,0,0,0,0,1,0,0,3
NEWS-NH10-20211020,2023-09-14,,N0,0,0,0,9.8,36.5,105.8,458.7,4.9,34.7,11.088,0,0.2828,PROXY-spatial,0.011,0.0205,0.503,ANALYTICAL-ensemble,0.002,10,17.09,2,54.3,694.0,347.0,-0.0167,4.46,167.1,0.0,0.748,266.9,1683.5,FOREST,0.412,,N0,NEWS-NH10-20211020_N0_2023,2023.0,71.1,28.2,566.1,0.2718,0.501,48.3,2.0,0.5,8.614285714285712,0,0,0,0,0,1,0,0,3
NEWS-NH10-20211020,2023-09-15,,N0,0,0,0,1.3,16.1,97.2,453.7,-8.5,5.4,8.441,1,0.281,PROXY-spatial,-0.0014,0.0171,0.503,ANALYTICAL-ensemble,0.001,10,17.09,2,54.3,694.0,347.0,-0.0167,4.46,167.1,0.0,0.748,266.9,1683.5,FOREST,0.412,,N0,NEWS-NH10-20211020_N0_2023,2023.0,91.8,38.1,510.3,0.2824,0.502,48.3,2.0,0.5,4.242857142857141,0,0,0,0,0,1,0,0,3
NEWS-NH10-20211020,2023-09-16,,N0,0,0,0,0.8,11.9,49.7,445.9,-0.5,-46.9,-4.881,2,0.2785,PROXY-spatial,-0.0039,0.0112,0.503,ANALYTICAL-ensemble,0.001,10,17.09,2,54.3,694.0,347.0,-0.0167,4.46,167.1,0.0,0.748,266.9,1683.5,FOREST,0.412,,N0,NEWS-NH10-20211020_N0_2023,2023.0,96.6,83.9,538.4,0.2824,0.502,21.7,1.0,0.5,-0.7857142857142814,0,0,0,0,0,1,0,0,3
NEWS-NH10-20211020,2023-09-17,,N0,0,0,0,0.1,2.2,43.9,420.2,-0.7,-61.9,-5.03,3,0.2778,PROXY-spatial,-0.005,0.0099,0.503,ANALYTICAL-ensemble,0.002,10,17.09,2,54.3,694.0,347.0,-0.0167,4.46,167.1,0.0,0.748,266.9,1683.5,FOREST,0.412,,N0,NEWS-NH10-20211020_N0_2023,2023.0,105.8,79.1,528.0,0.2828,0.501,21.7,1.0,0.5,-5.899999999999995,0,0,0,0,0,1,0,0,3
NEWS-NH10-20211020,2023-09-18,,N0,0,0,0,20.9,21.7,59.6,407.0,20.8,-37.6,-1.641,0,0.2749,PROXY-spatial,-0.0061,0.0031,0.503,ANALYTICAL-ensemble,0.001,10,17.09,2,54.3,694.0,347.0,-0.0167,4.46,167.1,0.0,0.748,266.9,1683.5,FOREST,0.412,,N0,NEWS-NH10-20211020_N0_2023,2023.0,97.2,71.1,491.1,0.281,0.502,21.7,2.0,0.5,-9.217857142857147,0,0,0,0,0,1,0,0,3
NEWS-NH10-20211020,2023-09-19,,N0,0,0,0,5.6,26.5,43.4,402.2,-15.3,-6.3,-6.918,0,0.2632,PROXY-spatial,-0.0153,-0.0192,0.503,ANALYTICAL-ensemble,0.001,10,17.09,2,54.3,694.0,347.0,-0.0167,4.46,167.1,0.0,0.748,266.9,1683.5,FOREST,0.412,,N0,NEWS-NH10-20211020_N0_2023,2023.0,49.7,91.8,489.4,0.2785,0.502,20.9,1.0,0.5,-10.90357142857143,0,0,0,0,0,1,0,0,3
NEWS-NH10-20211020,2023-09-20,,N0,0,0,0,26.8,53.2,65.2,410.6,21.2,21.3,-4.486,0,0.2604,PROXY-spatial,-0.0174,-0.022,0.503,ANALYTICAL-ensemble,0.001,10,17.09,2,54.3,694.0,347.0,-0.0167,4.46,167.1,0.0,0.748,266.9,1683.5,FOREST,0.412,,N0,NEWS-NH10-20211020_N0_2023,2023.0,43.9,96.6,453.4,0.2778,0.502,26.8,2.0,0.501,-7.8392857142857135,0,0,0,0,0,1,0,0,3
NEWS-NH10-20211020,2023-09-21,,N0,0,0,0,39.0,71.3,94.4,439.7,12.2,34.8,-1.626,0,0.2615,PROXY-spatial,-0.0134,-0.0213,0.503,ANALYTICAL-ensemble,0.0,10,17.09,2,54.3,694.0,347.0,-0.0167,4.46,167.1,0.0,0.748,266.9,1683.5,FOREST,0.412,,N0,NEWS-NH10-20211020_N0_2023,2023.0,59.6,105.8,458.7,0.2749,0.503,39.0,3.0,0.501,0.7892857142857186,0,0,0,0,0,1,0,0,3
NEWS-NH10-20211020,2023-09-22,,N0,0,0,0,8.1,73.8,101.1,437.5,-30.9,57.7,0.559,0,0.2663,PROXY-spatial,0.0031,-0.0147,0.502,ANALYTICAL-ensemble,-0.001,10,17.09,2,54.3,694.0,347.0,-0.0167,4.46,167.1,0.0,0.748,266.9,1683.5,FOREST,0.412,,N0,NEWS-NH10-20211020_N0_2023,2023.0,43.4,97.2,453.7,0.2632,0.503,39.0,3.0,0.501,9.314285714285717,0,0,0,0,0,1,0,0,3
NEWS-NH10-20211020,2023-09-23,,N0,0,0,0,30.9,77.9,131.2,446.3,22.8,66.0,11.646,0,0.2694,PROXY-spatial,0.009,-0.0091,0.502,ANALYTICAL-ensemble,-0.001,10,17.09,2,54.3,694.0,347.0,-0.0167,4.46,167.1,0.0,0.748,266.9,1683.5,FOREST,0.412,,N0,NEWS-NH10-20211020_N0_2023,2023.0,65.2,49.7,445.9,0.2604,0.503,39.0,4.0,0.501,14.139285714285709,0,0,0,0,0,1,0,0,3
NEWS-NH10-20211020,2023-09-24,,N0,0,0,0,28.6,67.5,159.7,407.3,-2.3,65.3,16.547,0,0.2715,PROXY-spatial,0.01,-0.0063,0.502,ANALYTICAL-ensemble,-0.001,10,17.09,2,54.3,694.0,347.0,-0.0167,4.46,167.1,0.0,0.748,266.9,1683.5,FOREST,0.412,,N0,NEWS-NH10-20211020_N0_2023,2023.0,94.4,43.9,420.2,0.2615,0.503,39.0,5.0,0.502,18.27857142857142,0,0,0,0,0,1,0,0,3
NEWS-NH10-20211020,2023-09-25,,N0,0,0,0,5.0,64.4,143.8,398.7,-23.6,42.7,12.035,0,0.2719,PROXY-spatial,0.0056,-0.003,0.502,ANALYTICAL-ensemble,-0.001,10,17.09,2,54.3,694.0,347.0,-0.0167,4.46,167.1,0.0,0.748,266.9,1683.5,FOREST,0.412,,N0,NEWS-NH10-20211020_N0_2023,2023.0,101.1,59.6,407.0,0.2663,0.503,39.0,4.0,0.502,18.821428571428573,0,0,0,0,0,1,0,0,3
NEWS-NH10-20211020,2023-09-26,,N0,0,0,0,0.0,33.5,138.2,392.3,-5.0,7.0,13.546,1,0.2752,PROXY-spatial,0.0058,0.012,0.503,ANALYTICAL-ensemble,0.0,10,17.09,2,54.3,694.0,347.0,-0.0167,4.46,167.1,0.0,0.748,266.9,1683.5,FOREST,0.412,,N0,NEWS-NH10-20211020_N0_2023,2023.0,131.2,43.4,402.2,0.2694,0.503,39.0,4.0,0.502,13.442857142857143,0,0,0,0,0,1,0,0,3
NEWS-NH10-20211020,2023-09-27,,N0,0,0,0,6.3,11.3,117.8,330.9,6.3,-41.9,7.513,0,0.277,REAL,0.0055,0.0166,0.503,ANALYTICAL-ensemble,0.0,10,17.09,2,54.3,694.0,347.0,-0.0167,4.46,167.1,0.0,0.748,266.9,1683.5,FOREST,0.412,,N0,NEWS-NH10-20211020_N0_2023,2023.0,159.7,65.2,410.6,0.2715,0.503,39.0,3.0,0.502,5.607142857142853,0,0,0,0,0,1,0,0,3
NEWS-NH10-20211020,2023-09-28,,N0,0,0,0,2.3,8.6,81.0,323.6,-4.0,-62.8,-1.91,1,0.2749,REAL,0.003,0.0134,0.503,ANALYTICAL-ensemble,0.0,10,17.09,2,54.3,694.0,347.0,-0.0167,4.46,167.1,0.0,0.748,266.9,1683.5,FOREST,0.412,,N0,NEWS-NH10-20211020_N0_2023,2023.0,143.8,94.4,439.7,0.2719,0.503,30.9,2.0,0.502,-3.878571428571432,0,0,0,0,0,1,0,0,3
NEWS-NH10-20211020,2023-09-29,,N0,0,0,0,12.6,21.2,85.6,328.3,10.3,-52.6,-2.215,0,0.2734,PROXY-spatial,-0.0018,0.0071,0.503,ANALYTICAL-ensemble,0.001,10,17.09,2,54.3,694.0,347.0,-0.0167,4.46,167.1,0.0,0.748,266.9,1683.5,FOREST,0.412,,N0,NEWS-NH10-20211020_N0_2023,2023.0,138.2,101.1,437.5,0.2752,0.502,30.9,3.0,0.502,-11.435714285714289,0,0,0,0,0,1,0,0,3
NEWS-NH10-20211020,2023-09-30,,N0,0,0,0,0.0,14.8,54.7,322.0,-12.6,-63.1,-10.928,1,0.2697,PROXY-spatial,-0.0073,0.0003,0.503,ANALYTICAL-ensemble,0.001,10,17.09,2,54.3,694.0,347.0,-0.0167,4.46,167.1,0.0,0.748,266.9,1683.5,FOREST,0.412,,N0,NEWS-NH10-20211020_N0_2023,2023.0,117.8,131.2,446.3,0.277,0.502,28.6,2.0,0.502,-17.45,0,0,0,0,0,1,0,0,3
NEWS-NH10-20211020,2023-10-01,,N0,0,0,0,3.3,15.9,29.4,325.3,3.3,-51.6,-18.61,0,0.2701,PROXY-spatial,-0.0048,-0.0014,0.503,ANALYTICAL-ensemble,0.001,10,17.09,2,54.3,694.0,347.0,-0.0167,4.46,167.1,0.0,0.748,266.9,1683.5,FOREST,0.412,,N0,NEWS-NH10-20211020_N0_2023,2023.0,81.0,159.7,407.3,0.2749,0.502,12.6,1.0,0.502,-19.371428571428567,0,0,0,0,0,1,0,0,3
NEWS-NH10-20211020,2023-10-02,,N0,0,0,0,8.7,12.0,33.2,331.5,5.4,-52.4,-15.797,0,0.2684,PROXY-spatial,-0.005,-0.0035,0.503,ANALYTICAL-ensemble,0.001,10,17.09,2,54.3,694.0,347.0,-0.0167,4.46,167.1,0.0,0.748,266.9,1683.5,FOREST,0.412,,N0,NEWS-NH10-20211020_N0_2023,2023.0,85.6,143.8,398.7,0.2734,0.502,12.6,1.0,0.502,-18.50357142857142,0,0,0,0,0,1,0,0,3
NEWS-NH10-20211020,2023-10-03,,N0,0,0,0,30.8,42.9,64.0,351.7,22.1,9.3,-10.604,0,0.2696,PROXY-spatial,-0.0001,-0.0056,0.503,ANALYTICAL-ensemble,0.0,10,17.09,2,54.3,694.0,347.0,-0.0167,4.46,167.1,0.0,0.748,266.9,1683.5,FOREST,0.412,,N0,NEWS-NH10-20211020_N0_2023,2023.0,54.7,138.2,392.3,0.2697,0.503,30.8,2.0,0.502,-11.18571428571429,0,0,0,0,0,1,0,0,3
NEWS-NH10-20211020,2023-10-04,,N0,0,0,0,77.8,117.4,135.6,416.3,47.0,106.2,2.549,0,0.2723,PROXY-spatial,0.0022,-0.0047,0.503,ANALYTICAL-ensemble,0.0,10,17.09,2,54.3,694.0,347.0,-0.0167,4.46,167.1,0.0,0.748,266.9,1683.5,FOREST,0.412,,N0,NEWS-NH10-20211020_N0_2023,2023.0,29.4,117.8,330.9,0.2701,0.503,77.8,3.0,0.502,3.5392857142857093,0,0,0,0,0,1,0,0,3
NEWS-NH10-20211020,2023-10-05,,N0,0,0,0,26.6,135.2,159.9,441.9,-51.2,126.7,11.265,0,0.2761,PROXY-spatial,0.0077,0.0012,0.502,ANALYTICAL-ensemble,-0.001,10,17.09,2,54.3,694.0,347.0,-0.0167,4.46,167.1,0.0,0.748,266.9,1683.5,FOREST,0.412,,N0,NEWS-NH10-20211020_N0_2023,2023.0,33.2,81.0,323.6,0.2684,0.503,77.8,4.0,0.502,14.975,0,0,0,0,0,1,0,0,3
NEWS-NH10-20211020,2023-10-06,,N0,0,0,0,6.7,111.1,154.0,448.4,-19.9,90.0,9.778,0,0.2762,PROXY-spatial,0.0066,0.0028,0.501,ANALYTICAL-ensemble,-0.002,10,17.09,2,54.3,694.0,347.0,-0.0167,4.46,167.1,0.0,0.748,266.9,1683.5,FOREST,0.412,,N0,NEWS-NH10-20211020_N0_2023,2023.0,64.0,85.6,328.3,0.2696,0.503,77.8,3.0,0.501,23.61785714285714,0,0,0,0,0,1,0,0,3
NEWS-NH10-20211020,2023-10-07,,N0,0,0,0,3.1,36.4,157.1,450.9,-3.6,21.5,14.631,0,0.2797,PROXY-spatial,0.0074,0.01,0.501,ANALYTICAL-ensemble,-0.002,10,17.09,2,54.3,694.0,347.0,-0.0167,4.46,167.1,0.0,0.748,266.9,1683.5,FOREST,0.412,,N0,NEWS-NH10-20211020_N0_2023,2023.0,135.6,54.7,322.0,0.2723,0.503,77.8,3.0,0.501,25.73571428571429,0,0,0,0,0,1,0,0,3
NEWS-NH10-20211020,2023-10-08,,N0,0,0,0,31.2,41.0,185.0,472.2,28.1,25.1,22.223,0,0.2792,PROXY-spatial,0.0031,0.0091,0.501,ANALYTICAL-ensemble,-0.002,10,17.09,2,54.3,694.0,347.0,-0.0167,4.46,167.1,0.0,0.748,266.9,1683.5,FOREST,0.412,,N0,NEWS-NH10-20211020_N0_2023,2023.0,159.9,29.4,325.3,0.2761,0.503,77.8,4.0,0.501,23.571428571428573,0,0,0,0,0,1,0,0,3
NEWS-NH10-20211020,2023-10-09,,N0,0,0,0,12.1,46.4,188.4,436.0,-19.1,34.4,22.171,0,0.2808,PROXY-spatial,0.0046,0.0124,0.502,ANALYTICAL-ensemble,-0.001,10,17.09,2,54.3,694.0,347.0,-0.0167,4.46,167.1,0.0,0.748,266.9,1683.5,FOREST,0.412,,N0,NEWS-NH10-20211020_N0_2023,2023.0,154.0,33.2,331.5,0.2762,0.503,77.8,5.0,0.501,16.757142857142863,0,0,0,0,0,1,0,0,3
NEWS-NH10-20211020,2023-10-10,,N0,0,0,0,0.0,43.3,157.5,430.1,-12.1,0.4,13.353,1,0.2821,PROXY-spatial,0.0024,0.0125,0.502,ANALYTICAL-ensemble,-0.001,10,17.09,2,54.3,694.0,347.0,-0.0167,4.46,167.1,0.0,0.748,266.9,1683.5,FOREST,0.412,,N0,NEWS-NH10-20211020_N0_2023,2023.0,157.1,64.0,351.7,0.2797,0.503,77.8,4.0,0.501,5.489285714285722,0,0,0,0,0,1,0,0,3
NEWS-NH10-20211020,2023-10-11,,N0,0,0,0,2.6,14.7,82.3,427.5,2.6,-102.7,-7.609,0,0.2815,PROXY-spatial,0.0023,0.0092,0.502,ANALYTICAL-ensemble,-0.001,10,17.09,2,54.3,694.0,347.0,-0.0167,4.46,167.1,0.0,0.748,266.9,1683.5,FOREST,0.412,,N0,NEWS-NH10-20211020_N0_2023,2023.0,185.0,135.6,416.3,0.2792,0.503,31.2,3.0,0.501,-6.946428571428575,0,0,0,0,0,1,0,0,3
NEWS-NH10-20211020,2023-10-12,,N0,0,0,0,3.2,5.8,59.0,409.0,0.6,-129.4,-14.409,0,0.2812,PROXY-spatial,0.0004,0.0051,0.503,ANALYTICAL-ensemble,0.001,10,17.09,2,54.3,694.0,347.0,-0.0167,4.46,167.1,0.0,0.748,266.9,1683.5,FOREST,0.412,,N0,NEWS-NH10-20211020_N0_2023,2023.0,188.4,159.9,441.9,0.2808,0.502,31.2,2.0,0.501,-16.503571428571426,0,0,0,0,0,1,0,0,3
NEWS-NH10-20211020,2023-10-13,,N0,0,0,0,5.4,11.3,57.7,409.5,2.2,-99.8,-13.759,0,0.2823,PROXY-spatial,0.0002,0.0061,0.503,ANALYTICAL-ensemble,0.002,10,17.09,2,54.3,694.0,347.0,-0.0167,4.46,167.1,0.0,0.748,266.9,1683.5,FOREST,0.412,,N0,NEWS-NH10-20211020_N0_2023,2023.0,157.5,154.0,448.4,0.2821,0.501,31.2,2.0,0.501,-23.439285714285713,0,0,0,0,0,1,0,0,3
NEWS-NH10-20211020,2023-10-14,,N0,0,0,0,15.3,23.9,69.8,414.9,9.9,-12.5,-12.474,0,0.2788,PROXY-spatial,-0.0027,-0.0009,0.503,ANALYTICAL-ensemble,0.002,10,17.09,2,54.3,694.0,347.0,-0.0167,4.46,167.1,0.0,0.748,266.9,1683.5,FOREST,0.412,,N0,NEWS-NH10-20211020_N0_2023,2023.0,82.3,157.1,450.9,0.2815,0.501,31.2,3.0,0.501,-25.19642857142858,0,0,0,0,0,1,0,0,3
NEWS-NH10-20211020,2023-10-15,,N0,0,0,0,4.8,25.5,43.4,418.4,-10.5,-15.6,-20.232,0,0.2797,PROXY-spatial,-0.0015,0.0005,0.503,ANALYTICAL-ensemble,0.002,10,17.09,2,54.3,694.0,347.0,-0.0167,4.46,167.1,0.0,0.748,266.9,1683.5,FOREST,0.412,,N0,NEWS-NH10-20211020_N0_2023,2023.0,59.0,185.0,472.2,0.2812,0.501,15.3,2.0,0.501,-22.678571428571434,0,0,0,0,0,1,0,0,3
NEWS-NH10-20211020,2023-10-16,,N0,0,0,0,0.0,20.1,31.4,417.6,-4.8,-26.3,-22.423,1,0.2754,PROXY-spatial,-0.0069,-0.0054,0.503,ANALYTICAL-ensemble,0.001,10,17.09,2,54.3,694.0,347.0,-0.0167,4.46,167.1,0.0,0.748,266.9,1683.5,FOREST,0.412,,N0,NEWS-NH10-20211020_N0_2023,2023.0,57.7,188.4,436.0,0.2823,0.502,15.3,1.0,0.501,-15.903571428571423,0,0,0,0,0,1,0,0,3
NEWS-NH10-20211020,2023-10-17,,N0,0,0,0,0.0,4.8,31.4,417.6,0.0,-38.4,-18.018,2,0.2747,PROXY-spatial,-0.0041,-0.0074,0.503,ANALYTICAL-ensemble,0.001,10,17.09,2,54.3,694.0,347.0,-0.0167,4.46,167.1,0.0,0.748,266.9,1683.5,FOREST,0.412,,N0,NEWS-NH10-20211020_N0_2023,2023.0,69.8,157.5,430.1,0.2788,0.502,15.3,1.0,0.501,-7.935714285714284,0,0,0,0,0,1,0,0,3
NEWS-NH10-20211020,2023-10-18,,N0,0,0,0,0.1,0.1,28.8,396.8,0.1,-14.6,-7.642,3,0.2711,PROXY-spatial,-0.0086,-0.0104,0.503,ANALYTICAL-ensemble,0.001,10,17.09,2,54.3,694.0,347.0,-0.0167,4.46,167.1,0.0,0.748,266.9,1683.5,FOREST,0.412,,N0,NEWS-NH10-20211020_N0_2023,2023.0,43.4,82.3,427.5,0.2797,0.502,15.3,1.0,0.501,-6.485714285714289,0,0,0,0,0,1,0,0,3
NEWS-NH10-20211020,2023-10-19,,N0,0,0,0,0.0,0.1,25.6,391.2,-0.1,-5.8,-4.767,4,0.268,PROXY-spatial,-0.0074,-0.0132,0.503,ANALYTICAL-ensemble,0.0,10,17.09,2,54.3,694.0,347.0,-0.0167,4.46,167.1,0.0,0.748,266.9,1683.5,FOREST,0.412,,N0,NEWS-NH10-20211020_N0_2023,2023.0,31.4,59.0,409.0,0.2754,0.503,15.3,1.0,0.501,-6.796428571428575,0,0,0,0,0,1,0,0,3
NEWS-NH10-20211020,2023-10-20,,N0,0,0,0,4.0,4.1,24.2,368.5,4.0,-7.2,-4.781,0,0.2554,PROXY-spatial,-0.0193,-0.0269,0.503,ANALYTICAL-ensemble,0.0,10,17.09,2,54.3,694.0,347.0,-0.0167,4.46,167.1,0.0,0.748,266.9,1683.5,FOREST,0.412,,N0,NEWS-NH10-20211020_N0_2023,2023.0,31.4,57.7,409.5,0.2747,0.503,15.3,1.0,0.501,-6.249999999999999,0,0,0,0,0,1,0,0,3
NEWS-NH10-20211020,2018-04-13,,N1,0,0,0,1.0,36.6,77.6,135.5,-29.1,33.5,10.497,1,,MISSING (window-absent),,,0.521,ANALYTICAL-ensemble,-0.009,9,17.09,5,54.3,694.0,347.0,-0.0167,4.46,167.1,0.0,0.748,266.9,1683.5,FOREST,0.432,,N1,NEWS-NH10-20211020_N1_2018,2018.0,,,,,,1.0,0.0,0.521,,1,0,0,0,0,1,0,0,3
NEWS-NH10-20211020,2018-04-14,,N1,0,0,0,4.9,36.0,69.9,140.5,3.9,20.2,7.632,0,,MISSING (window-absent),,,0.525,ANALYTICAL-ensemble,-0.004,9,17.09,5,54.3,694.0,347.0,-0.0167,4.46,167.1,0.0,0.748,266.9,1683.5,FOREST,0.432,,N1,NEWS-NH10-20211020_N1_2018,2018.0,,,,,,4.9,0.0,0.521,,1,0,0,0,0,1,0,0,3
NEWS-NH10-20211020,2018-04-15,,N1,0,0,0,5.7,11.6,66.2,144.6,0.8,-12.0,5.857,0,,MISSING (window-absent),,,0.524,ANALYTICAL-ensemble,-0.004,9,17.09,5,54.3,694.0,347.0,-0.0167,4.46,167.1,0.0,0.748,266.9,1683.5,FOREST,0.432,,N1,NEWS-NH10-20211020_N1_2018,2018.0,,,,,,5.7,0.0,0.521,,1,0,0,0,0,1,0,0,3
NEWS-NH10-20211020,2018-04-16,,N1,0,0,0,2.7,13.4,55.8,146.9,-3.0,-21.8,2.499,0,,MISSING (window-absent),,,0.525,ANALYTICAL-ensemble,-0.002,9,17.09,5,54.3,694.0,347.0,-0.0167,4.46,167.1,0.0,0.748,266.9,1683.5,FOREST,0.432,,N1,NEWS-NH10-20211020_N1_2018,2018.0,77.6,,,,,5.7,0.0,0.521,-6.909999999999995,1,0,0,0,0,1,0,0,3
NEWS-NH10-20211020,2018-04-17,,N1,0,0,0,0.8,9.2,50.8,147.0,-1.9,-19.1,0.952,1,,MISSING (window-absent),,,0.525,ANALYTICAL-ensemble,-0.002,9,17.09,5,54.3,694.0,347.0,-0.0167,4.46,167.1,0.0,0.748,266.9,1683.5,FOREST,0.432,,N1,NEWS-NH10-20211020_N1_2018,2018.0,69.9,,,,,5.7,0.0,0.521,-6.770000000000005,1,0,0,0,0,1,0,0,3
NEWS-NH10-20211020,2018-04-18,,N1,0,0,0,6.0,9.5,51.2,153.0,5.2,-15.0,0.213,0,,MISSING (window-absent),,,0.525,ANALYTICAL-ensemble,-0.002,9,17.09,5,54.3,694.0,347.0,-0.0167,4.46,167.1,0.0,0.748,266.9,1683.5,FOREST,0.432,,N1,NEWS-NH10-20211020_N1_2018,2018.0,66.2,,,,,6.0,0.0,0.521,-5.705714285714287,1,0,0,0,0,1,0,0,3
NEWS-NH10-20211020,2018-04-19,,N1,0,0,0,0.0,6.8,21.1,153.0,-6.0,-34.7,-8.16,1,,MISSING (window-absent),,,0.526,ANALYTICAL-ensemble,0.003,9,17.09,5,54.3,694.0,347.0,-0.0167,4.46,167.1,0.0,0.748,266.9,1683.5,FOREST,0.432,,N1,NEWS-NH10-20211020_N1_2018,2018.0,55.8,,,,,6.0,0.0,0.521,-7.939285714285721,1,0,0,0,0,1,0,0,3
NEWS-NH10-20211020,2018-04-20,,N1,0,0,0,5.2,11.2,25.3,158.2,5.2,-25.5,-7.467,0,,MISSING (window-absent),,,0.526,ANALYTICAL-ensemble,0.005,9,17.09,5,54.3,694.0,347.0,-0.0167,4.46,167.1,0.0,0.748,266.9,1683.5,FOREST,0.432,,N1,NEWS-NH10-20211020_N1_2018,2018.0,50.8,77.6,135.5,,0.521,6.0,0.0,0.521,-8.164285714285711,1,0,0,0,0,1,0,0,3
NEWS-NH10-20211020,2018-04-21,,N1,0,0,0,26.8,32.0,47.2,185.0,21.6,-4.0,-3.247,0,,MISSING (window-absent),,,0.519,ANALYTICAL-ensemble,-0.006,9,17.09,5,54.3,694.0,347.0,-0.0167,4.46,167.1,0.0,0.748,266.9,1683.5,FOREST,0.432,,N1,NEWS-NH10-20211020_N1_2018,2018.0,51.2,69.9,140.5,,0.525,26.8,1.0,0.519,-5.2749999999999995,1,0,0,0,0,1,0,0,3
NEWS-NH10-20211020,2018-04-22,,N1,0,0,0,61.8,93.7,103.2,219.9,35.0,82.1,5.284,0,,MISSING (window-absent),,,0.507,ANALYTICAL-ensemble,-0.017,9,17.09,5,54.3,694.0,347.0,-0.0167,4.46,167.1,0.0,0.748,266.9,1683.5,FOREST,0.432,,N1,NEWS-NH10-20211020_N1_2018,2018.0,21.1,66.2,144.6,,0.524,61.8,2.0,0.507,3.8964285714285682,1,0,0,0,0,1,0,0,3
NEWS-NH10-20211020,2018-04-23,,N1,0,0,0,32.2,120.8,132.8,245.9,-29.6,107.5,10.997,0,,MISSING (window-absent),,,0.503,ANALYTICAL-ensemble,-0.022,9,17.09,5,54.3,694.0,347.0,-0.0167,4.46,167.1,0.0,0.748,266.9,1683.5,FOREST,0.432,,N1,NEWS-NH10-20211020_N1_2018,2018.0,25.3,55.8,146.9,,0.525,61.8,3.0,0.503,13.432142857142857,1,0,0,0,0,1,0,0,3
NEWS-NH10-20211020,2018-04-24,,N1,0,0,0,22.0,116.0,154.0,267.9,-10.2,106.8,14.745,0,,MISSING (window-absent),,,0.503,ANALYTICAL-ensemble,-0.022,9,17.09,5,54.3,694.0,347.0,-0.0167,4.46,167.1,0.0,0.748,266.9,1683.5,FOREST,0.432,,N1,NEWS-NH10-20211020_N1_2018,2018.0,47.2,50.8,147.0,,0.525,61.8,4.0,0.503,21.775000000000002,1,0,0,0,0,1,0,0,3
NEWS-NH10-20211020,2018-04-25,,N1,0,0,0,3.8,58.1,151.8,269.1,-18.2,48.6,14.371,0,,MISSING (window-absent),,,0.503,ANALYTICAL-ensemble,-0.022,9,17.09,5,54.3,694.0,347.0,-0.0167,4.46,167.1,0.0,0.748,266.9,1683.5,FOREST,0.432,,N1,NEWS-NH10-20211020_N1_2018,2018.0,103.2,51.2,153.0,,0.525,61.8,4.0,0.503,26.253571428571426,1,0,0,0,0,1,0,0,3
NEWS-NH10-20211020,2018-04-26,,N1,0,0,0,2.6,28.4,154.4,260.9,-1.2,21.6,19.038,0,,MISSING (window-absent),,,0.503,ANALYTICAL-ensemble,-0.023,9,17.09,5,54.3,694.0,347.0,-0.0167,4.46,167.1,0.0,0.748,266.9,1683.5,FOREST,0.432,,N1,NEWS-NH10-20211020_N1_2018,2018.0,132.8,21.1,153.0,,0.526,61.8,4.0,0.503,23.117857142857144,1,0,0,0,0,1,0,0,3
NEWS-NH10-20211020,2018-04-27,,N1,0,0,0,0.5,6.9,149.7,261.4,-2.1,-4.3,17.769,1,,MISSING (window-absent),,,0.503,ANALYTICAL-ensemble,-0.023,9,17.09,5,54.3,694.0,347.0,-0.0167,4.46,167.1,0.0,0.748,266.9,1683.5,FOREST,0.432,,N1,NEWS-NH10-20211020_N1_2018,2018.0,154.0,25.3,158.2,,0.526,61.8,4.0,0.503,15.317857142857147,1,0,0,0,0,1,0,0,3
NEWS-NH10-20211020,2018-04-28,,N1,0,0,0,0.3,3.3,123.2,260.0,-0.2,-28.6,10.86,2,,MISSING (window-absent),,,0.503,ANALYTICAL-ensemble,-0.016,9,17.09,5,54.3,694.0,347.0,-0.0167,4.46,167.1,0.0,0.748,266.9,1683.5,FOREST,0.432,,N1,NEWS-NH10-20211020_N1_2018,2018.0,151.8,47.2,185.0,,0.519,61.8,3.0,0.503,3.3642857142857148,1,0,0,0,0,1,0,0,3
NEWS-NH10-20211020,2018-04-29,,N1,0,0,0,2.1,2.8,63.5,259.1,1.8,-90.9,-5.675,3,,MISSING (window-absent),,,0.503,ANALYTICAL-ensemble,-0.004,9,17.09,5,54.3,694.0,347.0,-0.0167,4.46,167.1,0.0,0.748,266.9,1683.5,FOREST,0.432,,N1,NEWS-NH10-20211020_N1_2018,2018.0,154.4,103.2,219.9,,0.507,32.2,2.0,0.503,-9.699999999999992,1,0,0,0,0,1,0,0,3
NEWS-NH10-20211020,2018-04-30,,N1,0,0,0,38.5,40.8,69.7,297.3,36.4,-80.0,-9.008,0,,MISSING (window-absent),,,0.503,ANALYTICAL-ensemble,0.0,9,17.09,5,54.3,694.0,347.0,-0.0167,4.46,167.1,0.0,0.748,266.9,1683.5,FOREST,0.432,,N1,NEWS-NH10-20211020_N1_2018,2018.0,149.7,132.8,245.9,,0.503,38.5,2.0,0.503,-16.453571428571422,1,0,0,0,0,1,0,0,3
NEWS-NH10-20211020,2018-05-01,,N1,0,0,0,8.1,48.7,55.8,304.7,-30.4,-67.4,-14.029,0,,MISSING (window-absent),,,0.503,ANALYTICAL-ensemble,0.0,9,17.09,5,54.3,694.0,347.0,-0.0167,4.46,167.1,0.0,0.748,266.9,1683.5,FOREST,0.432,,N1,NEWS-NH10-20211020_N1_2018,2018.0,123.2,154.0,267.9,,0.503,38.5,1.0,0.503,-19.414285714285707,1,0,0,0,0,1,0,0,3
NEWS-NH10-20211020,2018-05-02,,N1,0,0,0,28.5,75.1,80.5,333.2,20.4,17.0,-10.185,0,,MISSING (window-absent),,,0.503,ANALYTICAL-ensemble,0.0,9,17.09,5,54.3,694.0,347.0,-0.0167,4.46,167.1,0.0,0.748,266.9,1683.5,FOREST,0.432,,N1,NEWS-NH10-20211020_N1_2018,2018.0,63.5,151.8,269.1,,0.503,38.5,2.0,0.503,-16.535714285714295,1,0,0,0,0,1,0,0,3
NEWS-NH10-20211020,2018-05-03,,N1,0,0,0,2.7,39.3,80.6,335.9,-25.8,10.9,-10.543,0,,MISSING (window-absent),,,0.503,ANALYTICAL-ensemble,0.0,9,17.09,5,54.3,694.0,347.0,-0.0167,4.46,167.1,0.0,0.748,266.9,1683.5,FOREST,0.432,,N1,NEWS-NH10-20211020_N1_2018,2018.0,69.7,154.4,260.9,,0.503,38.5,2.0,0.503,-10.728571428571426,1,0,0,0,0,1,0,0,3
NEWS-NH10-20211020,2018-05-04,,N1,0,0,0,10.0,41.1,90.0,345.8,7.3,34.2,-8.53,0,,MISSING (window-absent),,,0.503,ANALYTICAL-ensemble,0.0,9,17.09,5,54.3,694.0,347.0,-0.0167,4.46,167.1,0.0,0.748,266.9,1683.5,FOREST,0.432,,N1,NEWS-NH10-20211020_N1_2018,2018.0,55.8,149.7,261.4,,0.503,38.5,3.0,0.503,-1.9500000000000057,1,0,0,0,0,1,0,0,3
NEWS-NH10-20211020,2018-05-05,,N1,0,0,0,0.5,13.1,90.3,344.8,-9.5,9.8,-4.693,1,,MISSING (window-absent),,,0.503,ANALYTICAL-ensemble,0.0,9,17.09,5,54.3,694.0,347.0,-0.0167,4.46,167.1,0.0,0.748,266.9,1683.5,FOREST,0.432,,N1,NEWS-NH10-20211020_N1_2018,2018.0,80.5,123.2,260.0,,0.503,38.5,3.0,0.503,5.207142857142856,1,0,0,0,0,1,0,0,3
NEWS-NH10-20211020,2018-05-06,,N1,0,0,0,31.9,42.4,120.1,375.1,31.4,39.5,8.088,0,,MISSING (window-absent),,,0.503,ANALYTICAL-ensemble,0.0,9,17.09,5,54.3,694.0,347.0,-0.0167,4.46,167.1,0.0,0.748,266.9,1683.5,FOREST,0.432,,N1,NEWS-NH10-20211020_N1_2018,2018.0,80.6,63.5,259.1,,0.503,38.5,4.0,0.503,8.203571428571426,1,0,0,0,0,1,0,0,3
NEWS-NH10-20211020,2018-05-07,,N1,0,0,0,13.1,45.5,94.8,375.6,-18.8,4.8,3.585,0,,MISSING (window-absent),,,0.503,ANALYTICAL-ensemble,0.0,9,17.09,5,54.3,694.0,347.0,-0.0167,4.46,167.1,0.0,0.748,266.9,1683.5,FOREST,0.432,,N1,NEWS-NH10-20211020_N1_2018,2018.0,90.0,69.7,297.3,,0.503,31.9,4.0,0.503,7.353571428571429,1,0,0,0,0,1,0,0,3
NEWS-NH10-20211020,2018-05-08,,N1,0,0,0,9.3,54.4,96.0,375.5,-3.8,5.7,5.745,0,,MISSING (window-absent),,,0.503,ANALYTICAL-ensemble,0.0,9,17.09,5,54.3,694.0,347.0,-0.0167,4.46,167.1,0.0,0.748,266.9,1683.5,FOREST,0.432,,N1,NEWS-NH10-20211020_N1_2018,2018.0,90.3,55.8,304.7,,0.503,31.9,4.0,0.503,3.749999999999995,1,0,0,0,0,1,0,0,3
NEWS-NH10-20211020,2018-05-09,,N1,0,0,0,0.8,23.3,68.3,363.2,-8.5,-51.8,-1.744,1,,MISSING (window-absent),,,0.503,ANALYTICAL-ensemble,0.0,9,17.09,5,54.3,694.0,347.0,-0.0167,4.46,167.1,0.0,0.748,266.9,1683.5,FOREST,0.432,,N1,NEWS-NH10-20211020_N1_2018,2018.0,120.1,80.5,333.2,,0.503,31.9,3.0,0.503,-0.7285714285714262,1,0,0,0,0,1,0,0,3
NEWS-NH10-20211020,2018-05-10,,N1,0,0,0,3.4,13.5,69.0,360.8,2.6,-25.8,-1.651,0,,MISSING (window-absent),,,0.503,ANALYTICAL-ensemble,0.0,9,17.09,5,54.3,694.0,347.0,-0.0167,4.46,167.1,0.0,0.748,266.9,1683.5,FOREST,0.432,,N1,NEWS-NH10-20211020_N1_2018,2018.0,94.8,80.6,335.9,,0.503,31.9,3.0,0.503,-4.68214285714286,1,0,0,0,0,1,0,0,3
NEWS-NH10-20211020,2018-05-11,,N1,0,0,0,21.9,26.1,80.9,377.0,18.5,-15.1,-1.307,0,,MISSING (window-absent),,,0.503,ANALYTICAL-ensemble,0.0,9,17.09,5,54.3,694.0,347.0,-0.0167,4.46,167.1,0.0,0.748,266.9,1683.5,FOREST,0.432,,N1,NEWS-NH10-20211020_N1_2018,2018.0,96.0,90.0,345.8,,0.503,31.9,3.0,0.503,-5.603571428571427,1,0,0,0,0,1,0,0,3
NEWS-NH10-20211020,2018-05-12,,N1,0,0,0,0.0,25.2,80.4,347.0,-21.9,12.1,-1.416,1,,MISSING (window-absent),,,0.503,ANALYTICAL-ensemble,0.0,9,17.09,5,54.3,694.0,347.0,-0.0167,4.46,167.1,0.0,0.748,266.9,1683.5,FOREST,0.432,,N1,NEWS-NH10-20211020_N1_2018,2018.0,68.3,90.3,344.8,,0.503,31.9,3.0,0.503,-6.210714285714285,1,0,0,0,0,1,0,0,3
NEWS-NH10-20211020,2018-05-13,,N1,0,0,0,0.0,21.9,48.5,346.0,0.0,-20.5,-10.232,2,,MISSING (window-absent),,,0.503,ANALYTICAL-ensemble,0.0,9,17.09,5,54.3,694.0,347.0,-0.0167,4.46,167.1,0.0,0.748,266.9,1683.5,FOREST,0.432,,N1,NEWS-NH10-20211020_N1_2018,2018.0,69.0,120.1,375.1,,0.503,21.9,2.0,0.503,-5.625000000000004,1,0,0,0,0,1,0,0,3
NEWS-NH10-20221009,2022-08-10,60.0,bg,0,0,0,12.9,23.5,126.3,635.0,7.9,-60.7,-10.657,0,0.2773,REAL,-0.0228,-0.0346,,ABSTAIN-flat,,10,20.75,1,0.8,370.0,252.0,-0.0056,7.73,0.4,1.379,0.822,566.6,1272.0,FOREST,0.352,448.7,POS,NEWS-NH10-20221009,,,,,,,12.9,1.0,,,0,1,0,0,0,1,0,0,2
NEWS-NH10-20221009,2022-08-11,59.0,bg,0,0,0,2.0,19.9,107.9,614.2,-10.9,-35.2,-15.1,1,0.2739,REAL,-0.0182,-0.0393,,ABSTAIN-flat,,10,20.75,1,0.8,370.0,252.0,-0.0056,7.73,0.4,1.379,0.822,566.6,1272.0,FOREST,0.352,448.7,POS,NEWS-NH10-20221009,,,,,,,12.9,1.0,,,0,1,0,0,0,1,0,0,2
NEWS-NH10-20221009,2022-08-12,58.0,bg,0,0,0,2.2,17.1,106.6,614.6,0.2,-18.2,-8.271,2,0.2737,PROXY-spatial,-0.0104,-0.035,,ABSTAIN-flat,,10,20.75,1,0.8,370.0,252.0,-0.0056,7.73,0.4,1.379,0.822,566.6,1272.0,FOREST,0.352,448.7,POS,NEWS-NH10-20221009,,,,,,,12.9,1.0,,,0,1,0,0,0,1,0,0,2
NEWS-NH10-20221009,2022-08-13,57.0,bg,0,0,0,0.8,4.9,43.0,601.0,-1.4,-83.3,-20.843,3,0.2738,PROXY-spatial,-0.0035,-0.0325,,ABSTAIN-flat,,10,20.75,1,0.8,370.0,252.0,-0.0056,7.73,0.4,1.379,0.822,566.6,1272.0,FOREST,0.352,448.7,POS,NEWS-NH10-20221009,,126.3,,,0.2773,,12.9,1.0,,-25.119999999999987,0,1,0,0,0,1,0,0,2
NEWS-NH10-20221009,2022-08-14,56.0,bg,0,0,0,46.5,49.5,75.0,643.6,45.7,-32.9,-16.0,0,0.274,PROXY-spatial,0.0001,-0.0261,,ABSTAIN-flat,,10,20.75,1,0.8,370.0,252.0,-0.0056,7.73,0.4,1.379,0.822,566.6,1272.0,FOREST,0.352,448.7,POS,NEWS-NH10-20221009,,107.9,,,0.2739,,46.5,2.0,,-16.750000000000018,0,1,0,0,0,1,0,0,2
NEWS-NH10-20221009,2022-08-15,55.0,bg,0,0,0,26.7,74.0,96.1,667.6,-19.8,-10.5,-6.714,0,0.2729,PROXY-spatial,-0.0008,-0.0192,,ABSTAIN-flat,,10,20.75,1,0.8,370.0,252.0,-0.0056,7.73,0.4,1.379,0.822,566.6,1272.0,FOREST,0.352,448.7,POS,NEWS-NH10-20221009,,106.6,,,0.2737,,46.5,3.0,,-8.951428571428568,0,1,0,0,0,1,0,0,2
NEWS-NH10-20221009,2022-08-16,54.0,bg,0,0,0,3.3,76.6,94.5,662.2,-23.4,51.5,-4.329,0,0.2718,PROXY-spatial,-0.002,-0.0123,,ABSTAIN-flat,,10,20.75,1,0.8,370.0,252.0,-0.0056,7.73,0.4,1.379,0.822,566.6,1272.0,FOREST,0.352,448.7,POS,NEWS-NH10-20221009,,43.0,,,0.2738,,46.5,3.0,,-5.378571428571434,0,1,0,0,0,1,0,0,2
NEWS-NH10-20221009,2022-08-17,53.0,bg,0,0,0,5.6,35.7,87.1,637.8,2.3,12.1,-5.6,0,0.2722,PROXY-spatial,-0.0018,-0.0051,,ABSTAIN-flat,,10,20.75,1,0.8,370.0,252.0,-0.0056,7.73,0.4,1.379,0.822,566.6,1272.0,FOREST,0.352,448.7,POS,NEWS-NH10-20221009,,75.0,126.3,635.0,0.274,,46.5,2.0,,-1.196428571428569,0,1,0,0,0,1,0,0,2
NEWS-NH10-20221009,2022-08-18,52.0,bg,0,0,0,1.0,10.0,86.2,627.3,-4.6,-9.9,-3.1,1,0.2728,PROXY-spatial,-0.0001,-0.0011,,ABSTAIN-flat,,10,20.75,1,0.8,370.0,252.0,-0.0056,7.73,0.4,1.379,0.822,566.6,1272.0,FOREST,0.352,448.7,POS,NEWS-NH10-20221009,,96.1,107.9,614.2,0.2729,,46.5,2.0,,1.6607142857142831,0,1,0,0,0,1,0,0,2
NEWS-NH10-20221009,2022-08-19,51.0,bg,0,0,0,17.4,24.1,101.4,637.0,16.4,6.9,-0.743,0,0.2737,PROXY-spatial,0.0019,0.0,,ABSTAIN-flat,,10,20.75,1,0.8,370.0,252.0,-0.0056,7.73,0.4,1.379,0.822,566.6,1272.0,FOREST,0.352,448.7,POS,NEWS-NH10-20221009,,94.5,106.6,614.6,0.2718,,46.5,3.0,,6.735714285714287,0,1,0,0,0,1,0,0,2
NEWS-NH10-20221009,2022-08-20,50.0,bg,0,0,0,28.2,46.7,128.9,627.4,10.8,41.8,12.271,0,0.2733,PROXY-spatial,0.0011,-0.0005,,ABSTAIN-flat,,10,20.75,1,0.8,370.0,252.0,-0.0056,7.73,0.4,1.379,0.822,566.6,1272.0,FOREST,0.352,448.7,POS,NEWS-NH10-20221009,,87.1,43.0,601.0,0.2722,,46.5,4.0,,5.857142857142859,0,1,0,0,0,1,0,0,2
NEWS-NH10-20221009,2022-08-21,49.0,bg,0,0,0,15.7,61.3,98.0,619.1,-12.5,11.8,3.286,0,0.2654,PROXY-spatial,-0.0074,-0.0086,,ABSTAIN-flat,,10,20.75,1,0.8,370.0,252.0,-0.0056,7.73,0.4,1.379,0.822,566.6,1272.0,FOREST,0.352,448.7,POS,NEWS-NH10-20221009,,86.2,75.0,643.6,0.2728,,28.2,4.0,,3.1714285714285717,0,1,0,0,0,1,0,0,2
NEWS-NH10-20221009,2022-08-22,48.0,bg,0,0,0,15.5,59.4,86.8,614.6,-0.2,-14.6,-1.329,0,0.2634,PROXY-spatial,-0.0103,-0.0095,,ABSTAIN-flat,,10,20.75,1,0.8,370.0,252.0,-0.0056,7.73,0.4,1.379,0.822,566.6,1272.0,FOREST,0.352,448.7,POS,NEWS-NH10-20221009,,101.4,96.1,667.6,0.2737,,28.2,4.0,,1.4785714285714278,0,1,0,0,0,1,0,0,2
NEWS-NH10-20221009,2022-08-23,47.0,bg,0,0,0,3.7,34.9,87.2,607.3,-11.8,-41.7,-1.043,0,0.2632,PROXY-spatial,-0.0101,-0.0086,,ABSTAIN-flat,,10,20.75,1,0.8,370.0,252.0,-0.0056,7.73,0.4,1.379,0.822,566.6,1272.0,FOREST,0.352,448.7,POS,NEWS-NH10-20221009,,128.9,94.5,662.2,0.2733,,28.2,4.0,,-0.06785714285714639,0,1,0,0,0,1,0,0,2
NEWS-NH10-20221009,2022-08-24,46.0,bg,0,0,0,47.8,67.1,129.4,616.4,44.1,31.4,6.043,0,0.2667,PROXY-spatial,0.0013,-0.0055,,ABSTAIN-flat,,10,20.75,1,0.8,370.0,252.0,-0.0056,7.73,0.4,1.379,0.822,566.6,1272.0,FOREST,0.352,448.7,POS,NEWS-NH10-20221009,,98.0,87.1,637.8,0.2654,,47.8,5.0,,2.110714285714284,0,1,0,0,0,1,0,0,2
NEWS-NH10-20221009,2022-08-25,45.0,bg,0,0,0,1.9,53.4,130.3,571.5,-45.9,43.5,6.3,1,0.2663,PROXY-spatial,0.0029,-0.0065,,ABSTAIN-flat,,10,20.75,1,0.8,370.0,252.0,-0.0056,7.73,0.4,1.379,0.822,566.6,1272.0,FOREST,0.352,448.7,POS,NEWS-NH10-20221009,,86.8,86.2,627.3,0.2634,,47.8,5.0,,2.7464285714285666,0,1,0,0,0,1,0,0,2
NEWS-NH10-20221009,2022-08-26,44.0,bg,0,0,0,1.0,50.7,113.9,546.7,-0.9,26.7,1.786,2,0.265,PROXY-spatial,0.0018,-0.0087,,ABSTAIN-flat,,10,20.75,1,0.8,370.0,252.0,-0.0056,7.73,0.4,1.379,0.822,566.6,1272.0,FOREST,0.352,448.7,POS,NEWS-NH10-20221009,,87.2,101.4,637.0,0.2632,,47.8,4.0,,2.2214285714285755,0,1,0,0,0,1,0,0,2
NEWS-NH10-20221009,2022-08-27,43.0,bg,0,0,0,4.1,7.0,89.8,543.2,3.1,-39.6,-5.586,0,0.2642,PROXY-spatial,-0.0025,-0.0091,,ABSTAIN-flat,,10,20.75,1,0.8,370.0,252.0,-0.0056,7.73,0.4,1.379,0.822,566.6,1272.0,FOREST,0.352,448.7,POS,NEWS-NH10-20221009,,129.4,128.9,627.4,0.2667,,47.8,3.0,,2.5964285714285733,0,1,0,0,0,1,0,0,2
NEWS-NH10-20221009,2022-08-28,42.0,bg,0,0,0,17.7,22.8,91.7,508.1,13.6,-38.6,-0.9,0,0.2725,PROXY-spatial,0.0062,0.0071,,ABSTAIN-flat,,10,20.75,1,0.8,370.0,252.0,-0.0056,7.73,0.4,1.379,0.822,566.6,1272.0,FOREST,0.352,448.7,POS,NEWS-NH10-20221009,,130.3,98.0,619.1,0.2663,,47.8,3.0,,0.15714285714286164,0,1,0,0,0,1,0,0,2
NEWS-NH10-20221009,2022-08-29,41.0,bg,0,0,0,42.5,64.3,118.7,510.7,24.8,4.8,4.557,0,0.273,PROXY-spatial,0.008,0.0096,,ABSTAIN-flat,,10,20.75,1,0.8,370.0,252.0,-0.0056,7.73,0.4,1.379,0.822,566.6,1272.0,FOREST,0.352,448.7,POS,NEWS-NH10-20221009,,113.9,86.8,614.6,0.265,,47.8,3.0,,-0.7642857142857109,0,1,0,0,0,1,0,0,2
NEWS-NH10-20221009,2022-08-30,40.0,bg,0,0,0,8.6,68.8,123.6,502.9,-33.9,33.8,5.2,0,0.2745,PROXY-spatial,0.0103,0.0113,,ABSTAIN-flat,,10,20.75,1,0.8,370.0,252.0,-0.0056,7.73,0.4,1.379,0.822,566.6,1272.0,FOREST,0.352,448.7,POS,NEWS-NH10-20221009,,89.8,87.2,607.3,0.2642,,47.8,3.0,,-2.2428571428571518,0,1,0,0,0,1,0,0,2
NEWS-NH10-20221009,2022-08-31,39.0,bg,0,0,0,45.5,96.6,121.3,498.9,36.9,29.6,-1.157,0,0.2743,PROXY-spatial,0.0018,0.0076,,ABSTAIN-flat,,10,20.75,1,0.8,370.0,252.0,-0.0056,7.73,0.4,1.379,0.822,566.6,1272.0,FOREST,0.352,448.7,POS,NEWS-NH10-20221009,,91.7,129.4,616.4,0.2725,,45.5,3.0,,0.7607142857142754,0,1,0,0,0,1,0,0,2
NEWS-NH10-20221009,2022-09-01,38.0,bg,0,0,0,88.3,142.4,207.7,563.9,42.8,89.0,11.057,0,0.2761,PROXY-spatial,0.0031,0.0098,,ABSTAIN-flat,,10,20.75,1,0.8,370.0,252.0,-0.0056,7.73,0.4,1.379,0.822,566.6,1272.0,FOREST,0.352,448.7,POS,NEWS-NH10-20221009,,118.7,130.3,571.5,0.273,,88.3,4.0,,13.439285714285717,0,1,0,0,0,1,0,0,2
NEWS-NH10-20221009,2022-09-02,37.0,bg,0,0,0,19.0,152.8,225.7,571.5,-69.3,102.1,15.971,0,0.2785,REAL,0.004,0.0135,,ABSTAIN-flat,,10,20.75,1,0.8,370.0,252.0,-0.0056,7.73,0.4,1.379,0.822,566.6,1272.0,FOREST,0.352,448.7,POS,NEWS-NH10-20221009,,123.6,113.9,546.7,0.2745,,88.3,5.0,,22.93928571428571,0,1,0,0,0,1,0,0,2
NEWS-NH10-20221009,2022-09-03,36.0,bg,0,0,0,26.4,133.7,248.0,577.5,7.4,126.7,22.6,0,0.2794,REAL,0.0051,0.0152,,ABSTAIN-flat,,10,20.75,1,0.8,370.0,252.0,-0.0056,7.73,0.4,1.379,0.822,566.6,1272.0,FOREST,0.352,448.7,POS,NEWS-NH10-20221009,,121.3,89.8,543.2,0.2743,,88.3,6.0,,27.39285714285714,0,1,0,0,0,1,0,0,2
NEWS-NH10-20221009,2022-09-04,35.0,bg,0,0,0,5.3,50.7,235.6,579.3,-21.1,27.9,20.557,0,0.2766,PROXY-spatial,0.0005,0.0041,,ABSTAIN-flat,,10,20.75,1,0.8,370.0,252.0,-0.0056,7.73,0.4,1.379,0.822,566.6,1272.0,FOREST,0.352,448.7,POS,NEWS-NH10-20221009,,207.7,91.7,508.1,0.2761,,88.3,5.0,,25.139285714285727,0,1,0,0,0,1,0,0,2
NEWS-NH10-20221009,2022-09-05,34.0,bg,0,0,0,10.9,42.6,204.0,525.8,5.6,-21.7,12.186,0,0.2806,PROXY-spatial,0.0021,0.0076,,ABSTAIN-flat,,10,20.75,1,0.8,370.0,252.0,-0.0056,7.73,0.4,1.379,0.822,566.6,1272.0,FOREST,0.352,448.7,POS,NEWS-NH10-20221009,,225.7,118.7,510.7,0.2785,,88.3,5.0,,18.217857142857138,0,1,0,0,0,1,0,0,2
NEWS-NH10-20221009,2022-09-06,33.0,bg,0,0,0,24.4,40.6,219.8,535.7,13.5,-28.2,13.743,0,0.279,PROXY-spatial,-0.0004,0.0045,,ABSTAIN-flat,,10,20.75,1,0.8,370.0,252.0,-0.0056,7.73,0.4,1.379,0.822,566.6,1272.0,FOREST,0.352,448.7,POS,NEWS-NH10-20221009,,248.0,123.6,502.9,0.2794,,88.3,6.0,,10.64285714285715,0,1,0,0,0,1,0,0,2
NEWS-NH10-20221009,2022-09-07,32.0,bg,0,0,0,19.4,54.7,193.7,549.5,-5.0,-41.9,10.343,0,0.2805,PROXY-spatial,0.0039,0.0062,,ABSTAIN-flat,,10,20.75,1,0.8,370.0,252.0,-0.0056,7.73,0.4,1.379,0.822,566.6,1272.0,FOREST,0.352,448.7,POS,NEWS-NH10-20221009,,235.6,121.3,498.9,0.2766,,88.3,6.0,,-3.4928571428571464,0,1,0,0,0,1,0,0,2
NEWS-NH10-20221009,2022-09-08,31.0,bg,0,0,0,10.6,54.5,116.1,555.1,-8.8,-87.9,-13.086,0,0.2836,PROXY-spatial,0.003,0.0075,,ABSTAIN-flat,,10,20.75,1,0.8,370.0,252.0,-0.0056,7.73,0.4,1.379,0.822,566.6,1272.0,FOREST,0.352,448.7,POS,NEWS-NH10-20221009,,204.0,207.7,563.9,0.2806,,26.4,6.0,,-16.185714285714294,0,1,0,0,0,1,0,0,2
NEWS-NH10-20221009,2022-09-09,30.0,pre,0,0,0,24.8,54.8,121.9,567.0,14.2,-97.9,-14.829,0,0.2881,PROXY-spatial,0.0091,0.0096,,ABSTAIN-flat,,10,20.75,1,0.8,370.0,252.0,-0.0056,7.73,0.4,1.379,0.822,566.6,1272.0,FOREST,0.352,448.7,POS,NEWS-NH10-20221009,,219.8,225.7,571.5,0.279,,26.4,6.0,,-22.41428571428571,0,1,0,0,0,1,0,0,2
NEWS-NH10-20221009,2022-09-10,29.0,pre,0,0,0,0.6,36.1,96.1,565.7,-24.2,-97.6,-21.7,1,0.2919,PROXY-spatial,0.0114,0.0125,,ABSTAIN-flat,,10,20.75,1,0.8,370.0,252.0,-0.0056,7.73,0.4,1.379,0.822,566.6,1272.0,FOREST,0.352,448.7,POS,NEWS-NH10-20221009,,193.7,248.0,577.5,0.2805,,24.8,5.0,,-24.51428571428572,0,1,0,0,0,1,0,0,2
NEWS-NH10-20221009,2022-09-11,28.0,pre,0,0,0,11.6,37.0,102.4,575.1,11.0,-13.7,-19.029,0,0.2954,REAL,0.0118,0.0188,,ABSTAIN-flat,,10,20.75,1,0.8,370.0,252.0,-0.0056,7.73,0.4,1.379,0.822,566.6,1272.0,FOREST,0.352,448.7,POS,NEWS-NH10-20221009,,116.1,235.6,579.3,0.2836,,24.8,6.0,,-22.28571428571429,0,1,0,0,0,1,0,0,2
NEWS-NH10-20221009,2022-09-12,27.0,pre,0,0,0,6.2,18.4,97.6,580.5,-5.4,-24.3,-15.2,0,0.2957,REAL,0.0076,0.0151,,ABSTAIN-flat,,10,20.75,1,0.8,370.0,252.0,-0.0056,7.73,0.4,1.379,0.822,566.6,1272.0,FOREST,0.352,448.7,POS,NEWS-NH10-20221009,,121.9,204.0,525.8,0.2881,,24.8,5.0,,-20.328571428571433,0,1,0,0,0,1,0,0,2
NEWS-NH10-20221009,2022-09-13,26.0,pre,0,0,0,25.0,42.7,98.2,558.9,18.8,2.1,-17.371,0,0.3,PROXY-spatial,0.0081,0.021,,ABSTAIN-flat,,10,20.75,1,0.8,370.0,252.0,-0.0056,7.73,0.4,1.379,0.822,566.6,1272.0,FOREST,0.352,448.7,POS,NEWS-NH10-20221009,,96.1,219.8,535.7,0.2919,,25.0,5.0,,-12.25,0,1,0,0,0,1,0,0,2
NEWS-NH10-20221009,2022-09-14,25.0,pre,0,0,0,24.9,56.1,103.7,557.1,-0.1,1.3,-12.857,0,0.298,PROXY-spatial,0.0026,0.0175,,ABSTAIN-flat,,10,20.75,1,0.8,370.0,252.0,-0.0056,7.73,0.4,1.379,0.822,566.6,1272.0,FOREST,0.352,448.7,POS,NEWS-NH10-20221009,,102.4,193.7,549.5,0.2954,,25.0,5.0,,-2.967857142857142,0,1,0,0,0,1,0,0,2
NEWS-NH10-20221009,2022-09-15,24.0,pre,0,0,0,14.6,64.5,107.7,568.4,-10.3,10.1,-1.2,0,0.2941,PROXY-spatial,-0.0016,0.0105,,ABSTAIN-flat,,10,20.75,1,0.8,370.0,252.0,-0.0056,7.73,0.4,1.379,0.822,566.6,1272.0,FOREST,0.352,448.7,POS,NEWS-NH10-20221009,,97.6,116.1,555.1,0.2957,,25.0,5.0,,-1.128571428571429,0,1,0,0,0,1,0,0,2
NEWS-NH10-20221009,2022-09-16,23.0,pre,0,0,0,17.6,57.1,100.5,580.4,3.0,2.3,-3.057,0,0.2912,PROXY-spatial,-0.0088,0.0031,,ABSTAIN-flat,,10,20.75,1,0.8,370.0,252.0,-0.0056,7.73,0.4,1.379,0.822,566.6,1272.0,FOREST,0.352,448.7,POS,NEWS-NH10-20221009,,98.2,121.9,567.0,0.3,,25.0,5.0,,1.0678571428571457,0,1,0,0,0,1,0,0,2
NEWS-NH10-20221009,2022-09-17,22.0,pre,0,0,0,36.9,69.1,136.7,616.2,19.3,33.0,5.8,0,0.2896,PROXY-spatial,-0.0084,-0.0023,,ABSTAIN-flat,,10,20.75,1,0.8,370.0,252.0,-0.0056,7.73,0.4,1.379,0.822,566.6,1272.0,FOREST,0.352,448.7,POS,NEWS-NH10-20221009,,103.7,96.1,565.7,0.298,,36.9,6.0,,4.22142857142857,0,1,0,0,0,1,0,0,2
NEWS-NH10-20221009,2022-09-18,21.0,pre,0,0,0,0.1,54.6,125.3,598.9,-36.8,17.6,3.271,1,0.2887,PROXY-spatial,-0.0054,-0.0067,,ABSTAIN-flat,,10,20.75,1,0.8,370.0,252.0,-0.0056,7.73,0.4,1.379,0.822,566.6,1272.0,FOREST,0.352,448.7,POS,NEWS-NH10-20221009,,107.7,102.4,575.1,0.2941,,36.9,5.0,,5.603571428571428,0,1,0,0,0,1,0,0,2
NEWS-NH10-20221009,2022-09-19,20.0,pre,0,0,0,5.9,42.9,125.1,576.6,5.8,24.6,3.929,0,0.2895,PROXY-spatial,-0.0017,-0.0062,,ABSTAIN-flat,,10,20.75,1,0.8,370.0,252.0,-0.0056,7.73,0.4,1.379,0.822,566.6,1272.0,FOREST,0.352,448.7,POS,NEWS-NH10-20221009,,100.5,97.6,580.5,0.2912,,36.9,5.0,,5.460714285714288,0,1,0,0,0,1,0,0,2
NEWS-NH10-20221009,2022-09-20,19.0,pre,0,0,0,4.4,10.4,104.4,565.3,-1.5,-32.3,0.886,0,0.2871,PROXY-spatial,-0.0025,-0.0129,,ABSTAIN-flat,,10,20.75,1,0.8,370.0,252.0,-0.0056,7.73,0.4,1.379,0.822,566.6,1272.0,FOREST,0.352,448.7,POS,NEWS-NH10-20221009,,136.7,98.2,558.9,0.2896,,36.9,4.0,,2.203571428571432,0,1,0,0,0,1,0,0,2
NEWS-NH10-20221009,2022-09-21,18.0,pre,0,0,0,15.7,26.0,95.2,565.5,11.3,-30.1,-1.214,0,0.2863,PROXY-spatial,-0.0024,-0.0117,,ABSTAIN-flat,,10,20.75,1,0.8,370.0,252.0,-0.0056,7.73,0.4,1.379,0.822,566.6,1272.0,FOREST,0.352,448.7,POS,NEWS-NH10-20221009,,125.3,103.7,557.1,0.2887,,36.9,4.0,,-1.4749999999999954,0,1,0,0,0,1,0,0,2
NEWS-NH10-20221009,2022-09-22,17.0,pre,0,0,0,3.3,23.3,83.8,565.0,-12.4,-41.3,-3.414,0,0.2832,PROXY-spatial,-0.0063,-0.0109,,ABSTAIN-flat,,10,20.75,1,0.8,370.0,252.0,-0.0056,7.73,0.4,1.379,0.822,566.6,1272.0,FOREST,0.352,448.7,POS,NEWS-NH10-20221009,,125.1,107.7,568.4,0.2895,,36.9,3.0,,-5.499999999999996,0,1,0,0,0,1,0,0,2
NEWS-NH10-20221009,2022-09-23,16.0,pre,0,0,0,29.0,47.9,95.2,546.2,25.7,-9.2,-0.757,0,0.2823,PROXY-spatial,-0.0048,-0.0089,,ABSTAIN-flat,,10,20.75,1,0.8,370.0,252.0,-0.0056,7.73,0.4,1.379,0.822,566.6,1272.0,FOREST,0.352,448.7,POS,NEWS-NH10-20221009,,104.4,100.5,580.4,0.2871,,36.9,3.0,,-8.478571428571438,0,1,0,0,0,1,0,0,2
NEWS-NH10-20221009,2022-09-24,15.0,pre,0,0,0,47.7,80.0,106.1,592.0,18.7,10.9,-4.371,0,0.2816,PROXY-spatial,-0.0047,-0.008,,ABSTAIN-flat,,10,20.75,1,0.8,370.0,252.0,-0.0056,7.73,0.4,1.379,0.822,566.6,1272.0,FOREST,0.352,448.7,POS,NEWS-NH10-20221009,,95.2,136.7,616.2,0.2863,,47.7,3.0,,-4.928571428571433,0,1,0,0,0,1,0,0,2
NEWS-NH10-20221009,2022-09-25,14.0,pre,1,0,0,19.6,96.3,125.5,610.6,-28.1,41.7,0.029,0,0.2784,PROXY-spatial,-0.0048,-0.0103,,ABSTAIN-flat,,10,20.75,1,0.8,370.0,252.0,-0.0056,7.73,0.4,1.379,0.822,566.6,1272.0,FOREST,0.352,448.7,POS,NEWS-NH10-20221009,,83.8,125.3,598.9,0.2832,,47.7,4.0,,0.16428571428571023,0,1,0,0,0,1,0,0,2
NEWS-NH10-20221009,2022-09-26,13.0,pre,1,0,0,5.2,72.5,124.8,611.7,-14.4,29.6,-0.043,0,0.2773,PROXY-spatial,-0.005,-0.0122,,ABSTAIN-flat,,10,20.75,1,0.8,370.0,252.0,-0.0056,7.73,0.4,1.379,0.822,566.6,1272.0,FOREST,0.352,448.7,POS,NEWS-NH10-20221009,,95.2,125.1,576.6,0.2823,,47.7,4.0,,5.146428571428566,0,1,0,0,0,1,0,0,2
NEWS-NH10-20221009,2022-09-27,12.0,pre,1,0,0,11.3,36.1,131.8,605.3,6.1,25.7,3.914,0,0.2756,PROXY-spatial,-0.006,-0.0115,,ABSTAIN-flat,,10,20.75,1,0.8,370.0,252.0,-0.0056,7.73,0.4,1.379,0.822,566.6,1272.0,FOREST,0.352,448.7,POS,NEWS-NH10-20221009,,106.1,104.4,565.3,0.2816,,47.7,5.0,,7.932142857142859,0,1,0,0,0,1,0,0,2
NEWS-NH10-20221009,2022-09-28,11.0,pre,1,0,0,3.0,19.5,119.1,565.9,-8.3,-6.4,3.414,0,0.2755,PROXY-spatial,-0.0029,-0.0108,,ABSTAIN-flat,,10,20.75,1,0.8,370.0,252.0,-0.0056,7.73,0.4,1.379,0.822,566.6,1272.0,FOREST,0.352,448.7,POS,NEWS-NH10-20221009,,125.5,95.2,565.5,0.2784,,47.7,4.0,,7.064285714285709,0,1,0,0,0,1,0,0,2
NEWS-NH10-20221009,2022-09-29,10.0,pre,1,0,0,19.3,33.6,135.2,576.6,16.3,10.4,7.343,0,0.2775,PROXY-spatial,0.0002,-0.0057,,ABSTAIN-flat,,10,20.75,1,0.8,370.0,252.0,-0.0056,7.73,0.4,1.379,0.822,566.6,1272.0,FOREST,0.352,448.7,POS,NEWS-NH10-20221009,,124.8,83.8,565.0,0.2773,,47.7,5.0,,5.439285714285716,0,1,0,0,0,1,0,0,2
NEWS-NH10-20221009,2022-09-30,9.0,pre,1,0,0,6.2,28.5,112.3,537.2,-13.1,-19.5,2.443,0,0.2764,REAL,0.0008,-0.0059,,ABSTAIN-flat,,10,20.75,1,0.8,370.0,252.0,-0.0056,7.73,0.4,1.379,0.822,566.6,1272.0,FOREST,0.352,448.7,POS,NEWS-NH10-20221009,,131.8,95.2,546.2,0.2756,,47.7,4.0,,1.1535714285714305,0,1,0,0,0,1,0,0,2
NEWS-NH10-20221009,2022-10-01,8.0,pre,1,0,0,0.9,26.4,65.6,449.9,-5.3,-53.5,-5.786,1,0.2731,REAL,-0.0024,-0.0085,,ABSTAIN-flat,,10,20.75,1,0.8,370.0,252.0,-0.0056,7.73,0.4,1.379,0.822,566.6,1272.0,FOREST,0.352,448.7,POS,NEWS-NH10-20221009,,119.1,106.1,592.0,0.2755,,19.6,3.0,,-7.189285714285717,0,1,0,0,0,1,0,0,2
NEWS-NH10-20221009,2022-10-02,7.0,pre,1,1,0,0.0,7.1,45.9,430.9,-0.9,-89.3,-11.371,2,0.2734,REAL,-0.0041,-0.005,,ABSTAIN-flat,,10,20.75,1,0.8,370.0,252.0,-0.0056,7.73,0.4,1.379,0.822,566.6,1272.0,FOREST,0.352,448.7,POS,NEWS-NH10-20221009,,135.2,125.5,610.6,0.2775,,19.3,2.0,,-13.424999999999999,0,1,0,0,0,1,0,0,2
NEWS-NH10-20221009,2022-10-03,6.0,pre,1,1,0,0.0,0.9,40.7,404.4,0.0,-71.6,-12.014,3,0.2698,REAL,-0.0066,-0.0075,,ABSTAIN-flat,,10,20.75,1,0.8,370.0,252.0,-0.0056,7.73,0.4,1.379,0.822,566.6,1272.0,FOREST,0.352,448.7,POS,NEWS-NH10-20221009,,112.3,124.8,611.7,0.2764,,19.3,2.0,,-17.474999999999987,0,1,0,0,0,1,0,0,2
NEWS-NH10-20221009,2022-10-04,5.0,pre,1,1,0,22.6,22.6,52.1,421.7,22.6,-13.5,-11.386,0,0.2731,REAL,0.0,-0.0025,,ABSTAIN-flat,,10,20.75,1,0.8,370.0,252.0,-0.0056,7.73,0.4,1.379,0.822,566.6,1272.0,FOREST,0.352,448.7,POS,NEWS-NH10-20221009,,65.6,131.8,605.3,0.2731,,22.6,2.0,,-16.299999999999997,0,1,0,0,0,1,0,0,2
NEWS-NH10-20221009,2022-10-05,4.0,pre,1,1,0,29.9,52.5,78.9,440.8,7.3,33.0,-5.743,0,0.2754,REAL,0.002,-0.0001,,ABSTAIN-flat,,10,20.75,1,0.8,370.0,252.0,-0.0056,7.73,0.4,1.379,0.822,566.6,1272.0,FOREST,0.352,448.7,POS,NEWS-NH10-20221009,,45.9,119.1,565.9,0.2734,,29.9,3.0,,-11.221428571428573,0,1,0,0,0,1,0,0,2
NEWS-NH10-20221009,2022-10-06,3.0,pre,1,1,0,11.3,63.8,70.9,427.6,-18.6,30.2,-9.186,0,0.2771,REAL,0.0073,-0.0004,,ABSTAIN-flat,,10,20.75,1,0.8,370.0,252.0,-0.0056,7.73,0.4,1.379,0.822,566.6,1272.0,FOREST,0.352,448.7,POS,NEWS-NH10-20221009,,40.7,135.2,576.6,0.2698,,29.9,3.0,,-3.264285714285717,0,1,0,0,0,1,0,0,2
NEWS-NH10-20221009,2022-10-07,2.0,pre,1,1,0,1.9,43.1,66.6,410.1,-9.4,14.5,-6.529,1,0.2823,REAL,0.0092,0.0059,,ABSTAIN-flat,,10,20.75,1,0.8,370.0,252.0,-0.0056,7.73,0.4,1.379,0.822,566.6,1272.0,FOREST,0.352,448.7,POS,NEWS-NH10-20221009,,52.1,112.3,537.2,0.2731,,29.9,3.0,,3.257142857142856,0,1,0,0,0,1,0,0,2
NEWS-NH10-20221009,2022-10-08,1.0,pre,1,1,0,11.6,24.7,77.3,411.1,9.7,-1.6,1.671,0,0.2863,REAL,0.0109,0.0132,,ABSTAIN-flat,,10,20.75,1,0.8,370.0,252.0,-0.0056,7.73,0.4,1.379,0.822,566.6,1272.0,FOREST,0.352,448.7,POS,NEWS-NH10-20221009,,78.9,65.6,449.9,0.2754,,29.9,4.0,,5.885714285714286,0,1,0,0,0,1,0,0,2
NEWS-NH10-20221009,2023-08-10,,N0,0,0,0,20.2,103.3,155.1,664.2,-45.5,-13.3,-1.523,0,0.3158,REAL,-0.0027,-0.0028,,ABSTAIN-flat,,10,20.75,2,0.8,370.0,252.0,-0.0056,7.73,0.4,1.379,0.822,566.6,1272.0,FOREST,0.346,,N0,NEWS-NH10-20221009_N0_2023,2023.0,,,,,,20.2,1.0,,,0,1,0,0,0,1,0,0,2
NEWS-NH10-20221009,2023-08-11,,N0,0,0,0,16.2,102.2,163.5,673.2,-4.0,-16.4,-0.539,0,0.3155,REAL,-0.0035,-0.0013,,ABSTAIN-flat,,10,20.75,2,0.8,370.0,252.0,-0.0056,7.73,0.4,1.379,0.822,566.6,1272.0,FOREST,0.346,,N0,NEWS-NH10-20221009_N0_2023,2023.0,,,,,,20.2,2.0,,,0,1,0,0,0,1,0,0,2
NEWS-NH10-20221009,2023-08-12,,N0,0,0,0,42.1,78.6,182.3,657.8,25.9,11.3,1.349,0,0.3084,REAL,-0.0095,-0.0089,,ABSTAIN-flat,,10,20.75,2,0.8,370.0,252.0,-0.0056,7.73,0.4,1.379,0.822,566.6,1272.0,FOREST,0.346,,N0,NEWS-NH10-20221009_N0_2023,2023.0,,,,,,42.1,3.0,,,0,1,0,0,0,1,0,0,2
NEWS-NH10-20221009,2023-08-13,,N0,0,0,0,23.5,81.8,198.4,612.2,-18.6,43.3,5.571,0,0.2988,REAL,-0.017,-0.0181,,ABSTAIN-flat,,10,20.75,2,0.8,370.0,252.0,-0.0056,7.73,0.4,1.379,0.822,566.6,1272.0,FOREST,0.346,,N0,NEWS-NH10-20221009_N0_2023,2023.0,155.1,,,0.3158,,42.1,4.0,,14.87,0,1,0,0,0,1,0,0,2
NEWS-NH10-20221009,2023-08-14,,N0,0,0,0,40.9,106.5,226.0,634.8,17.4,62.5,8.233,0,0.2973,REAL,-0.0182,-0.0212,,ABSTAIN-flat,,10,20.75,2,0.8,370.0,252.0,-0.0056,7.73,0.4,1.379,0.822,566.6,1272.0,FOREST,0.346,,N0,NEWS-NH10-20221009_N0_2023,2023.0,163.5,,,0.3155,,42.1,5.0,,17.669999999999977,0,1,0,0,0,1,0,0,2
NEWS-NH10-20221009,2023-08-15,,N0,0,0,0,4.6,68.9,213.2,633.9,-36.3,30.9,4.758,0,0.292,REAL,-0.0164,-0.027,,ABSTAIN-flat,,10,20.75,2,0.8,370.0,252.0,-0.0056,7.73,0.4,1.379,0.822,566.6,1272.0,FOREST,0.346,,N0,NEWS-NH10-20221009_N0_2023,2023.0,182.3,,,0.3084,,42.1,5.0,,14.11714285714285,0,1,0,0,0,1,0,0,2
NEWS-NH10-20221009,2023-08-16,,N0,0,0,0,6.3,51.8,153.8,630.1,1.7,-44.6,-2.459,0,0.2906,REAL,-0.0082,-0.0273,,ABSTAIN-flat,,10,20.75,2,0.8,370.0,252.0,-0.0056,7.73,0.4,1.379,0.822,566.6,1272.0,FOREST,0.346,,N0,NEWS-NH10-20221009_N0_2023,2023.0,198.4,,,0.2988,,42.1,5.0,,4.971428571428564,0,1,0,0,0,1,0,0,2
NEWS-NH10-20221009,2023-08-17,,N0,0,0,0,8.5,19.4,142.1,609.0,2.2,-83.9,-1.853,0,0.289,REAL,-0.0083,-0.0268,,ABSTAIN-flat,,10,20.75,2,0.8,370.0,252.0,-0.0056,7.73,0.4,1.379,0.822,566.6,1272.0,FOREST,0.346,,N0,NEWS-NH10-20221009_N0_2023,2023.0,226.0,155.1,664.2,0.2973,,42.1,4.0,,-3.800000000000021,0,1,0,0,0,1,0,0,2
NEWS-NH10-20221009,2023-08-18,,N0,0,0,0,25.8,40.6,151.7,633.9,17.3,-61.5,-1.685,0,0.2886,REAL,-0.0034,-0.0269,,ABSTAIN-flat,,10,20.75,2,0.8,370.0,252.0,-0.0056,7.73,0.4,1.379,0.822,566.6,1272.0,FOREST,0.346,,N0,NEWS-NH10-20221009_N0_2023,2023.0,213.2,163.5,673.2,0.292,,42.1,4.0,,-9.878571428571432,0,1,0,0,0,1,0,0,2
NEWS-NH10-20221009,2023-08-19,,N0,0,0,0,34.1,68.4,143.6,667.9,8.3,-10.2,-5.522,0,0.2862,REAL,-0.0044,-0.0222,,ABSTAIN-flat,,10,20.75,2,0.8,370.0,252.0,-0.0056,7.73,0.4,1.379,0.822,566.6,1272.0,FOREST,0.346,,N0,NEWS-NH10-20221009_N0_2023,2023.0,153.8,182.3,657.8,0.2906,,40.9,4.0,,-13.717857142857138,0,1,0,0,0,1,0,0,2
NEWS-NH10-20221009,2023-08-20,,N0,0,0,0,10.4,70.2,130.6,652.6,-23.7,-11.5,-9.683,0,0.2843,REAL,-0.0047,-0.0145,,ABSTAIN-flat,,10,20.75,2,0.8,370.0,252.0,-0.0056,7.73,0.4,1.379,0.822,566.6,1272.0,FOREST,0.346,,N0,NEWS-NH10-20221009_N0_2023,2023.0,142.1,198.4,612.2,0.289,,40.9,4.0,,-15.26785714285716,0,1,0,0,0,1,0,0,2
NEWS-NH10-20221009,2023-08-21,,N0,0,0,0,18.4,62.9,108.1,656.2,8.0,-43.6,-16.849,0,0.2845,REAL,-0.0041,-0.0128,,ABSTAIN-flat,,10,20.75,2,0.8,370.0,252.0,-0.0056,7.73,0.4,1.379,0.822,566.6,1272.0,FOREST,0.346,,N0,NEWS-NH10-20221009_N0_2023,2023.0,151.7,226.0,634.8,0.2886,,34.1,4.0,,-12.864285714285709,0,1,0,0,0,1,0,0,2
NEWS-NH10-20221009,2023-08-22,,N0,0,0,0,9.9,38.7,113.4,650.3,-8.5,-30.2,-14.261,0,0.2942,REAL,0.008,0.0022,,ABSTAIN-flat,,10,20.75,2,0.8,370.0,252.0,-0.0056,7.73,0.4,1.379,0.822,566.6,1272.0,FOREST,0.346,,N0,NEWS-NH10-20221009_N0_2023,2023.0,143.6,213.2,633.9,0.2862,,34.1,4.0,,-7.5107142857142755,0,1,0,0,0,1,0,0,2
NEWS-NH10-20221009,2023-08-23,,N0,0,0,0,10.2,38.5,117.3,655.0,0.3,-13.3,-5.216,0,0.2997,REAL,0.0154,0.0091,,ABSTAIN-flat,,10,20.75,2,0.8,370.0,252.0,-0.0056,7.73,0.4,1.379,0.822,566.6,1272.0,FOREST,0.346,,N0,NEWS-NH10-20221009_N0_2023,2023.0,130.6,153.8,630.1,0.2843,,34.1,5.0,,-6.660714285714285,0,1,0,0,0,1,0,0,2
NEWS-NH10-20221009,2023-08-24,,N0,0,0,0,22.1,42.2,130.8,624.9,11.9,22.7,-1.62,0,0.305,REAL,0.0205,0.016,,ABSTAIN-flat,,10,20.75,2,0.8,370.0,252.0,-0.0056,7.73,0.4,1.379,0.822,566.6,1272.0,FOREST,0.346,,N0,NEWS-NH10-20221009_N0_2023,2023.0,108.1,142.1,609.0,0.2845,,34.1,6.0,,-4.732142857142857,0,1,0,0,0,1,0,0,2
NEWS-NH10-20221009,2023-08-25,,N0,0,0,0,67.5,99.8,172.6,668.6,45.4,59.2,2.99,0,0.3102,REAL,0.016,0.0216,,ABSTAIN-flat,,10,20.75,2,0.8,370.0,252.0,-0.0056,7.73,0.4,1.379,0.822,566.6,1272.0,FOREST,0.346,,N0,NEWS-NH10-20221009_N0_2023,2023.0,113.4,151.7,633.9,0.2942,,67.5,6.0,,3.45,0,1,0,0,0,1,0,0,2
NEWS-NH10-20221009,2023-08-26,,N0,0,0,0,13.6,103.2,152.1,674.9,-53.9,34.8,1.213,0,0.3191,REAL,0.0194,0.0329,,ABSTAIN-flat,,10,20.75,2,0.8,370.0,252.0,-0.0056,7.73,0.4,1.379,0.822,566.6,1272.0,FOREST,0.346,,N0,NEWS-NH10-20221009_N0_2023,2023.0,117.3,143.6,667.9,0.2997,,67.5,6.0,,7.532142857142857,0,1,0,0,0,1,0,0,2
NEWS-NH10-20221009,2023-08-27,,N0,0,0,0,6.4,87.5,148.1,675.0,-7.2,17.3,2.505,0,0.3256,REAL,0.0206,0.0413,,ABSTAIN-flat,,10,20.75,2,0.8,370.0,252.0,-0.0056,7.73,0.4,1.379,0.822,566.6,1272.0,FOREST,0.346,,N0,NEWS-NH10-20221009_N0_2023,2023.0,130.8,130.6,652.6,0.305,,67.5,5.0,,9.024999999999991,0,1,0,0,0,1,0,0,2
NEWS-NH10-20221009,2023-08-28,,N0,0,0,0,67.8,87.8,197.5,725.0,61.4,24.9,12.776,0,0.325,REAL,0.0148,0.0405,,ABSTAIN-flat,,10,20.75,2,0.8,370.0,252.0,-0.0056,7.73,0.4,1.379,0.822,566.6,1272.0,FOREST,0.346,,N0,NEWS-NH10-20221009_N0_2023,2023.0,172.6,108.1,656.2,0.3102,,67.8,5.0,,11.971428571428573,0,1,0,0,0,1,0,0,2
NEWS-NH10-20221009,2023-08-29,,N0,0,0,0,9.5,83.7,197.1,713.7,-58.3,45.0,11.96,0,0.319,REAL,-0.0001,0.0248,,ABSTAIN-flat,,10,20.75,2,0.8,370.0,252.0,-0.0056,7.73,0.4,1.379,0.822,566.6,1272.0,FOREST,0.346,,N0,NEWS-NH10-20221009_N0_2023,2023.0,152.1,113.4,650.3,0.3191,,67.8,5.0,,12.439285714285708,0,1,0,0,0,1,0,0,2
NEWS-NH10-20221009,2023-08-30,,N0,0,0,0,7.9,85.2,194.7,717.3,-1.6,46.6,11.063,0,0.3134,REAL,-0.0122,0.0137,,ABSTAIN-flat,,10,20.75,2,0.8,370.0,252.0,-0.0056,7.73,0.4,1.379,0.822,566.6,1272.0,FOREST,0.346,,N0,NEWS-NH10-20221009_N0_2023,2023.0,148.1,117.3,655.0,0.3256,,67.8,4.0,,10.217857142857143,0,1,0,0,0,1,0,0,2
NEWS-NH10-20221009,2023-08-31,,N0,0,0,0,6.4,23.8,179.0,717.8,-1.5,-18.5,6.883,0,0.3062,REAL,-0.0188,0.0012,,ABSTAIN-flat,,10,20.75,2,0.8,370.0,252.0,-0.0056,7.73,0.4,1.379,0.822,566.6,1272.0,FOREST,0.346,,N0,NEWS-NH10-20221009_N0_2023,2023.0,197.5,130.8,624.9,0.325,,67.8,3.0,,5.478571428571432,0,1,0,0,0,1,0,0,2
NEWS-NH10-20221009,2023-09-01,,N0,0,0,0,0.0,14.3,111.5,643.2,-6.4,-85.6,-8.723,1,0.2974,REAL,-0.0216,-0.0128,,ABSTAIN-flat,,10,20.75,2,0.8,370.0,252.0,-0.0056,7.73,0.4,1.379,0.822,566.6,1272.0,FOREST,0.346,,N0,NEWS-NH10-20221009_N0_2023,2023.0,197.1,172.6,668.6,0.319,,67.8,2.0,,-2.242857142857149,0,1,0,0,0,1,0,0,2
NEWS-NH10-20221009,2023-09-02,,N0,0,0,0,2.5,8.9,100.5,609.6,2.5,-94.2,-7.371,0,0.284,PROXY-spatial,-0.0294,-0.0351,,ABSTAIN-flat,,10,20.75,2,0.8,370.0,252.0,-0.0056,7.73,0.4,1.379,0.822,566.6,1272.0,FOREST,0.346,,N0,NEWS-NH10-20221009_N0_2023,2023.0,194.7,152.1,674.9,0.3134,,67.8,1.0,,-11.889285714285725,0,1,0,0,0,1,0,0,2
NEWS-NH10-20221009,2023-09-03,,N0,0,0,0,10.6,13.2,104.7,612.4,8.1,-74.3,-6.195,0,0.2766,PROXY-spatial,-0.0296,-0.049,,ABSTAIN-flat,,10,20.75,2,0.8,370.0,252.0,-0.0056,7.73,0.4,1.379,0.822,566.6,1272.0,FOREST,0.346,,N0,NEWS-NH10-20221009_N0_2023,2023.0,179.0,148.1,675.0,0.3062,,67.8,2.0,,-19.814285714285727,0,1,0,0,0,1,0,0,2
NEWS-NH10-20221009,2023-09-04,,N0,0,0,0,13.2,26.4,50.1,602.3,2.6,-61.4,-21.052,0,0.2702,PROXY-spatial,-0.0272,-0.0548,,ABSTAIN-flat,,10,20.75,2,0.8,370.0,252.0,-0.0056,7.73,0.4,1.379,0.822,566.6,1272.0,FOREST,0.346,,N0,NEWS-NH10-20221009_N0_2023,2023.0,111.5,197.5,725.0,0.2974,,13.2,2.0,,-24.98214285714285,0,1,0,0,0,1,0,0,2
NEWS-NH10-20221009,2023-09-05,,N0,0,0,0,1.0,24.8,41.6,595.9,-12.2,-58.9,-22.208,1,0.2636,PROXY-spatial,-0.0204,-0.0554,,ABSTAIN-flat,,10,20.75,2,0.8,370.0,252.0,-0.0056,7.73,0.4,1.379,0.822,566.6,1272.0,FOREST,0.346,,N0,NEWS-NH10-20221009_N0_2023,2023.0,100.5,197.1,713.7,0.284,,13.2,2.0,,-25.85357142857143,0,1,0,0,0,1,0,0,2
NEWS-NH10-20221009,2023-09-06,,N0,0,0,0,0.2,14.4,33.9,582.9,-0.8,-70.8,-22.977,2,0.2646,PROXY-spatial,-0.012,-0.0488,,ABSTAIN-flat,,10,20.75,2,0.8,370.0,252.0,-0.0056,7.73,0.4,1.379,0.822,566.6,1272.0,FOREST,0.346,,N0,NEWS-NH10-20221009_N0_2023,2023.0,104.7,194.7,717.3,0.2766,,13.2,2.0,,-22.339285714285722,0,1,0,0,0,1,0,0,2
NEWS-NH10-20221009,2023-09-07,,N0,0,0,0,0.6,1.8,28.2,566.1,0.4,-21.9,-21.547,3,0.2623,PROXY-spatial,-0.0079,-0.0439,,ABSTAIN-flat,,10,20.75,2,0.8,370.0,252.0,-0.0056,7.73,0.4,1.379,0.822,566.6,1272.0,FOREST,0.346,,N0,NEWS-NH10-20221009_N0_2023,2023.0,50.1,179.0,717.8,0.2702,,13.2,2.0,,-15.935714285714292,0,1,0,0,0,1,0,0,2
NEWS-NH10-20221009,2023-09-08,,N0,0,0,0,9.9,10.7,38.1,510.3,9.3,-3.5,-10.488,0,0.2639,PROXY-spatial,0.0003,-0.0335,,ABSTAIN-flat,,10,20.75,2,0.8,370.0,252.0,-0.0056,7.73,0.4,1.379,0.822,566.6,1272.0,FOREST,0.346,,N0,NEWS-NH10-20221009_N0_2023,2023.0,41.6,111.5,643.2,0.2636,,13.2,2.0,,-12.72857142857143,0,1,0,0,0,1,0,0,2
NEWS-NH10-20221009,2023-09-09,,N0,0,0,0,48.3,58.9,83.9,538.4,38.4,50.0,-2.365,0,0.2673,PROXY-spatial,0.0027,-0.0167,,ABSTAIN-flat,,10,20.75,2,0.8,370.0,252.0,-0.0056,7.73,0.4,1.379,0.822,566.6,1272.0,FOREST,0.346,,N0,NEWS-NH10-20221009_N0_2023,2023.0,33.9,100.5,609.6,0.2646,,48.3,3.0,,-3.564285714285715,0,1,0,0,0,1,0,0,2
NEWS-NH10-20221009,2023-09-10,,N0,0,0,0,5.9,64.1,79.1,528.0,-42.4,50.9,-3.66,0,0.2679,PROXY-spatial,0.0056,-0.0087,,ABSTAIN-flat,,10,20.75,2,0.8,370.0,252.0,-0.0056,7.73,0.4,1.379,0.822,566.6,1272.0,FOREST,0.346,,N0,NEWS-NH10-20221009_N0_2023,2023.0,28.2,104.7,612.4,0.2623,,48.3,2.0,,6.27857142857143,0,1,0,0,0,1,0,0,2
NEWS-NH10-20221009,2023-09-11,,N0,0,0,0,5.2,59.4,71.1,491.1,-0.7,33.0,2.994,0,0.2718,PROXY-spatial,0.0079,0.0016,,ABSTAIN-flat,,10,20.75,2,0.8,370.0,252.0,-0.0056,7.73,0.4,1.379,0.822,566.6,1272.0,FOREST,0.346,,N0,NEWS-NH10-20221009_N0_2023,2023.0,38.1,50.1,602.3,0.2639,,48.3,1.0,,8.378571428571428,0,1,0,0,0,1,0,0,2
NEWS-NH10-20221009,2023-09-12,,N0,0,0,0,21.7,32.8,91.8,489.4,16.5,7.9,7.167,0,0.2824,PROXY-spatial,0.0151,0.0188,,ABSTAIN-flat,,10,20.75,2,0.8,370.0,252.0,-0.0056,7.73,0.4,1.379,0.822,566.6,1272.0,FOREST,0.346,,N0,NEWS-NH10-20221009_N0_2023,2023.0,83.9,41.6,595.9,0.2673,,48.3,2.0,,10.732142857142854,0,1,0,0,0,1,0,0,2
NEWS-NH10-20221009,2023-09-13,,N0,0,0,0,4.9,31.9,96.6,453.4,-16.8,17.5,8.953,0,0.2824,PROXY-spatial,0.0145,0.0178,,ABSTAIN-flat,,10,20.75,2,0.8,370.0,252.0,-0.0056,7.73,0.4,1.379,0.822,566.6,1272.0,FOREST,0.346,,N0,NEWS-NH10-20221009_N0_2023,2023.0,79.1,33.9,582.9,0.2679,,48.3,2.0,,10.707142857142859,0,1,0,0,0,1,0,0,2
NEWS-NH10-20221009,2023-09-14,,N0,0,0,0,9.8,36.5,105.8,458.7,4.9,34.7,11.088,0,0.2828,PROXY-spatial,0.011,0.0205,,ABSTAIN-flat,,10,20.75,2,0.8,370.0,252.0,-0.0056,7.73,0.4,1.379,0.822,566.6,1272.0,FOREST,0.346,,N0,NEWS-NH10-20221009_N0_2023,2023.0,71.1,28.2,566.1,0.2718,,48.3,2.0,,8.614285714285712,0,1,0,0,0,1,0,0,2
NEWS-NH10-20221009,2023-09-15,,N0,0,0,0,1.3,16.1,97.2,453.7,-8.5,5.4,8.441,1,0.281,PROXY-spatial,-0.0014,0.0171,,ABSTAIN-flat,,10,20.75,2,0.8,370.0,252.0,-0.0056,7.73,0.4,1.379,0.822,566.6,1272.0,FOREST,0.346,,N0,NEWS-NH10-20221009_N0_2023,2023.0,91.8,38.1,510.3,0.2824,,48.3,2.0,,4.242857142857141,0,1,0,0,0,1,0,0,2
NEWS-NH10-20221009,2023-09-16,,N0,0,0,0,0.8,11.9,49.7,445.9,-0.5,-46.9,-4.881,2,0.2785,PROXY-spatial,-0.0039,0.0112,,ABSTAIN-flat,,10,20.75,2,0.8,370.0,252.0,-0.0056,7.73,0.4,1.379,0.822,566.6,1272.0,FOREST,0.346,,N0,NEWS-NH10-20221009_N0_2023,2023.0,96.6,83.9,538.4,0.2824,,21.7,1.0,,-0.7857142857142814,0,1,0,0,0,1,0,0,2
NEWS-NH10-20221009,2023-09-17,,N0,0,0,0,0.1,2.2,43.9,420.2,-0.7,-61.9,-5.03,3,0.2778,PROXY-spatial,-0.005,0.0099,,ABSTAIN-flat,,10,20.75,2,0.8,370.0,252.0,-0.0056,7.73,0.4,1.379,0.822,566.6,1272.0,FOREST,0.346,,N0,NEWS-NH10-20221009_N0_2023,2023.0,105.8,79.1,528.0,0.2828,,21.7,1.0,,-5.899999999999995,0,1,0,0,0,1,0,0,2
NEWS-NH10-20221009,2023-09-18,,N0,0,0,0,20.9,21.7,59.6,407.0,20.8,-37.6,-1.641,0,0.2749,PROXY-spatial,-0.0061,0.0031,,ABSTAIN-flat,,10,20.75,2,0.8,370.0,252.0,-0.0056,7.73,0.4,1.379,0.822,566.6,1272.0,FOREST,0.346,,N0,NEWS-NH10-20221009_N0_2023,2023.0,97.2,71.1,491.1,0.281,,21.7,2.0,,-9.217857142857147,0,1,0,0,0,1,0,0,2
NEWS-NH10-20221009,2023-09-19,,N0,0,0,0,5.6,26.5,43.4,402.2,-15.3,-6.3,-6.918,0,0.2632,PROXY-spatial,-0.0153,-0.0192,,ABSTAIN-flat,,10,20.75,2,0.8,370.0,252.0,-0.0056,7.73,0.4,1.379,0.822,566.6,1272.0,FOREST,0.346,,N0,NEWS-NH10-20221009_N0_2023,2023.0,49.7,91.8,489.4,0.2785,,20.9,1.0,,-10.90357142857143,0,1,0,0,0,1,0,0,2
NEWS-NH10-20221009,2023-09-20,,N0,0,0,0,26.8,53.2,65.2,410.6,21.2,21.3,-4.486,0,0.2604,PROXY-spatial,-0.0174,-0.022,,ABSTAIN-flat,,10,20.75,2,0.8,370.0,252.0,-0.0056,7.73,0.4,1.379,0.822,566.6,1272.0,FOREST,0.346,,N0,NEWS-NH10-20221009_N0_2023,2023.0,43.9,96.6,453.4,0.2778,,26.8,2.0,,-7.8392857142857135,0,1,0,0,0,1,0,0,2
NEWS-NH10-20221009,2023-09-21,,N0,0,0,0,39.0,71.3,94.4,439.7,12.2,34.8,-1.626,0,0.2615,PROXY-spatial,-0.0134,-0.0213,,ABSTAIN-flat,,10,20.75,2,0.8,370.0,252.0,-0.0056,7.73,0.4,1.379,0.822,566.6,1272.0,FOREST,0.346,,N0,NEWS-NH10-20221009_N0_2023,2023.0,59.6,105.8,458.7,0.2749,,39.0,3.0,,0.7892857142857186,0,1,0,0,0,1,0,0,2
NEWS-NH10-20221009,2023-09-22,,N0,0,0,0,8.1,73.8,101.1,437.5,-30.9,57.7,0.559,0,0.2663,PROXY-spatial,0.0031,-0.0147,,ABSTAIN-flat,,10,20.75,2,0.8,370.0,252.0,-0.0056,7.73,0.4,1.379,0.822,566.6,1272.0,FOREST,0.346,,N0,NEWS-NH10-20221009_N0_2023,2023.0,43.4,97.2,453.7,0.2632,,39.0,3.0,,9.314285714285717,0,1,0,0,0,1,0,0,2
NEWS-NH10-20221009,2023-09-23,,N0,0,0,0,30.9,77.9,131.2,446.3,22.8,66.0,11.646,0,0.2694,PROXY-spatial,0.009,-0.0091,,ABSTAIN-flat,,10,20.75,2,0.8,370.0,252.0,-0.0056,7.73,0.4,1.379,0.822,566.6,1272.0,FOREST,0.346,,N0,NEWS-NH10-20221009_N0_2023,2023.0,65.2,49.7,445.9,0.2604,,39.0,4.0,,14.139285714285709,0,1,0,0,0,1,0,0,2
NEWS-NH10-20221009,2023-09-24,,N0,0,0,0,28.6,67.5,159.7,407.3,-2.3,65.3,16.547,0,0.2715,PROXY-spatial,0.01,-0.0063,,ABSTAIN-flat,,10,20.75,2,0.8,370.0,252.0,-0.0056,7.73,0.4,1.379,0.822,566.6,1272.0,FOREST,0.346,,N0,NEWS-NH10-20221009_N0_2023,2023.0,94.4,43.9,420.2,0.2615,,39.0,5.0,,18.27857142857142,0,1,0,0,0,1,0,0,2
NEWS-NH10-20221009,2023-09-25,,N0,0,0,0,5.0,64.4,143.8,398.7,-23.6,42.7,12.035,0,0.2719,PROXY-spatial,0.0056,-0.003,,ABSTAIN-flat,,10,20.75,2,0.8,370.0,252.0,-0.0056,7.73,0.4,1.379,0.822,566.6,1272.0,FOREST,0.346,,N0,NEWS-NH10-20221009_N0_2023,2023.0,101.1,59.6,407.0,0.2663,,39.0,4.0,,18.821428571428573,0,1,0,0,0,1,0,0,2
NEWS-NH10-20221009,2023-09-26,,N0,0,0,0,0.0,33.5,138.2,392.3,-5.0,7.0,13.546,1,0.2752,PROXY-spatial,0.0058,0.012,,ABSTAIN-flat,,10,20.75,2,0.8,370.0,252.0,-0.0056,7.73,0.4,1.379,0.822,566.6,1272.0,FOREST,0.346,,N0,NEWS-NH10-20221009_N0_2023,2023.0,131.2,43.4,402.2,0.2694,,39.0,4.0,,13.442857142857143,0,1,0,0,0,1,0,0,2
NEWS-NH10-20221009,2023-09-27,,N0,0,0,0,6.3,11.3,117.8,330.9,6.3,-41.9,7.513,0,0.277,REAL,0.0055,0.0166,,ABSTAIN-flat,,10,20.75,2,0.8,370.0,252.0,-0.0056,7.73,0.4,1.379,0.822,566.6,1272.0,FOREST,0.346,,N0,NEWS-NH10-20221009_N0_2023,2023.0,159.7,65.2,410.6,0.2715,,39.0,3.0,,5.607142857142853,0,1,0,0,0,1,0,0,2
NEWS-NH10-20221009,2023-09-28,,N0,0,0,0,2.3,8.6,81.0,323.6,-4.0,-62.8,-1.91,1,0.2749,REAL,0.003,0.0134,,ABSTAIN-flat,,10,20.75,2,0.8,370.0,252.0,-0.0056,7.73,0.4,1.379,0.822,566.6,1272.0,FOREST,0.346,,N0,NEWS-NH10-20221009_N0_2023,2023.0,143.8,94.4,439.7,0.2719,,30.9,2.0,,-3.878571428571432,0,1,0,0,0,1,0,0,2
NEWS-NH10-20221009,2023-09-29,,N0,0,0,0,12.6,21.2,85.6,328.3,10.3,-52.6,-2.215,0,0.2734,PROXY-spatial,-0.0018,0.0071,,ABSTAIN-flat,,10,20.75,2,0.8,370.0,252.0,-0.0056,7.73,0.4,1.379,0.822,566.6,1272.0,FOREST,0.346,,N0,NEWS-NH10-20221009_N0_2023,2023.0,138.2,101.1,437.5,0.2752,,30.9,3.0,,-11.435714285714289,0,1,0,0,0,1,0,0,2
NEWS-NH10-20221009,2023-09-30,,N0,0,0,0,0.0,14.8,54.7,322.0,-12.6,-63.1,-10.928,1,0.2697,PROXY-spatial,-0.0073,0.0003,,ABSTAIN-flat,,10,20.75,2,0.8,370.0,252.0,-0.0056,7.73,0.4,1.379,0.822,566.6,1272.0,FOREST,0.346,,N0,NEWS-NH10-20221009_N0_2023,2023.0,117.8,131.2,446.3,0.277,,28.6,2.0,,-17.45,0,1,0,0,0,1,0,0,2
NEWS-NH10-20221009,2023-10-01,,N0,0,0,0,3.3,15.9,29.4,325.3,3.3,-51.6,-18.61,0,0.2701,PROXY-spatial,-0.0048,-0.0014,,ABSTAIN-flat,,10,20.75,2,0.8,370.0,252.0,-0.0056,7.73,0.4,1.379,0.822,566.6,1272.0,FOREST,0.346,,N0,NEWS-NH10-20221009_N0_2023,2023.0,81.0,159.7,407.3,0.2749,,12.6,1.0,,-19.371428571428567,0,1,0,0,0,1,0,0,2
NEWS-NH10-20221009,2023-10-02,,N0,0,0,0,8.7,12.0,33.2,331.5,5.4,-52.4,-15.797,0,0.2684,PROXY-spatial,-0.005,-0.0035,,ABSTAIN-flat,,10,20.75,2,0.8,370.0,252.0,-0.0056,7.73,0.4,1.379,0.822,566.6,1272.0,FOREST,0.346,,N0,NEWS-NH10-20221009_N0_2023,2023.0,85.6,143.8,398.7,0.2734,,12.6,1.0,,-18.50357142857142,0,1,0,0,0,1,0,0,2
NEWS-NH10-20221009,2023-10-03,,N0,0,0,0,30.8,42.9,64.0,351.7,22.1,9.3,-10.604,0,0.2696,PROXY-spatial,-0.0001,-0.0056,,ABSTAIN-flat,,10,20.75,2,0.8,370.0,252.0,-0.0056,7.73,0.4,1.379,0.822,566.6,1272.0,FOREST,0.346,,N0,NEWS-NH10-20221009_N0_2023,2023.0,54.7,138.2,392.3,0.2697,,30.8,2.0,,-11.18571428571429,0,1,0,0,0,1,0,0,2
NEWS-NH10-20221009,2023-10-04,,N0,0,0,0,77.8,117.4,135.6,416.3,47.0,106.2,2.549,0,0.2723,PROXY-spatial,0.0022,-0.0047,,ABSTAIN-flat,,10,20.75,2,0.8,370.0,252.0,-0.0056,7.73,0.4,1.379,0.822,566.6,1272.0,FOREST,0.346,,N0,NEWS-NH10-20221009_N0_2023,2023.0,29.4,117.8,330.9,0.2701,,77.8,3.0,,3.5392857142857093,0,1,0,0,0,1,0,0,2
NEWS-NH10-20221009,2023-10-05,,N0,0,0,0,26.6,135.2,159.9,441.9,-51.2,126.7,11.265,0,0.2761,PROXY-spatial,0.0077,0.0012,,ABSTAIN-flat,,10,20.75,2,0.8,370.0,252.0,-0.0056,7.73,0.4,1.379,0.822,566.6,1272.0,FOREST,0.346,,N0,NEWS-NH10-20221009_N0_2023,2023.0,33.2,81.0,323.6,0.2684,,77.8,4.0,,14.975,0,1,0,0,0,1,0,0,2
NEWS-NH10-20221009,2023-10-06,,N0,0,0,0,6.7,111.1,154.0,448.4,-19.9,90.0,9.778,0,0.2762,PROXY-spatial,0.0066,0.0028,,ABSTAIN-flat,,10,20.75,2,0.8,370.0,252.0,-0.0056,7.73,0.4,1.379,0.822,566.6,1272.0,FOREST,0.346,,N0,NEWS-NH10-20221009_N0_2023,2023.0,64.0,85.6,328.3,0.2696,,77.8,3.0,,23.61785714285714,0,1,0,0,0,1,0,0,2
NEWS-NH10-20221009,2023-10-07,,N0,0,0,0,3.1,36.4,157.1,450.9,-3.6,21.5,14.631,0,0.2797,PROXY-spatial,0.0074,0.01,,ABSTAIN-flat,,10,20.75,2,0.8,370.0,252.0,-0.0056,7.73,0.4,1.379,0.822,566.6,1272.0,FOREST,0.346,,N0,NEWS-NH10-20221009_N0_2023,2023.0,135.6,54.7,322.0,0.2723,,77.8,3.0,,25.73571428571429,0,1,0,0,0,1,0,0,2
NEWS-NH10-20221009,2023-10-08,,N0,0,0,0,31.2,41.0,185.0,472.2,28.1,25.1,22.223,0,0.2792,PROXY-spatial,0.0031,0.0091,,ABSTAIN-flat,,10,20.75,2,0.8,370.0,252.0,-0.0056,7.73,0.4,1.379,0.822,566.6,1272.0,FOREST,0.346,,N0,NEWS-NH10-20221009_N0_2023,2023.0,159.9,29.4,325.3,0.2761,,77.8,4.0,,23.571428571428573,0,1,0,0,0,1,0,0,2
NEWS-NH10-20221009,2023-10-09,,N0,0,0,0,12.1,46.4,188.4,436.0,-19.1,34.4,22.171,0,0.2808,PROXY-spatial,0.0046,0.0124,,ABSTAIN-flat,,10,20.75,2,0.8,370.0,252.0,-0.0056,7.73,0.4,1.379,0.822,566.6,1272.0,FOREST,0.346,,N0,NEWS-NH10-20221009_N0_2023,2023.0,154.0,33.2,331.5,0.2762,,77.8,5.0,,16.757142857142863,0,1,0,0,0,1,0,0,2
NEWS-NH10-20221009,2017-06-29,,N1,0,0,0,8.6,40.6,79.6,395.8,-17.5,-44.0,-12.427,0,0.2693,PROXY-spatial,-0.0001,0.0235,,ABSTAIN-flat,,9,20.75,4,0.8,370.0,252.0,-0.0056,7.73,0.4,1.379,0.822,566.6,1272.0,FOREST,0.354,,N1,NEWS-NH10-20221009_N1_2017,2017.0,,,,,,8.6,0.0,,,0,1,0,0,0,1,0,0,2
NEWS-NH10-20221009,2017-06-30,,N1,0,0,0,8.5,43.1,86.4,389.8,-0.1,15.2,-11.702,0,0.2758,PROXY-spatial,0.0068,0.0281,,ABSTAIN-flat,,9,20.75,4,0.8,370.0,252.0,-0.0056,7.73,0.4,1.379,0.822,566.6,1272.0,FOREST,0.354,,N1,NEWS-NH10-20221009_N1_2017,2017.0,,,,,,8.6,0.0,,,0,1,0,0,0,1,0,0,2
NEWS-NH10-20221009,2017-07-01,,N1,0,0,0,32.9,50.0,109.2,421.6,24.4,33.0,-9.325,0,0.2806,REAL,0.0109,0.0224,,ABSTAIN-flat,,9,20.75,4,0.8,370.0,252.0,-0.0056,7.73,0.4,1.379,0.822,566.6,1272.0,FOREST,0.354,,N1,NEWS-NH10-20221009_N1_2017,2017.0,,,,,,32.9,1.0,,,0,1,0,0,0,1,0,0,2
NEWS-NH10-20221009,2017-07-02,,N1,0,0,0,27.5,68.9,127.4,433.4,-5.4,47.8,-7.088,0,0.2854,REAL,0.0161,0.0179,,ABSTAIN-flat,,9,20.75,4,0.8,370.0,252.0,-0.0056,7.73,0.4,1.379,0.822,566.6,1272.0,FOREST,0.354,,N1,NEWS-NH10-20221009_N1_2017,2017.0,79.6,,,0.2693,,32.9,2.0,,16.620000000000005,0,1,0,0,0,1,0,0,2
NEWS-NH10-20221009,2017-07-03,,N1,0,0,0,11.5,71.9,121.0,428.0,-16.0,34.6,-0.376,0,0.2865,REAL,0.0107,0.0171,,ABSTAIN-flat,,9,20.75,4,0.8,370.0,252.0,-0.0056,7.73,0.4,1.379,0.822,566.6,1272.0,FOREST,0.354,,N1,NEWS-NH10-20221009_N1_2017,2017.0,86.4,,,0.2758,,32.9,3.0,,12.379999999999992,0,1,0,0,0,1,0,0,2
NEWS-NH10-20221009,2017-07-04,,N1,0,0,0,6.6,45.6,121.6,433.6,-4.9,12.4,7.206,0,0.2902,REAL,0.0096,0.0212,,ABSTAIN-flat,,9,20.75,4,0.8,370.0,252.0,-0.0056,7.73,0.4,1.379,0.822,566.6,1272.0,FOREST,0.354,,N1,NEWS-NH10-20221009_N1_2017,2017.0,109.2,,,0.2806,,32.9,3.0,,9.485714285714277,0,1,0,0,0,1,0,0,2
NEWS-NH10-20221009,2017-07-05,,N1,0,0,0,11.9,30.0,107.5,443.8,5.3,-19.9,4.465,0,0.2981,REAL,0.0127,0.0284,,ABSTAIN-flat,,9,20.75,4,0.8,370.0,252.0,-0.0056,7.73,0.4,1.379,0.822,566.6,1272.0,FOREST,0.354,,N1,NEWS-NH10-20221009_N1_2017,2017.0,127.4,,,0.2854,,32.9,4.0,,5.924999999999996,0,1,0,0,0,1,0,0,2
NEWS-NH10-20221009,2017-07-06,,N1,0,0,0,20.3,38.9,119.3,442.8,8.4,-1.7,5.666,0,0.3052,REAL,0.0187,0.0359,,ABSTAIN-flat,,9,20.75,4,0.8,370.0,252.0,-0.0056,7.73,0.4,1.379,0.822,566.6,1272.0,FOREST,0.354,,N1,NEWS-NH10-20221009_N1_2017,2017.0,121.0,79.6,395.8,0.2865,,32.9,5.0,,3.1964285714285654,0,1,0,0,0,1,0,0,2
NEWS-NH10-20221009,2017-07-07,,N1,0,0,0,25.9,58.2,136.7,468.3,5.6,15.1,7.186,0,0.3026,REAL,0.0124,0.0268,,ABSTAIN-flat,,9,20.75,4,0.8,370.0,252.0,-0.0056,7.73,0.4,1.379,0.822,566.6,1272.0,FOREST,0.354,,N1,NEWS-NH10-20221009_N1_2017,2017.0,121.6,86.4,389.8,0.2902,,32.9,6.0,,1.8857142857142828,0,1,0,0,0,1,0,0,2
NEWS-NH10-20221009,2017-07-08,,N1,0,0,0,6.8,53.0,110.5,474.1,-19.1,3.0,0.182,0,0.2924,REAL,-0.0057,0.0118,,ABSTAIN-flat,,9,20.75,4,0.8,370.0,252.0,-0.0056,7.73,0.4,1.379,0.822,566.6,1272.0,FOREST,0.354,,N1,NEWS-NH10-20221009_N1_2017,2017.0,107.5,109.2,421.6,0.2981,,27.5,5.0,,-0.7714285714285698,0,1,0,0,0,1,0,0,2
NEWS-NH10-20221009,2017-07-09,,N1,0,0,0,72.7,105.4,155.7,546.3,65.9,36.4,4.044,0,0.2941,REAL,-0.0111,0.0087,,ABSTAIN-flat,,9,20.75,4,0.8,370.0,252.0,-0.0056,7.73,0.4,1.379,0.822,566.6,1272.0,FOREST,0.354,,N1,NEWS-NH10-20221009_N1_2017,2017.0,119.3,127.4,433.4,0.3052,,72.7,5.0,,3.96785714285714,0,1,0,0,0,1,0,0,2
NEWS-NH10-20221009,2017-07-10,,N1,0,0,0,24.0,103.5,168.3,570.1,-48.7,31.6,6.762,0,0.3045,REAL,0.0019,0.018,,ABSTAIN-flat,,9,20.75,4,0.8,370.0,252.0,-0.0056,7.73,0.4,1.379,0.822,566.6,1272.0,FOREST,0.354,,N1,NEWS-NH10-20221009_N1_2017,2017.0,136.7,121.0,428.0,0.3026,,72.7,5.0,,8.132142857142862,0,1,0,0,0,1,0,0,2
NEWS-NH10-20221009,2017-07-11,,N1,0,0,0,24.1,120.8,185.7,594.2,0.1,75.2,9.153,0,0.3166,REAL,0.0242,0.0264,,ABSTAIN-flat,,9,20.75,4,0.8,370.0,252.0,-0.0056,7.73,0.4,1.379,0.822,566.6,1272.0,FOREST,0.354,,N1,NEWS-NH10-20221009_N1_2017,2017.0,110.5,121.6,433.6,0.2924,,72.7,6.0,,12.55714285714286,0,1,0,0,0,1,0,0,2
NEWS-NH10-20221009,2017-07-12,,N1,0,0,0,11.1,59.1,184.9,571.6,-13.0,29.2,11.058,0,0.3157,REAL,0.0216,0.0176,,ABSTAIN-flat,,9,20.75,4,0.8,370.0,252.0,-0.0056,7.73,0.4,1.379,0.822,566.6,1272.0,FOREST,0.354,,N1,NEWS-NH10-20221009_N1_2017,2017.0,155.7,107.5,443.8,0.2941,,72.7,6.0,,12.592857142857143,0,1,0,0,0,1,0,0,2
NEWS-NH10-20221009,2017-07-13,,N1,0,0,0,0.0,35.1,164.5,537.8,-11.1,-3.8,6.463,1,0.3126,REAL,0.0081,0.0074,,ABSTAIN-flat,,9,20.75,4,0.8,370.0,252.0,-0.0056,7.73,0.4,1.379,0.822,566.6,1272.0,FOREST,0.354,,N1,NEWS-NH10-20221009_N1_2017,2017.0,168.3,119.3,442.8,0.3045,,72.7,5.0,,9.364285714285716,0,1,0,0,0,1,0,0,2
NEWS-NH10-20221009,2017-07-14,,N1,0,0,0,17.1,28.1,155.6,551.7,17.1,-30.1,2.7,0,0.316,REAL,-0.0006,0.0134,,ABSTAIN-flat,,9,20.75,4,0.8,370.0,252.0,-0.0056,7.73,0.4,1.379,0.822,566.6,1272.0,FOREST,0.354,,N1,NEWS-NH10-20221009_N1_2017,2017.0,185.7,136.7,468.3,0.3166,,72.7,5.0,,6.0535714285714235,0,1,0,0,0,1,0,0,2
NEWS-NH10-20221009,2017-07-15,,N1,0,0,0,13.9,30.9,162.8,560.9,-3.2,-22.1,7.467,0,0.3207,REAL,0.005,0.0283,,ABSTAIN-flat,,9,20.75,4,0.8,370.0,252.0,-0.0056,7.73,0.4,1.379,0.822,566.6,1272.0,FOREST,0.354,,N1,NEWS-NH10-20221009_N1_2017,2017.0,184.9,110.5,474.1,0.3157,,72.7,6.0,,-0.9035714285714268,0,1,0,0,0,1,0,0,2
NEWS-NH10-20221009,2017-07-16,,N1,0,0,0,2.5,33.4,92.5,563.4,-11.4,-72.0,-9.034,1,0.3131,REAL,0.0005,0.019,,ABSTAIN-flat,,9,20.75,4,0.8,370.0,252.0,-0.0056,7.73,0.4,1.379,0.822,566.6,1272.0,FOREST,0.354,,N1,NEWS-NH10-20221009_N1_2017,2017.0,164.5,155.7,546.3,0.3126,,24.1,5.0,,-10.80357142857142,0,1,0,0,0,1,0,0,2
NEWS-NH10-20221009,2017-07-17,,N1,0,0,0,8.3,24.6,76.8,567.8,5.8,-78.8,-13.068,0,0.2991,PROXY-spatial,-0.0169,-0.0054,,ABSTAIN-flat,,9,20.75,4,0.8,370.0,252.0,-0.0056,7.73,0.4,1.379,0.822,566.6,1272.0,FOREST,0.354,,N1,NEWS-NH10-20221009_N1_2017,2017.0,155.6,168.3,570.1,0.316,,24.1,4.0,,-18.328571428571436,0,1,0,0,0,1,0,0,2
NEWS-NH10-20221009,2017-07-18,,N1,0,0,0,6.8,17.5,59.5,567.7,-1.5,-103.3,-18.035,0,0.2869,PROXY-spatial,-0.0338,-0.0297,,ABSTAIN-flat,,9,20.75,4,0.8,370.0,252.0,-0.0056,7.73,0.4,1.379,0.822,566.6,1272.0,FOREST,0.354,,N1,NEWS-NH10-20221009_N1_2017,2017.0,162.8,185.7,594.2,0.3207,,17.1,3.0,,-21.953571428571415,0,1,0,0,0,1,0,0,2
NEWS-NH10-20221009,2017-07-19,,N1,0,0,0,2.9,18.0,51.4,499.3,-3.9,-41.1,-19.066,0,0.2799,PROXY-spatial,-0.0332,-0.0358,,ABSTAIN-flat,,9,20.75,4,0.8,370.0,252.0,-0.0056,7.73,0.4,1.379,0.822,566.6,1272.0,FOREST,0.354,,N1,NEWS-NH10-20221009_N1_2017,2017.0,92.5,184.9,571.6,0.3131,,17.1,2.0,,-22.053571428571434,0,1,0,0,0,1,0,0,2
NEWS-NH10-20221009,2017-07-20,,N1,0,0,0,52.6,62.3,104.0,493.6,49.7,27.2,-8.645,0,0.2819,PROXY-spatial,-0.0172,-0.0307,,ABSTAIN-flat,,9,20.75,4,0.8,370.0,252.0,-0.0056,7.73,0.4,1.379,0.822,566.6,1272.0,FOREST,0.354,,N1,NEWS-NH10-20221009_N1_2017,2017.0,76.8,164.5,537.8,0.2991,,52.6,3.0,,-14.664285714285716,0,1,0,0,0,1,0,0,2
NEWS-NH10-20221009,2017-07-21,,N1,0,0,0,63.3,118.8,150.2,535.9,10.7,90.7,-0.778,0,0.2806,PROXY-spatial,-0.0063,-0.0354,,ABSTAIN-flat,,9,20.75,4,0.8,370.0,252.0,-0.0056,7.73,0.4,1.379,0.822,566.6,1272.0,FOREST,0.354,,N1,NEWS-NH10-20221009_N1_2017,2017.0,59.5,155.6,551.7,0.2869,,63.3,3.0,,-1.435714285714293,0,1,0,0,0,1,0,0,2
NEWS-NH10-20221009,2017-07-22,,N1,0,0,0,14.9,130.9,151.3,545.6,-48.4,99.9,-1.639,0,0.2817,PROXY-spatial,0.0018,-0.039,,ABSTAIN-flat,,9,20.75,4,0.8,370.0,252.0,-0.0056,7.73,0.4,1.379,0.822,566.6,1272.0,FOREST,0.354,,N1,NEWS-NH10-20221009_N1_2017,2017.0,51.4,162.8,560.9,0.2799,,63.3,3.0,,13.132142857142856,0,1,0,0,0,1,0,0,2
NEWS-NH10-20221009,2017-07-23,,N1,0,0,0,10.1,88.3,158.9,554.0,-4.8,54.9,9.48,0,0.2806,PROXY-spatial,-0.0013,-0.0325,,ABSTAIN-flat,,9,20.75,4,0.8,370.0,252.0,-0.0056,7.73,0.4,1.379,0.822,566.6,1272.0,FOREST,0.354,,N1,NEWS-NH10-20221009_N1_2017,2017.0,104.0,92.5,563.4,0.2819,,63.3,4.0,,18.882142857142856,0,1,0,0,0,1,0,0,2
NEWS-NH10-20221009,2017-07-24,,N1,0,0,0,18.2,43.2,168.8,562.1,8.1,18.6,13.142,0,0.2833,REAL,0.0027,-0.0158,,ABSTAIN-flat,,9,20.75,4,0.8,370.0,252.0,-0.0056,7.73,0.4,1.379,0.822,566.6,1272.0,FOREST,0.354,,N1,NEWS-NH10-20221009_N1_2017,2017.0,150.2,76.8,567.8,0.2806,,63.3,5.0,,21.078571428571433,0,1,0,0,0,1,0,0,2
NEWS-NH10-20221009,2017-07-25,,N1,0,0,0,41.2,69.4,203.2,593.9,23.0,51.9,20.526,0,0.2811,REAL,-0.0006,-0.0058,,ABSTAIN-flat,,9,20.75,4,0.8,370.0,252.0,-0.0056,7.73,0.4,1.379,0.822,566.6,1272.0,FOREST,0.354,,N1,NEWS-NH10-20221009_N1_2017,2017.0,151.3,59.5,567.7,0.2817,,63.3,6.0,,21.203571428571436,0,1,0,0,0,1,0,0,2
NEWS-NH10-20221009,2017-07-26,,N1,0,0,0,17.3,76.7,217.6,593.3,-23.9,58.7,23.75,0,0.2828,REAL,0.0022,0.0029,,ABSTAIN-flat,,9,20.75,4,0.8,370.0,252.0,-0.0056,7.73,0.4,1.379,0.822,566.6,1272.0,FOREST,0.354,,N1,NEWS-NH10-20221009_N1_2017,2017.0,158.9,51.4,499.3,0.2806,,63.3,7.0,,16.58214285714286,0,1,0,0,0,1,0,0,2
NEWS-NH10-20221009,2017-07-27,,N1,0,0,0,8.3,66.8,173.3,595.7,-9.0,4.5,9.904,0,0.282,REAL,-0.0013,0.0001,,ABSTAIN-flat,,9,20.75,4,0.8,370.0,252.0,-0.0056,7.73,0.4,1.379,0.822,566.6,1272.0,FOREST,0.354,,N1,NEWS-NH10-20221009_N1_2017,2017.0,168.8,104.0,493.6,0.2833,,63.3,6.0,,8.792857142857144,0,1,0,0,0,1,0,0,2
NEWS-NH10-20221009,2017-07-28,,N1,0,0,0,2.6,28.1,112.5,572.1,-5.7,-90.7,-5.391,0,0.277,PROXY-spatial,-0.0041,-0.0036,,ABSTAIN-flat,,9,20.75,4,0.8,370.0,252.0,-0.0056,7.73,0.4,1.379,0.822,566.6,1272.0,FOREST,0.354,,N1,NEWS-NH10-20221009_N1_2017,2017.0,203.2,150.2,535.9,0.2811,,41.2,5.0,,-1.3857142857142828,0,1,0,0,0,1,0,0,2
NEWS-NH10-20221009,2017-07-29,,N1,0,0,0,4.1,14.9,101.6,567.6,1.5,-116.0,-7.098,0,0.2789,PROXY-spatial,-0.0039,-0.0028,,ABSTAIN-flat,,9,20.75,4,0.8,370.0,252.0,-0.0056,7.73,0.4,1.379,0.822,566.6,1272.0,FOREST,0.354,,N1,NEWS-NH10-20221009_N1_2017,2017.0,217.6,151.3,545.6,0.2828,,41.2,4.0,,-11.228571428571431,0,1,0,0,0,1,0,0,2
NEWS-RONGEY-20220628,2022-04-29,60.0,bg,0,0,0,0.0,5.1,14.0,364.0,0.0,-18.3,-7.4,2,,MISSING (window-absent),,,1.787,ANALYTICAL-ensemble,0.021,8,14.52,1,18.9,1857.0,103.0,-0.0033,5.17,20.5,0.0,0.829,1142.8,2265.9,FOREST,0.258,470.2,POS,NEWS-RONGEY-20220628,,,,,,,0.0,0.0,1.787,,1,0,0,0,0,1,0,0,1
NEWS-RONGEY-20220628,2022-04-30,59.0,bg,0,0,0,15.9,15.9,27.6,367.3,15.9,1.4,-5.786,0,,MISSING (window-absent),,,1.779,ANALYTICAL-ensemble,0.013,8,14.52,1,18.9,1857.0,103.0,-0.0033,5.17,20.5,0.0,0.829,1142.8,2265.9,FOREST,0.258,470.2,POS,NEWS-RONGEY-20220628,,,,,,,15.9,1.0,1.779,,1,0,0,0,0,1,0,0,1
NEWS-RONGEY-20220628,2022-05-01,58.0,bg,0,0,0,2.0,17.9,23.2,319.6,-13.9,-2.7,-6.857,1,,MISSING (window-absent),,,1.794,ANALYTICAL-ensemble,0.028,8,14.52,1,18.9,1857.0,103.0,-0.0033,5.17,20.5,0.0,0.829,1142.8,2265.9,FOREST,0.258,470.2,POS,NEWS-RONGEY-20220628,,,,,,,15.9,1.0,1.779,,1,0,0,0,0,1,0,0,1
NEWS-RONGEY-20220628,2022-05-02,57.0,bg,0,0,0,1.2,19.1,24.4,316.2,-0.8,10.4,-1.3,2,,MISSING (window-absent),,,1.799,ANALYTICAL-ensemble,0.033,8,14.52,1,18.9,1857.0,103.0,-0.0033,5.17,20.5,0.0,0.829,1142.8,2265.9,FOREST,0.258,470.2,POS,NEWS-RONGEY-20220628,,14.0,,,,,15.9,1.0,1.779,2.6800000000000015,1,0,0,0,0,1,0,0,1
NEWS-RONGEY-20220628,2022-05-03,56.0,bg,0,0,0,4.7,7.9,29.0,293.5,3.5,1.4,-0.471,0,,MISSING (window-absent),,,1.801,ANALYTICAL-ensemble,0.032,8,14.52,1,18.9,1857.0,103.0,-0.0033,5.17,20.5,0.0,0.829,1142.8,2265.9,FOREST,0.258,470.2,POS,NEWS-RONGEY-20220628,,27.6,,,,,15.9,1.0,1.779,2.679999999999999,1,0,0,0,0,1,0,0,1
NEWS-RONGEY-20220628,2022-05-04,55.0,bg,0,0,0,17.0,22.9,40.8,293.2,12.3,17.6,2.086,0,,MISSING (window-absent),,,1.799,ANALYTICAL-ensemble,0.023,8,14.52,1,18.9,1857.0,103.0,-0.0033,5.17,20.5,0.0,0.829,1142.8,2265.9,FOREST,0.258,470.2,POS,NEWS-RONGEY-20220628,,23.2,,,,,17.0,2.0,1.779,3.9828571428571413,1,0,0,0,0,1,0,0,1
NEWS-RONGEY-20220628,2022-05-05,54.0,bg,0,0,0,10.7,32.4,51.5,287.4,-6.3,27.1,3.657,0,,MISSING (window-absent),,,1.798,ANALYTICAL-ensemble,0.021,8,14.52,1,18.9,1857.0,103.0,-0.0033,5.17,20.5,0.0,0.829,1142.8,2265.9,FOREST,0.258,470.2,POS,NEWS-RONGEY-20220628,,24.4,,,,,17.0,3.0,1.779,5.167857142857142,1,0,0,0,0,1,0,0,1
NEWS-RONGEY-20220628,2022-05-06,53.0,bg,0,0,0,0.0,27.6,51.5,286.3,-10.7,22.5,5.357,1,0.2381,PROXY-spatial,,,1.801,ANALYTICAL-ensemble,0.014,8,14.52,1,18.9,1857.0,103.0,-0.0033,5.17,20.5,0.0,0.829,1142.8,2265.9,FOREST,0.258,470.2,POS,NEWS-RONGEY-20220628,,29.0,14.0,364.0,,1.787,17.0,3.0,1.779,5.167857142857143,0,0,0,0,0,1,0,0,1
NEWS-RONGEY-20220628,2022-05-07,52.0,bg,0,0,0,1.1,11.8,36.7,239.9,1.1,-4.1,1.3,2,0.2381,PROXY-spatial,,,1.807,ANALYTICAL-ensemble,0.028,8,14.52,1,18.9,1857.0,103.0,-0.0033,5.17,20.5,0.0,0.829,1142.8,2265.9,FOREST,0.258,470.2,POS,NEWS-RONGEY-20220628,,40.8,27.6,367.3,,1.779,17.0,2.0,1.779,4.185714285714286,0,0,0,0,0,1,0,0,1
NEWS-RONGEY-20220628,2022-05-08,51.0,bg,0,0,0,0.0,1.1,34.7,215.5,-1.1,-16.8,1.643,3,0.2381,PROXY-spatial,,,1.81,ANALYTICAL-ensemble,0.016,8,14.52,1,18.9,1857.0,103.0,-0.0033,5.17,20.5,0.0,0.829,1142.8,2265.9,FOREST,0.258,470.2,POS,NEWS-RONGEY-20220628,,51.5,23.2,319.6,,1.794,17.0,2.0,1.779,2.0357142857142847,0,0,0,0,0,1,0,0,1
NEWS-RONGEY-20220628,2022-05-09,50.0,bg,0,0,0,0.0,1.1,33.4,197.7,0.0,-18.1,1.286,4,0.2381,PROXY-spatial,0.0,,1.813,ANALYTICAL-ensemble,0.014,8,14.52,1,18.9,1857.0,103.0,-0.0033,5.17,20.5,0.0,0.829,1142.8,2265.9,FOREST,0.258,470.2,POS,NEWS-RONGEY-20220628,,51.5,24.4,316.2,0.2381,1.799,17.0,2.0,1.779,-0.4928571428571436,0,0,0,0,0,1,0,0,1
NEWS-RONGEY-20220628,2022-05-10,49.0,bg,0,0,0,8.2,8.2,36.9,174.4,8.2,0.2,1.129,0,0.2546,PROXY-spatial,0.0165,,1.814,ANALYTICAL-ensemble,0.013,8,14.52,1,18.9,1857.0,103.0,-0.0033,5.17,20.5,0.0,0.829,1142.8,2265.9,FOREST,0.258,470.2,POS,NEWS-RONGEY-20220628,,36.7,29.0,293.5,0.2381,1.801,17.0,2.0,1.779,-2.3107142857142877,0,0,0,0,0,1,0,0,1
NEWS-RONGEY-20220628,2022-05-11,48.0,bg,0,0,0,34.7,42.9,54.6,200.9,26.5,19.9,1.971,0,0.2546,PROXY-spatial,0.0165,,1.807,ANALYTICAL-ensemble,0.008,8,14.52,1,18.9,1857.0,103.0,-0.0033,5.17,20.5,0.0,0.829,1142.8,2265.9,FOREST,0.258,470.2,POS,NEWS-RONGEY-20220628,,34.7,40.8,293.2,0.2381,1.799,34.7,2.0,1.779,-0.82857142857143,0,0,0,0,0,1,0,0,1
NEWS-RONGEY-20220628,2022-05-12,47.0,bg,0,0,0,17.0,59.8,60.9,217.9,-17.7,27.5,1.343,0,0.2329,PROXY-spatial,-0.0052,,1.805,ANALYTICAL-ensemble,0.007,8,14.52,1,18.9,1857.0,103.0,-0.0033,5.17,20.5,0.0,0.829,1142.8,2265.9,FOREST,0.258,470.2,POS,NEWS-RONGEY-20220628,,33.4,51.5,287.4,0.2381,1.798,34.7,2.0,1.779,2.364285714285714,0,0,0,0,0,1,0,0,1
NEWS-RONGEY-20220628,2022-05-13,46.0,bg,0,0,0,22.3,74.0,83.2,235.3,5.3,46.3,4.529,0,0.2247,PROXY-spatial,-0.0299,-0.0134,1.8,ANALYTICAL-ensemble,-0.001,8,14.52,1,18.9,1857.0,103.0,-0.0033,5.17,20.5,0.0,0.829,1142.8,2265.9,FOREST,0.258,470.2,POS,NEWS-RONGEY-20220628,,36.9,51.5,286.3,0.2546,1.801,34.7,3.0,1.779,7.6107142857142875,0,0,0,0,0,1,0,0,1
NEWS-RONGEY-20220628,2022-05-14,45.0,bg,0,0,0,8.1,47.3,90.2,242.5,-14.2,35.6,7.643,0,0.2182,PROXY-spatial,-0.0364,-0.0199,1.791,ANALYTICAL-ensemble,-0.016,8,14.52,1,18.9,1857.0,103.0,-0.0033,5.17,20.5,0.0,0.829,1142.8,2265.9,FOREST,0.258,470.2,POS,NEWS-RONGEY-20220628,,54.6,36.7,239.9,0.2546,1.807,34.7,3.0,1.791,10.360714285714286,0,0,0,0,0,1,0,0,1
NEWS-RONGEY-20220628,2022-05-15,44.0,bg,0,0,0,4.6,34.9,94.8,227.2,-3.5,33.9,8.586,0,0.2226,PROXY-spatial,-0.0103,-0.0155,1.798,ANALYTICAL-ensemble,-0.012,8,14.52,1,18.9,1857.0,103.0,-0.0033,5.17,20.5,0.0,0.829,1142.8,2265.9,FOREST,0.258,470.2,POS,NEWS-RONGEY-20220628,,60.9,34.7,215.5,0.2329,1.81,34.7,3.0,1.791,11.407142857142858,0,0,0,0,0,1,0,0,1
NEWS-RONGEY-20220628,2022-05-16,43.0,bg,0,0,0,37.0,49.7,131.8,264.2,32.4,48.6,14.057,0,0.2018,PROXY-spatial,-0.0229,-0.0363,1.791,ANALYTICAL-ensemble,-0.022,8,14.52,1,18.9,1857.0,103.0,-0.0033,5.17,20.5,0.0,0.829,1142.8,2265.9,FOREST,0.258,470.2,POS,NEWS-RONGEY-20220628,,83.2,33.4,197.7,0.2247,1.813,37.0,4.0,1.791,14.085714285714285,0,0,0,0,0,1,0,0,1
NEWS-RONGEY-20220628,2022-05-17,42.0,bg,0,0,0,14.3,55.9,138.0,275.2,-22.7,47.8,14.443,0,0.2022,PROXY-spatial,-0.016,-0.0524,1.788,ANALYTICAL-ensemble,-0.026,8,14.52,1,18.9,1857.0,103.0,-0.0033,5.17,20.5,0.0,0.829,1142.8,2265.9,FOREST,0.258,470.2,POS,NEWS-RONGEY-20220628,,90.2,36.9,174.4,0.2182,1.814,37.0,5.0,1.788,14.414285714285716,0,0,0,0,0,1,0,0,1
NEWS-RONGEY-20220628,2022-05-18,41.0,bg,0,0,0,2.8,54.2,106.1,240.3,-11.5,11.3,7.357,0,0.2114,PROXY-spatial,-0.0112,-0.0432,1.789,ANALYTICAL-ensemble,-0.018,8,14.52,1,18.9,1857.0,103.0,-0.0033,5.17,20.5,0.0,0.829,1142.8,2265.9,FOREST,0.258,470.2,POS,NEWS-RONGEY-20220628,,94.8,54.6,200.9,0.2226,1.807,37.0,4.0,1.788,10.24285714285714,0,0,0,0,0,1,0,0,1
NEWS-RONGEY-20220628,2022-05-19,40.0,bg,0,0,0,23.1,40.2,112.2,262.0,20.3,-19.6,7.329,0,0.2181,PROXY-spatial,0.0163,-0.0148,1.789,ANALYTICAL-ensemble,-0.016,8,14.52,1,18.9,1857.0,103.0,-0.0033,5.17,20.5,0.0,0.829,1142.8,2265.9,FOREST,0.258,470.2,POS,NEWS-RONGEY-20220628,,131.8,60.9,217.9,0.2018,1.805,37.0,4.0,1.788,5.7857142857142865,0,0,0,0,0,1,0,0,1
NEWS-RONGEY-20220628,2022-05-20,39.0,bg,0,0,0,16.9,42.7,106.8,267.6,-6.2,-31.2,3.371,0,0.2199,PROXY-spatial,0.0177,-0.0048,1.788,ANALYTICAL-ensemble,-0.012,8,14.52,1,18.9,1857.0,103.0,-0.0033,5.17,20.5,0.0,0.829,1142.8,2265.9,FOREST,0.258,470.2,POS,NEWS-RONGEY-20220628,,138.0,83.2,235.3,0.2022,1.8,37.0,4.0,1.788,2.103571428571432,0,0,0,0,0,1,0,0,1
NEWS-RONGEY-20220628,2022-05-21,38.0,bg,0,0,0,23.3,63.3,122.0,290.7,6.4,15.9,4.543,0,0.2267,PROXY-spatial,0.0153,0.0085,1.778,ANALYTICAL-ensemble,-0.013,8,14.52,1,18.9,1857.0,103.0,-0.0033,5.17,20.5,0.0,0.829,1142.8,2265.9,FOREST,0.258,470.2,POS,NEWS-RONGEY-20220628,,106.1,90.2,242.5,0.2114,1.791,37.0,5.0,1.778,0.20714285714284233,0,0,0,0,0,1,0,0,1
NEWS-RONGEY-20220628,2022-05-22,37.0,bg,0,0,0,9.7,49.9,127.1,288.5,-13.6,14.9,4.614,0,0.2327,PROXY-spatial,0.0146,0.0101,1.776,ANALYTICAL-ensemble,-0.022,8,14.52,1,18.9,1857.0,103.0,-0.0033,5.17,20.5,0.0,0.829,1142.8,2265.9,FOREST,0.258,470.2,POS,NEWS-RONGEY-20220628,,112.2,94.8,227.2,0.2181,1.798,37.0,5.0,1.776,-1.6214285714285774,0,0,0,0,0,1,0,0,1
NEWS-RONGEY-20220628,2022-05-23,36.0,bg,0,0,0,27.7,60.7,117.8,313.9,18.0,11.0,-2.0,0,0.2552,PROXY-spatial,0.0353,0.0534,1.775,ANALYTICAL-ensemble,-0.016,8,14.52,1,18.9,1857.0,103.0,-0.0033,5.17,20.5,0.0,0.829,1142.8,2265.9,FOREST,0.258,470.2,POS,NEWS-RONGEY-20220628,,106.8,131.8,264.2,0.2199,1.791,27.7,5.0,1.775,-0.31428571428571644,0,0,0,0,0,1,0,0,1
NEWS-RONGEY-20220628,2022-05-24,35.0,bg,0,0,0,0.0,37.4,103.4,307.4,-27.7,-18.6,-4.943,1,0.2518,PROXY-spatial,0.0251,0.0496,1.772,ANALYTICAL-ensemble,-0.016,8,14.52,1,18.9,1857.0,103.0,-0.0033,5.17,20.5,0.0,0.829,1142.8,2265.9,FOREST,0.258,470.2,POS,NEWS-RONGEY-20220628,,122.0,138.0,275.2,0.2267,1.788,27.7,4.0,1.772,0.8357142857142841,0,0,0,0,0,1,0,0,1
NEWS-RONGEY-20220628,2022-05-25,34.0,bg,0,0,0,0.0,27.7,100.6,307.4,0.0,-26.5,-0.786,2,0.2488,PROXY-spatial,0.0161,0.0374,1.775,ANALYTICAL-ensemble,-0.014,8,14.52,1,18.9,1857.0,103.0,-0.0033,5.17,20.5,0.0,0.829,1142.8,2265.9,FOREST,0.258,470.2,POS,NEWS-RONGEY-20220628,,127.1,106.1,240.3,0.2327,1.789,27.7,4.0,1.772,-1.6357142857142835,0,0,0,0,0,1,0,0,1
NEWS-RONGEY-20220628,2022-05-26,33.0,bg,0,0,0,45.7,45.7,123.3,353.0,45.7,5.5,1.586,0,0.2553,PROXY-spatial,0.0001,0.0372,1.774,ANALYTICAL-ensemble,-0.015,8,14.52,1,18.9,1857.0,103.0,-0.0033,5.17,20.5,0.0,0.829,1142.8,2265.9,FOREST,0.258,470.2,POS,NEWS-RONGEY-20220628,,117.8,112.2,262.0,0.2552,1.789,45.7,4.0,1.772,-0.6071428571428626,0,0,0,0,0,1,0,0,1
NEWS-RONGEY-20220628,2022-05-27,32.0,bg,0,0,0,8.7,54.4,115.1,356.6,-37.0,11.7,1.186,0,0.2626,PROXY-spatial,0.0108,0.0427,1.765,ANALYTICAL-ensemble,-0.023,8,14.52,1,18.9,1857.0,103.0,-0.0033,5.17,20.5,0.0,0.829,1142.8,2265.9,FOREST,0.258,470.2,POS,NEWS-RONGEY-20220628,,103.4,106.8,267.6,0.2518,1.788,45.7,3.0,1.765,-1.6249999999999973,0,0,0,0,0,1,0,0,1
NEWS-RONGEY-20220628,2022-05-28,31.0,bg,0,0,0,60.8,115.2,152.5,417.3,52.1,51.9,4.357,0,0.25,PROXY-spatial,0.0012,0.0233,1.739,ANALYTICAL-ensemble,-0.039,8,14.52,1,18.9,1857.0,103.0,-0.0033,5.17,20.5,0.0,0.829,1142.8,2265.9,FOREST,0.258,470.2,POS,NEWS-RONGEY-20220628,,100.6,122.0,290.7,0.2488,1.778,60.8,3.0,1.739,3.2392857142857223,0,0,0,0,0,1,0,0,1
NEWS-RONGEY-20220628,2022-05-29,30.0,pre,0,0,0,0.7,70.1,143.5,418.0,-60.1,20.2,2.343,1,0.2306,PROXY-spatial,-0.0247,-0.0021,1.735,ANALYTICAL-ensemble,-0.041,8,14.52,1,18.9,1857.0,103.0,-0.0033,5.17,20.5,0.0,0.829,1142.8,2265.9,FOREST,0.258,470.2,POS,NEWS-RONGEY-20220628,,123.3,127.1,288.5,0.2553,1.776,60.8,3.0,1.735,6.778571428571428,0,0,0,0,0,1,0,0,1
NEWS-RONGEY-20220628,2022-05-30,29.0,pre,0,0,0,21.5,83.0,137.4,423.6,20.8,22.3,2.8,0,0.2412,PROXY-spatial,-0.0214,-0.014,1.743,ANALYTICAL-ensemble,-0.032,8,14.52,1,18.9,1857.0,103.0,-0.0033,5.17,20.5,0.0,0.829,1142.8,2265.9,FOREST,0.258,470.2,POS,NEWS-RONGEY-20220628,,115.1,117.8,313.9,0.2626,1.775,60.8,3.0,1.735,7.749999999999999,0,0,0,0,0,1,0,0,1
NEWS-RONGEY-20220628,2022-05-31,28.0,pre,0,0,0,3.3,25.5,140.6,424.9,-18.2,-11.9,5.314,0,0.243,PROXY-spatial,-0.007,-0.0088,1.742,ANALYTICAL-ensemble,-0.03,8,14.52,1,18.9,1857.0,103.0,-0.0033,5.17,20.5,0.0,0.829,1142.8,2265.9,FOREST,0.258,470.2,POS,NEWS-RONGEY-20220628,,152.5,103.4,307.4,0.25,1.772,60.8,3.0,1.735,6.307142857142862,0,0,0,0,0,1,0,0,1
NEWS-RONGEY-20220628,2022-06-01,27.0,pre,0,0,0,0.8,25.6,141.5,424.5,-2.5,-2.0,5.843,1,0.2433,PROXY-spatial,0.0127,-0.0055,1.742,ANALYTICAL-ensemble,-0.033,8,14.52,1,18.9,1857.0,103.0,-0.0033,5.17,20.5,0.0,0.829,1142.8,2265.9,FOREST,0.258,470.2,POS,NEWS-RONGEY-20220628,,143.5,100.6,307.4,0.2306,1.775,60.8,3.0,1.735,3.2321428571428563,0,0,0,0,0,1,0,0,1
NEWS-RONGEY-20220628,2022-06-02,26.0,pre,0,0,0,11.7,15.8,107.4,431.4,10.9,-30.0,-2.271,0,0.2254,PROXY-spatial,-0.0158,-0.0299,1.742,ANALYTICAL-ensemble,-0.032,8,14.52,1,18.9,1857.0,103.0,-0.0033,5.17,20.5,0.0,0.829,1142.8,2265.9,FOREST,0.258,470.2,POS,NEWS-RONGEY-20220628,,137.4,123.3,353.0,0.2412,1.774,60.8,3.0,1.735,-1.7142857142857202,0,0,0,0,0,1,0,0,1
NEWS-RONGEY-20220628,2022-06-03,25.0,pre,0,0,0,30.9,43.4,129.6,445.3,19.2,-11.0,2.071,0,0.223,PROXY-spatial,-0.02,-0.0396,1.739,ANALYTICAL-ensemble,-0.026,8,14.52,1,18.9,1857.0,103.0,-0.0033,5.17,20.5,0.0,0.829,1142.8,2265.9,FOREST,0.258,470.2,POS,NEWS-RONGEY-20220628,,140.6,115.1,356.6,0.243,1.765,60.8,4.0,1.735,-4.885714285714289,0,0,0,0,0,1,0,0,1
NEWS-RONGEY-20220628,2022-06-04,24.0,pre,0,0,0,52.6,95.1,121.4,487.2,21.7,-20.1,-4.443,0,0.2266,PROXY-spatial,-0.0167,-0.0234,1.721,ANALYTICAL-ensemble,-0.018,8,14.52,1,18.9,1857.0,103.0,-0.0033,5.17,20.5,0.0,0.829,1142.8,2265.9,FOREST,0.258,470.2,POS,NEWS-RONGEY-20220628,,141.5,152.5,417.3,0.2433,1.739,52.6,4.0,1.721,-4.110714285714286,0,0,0,0,0,1,0,0,1
NEWS-RONGEY-20220628,2022-06-05,23.0,pre,0,0,0,28.6,112.0,149.3,515.8,-24.0,41.9,0.829,0,0.2322,PROXY-spatial,0.0068,0.0016,1.718,ANALYTICAL-ensemble,-0.017,8,14.52,1,18.9,1857.0,103.0,-0.0033,5.17,20.5,0.0,0.829,1142.8,2265.9,FOREST,0.258,470.2,POS,NEWS-RONGEY-20220628,,107.4,143.5,418.0,0.2254,1.735,52.6,5.0,1.718,-0.52142857142857,0,0,0,0,0,1,0,0,1
NEWS-RONGEY-20220628,2022-06-06,22.0,pre,0,0,0,6.5,87.7,134.3,521.3,-22.1,4.7,-0.443,0,0.2303,PROXY-spatial,0.0073,-0.0109,1.72,ANALYTICAL-ensemble,-0.023,8,14.52,1,18.9,1857.0,103.0,-0.0033,5.17,20.5,0.0,0.829,1142.8,2265.9,FOREST,0.258,470.2,POS,NEWS-RONGEY-20220628,,129.6,137.4,423.6,0.223,1.743,52.6,4.0,1.718,0.3821428571428564,0,0,0,0,0,1,0,0,1
NEWS-RONGEY-20220628,2022-06-07,21.0,pre,0,0,0,8.2,43.3,139.3,529.5,1.7,17.9,-0.186,0,0.2347,PROXY-spatial,0.0081,-0.0083,1.722,ANALYTICAL-ensemble,-0.02,8,14.52,1,18.9,1857.0,103.0,-0.0033,5.17,20.5,0.0,0.829,1142.8,2265.9,FOREST,0.258,470.2,POS,NEWS-RONGEY-20220628,,121.4,140.6,424.9,0.2266,1.742,52.6,4.0,1.718,2.3892857142857133,0,0,0,0,0,1,0,0,1
NEWS-RONGEY-20220628,2022-06-08,20.0,pre,0,0,0,38.2,52.9,176.6,567.7,30.0,27.3,5.014,0,0.2306,PROXY-spatial,-0.0016,-0.0127,1.714,ANALYTICAL-ensemble,-0.028,8,14.52,1,18.9,1857.0,103.0,-0.0033,5.17,20.5,0.0,0.829,1142.8,2265.9,FOREST,0.258,470.2,POS,NEWS-RONGEY-20220628,,149.3,141.5,424.5,0.2322,1.742,52.6,5.0,1.714,8.567857142857148,0,0,0,0,0,1,0,0,1
NEWS-RONGEY-20220628,2022-06-09,19.0,pre,0,0,0,40.7,87.1,205.6,600.2,2.5,71.3,14.029,0,0.2421,PROXY-spatial,0.0118,0.0167,1.711,ANALYTICAL-ensemble,-0.031,8,14.52,1,18.9,1857.0,103.0,-0.0033,5.17,20.5,0.0,0.829,1142.8,2265.9,FOREST,0.258,470.2,POS,NEWS-RONGEY-20220628,,134.3,107.4,431.4,0.2303,1.742,52.6,5.0,1.711,11.728571428571424,0,0,0,0,0,1,0,0,1
NEWS-RONGEY-20220628,2022-06-10,18.0,pre,0,0,0,39.2,118.1,214.0,604.7,-1.5,74.7,12.057,0,0.2478,PROXY-spatial,0.0131,0.0248,1.704,ANALYTICAL-ensemble,-0.035,8,14.52,1,18.9,1857.0,103.0,-0.0033,5.17,20.5,0.0,0.829,1142.8,2265.9,FOREST,0.258,470.2,POS,NEWS-RONGEY-20220628,,139.3,129.6,445.3,0.2347,1.739,52.6,5.0,1.704,15.45357142857142,0,0,0,0,0,1,0,0,1
NEWS-RONGEY-20220628,2022-06-11,17.0,pre,0,0,0,15.8,95.6,177.2,603.5,-23.4,0.6,7.971,0,0.246,PROXY-spatial,0.0154,0.0194,1.71,ANALYTICAL-ensemble,-0.011,8,14.52,1,18.9,1857.0,103.0,-0.0033,5.17,20.5,0.0,0.829,1142.8,2265.9,FOREST,0.258,470.2,POS,NEWS-RONGEY-20220628,,176.6,121.4,487.2,0.2306,1.721,40.7,5.0,1.704,11.049999999999992,0,0,0,0,0,1,0,0,1
NEWS-RONGEY-20220628,2022-06-12,16.0,pre,0,0,0,39.2,94.2,187.8,620.4,23.4,-17.8,5.5,0,0.2347,PROXY-spatial,-0.0074,0.0025,1.704,ANALYTICAL-ensemble,-0.014,8,14.52,1,18.9,1857.0,103.0,-0.0033,5.17,20.5,0.0,0.829,1142.8,2265.9,FOREST,0.258,470.2,POS,NEWS-RONGEY-20220628,,205.6,149.3,515.8,0.2421,1.718,40.7,5.0,1.704,9.774999999999999,0,0,0,0,0,1,0,0,1
NEWS-RONGEY-20220628,2022-06-13,15.0,pre,0,0,0,5.9,60.9,187.2,618.3,-33.3,-26.8,7.557,0,0.2291,PROXY-spatial,-0.0187,-0.0012,1.71,ANALYTICAL-ensemble,-0.01,8,14.52,1,18.9,1857.0,103.0,-0.0033,5.17,20.5,0.0,0.829,1142.8,2265.9,FOREST,0.258,470.2,POS,NEWS-RONGEY-20220628,,214.0,134.3,521.3,0.2478,1.72,40.7,5.0,1.704,4.917857142857138,0,0,0,0,0,1,0,0,1
NEWS-RONGEY-20220628,2022-06-14,14.0,pre,1,0,0,91.9,137.1,270.9,705.6,86.0,93.7,18.8,0,0.2275,PROXY-spatial,-0.0185,-0.0072,1.687,ANALYTICAL-ensemble,-0.035,8,14.52,1,18.9,1857.0,103.0,-0.0033,5.17,20.5,0.0,0.829,1142.8,2265.9,FOREST,0.258,470.2,POS,NEWS-RONGEY-20220628,,177.2,139.3,529.5,0.246,1.722,91.9,6.0,1.687,7.853571428571426,0,0,0,0,0,1,0,0,1
NEWS-RONGEY-20220628,2022-06-15,13.0,pre,1,0,0,74.6,172.4,307.3,743.1,-17.3,119.5,18.671,0,0.229,PROXY-spatial,-0.0057,-0.0016,1.684,ANALYTICAL-ensemble,-0.03,8,14.52,1,18.9,1857.0,103.0,-0.0033,5.17,20.5,0.0,0.829,1142.8,2265.9,FOREST,0.258,470.2,POS,NEWS-RONGEY-20220628,,187.8,176.6,567.7,0.2347,1.714,91.9,6.0,1.684,15.317857142857147,0,0,0,0,0,1,0,0,1
NEWS-RONGEY-20220628,2022-06-16,12.0,pre,1,0,0,40.8,207.3,307.4,769.6,-33.8,120.2,14.543,0,0.2284,PROXY-spatial,-0.0007,-0.0137,1.679,ANALYTICAL-ensemble,-0.032,8,14.52,1,18.9,1857.0,103.0,-0.0033,5.17,20.5,0.0,0.829,1142.8,2265.9,FOREST,0.258,470.2,POS,NEWS-RONGEY-20220628,,187.2,205.6,600.2,0.2291,1.711,91.9,6.0,1.679,22.26785714285715,0,0,0,0,0,1,0,0,1
NEWS-RONGEY-20220628,2022-06-17,11.0,pre,1,0,0,47.3,162.7,315.5,814.1,6.5,44.6,14.5,0,0.2288,PROXY-spatial,0.0013,-0.019,1.674,ANALYTICAL-ensemble,-0.03,8,14.52,1,18.9,1857.0,103.0,-0.0033,5.17,20.5,0.0,0.829,1142.8,2265.9,FOREST,0.258,470.2,POS,NEWS-RONGEY-20220628,,270.9,214.0,604.7,0.2275,1.704,91.9,6.0,1.674,27.650000000000002,0,0,0,0,0,1,0,0,1
NEWS-RONGEY-20220628,2022-06-18,10.0,pre,1,0,0,54.7,142.8,354.5,845.7,7.4,47.2,25.329,0,0.2372,PROXY-spatial,0.0082,-0.0088,1.674,ANALYTICAL-ensemble,-0.036,8,14.52,1,18.9,1857.0,103.0,-0.0033,5.17,20.5,0.0,0.829,1142.8,2265.9,FOREST,0.258,470.2,POS,NEWS-RONGEY-20220628,,307.3,177.2,603.5,0.229,1.71,91.9,6.0,1.674,28.328571428571436,0,0,0,0,0,1,0,0,1
NEWS-RONGEY-20220628,2022-06-19,9.0,pre,1,0,0,29.9,131.9,345.1,858.8,-24.8,37.7,22.471,0,0.2448,PROXY-spatial,0.0164,0.0101,1.674,ANALYTICAL-ensemble,-0.03,8,14.52,1,18.9,1857.0,103.0,-0.0033,5.17,20.5,0.0,0.829,1142.8,2265.9,FOREST,0.258,470.2,POS,NEWS-RONGEY-20220628,,307.4,187.8,620.4,0.2284,1.704,91.9,6.0,1.674,23.182142857142857,0,0,0,0,0,1,0,0,1
NEWS-RONGEY-20220628,2022-06-20,8.0,pre,1,0,0,106.4,191.0,445.6,941.9,76.5,130.1,36.914,0,0.2436,PROXY-spatial,0.0148,0.0145,1.674,ANALYTICAL-ensemble,-0.036,8,14.52,1,18.9,1857.0,103.0,-0.0033,5.17,20.5,0.0,0.829,1142.8,2265.9,FOREST,0.258,470.2,POS,NEWS-RONGEY-20220628,,315.5,187.2,618.3,0.2288,1.71,106.4,7.0,1.674,23.099999999999987,0,0,0,0,0,1,0,0,1
NEWS-RONGEY-20220628,2022-06-21,7.0,pre,1,1,0,88.4,224.7,442.1,1020.6,-18.0,87.6,24.457,0,0.234,REAL,-0.0032,0.0065,1.668,ANALYTICAL-ensemble,-0.019,8,14.52,1,18.9,1857.0,103.0,-0.0033,5.17,20.5,0.0,0.829,1142.8,2265.9,FOREST,0.258,470.2,POS,NEWS-RONGEY-20220628,,354.5,270.9,705.6,0.2372,1.687,106.4,7.0,1.668,25.371428571428574,0,0,0,0,0,1,0,0,1
NEWS-RONGEY-20220628,2022-06-22,6.0,pre,1,1,0,10.0,204.8,377.5,1002.9,-78.4,32.4,10.029,0,0.2342,REAL,-0.0106,0.0052,1.67,ANALYTICAL-ensemble,-0.014,8,14.52,1,18.9,1857.0,103.0,-0.0033,5.17,20.5,0.0,0.829,1142.8,2265.9,FOREST,0.258,470.2,POS,NEWS-RONGEY-20220628,,345.1,307.3,743.1,0.2448,1.684,106.4,7.0,1.668,19.807142857142843,0,0,0,0,0,1,0,0,1
NEWS-RONGEY-20220628,2022-06-23,5.0,pre,1,1,0,21.2,119.6,357.8,1024.0,11.2,-87.8,7.2,0,0.24,PROXY-spatial,-0.0036,0.0116,1.672,ANALYTICAL-ensemble,-0.007,8,14.52,1,18.9,1857.0,103.0,-0.0033,5.17,20.5,0.0,0.829,1142.8,2265.9,FOREST,0.258,470.2,POS,NEWS-RONGEY-20220628,,445.6,307.4,769.6,0.2436,1.679,106.4,7.0,1.668,9.639285714285718,0,0,0,0,0,1,0,0,1
NEWS-RONGEY-20220628,2022-06-24,4.0,pre,1,1,0,44.9,76.0,355.4,1068.9,23.7,-86.7,5.7,0,0.2347,PROXY-spatial,0.0007,0.0059,1.672,ANALYTICAL-ensemble,-0.002,8,14.52,1,18.9,1857.0,103.0,-0.0033,5.17,20.5,0.0,0.829,1142.8,2265.9,FOREST,0.258,470.2,POS,NEWS-RONGEY-20220628,,442.1,315.5,814.1,0.234,1.674,106.4,7.0,1.668,-1.4285714285714917,0,0,0,0,0,1,0,0,1
NEWS-RONGEY-20220628,2022-06-25,3.0,pre,1,1,0,3.1,69.1,303.8,1026.2,-41.8,-73.7,-7.243,0,0.2346,PROXY-spatial,0.0004,-0.0026,1.672,ANALYTICAL-ensemble,-0.002,8,14.52,1,18.9,1857.0,103.0,-0.0033,5.17,20.5,0.0,0.829,1142.8,2265.9,FOREST,0.258,470.2,POS,NEWS-RONGEY-20220628,,377.5,354.5,845.7,0.2342,1.674,106.4,6.0,1.668,-13.878571428571451,0,0,0,0,0,1,0,0,1
NEWS-RONGEY-20220628,2022-06-26,2.0,pre,1,1,0,26.1,74.1,300.0,1043.7,23.0,-57.8,-6.443,0,0.2477,PROXY-spatial,0.0077,0.0029,1.672,ANALYTICAL-ensemble,-0.002,8,14.52,1,18.9,1857.0,103.0,-0.0033,5.17,20.5,0.0,0.829,1142.8,2265.9,FOREST,0.258,470.2,POS,NEWS-RONGEY-20220628,,357.8,345.1,858.8,0.24,1.674,106.4,6.0,1.668,-26.26785714285714,0,0,0,0,0,1,0,0,1
NEWS-RONGEY-20220628,2022-06-27,1.0,pre,1,1,0,43.1,72.3,236.7,1026.1,17.0,-118.7,-29.843,0,0.2596,PROXY-spatial,0.0249,0.016,1.672,ANALYTICAL-ensemble,-0.002,8,14.52,1,18.9,1857.0,103.0,-0.0033,5.17,20.5,0.0,0.829,1142.8,2265.9,FOREST,0.258,470.2,POS,NEWS-RONGEY-20220628,,355.4,445.6,941.9,0.2347,1.674,88.4,6.0,1.668,-29.47142857142858,0,0,0,0,0,1,0,0,1
NEWS-RONGEY-20220628,2023-04-29,,N0,0,0,0,25.6,54.3,63.1,140.8,15.0,33.2,5.915,0,,MISSING (window-absent),,,1.813,ANALYTICAL-ensemble,-0.018,8,14.52,2,18.9,1857.0,103.0,-0.0033,5.17,20.5,0.0,0.829,1142.8,2265.9,FOREST,0.28,,N0,NEWS-RONGEY-20220628_N0_2023,2023.0,,,,,,25.6,1.0,1.813,,1,0,0,0,0,1,0,0,1
NEWS-RONGEY-20220628,2023-04-30,,N0,0,0,0,10.4,46.6,64.7,150.2,-15.2,17.8,4.894,0,,MISSING (window-absent),,,1.812,ANALYTICAL-ensemble,-0.02,8,14.52,2,18.9,1857.0,103.0,-0.0033,5.17,20.5,0.0,0.829,1142.8,2265.9,FOREST,0.28,,N0,NEWS-RONGEY-20220628_N0_2023,2023.0,,,,,,25.6,2.0,1.812,,1,0,0,0,0,1,0,0,1
NEWS-RONGEY-20220628,2023-05-01,,N0,0,0,0,34.8,70.9,99.6,171.0,24.4,54.3,9.928,0,,MISSING (window-absent),,,1.809,ANALYTICAL-ensemble,-0.034,8,14.52,2,18.9,1857.0,103.0,-0.0033,5.17,20.5,0.0,0.829,1142.8,2265.9,FOREST,0.28,,N0,NEWS-RONGEY-20220628_N0_2023,2023.0,,,,,,34.8,3.0,1.809,,1,0,0,0,0,1,0,0,1
NEWS-RONGEY-20220628,2023-05-02,,N0,0,0,0,10.6,55.8,110.1,170.5,-24.2,47.0,11.463,0,,MISSING (window-absent),,,1.807,ANALYTICAL-ensemble,-0.045,8,14.52,2,18.9,1857.0,103.0,-0.0033,5.17,20.5,0.0,0.829,1142.8,2265.9,FOREST,0.28,,N0,NEWS-RONGEY-20220628_N0_2023,2023.0,63.1,,,,,34.8,4.0,1.807,17.590000000000003,1,0,0,0,0,1,0,0,1
NEWS-RONGEY-20220628,2023-05-03,,N0,0,0,0,0.0,45.4,110.2,164.6,-10.6,45.5,11.477,1,,MISSING (window-absent),,,1.807,ANALYTICAL-ensemble,-0.046,8,14.52,2,18.9,1857.0,103.0,-0.0033,5.17,20.5,0.0,0.829,1142.8,2265.9,FOREST,0.28,,N0,NEWS-RONGEY-20220628_N0_2023,2023.0,64.7,,,,,34.8,4.0,1.807,13.959999999999999,1,0,0,0,0,1,0,0,1
NEWS-RONGEY-20220628,2023-05-04,,N0,0,0,0,4.9,15.5,97.0,160.0,4.9,-2.6,7.151,0,,MISSING (window-absent),,,1.807,ANALYTICAL-ensemble,-0.025,8,14.52,2,18.9,1857.0,103.0,-0.0033,5.17,20.5,0.0,0.829,1142.8,2265.9,FOREST,0.28,,N0,NEWS-RONGEY-20220628_N0_2023,2023.0,99.6,,,,,34.8,4.0,1.807,9.042857142857144,1,0,0,0,0,1,0,0,1
NEWS-RONGEY-20220628,2023-05-05,,N0,0,0,0,1.2,6.2,87.6,157.7,-3.7,-22.5,6.045,1,,MISSING (window-absent),,,1.81,ANALYTICAL-ensemble,-0.01,8,14.52,2,18.9,1857.0,103.0,-0.0033,5.17,20.5,0.0,0.829,1142.8,2265.9,FOREST,0.28,,N0,NEWS-RONGEY-20220628_N0_2023,2023.0,110.1,,,,,34.8,4.0,1.807,5.310714285714289,1,0,0,0,0,1,0,0,1
NEWS-RONGEY-20220628,2023-05-06,,N0,0,0,0,0.0,6.1,61.9,157.0,-1.2,-48.3,-0.17,2,,MISSING (window-absent),,,1.813,ANALYTICAL-ensemble,0.0,8,14.52,2,18.9,1857.0,103.0,-0.0033,5.17,20.5,0.0,0.829,1142.8,2265.9,FOREST,0.28,,N0,NEWS-RONGEY-20220628_N0_2023,2023.0,110.2,63.1,140.8,,1.813,34.8,3.0,1.807,-1.6250000000000004,1,0,0,0,0,1,0,0,1
NEWS-RONGEY-20220628,2023-05-07,,N0,0,0,0,0.4,1.6,52.0,152.7,0.4,-45.0,-1.818,3,,MISSING (window-absent),,,1.813,ANALYTICAL-ensemble,0.001,8,14.52,2,18.9,1857.0,103.0,-0.0033,5.17,20.5,0.0,0.829,1142.8,2265.9,FOREST,0.28,,N0,NEWS-RONGEY-20220628_N0_2023,2023.0,97.0,64.7,150.2,,1.812,34.8,2.0,1.807,-9.349999999999998,1,0,0,0,0,1,0,0,1
NEWS-RONGEY-20220628,2023-05-08,,N0,0,0,0,7.2,7.6,24.4,160.0,6.8,-63.2,-10.738,0,,MISSING (window-absent),,,1.813,ANALYTICAL-ensemble,0.004,8,14.52,2,18.9,1857.0,103.0,-0.0033,5.17,20.5,0.0,0.829,1142.8,2265.9,FOREST,0.28,,N0,NEWS-RONGEY-20220628_N0_2023,2023.0,87.6,99.6,171.0,,1.809,10.6,1.0,1.807,-14.592857142857158,1,0,0,0,0,1,0,0,1
NEWS-RONGEY-20220628,2023-05-09,,N0,0,0,0,5.9,13.5,19.7,165.8,-1.3,-42.2,-12.919,0,0.1702,PROXY-spatial,,,1.813,ANALYTICAL-ensemble,0.006,8,14.52,2,18.9,1857.0,103.0,-0.0033,5.17,20.5,0.0,0.829,1142.8,2265.9,FOREST,0.28,,N0,NEWS-RONGEY-20220628_N0_2023,2023.0,61.9,110.1,170.5,,1.807,7.2,0.0,1.807,-16.15357142857143,0,0,0,0,0,1,0,0,1
NEWS-RONGEY-20220628,2023-05-10,,N0,0,0,0,0.0,13.1,19.6,165.8,-5.9,-32.4,-12.939,1,0.1702,PROXY-spatial,,,1.813,ANALYTICAL-ensemble,0.006,8,14.52,2,18.9,1857.0,103.0,-0.0033,5.17,20.5,0.0,0.829,1142.8,2265.9,FOREST,0.28,,N0,NEWS-RONGEY-20220628_N0_2023,2023.0,52.0,110.2,164.6,,1.807,7.2,0.0,1.807,-14.48214285714286,0,0,0,0,0,1,0,0,1
NEWS-RONGEY-20220628,2023-05-11,,N0,0,0,0,0.0,5.9,14.7,160.2,0.0,-9.7,-11.754,2,0.1702,PROXY-spatial,,,1.814,ANALYTICAL-ensemble,0.007,8,14.52,2,18.9,1857.0,103.0,-0.0033,5.17,20.5,0.0,0.829,1142.8,2265.9,FOREST,0.28,,N0,NEWS-RONGEY-20220628_N0_2023,2023.0,24.4,97.0,160.0,,1.807,7.2,0.0,1.807,-11.98571428571428,0,0,0,0,0,1,0,0,1
NEWS-RONGEY-20220628,2023-05-12,,N0,0,0,0,0.0,0.0,13.5,160.2,0.0,-6.2,-10.583,3,0.1702,PROXY-spatial,0.0,,1.814,ANALYTICAL-ensemble,0.004,8,14.52,2,18.9,1857.0,103.0,-0.0033,5.17,20.5,0.0,0.829,1142.8,2265.9,FOREST,0.28,,N0,NEWS-RONGEY-20220628_N0_2023,2023.0,19.7,87.6,157.7,0.1702,1.81,7.2,0.0,1.807,-8.021428571428569,0,0,0,0,0,1,0,0,1
NEWS-RONGEY-20220628,2023-05-13,,N0,0,0,0,0.0,0.0,13.5,160.2,0.0,-6.1,-6.921,4,0.1702,PROXY-spatial,0.0,,1.814,ANALYTICAL-ensemble,0.001,8,14.52,2,18.9,1857.0,103.0,-0.0033,5.17,20.5,0.0,0.829,1142.8,2265.9,FOREST,0.28,,N0,NEWS-RONGEY-20220628_N0_2023,2023.0,19.6,61.9,157.0,0.1702,1.813,7.2,0.0,1.807,-5.082142857142859,0,0,0,0,0,1,0,0,1
NEWS-RONGEY-20220628,2023-05-14,,N0,0,0,0,0.0,0.0,13.1,160.2,0.0,-1.6,-5.553,5,0.1702,PROXY-spatial,0.0,,1.815,ANALYTICAL-ensemble,0.002,8,14.52,2,18.9,1857.0,103.0,-0.0033,5.17,20.5,0.0,0.829,1142.8,2265.9,FOREST,0.28,,N0,NEWS-RONGEY-20220628_N0_2023,2023.0,14.7,52.0,152.7,0.1702,1.813,7.2,0.0,1.807,-1.871428571428571,0,0,0,0,0,1,0,0,1
NEWS-RONGEY-20220628,2023-05-15,,N0,0,0,0,0.0,0.0,5.9,160.2,0.0,-7.6,-2.637,6,0.1702,PROXY-spatial,0.0,,1.815,ANALYTICAL-ensemble,0.002,8,14.52,2,18.9,1857.0,103.0,-0.0033,5.17,20.5,0.0,0.829,1142.8,2265.9,FOREST,0.28,,N0,NEWS-RONGEY-20220628_N0_2023,2023.0,13.5,24.4,160.0,0.1702,1.813,5.9,0.0,1.807,-1.9857142857142855,0,0,0,0,0,1,0,0,1
NEWS-RONGEY-20220628,2023-05-16,,N0,0,0,0,7.7,7.7,7.7,167.9,7.7,-5.8,-1.709,0,,MISSING (window-absent),,,1.814,ANALYTICAL-ensemble,0.001,8,14.52,2,18.9,1857.0,103.0,-0.0033,5.17,20.5,0.0,0.829,1142.8,2265.9,FOREST,0.28,,N0,NEWS-RONGEY-20220628_N0_2023,2023.0,13.5,19.7,165.8,0.1702,1.813,7.7,0.0,1.807,-1.9178571428571436,1,0,0,0,0,1,0,0,1
NEWS-RONGEY-20220628,2023-05-17,,N0,0,0,0,4.6,12.3,12.3,172.2,-3.1,-0.8,-1.046,0,,MISSING (window-absent),,,1.814,ANALYTICAL-ensemble,0.001,8,14.52,2,18.9,1857.0,103.0,-0.0033,5.17,20.5,0.0,0.829,1142.8,2265.9,FOREST,0.28,,N0,NEWS-RONGEY-20220628_N0_2023,2023.0,13.1,19.6,165.8,0.1702,1.813,7.7,0.0,1.807,-0.9428571428571417,1,0,0,0,0,1,0,0,1
NEWS-RONGEY-20220628,2023-05-18,,N0,0,0,0,22.3,34.5,34.5,194.2,17.7,28.6,2.827,0,,MISSING (window-absent),,,1.811,ANALYTICAL-ensemble,-0.003,8,14.52,2,18.9,1857.0,103.0,-0.0033,5.17,20.5,0.0,0.829,1142.8,2265.9,FOREST,0.28,,N0,NEWS-RONGEY-20220628_N0_2023,2023.0,5.9,14.7,160.2,0.1702,1.814,22.3,1.0,1.81,1.9714285714285722,1,0,0,0,0,1,0,0,1
NEWS-RONGEY-20220628,2023-05-19,,N0,0,0,0,20.7,47.6,55.2,214.9,-1.6,47.5,5.957,0,,MISSING (window-absent),,,1.807,ANALYTICAL-ensemble,-0.007,8,14.52,2,18.9,1857.0,103.0,-0.0033,5.17,20.5,0.0,0.829,1142.8,2265.9,FOREST,0.28,,N0,NEWS-RONGEY-20220628_N0_2023,2023.0,7.7,13.5,160.2,,1.814,22.3,2.0,1.807,6.224999999999999,1,0,0,0,0,1,0,0,1
NEWS-RONGEY-20220628,2023-05-20,,N0,0,0,0,8.6,51.5,63.8,222.5,-12.1,51.5,7.185,0,,MISSING (window-absent),,,1.805,ANALYTICAL-ensemble,-0.009,8,14.52,2,18.9,1857.0,103.0,-0.0033,5.17,20.5,0.0,0.829,1142.8,2265.9,FOREST,0.28,,N0,NEWS-RONGEY-20220628_N0_2023,2023.0,12.3,13.5,160.2,,1.814,22.3,2.0,1.805,9.910714285714286,1,0,0,0,0,1,0,0,1
NEWS-RONGEY-20220628,2023-05-21,,N0,0,0,0,0.0,29.3,63.8,210.2,-8.6,29.3,7.244,1,,MISSING (window-absent),,,1.807,ANALYTICAL-ensemble,-0.008,8,14.52,2,18.9,1857.0,103.0,-0.0033,5.17,20.5,0.0,0.829,1142.8,2265.9,FOREST,0.28,,N0,NEWS-RONGEY-20220628_N0_2023,2023.0,34.5,13.1,160.2,,1.815,22.3,2.0,1.805,11.742857142857142,1,0,0,0,0,1,0,0,1
NEWS-RONGEY-20220628,2023-05-22,,N0,0,0,0,8.4,17.0,72.3,210.8,8.4,17.1,9.49,0,,MISSING (window-absent),,,1.807,ANALYTICAL-ensemble,-0.008,8,14.52,2,18.9,1857.0,103.0,-0.0033,5.17,20.5,0.0,0.829,1142.8,2265.9,FOREST,0.28,,N0,NEWS-RONGEY-20220628_N0_2023,2023.0,55.2,5.9,160.2,,1.815,22.3,2.0,1.805,11.64642857142857,1,0,0,0,0,1,0,0,1
NEWS-RONGEY-20220628,2023-05-23,,N0,0,0,0,1.6,10.0,66.2,203.6,-6.8,2.4,8.364,1,,MISSING (window-absent),,,1.808,ANALYTICAL-ensemble,-0.006,8,14.52,2,18.9,1857.0,103.0,-0.0033,5.17,20.5,0.0,0.829,1142.8,2265.9,FOREST,0.28,,N0,NEWS-RONGEY-20220628_N0_2023,2023.0,63.8,7.7,167.9,,1.814,22.3,2.0,1.805,8.782142857142857,1,0,0,0,0,1,0,0,1
NEWS-RONGEY-20220628,2023-05-24,,N0,0,0,0,28.0,38.0,89.6,231.6,26.4,25.8,11.046,0,,MISSING (window-absent),,,1.806,ANALYTICAL-ensemble,-0.008,8,14.52,2,18.9,1857.0,103.0,-0.0033,5.17,20.5,0.0,0.829,1142.8,2265.9,FOREST,0.28,,N0,NEWS-RONGEY-20220628_N0_2023,2023.0,63.8,12.3,172.2,,1.814,28.0,3.0,1.805,6.992857142857143,1,0,0,0,0,1,0,0,1
NEWS-RONGEY-20220628,2023-05-25,,N0,0,0,0,4.6,34.2,71.9,236.2,-23.4,-0.4,5.337,0,,MISSING (window-absent),,,1.8,ANALYTICAL-ensemble,-0.011,8,14.52,2,18.9,1857.0,103.0,-0.0033,5.17,20.5,0.0,0.829,1142.8,2265.9,FOREST,0.28,,N0,NEWS-RONGEY-20220628_N0_2023,2023.0,72.3,34.5,194.2,,1.811,28.0,2.0,1.8,3.717857142857142,1,0,0,0,0,1,0,0,1
NEWS-RONGEY-20220628,2023-05-26,,N0,0,0,0,53.8,86.3,105.0,290.0,49.2,38.8,7.112,0,,MISSING (window-absent),,,1.79,ANALYTICAL-ensemble,-0.017,8,14.52,2,18.9,1857.0,103.0,-0.0033,5.17,20.5,0.0,0.829,1142.8,2265.9,FOREST,0.28,,N0,NEWS-RONGEY-20220628_N0_2023,2023.0,66.2,55.2,214.9,,1.807,53.8,2.0,1.79,5.610714285714286,1,0,0,0,0,1,0,0,1
NEWS-RONGEY-20220628,2023-05-27,,N0,0,0,0,30.9,89.2,127.2,302.7,-22.9,37.6,9.054,0,,MISSING (window-absent),,,1.785,ANALYTICAL-ensemble,-0.02,8,14.52,2,18.9,1857.0,103.0,-0.0033,5.17,20.5,0.0,0.829,1142.8,2265.9,FOREST,0.28,,N0,NEWS-RONGEY-20220628_N0_2023,2023.0,89.6,63.8,222.5,,1.805,53.8,3.0,1.785,9.332142857142857,1,0,0,0,0,1,0,0,1
NEWS-RONGEY-20220628,2023-05-28,,N0,0,0,0,10.9,95.5,138.1,303.0,-20.0,66.2,10.611,0,,MISSING (window-absent),,,1.774,ANALYTICAL-ensemble,-0.033,8,14.52,2,18.9,1857.0,103.0,-0.0033,5.17,20.5,0.0,0.829,1142.8,2265.9,FOREST,0.28,,N0,NEWS-RONGEY-20220628_N0_2023,2023.0,71.9,63.8,210.2,,1.807,53.8,4.0,1.774,11.957142857142854,1,0,0,0,0,1,0,0,1
NEWS-RONGEY-20220628,2023-05-29,,N0,0,0,0,3.6,45.4,133.3,281.0,-7.3,28.3,8.721,0,,MISSING (window-absent),,,1.776,ANALYTICAL-ensemble,-0.031,8,14.52,2,18.9,1857.0,103.0,-0.0033,5.17,20.5,0.0,0.829,1142.8,2265.9,FOREST,0.28,,N0,NEWS-RONGEY-20220628_N0_2023,2023.0,105.0,72.3,210.8,,1.807,53.8,4.0,1.774,12.62857142857143,1,0,0,0,0,1,0,0,1
NEWS-RONGEY-20220628,2023-05-30,,N0,0,0,0,0.0,14.5,131.7,270.6,-3.6,4.5,9.359,1,,MISSING (window-absent),,,1.778,ANALYTICAL-ensemble,-0.03,8,14.52,2,18.9,1857.0,103.0,-0.0033,5.17,20.5,0.0,0.829,1142.8,2265.9,FOREST,0.28,,N0,NEWS-RONGEY-20220628_N0_2023,2023.0,127.2,66.2,203.6,,1.808,53.8,4.0,1.774,10.078571428571422,1,0,0,0,0,1,0,0,1
NEWS-RONGEY-20220628,2023-05-31,,N0,0,0,0,0.0,3.6,103.7,235.8,0.0,-34.4,2.02,2,,MISSING (window-absent),,,1.799,ANALYTICAL-ensemble,-0.007,8,14.52,2,18.9,1857.0,103.0,-0.0033,5.17,20.5,0.0,0.829,1142.8,2265.9,FOREST,0.28,,N0,NEWS-RONGEY-20220628_N0_2023,2023.0,138.1,89.6,231.6,,1.806,53.8,3.0,1.774,5.532142857142847,1,0,0,0,0,1,0,0,1
NEWS-RONGEY-20220628,2023-06-01,,N0,0,0,0,9.8,9.8,108.9,235.0,9.8,-24.4,5.288,0,0.2354,PROXY-spatial,,,1.8,ANALYTICAL-ensemble,0.0,8,14.52,2,18.9,1857.0,103.0,-0.0033,5.17,20.5,0.0,0.829,1142.8,2265.9,FOREST,0.28,,N0,NEWS-RONGEY-20220628_N0_2023,2023.0,133.3,71.9,236.2,,1.8,53.8,3.0,1.774,-1.4892857142857145,0,0,0,0,0,1,0,0,1
NEWS-RONGEY-20220628,2023-06-02,,N0,0,0,0,0.3,10.1,55.5,235.3,-9.5,-76.2,-7.066,1,0.2354,PROXY-spatial,,,1.802,ANALYTICAL-ensemble,0.012,8,14.52,2,18.9,1857.0,103.0,-0.0033,5.17,20.5,0.0,0.829,1142.8,2265.9,FOREST,0.28,,N0,NEWS-RONGEY-20220628_N0_2023,2023.0,131.7,105.0,290.0,,1.79,30.9,2.0,1.774,-10.82499999999999,0,0,0,0,0,1,0,0,1
NEWS-RONGEY-20220628,2023-06-03,,N0,0,0,0,0.6,10.6,25.2,230.9,0.3,-78.5,-14.575,2,0.2354,PROXY-spatial,,,1.802,ANALYTICAL-ensemble,0.017,8,14.52,2,18.9,1857.0,103.0,-0.0033,5.17,20.5,0.0,0.829,1142.8,2265.9,FOREST,0.28,,N0,NEWS-RONGEY-20220628_N0_2023,2023.0,103.7,127.2,302.7,,1.785,10.9,1.0,1.774,-18.467857142857145,0,0,0,0,0,1,0,0,1
NEWS-RONGEY-20220628,2023-06-04,,N0,0,0,0,2.3,3.2,16.6,232.0,1.7,-92.3,-17.359,3,0.2354,PROXY-spatial,0.0,,1.804,ANALYTICAL-ensemble,0.03,8,14.52,2,18.9,1857.0,103.0,-0.0033,5.17,20.5,0.0,0.829,1142.8,2265.9,FOREST,0.28,,N0,NEWS-RONGEY-20220628_N0_2023,2023.0,108.9,138.1,303.0,0.2354,1.774,9.8,0.0,1.774,-21.83214285714286,0,0,0,0,0,1,0,0,1
NEWS-RONGEY-20220628,2023-06-05,,N0,0,0,0,4.1,7.0,17.1,236.2,1.8,-38.4,-16.6,0,0.2354,PROXY-spatial,0.0,,1.804,ANALYTICAL-ensemble,0.028,8,14.52,2,18.9,1857.0,103.0,-0.0033,5.17,20.5,0.0,0.829,1142.8,2265.9,FOREST,0.28,,N0,NEWS-RONGEY-20220628_N0_2023,2023.0,55.5,133.3,281.0,0.2354,1.776,9.8,0.0,1.774,-21.48928571428571,0,0,0,0,0,1,0,0,1
NEWS-RONGEY-20220628,2023-06-06,,N0,0,0,0,17.6,24.1,34.7,253.4,13.5,9.5,-13.859,0,0.2354,PROXY-spatial,0.0,,1.801,ANALYTICAL-ensemble,0.023,8,14.52,2,18.9,1857.0,103.0,-0.0033,5.17,20.5,0.0,0.829,1142.8,2265.9,FOREST,0.28,,N0,NEWS-RONGEY-20220628_N0_2023,2023.0,25.2,131.7,270.6,0.2354,1.778,17.6,1.0,1.774,-15.339285714285719,0,0,0,0,0,1,0,0,1
NEWS-RONGEY-20220628,2023-06-07,,N0,0,0,0,1.1,22.9,35.9,247.3,-16.5,19.3,-9.688,1,0.2354,PROXY-spatial,0.0,,1.802,ANALYTICAL-ensemble,0.003,8,14.52,2,18.9,1857.0,103.0,-0.0033,5.17,20.5,0.0,0.829,1142.8,2265.9,FOREST,0.28,,N0,NEWS-RONGEY-20220628_N0_2023,2023.0,16.6,103.7,235.8,0.2354,1.799,17.6,1.0,1.774,-9.596428571428572,0,0,0,0,0,1,0,0,1
NEWS-RONGEY-20220628,2023-06-08,,N0,0,0,0,1.4,20.1,27.5,242.8,0.3,10.4,-11.63,2,0.2012,PROXY-spatial,-0.0342,-0.0342,1.804,ANALYTICAL-ensemble,0.004,8,14.52,2,18.9,1857.0,103.0,-0.0033,5.17,20.5,0.0,0.829,1142.8,2265.9,FOREST,0.28,,N0,NEWS-RONGEY-20220628_N0_2023,2023.0,17.1,108.9,235.0,0.2354,1.8,17.6,1.0,1.774,-1.5892857142857146,0,0,0,0,0,1,0,0,1
NEWS-RONGEY-20220628,2023-06-09,,N0,0,0,0,2.3,4.8,29.5,245.1,0.9,-5.2,-3.709,3,0.2012,PROXY-spatial,-0.0342,-0.0342,1.804,ANALYTICAL-ensemble,0.002,8,14.52,2,18.9,1857.0,103.0,-0.0033,5.17,20.5,0.0,0.829,1142.8,2265.9,FOREST,0.28,,N0,NEWS-RONGEY-20220628_N0_2023,2023.0,34.7,55.5,235.3,0.2354,1.802,17.6,1.0,1.774,1.9107142857142847,0,0,0,0,0,1,0,0,1
NEWS-RONGEY-20220628,2023-06-10,,N0,0,0,0,0.0,3.7,28.9,245.1,-2.3,-7.0,0.535,4,0.2419,PROXY-spatial,0.0065,0.0065,1.806,ANALYTICAL-ensemble,0.004,8,14.52,2,18.9,1857.0,103.0,-0.0033,5.17,20.5,0.0,0.829,1142.8,2265.9,FOREST,0.28,,N0,NEWS-RONGEY-20220628_N0_2023,2023.0,35.9,25.2,230.9,0.2354,1.802,17.6,1.0,1.774,1.946428571428572,0,0,0,0,0,1,0,0,1
NEWS-RONGEY-20220628,2023-06-11,,N0,0,0,0,0.4,2.8,27.0,245.6,0.4,-0.5,1.485,5,0.2354,PROXY-spatial,0.0342,0.0,1.807,ANALYTICAL-ensemble,0.003,8,14.52,2,18.9,1857.0,103.0,-0.0033,5.17,20.5,0.0,0.829,1142.8,2265.9,FOREST,0.28,,N0,NEWS-RONGEY-20220628_N0_2023,2023.0,27.5,16.6,232.0,0.2012,1.804,17.6,1.0,1.776,0.41785714285714315,0,0,0,0,0,1,0,0,1
NEWS-RONGEY-20220628,2023-06-12,,N0,0,0,0,18.4,18.9,41.3,264.0,18.0,11.8,3.457,0,0.2354,PROXY-spatial,0.0342,0.0,1.806,ANALYTICAL-ensemble,0.002,8,14.52,2,18.9,1857.0,103.0,-0.0033,5.17,20.5,0.0,0.829,1142.8,2265.9,FOREST,0.28,,N0,NEWS-RONGEY-20220628_N0_2023,2023.0,29.5,17.1,236.2,0.2012,1.804,18.4,2.0,1.778,0.12142857142857164,0,0,0,0,0,1,0,0,1
NEWS-RONGEY-20220628,2023-06-13,,N0,0,0,0,13.1,32.0,36.9,277.1,-5.3,8.0,0.311,0,0.2345,PROXY-spatial,-0.0074,-0.0009,1.799,ANALYTICAL-ensemble,-0.002,8,14.52,2,18.9,1857.0,103.0,-0.0033,5.17,20.5,0.0,0.829,1142.8,2265.9,FOREST,0.28,,N0,NEWS-RONGEY-20220628_N0_2023,2023.0,28.9,34.7,253.4,0.2419,1.801,18.4,2.0,1.799,1.003571428571426,0,0,0,0,0,1,0,0,1
NEWS-RONGEY-20220628,2023-06-14,,N0,0,0,0,11.2,42.8,46.9,288.3,-1.9,19.9,1.578,0,0.2361,PROXY-spatial,0.0007,0.0007,1.791,ANALYTICAL-ensemble,-0.011,8,14.52,2,18.9,1857.0,103.0,-0.0033,5.17,20.5,0.0,0.829,1142.8,2265.9,FOREST,0.28,,N0,NEWS-RONGEY-20220628_N0_2023,2023.0,27.0,35.9,247.3,0.2354,1.802,18.4,3.0,1.791,3.0499999999999985,0,0,0,0,0,1,0,0,1
NEWS-RONGEY-20220628,2023-06-15,,N0,0,0,0,38.7,63.0,84.2,319.3,27.5,42.9,8.105,0,0.2439,PROXY-spatial,0.0085,0.0427,1.789,ANALYTICAL-ensemble,-0.015,8,14.52,2,18.9,1857.0,103.0,-0.0033,5.17,20.5,0.0,0.829,1142.8,2265.9,FOREST,0.28,,N0,NEWS-RONGEY-20220628_N0_2023,2023.0,41.3,27.5,242.8,0.2354,1.804,38.7,4.0,1.789,7.499999999999999,0,0,0,0,0,1,0,0,1
NEWS-RONGEY-20220628,2023-06-16,,N0,0,0,0,23.8,73.7,105.7,338.6,-14.9,68.8,10.889,0,0.2489,PROXY-spatial,0.0144,0.0477,1.776,ANALYTICAL-ensemble,-0.028,8,14.52,2,18.9,1857.0,103.0,-0.0033,5.17,20.5,0.0,0.829,1142.8,2265.9,FOREST,0.28,,N0,NEWS-RONGEY-20220628_N0_2023,2023.0,36.9,29.5,245.1,0.2345,1.804,38.7,5.0,1.776,12.514285714285716,0,0,0,0,0,1,0,0,1
NEWS-RONGEY-20220628,2023-06-17,,N0,0,0,0,96.2,158.7,201.9,412.5,72.4,155.0,24.712,0,0.2418,PROXY-spatial,0.0057,-0.0001,1.747,ANALYTICAL-ensemble,-0.059,8,14.52,2,18.9,1857.0,103.0,-0.0033,5.17,20.5,0.0,0.829,1142.8,2265.9,FOREST,0.28,,N0,NEWS-RONGEY-20220628_N0_2023,2023.0,46.9,28.9,245.1,0.2361,1.806,96.2,6.0,1.747,25.028571428571432,0,0,0,0,0,1,0,0,1
NEWS-RONGEY-20220628,2023-06-18,,N0,0,0,0,60.9,181.0,262.4,452.7,-35.3,178.2,33.626,0,0.2423,PROXY-spatial,-0.0016,0.0069,1.721,ANALYTICAL-ensemble,-0.086,8,14.52,2,18.9,1857.0,103.0,-0.0033,5.17,20.5,0.0,0.829,1142.8,2265.9,FOREST,0.28,,N0,NEWS-RONGEY-20220628_N0_2023,2023.0,84.2,27.0,245.6,0.2439,1.807,96.2,7.0,1.721,37.574999999999996,0,0,0,0,0,1,0,0,1
NEWS-RONGEY-20220628,2023-06-19,,N0,0,0,0,128.1,285.2,372.1,572.3,67.2,266.4,47.251,0,0.2498,PROXY-spatial,0.0009,0.0144,1.688,ANALYTICAL-ensemble,-0.118,8,14.52,2,18.9,1857.0,103.0,-0.0033,5.17,20.5,0.0,0.829,1142.8,2265.9,FOREST,0.28,,N0,NEWS-RONGEY-20220628_N0_2023,2023.0,105.7,41.3,264.0,0.2489,1.806,128.1,7.0,1.688,55.510714285714286,0,0,0,0,0,1,0,0,1
NEWS-RONGEY-20220628,2023-06-20,,N0,0,0,0,27.5,216.5,386.4,599.8,-100.6,184.5,49.935,0,0.2521,PROXY-spatial,0.0103,0.0176,1.685,ANALYTICAL-ensemble,-0.114,8,14.52,2,18.9,1857.0,103.0,-0.0033,5.17,20.5,0.0,0.829,1142.8,2265.9,FOREST,0.28,,N0,NEWS-RONGEY-20220628_N0_2023,2023.0,201.9,36.9,277.1,0.2418,1.799,128.1,7.0,1.685,62.53571428571429,0,0,0,0,0,1,0,0,1
NEWS-RONGEY-20220628,2023-06-21,,N0,0,0,0,36.5,192.1,411.7,627.8,9.0,149.3,52.115,0,0.2563,PROXY-spatial,0.014,0.0202,1.689,ANALYTICAL-ensemble,-0.102,8,14.52,2,18.9,1857.0,103.0,-0.0033,5.17,20.5,0.0,0.829,1142.8,2265.9,FOREST,0.28,,N0,NEWS-RONGEY-20220628_N0_2023,2023.0,262.4,46.9,288.3,0.2423,1.791,128.1,7.0,1.685,61.217857142857135,0,0,0,0,0,1,0,0,1
NEWS-RONGEY-20220628,2023-06-22,,N0,0,0,0,22.6,86.6,395.6,648.8,-13.9,23.5,44.485,0,0.2631,PROXY-spatial,0.0133,0.0192,1.689,ANALYTICAL-ensemble,-0.1,8,14.52,2,18.9,1857.0,103.0,-0.0033,5.17,20.5,0.0,0.829,1142.8,2265.9,FOREST,0.28,,N0,NEWS-RONGEY-20220628_N0_2023,2023.0,372.1,84.2,319.3,0.2498,1.789,128.1,7.0,1.685,50.47499999999999,0,0,0,0,0,1,0,0,1
NEWS-RONGEY-20220628,2023-06-23,,N0,0,0,0,17.2,76.2,388.9,638.0,-5.4,2.5,40.453,0,0.2604,PROXY-spatial,0.0083,0.0115,1.69,ANALYTICAL-ensemble,-0.086,8,14.52,2,18.9,1857.0,103.0,-0.0033,5.17,20.5,0.0,0.829,1142.8,2265.9,FOREST,0.28,,N0,NEWS-RONGEY-20220628_N0_2023,2023.0,386.4,105.7,338.6,0.2521,1.776,128.1,7.0,1.685,30.964285714285708,0,0,0,0,0,1,0,0,1
NEWS-RONGEY-20220628,2023-06-24,,N0,0,0,0,9.2,49.0,302.0,642.6,-8.0,-109.7,14.299,0,0.2622,PROXY-spatial,0.0059,0.0204,1.689,ANALYTICAL-ensemble,-0.058,8,14.52,2,18.9,1857.0,103.0,-0.0033,5.17,20.5,0.0,0.829,1142.8,2265.9,FOREST,0.28,,N0,NEWS-RONGEY-20220628_N0_2023,2023.0,411.7,201.9,412.5,0.2563,1.747,128.1,6.0,1.685,5.771428571428569,0,0,0,0,0,1,0,0,1
NEWS-RONGEY-20220628,2023-06-25,,N0,0,0,0,17.4,43.8,258.4,606.2,8.2,-137.2,-0.572,0,0.2662,PROXY-spatial,0.0031,0.0239,1.704,ANALYTICAL-ensemble,-0.017,8,14.52,2,18.9,1857.0,103.0,-0.0033,5.17,20.5,0.0,0.829,1142.8,2265.9,FOREST,0.28,,N0,NEWS-RONGEY-20220628_N0_2023,2023.0,395.6,262.4,452.7,0.2631,1.721,128.1,6.0,1.685,-19.025,0,0,0,0,0,1,0,0,1
NEWS-RONGEY-20220628,2023-06-26,,N0,0,0,0,27.0,53.6,157.4,602.4,9.6,-231.5,-30.669,0,0.2597,PROXY-spatial,-0.0007,0.0099,1.703,ANALYTICAL-ensemble,0.015,8,14.52,2,18.9,1857.0,103.0,-0.0033,5.17,20.5,0.0,0.829,1142.8,2265.9,FOREST,0.28,,N0,NEWS-RONGEY-20220628_N0_2023,2023.0,388.9,372.1,572.3,0.2604,1.688,36.5,6.0,1.685,-38.828571428571436,0,0,0,0,0,1,0,0,1
NEWS-RONGEY-20220628,2023-06-27,,N0,0,0,0,35.1,79.5,164.9,626.6,8.1,-137.1,-31.649,0,0.2537,PROXY-spatial,-0.0085,0.0016,1.691,ANALYTICAL-ensemble,0.006,8,14.52,2,18.9,1857.0,103.0,-0.0033,5.17,20.5,0.0,0.829,1142.8,2265.9,FOREST,0.28,,N0,NEWS-RONGEY-20220628_N0_2023,2023.0,302.0,386.4,599.8,0.2622,1.685,36.5,6.0,1.685,-48.11785714285714,0,0,0,0,0,1,0,0,1
NEWS-RONGEY-20220628,2023-06-28,,N0,0,0,0,54.2,116.3,182.6,677.1,19.1,-75.8,-32.732,0,0.2506,PROXY-spatial,-0.0156,-0.0057,1.686,ANALYTICAL-ensemble,-0.003,8,14.52,2,18.9,1857.0,103.0,-0.0033,5.17,20.5,0.0,0.829,1142.8,2265.9,FOREST,0.28,,N0,NEWS-RONGEY-20220628_N0_2023,2023.0,258.4,411.7,627.8,0.2662,1.689,54.2,6.0,1.685,-43.985714285714316,0,0,0,0,0,1,0,0,1
NEWS-RONGEY-20220628,2018-05-27,,N1,0,0,0,13.1,50.9,248.5,468.1,-17.1,26.9,22.737,0,0.2183,PROXY-spatial,0.0226,0.068,1.722,ANALYTICAL-ensemble,-0.057,7,14.52,5,18.9,1857.0,103.0,-0.0033,5.17,20.5,0.0,0.829,1142.8,2265.9,FOREST,0.284,,N1,NEWS-RONGEY-20220628_N1_2018,2018.0,,,,,,13.1,1.0,1.722,,0,0,0,0,0,1,0,0,1
NEWS-RONGEY-20220628,2018-05-28,,N1,0,0,0,20.3,63.6,255.3,488.4,7.2,36.8,23.898,0,0.2183,PROXY-spatial,0.0226,0.068,1.721,ANALYTICAL-ensemble,-0.061,7,14.52,5,18.9,1857.0,103.0,-0.0033,5.17,20.5,0.0,0.829,1142.8,2265.9,FOREST,0.284,,N1,NEWS-RONGEY-20220628_N1_2018,2018.0,,,,,,20.3,2.0,1.721,,0,0,0,0,0,1,0,0,1
NEWS-RONGEY-20220628,2018-05-29,,N1,0,0,0,30.0,63.4,285.3,516.1,9.7,49.4,30.573,0,0.2641,PROXY-spatial,0.0684,0.1027,1.715,ANALYTICAL-ensemble,-0.078,7,14.52,5,18.9,1857.0,103.0,-0.0033,5.17,20.5,0.0,0.829,1142.8,2265.9,FOREST,0.284,,N1,NEWS-RONGEY-20220628_N1_2018,2018.0,,,,,,30.0,3.0,1.715,,0,0,0,0,0,1,0,0,1
NEWS-RONGEY-20220628,2018-05-30,,N1,0,0,0,0.4,50.7,210.7,482.1,-29.6,-37.8,11.736,1,0.2641,PROXY-spatial,0.0458,0.1027,1.723,ANALYTICAL-ensemble,-0.064,7,14.52,5,18.9,1857.0,103.0,-0.0033,5.17,20.5,0.0,0.829,1142.8,2265.9,FOREST,0.284,,N1,NEWS-RONGEY-20220628_N1_2018,2018.0,248.5,,,0.2183,,30.0,3.0,1.715,-8.339999999999986,0,0,0,0,0,1,0,0,1
NEWS-RONGEY-20220628,2018-05-31,,N1,0,0,0,0.0,30.4,101.7,479.7,-0.4,-153.6,-17.122,2,0.2683,PROXY-spatial,0.05,0.0726,1.731,ANALYTICAL-ensemble,0.005,7,14.52,5,18.9,1857.0,103.0,-0.0033,5.17,20.5,0.0,0.829,1142.8,2265.9,FOREST,0.284,,N1,NEWS-RONGEY-20220628_N1_2018,2018.0,255.3,,,0.2183,,30.0,3.0,1.715,-33.820000000000036,0,0,0,0,0,1,0,0,1
NEWS-RONGEY-20220628,2018-06-01,,N1,0,0,0,22.2,22.6,116.2,487.3,22.2,-169.1,-14.616,0,0.2756,PROXY-spatial,0.0115,0.0799,1.734,ANALYTICAL-ensemble,0.014,7,14.52,5,18.9,1857.0,103.0,-0.0033,5.17,20.5,0.0,0.829,1142.8,2265.9,FOREST,0.284,,N1,NEWS-RONGEY-20220628_N1_2018,2018.0,285.3,,,0.2641,,30.0,4.0,1.715,-34.19714285714284,0,0,0,0,0,1,0,0,1
NEWS-RONGEY-20220628,2018-06-02,,N1,0,0,0,2.6,24.8,88.6,489.1,-19.6,-122.1,-21.039,0,0.264,PROXY-spatial,-0.0001,0.0683,1.734,ANALYTICAL-ensemble,0.012,7,14.52,5,18.9,1857.0,103.0,-0.0033,5.17,20.5,0.0,0.829,1142.8,2265.9,FOREST,0.284,,N1,NEWS-RONGEY-20220628_N1_2018,2018.0,210.7,,,0.2641,,30.0,4.0,1.715,-33.62500000000001,0,0,0,0,0,1,0,0,1
NEWS-RONGEY-20220628,2018-06-03,,N1,0,0,0,6.8,31.6,82.3,485.6,4.2,-19.4,-23.75,0,0.257,PROXY-spatial,-0.0113,0.0387,1.734,ANALYTICAL-ensemble,0.012,7,14.52,5,18.9,1857.0,103.0,-0.0033,5.17,20.5,0.0,0.829,1142.8,2265.9,FOREST,0.284,,N1,NEWS-RONGEY-20220628_N1_2018,2018.0,101.7,248.5,468.1,0.2683,1.722,30.0,3.0,1.715,-35.960714285714296,0,0,0,0,0,1,0,0,1
NEWS-RONGEY-20220628,2018-06-04,,N1,0,0,0,0.0,9.4,62.0,483.0,-6.8,-54.2,-27.613,1,0.255,PROXY-spatial,-0.0206,0.0367,1.734,ANALYTICAL-ensemble,0.013,7,14.52,5,18.9,1857.0,103.0,-0.0033,5.17,20.5,0.0,0.829,1142.8,2265.9,FOREST,0.284,,N1,NEWS-RONGEY-20220628_N1_2018,2018.0,116.2,255.3,488.4,0.2756,1.721,30.0,2.0,1.715,-33.56428571428572,0,0,0,0,0,1,0,0,1
NEWS-RONGEY-20220628,2018-06-05,,N1,0,0,0,1.0,7.8,33.0,465.4,1.0,-55.6,-36.036,2,0.2326,PROXY-spatial,-0.0314,-0.0315,1.736,ANALYTICAL-ensemble,0.021,7,14.52,5,18.9,1857.0,103.0,-0.0033,5.17,20.5,0.0,0.829,1142.8,2265.9,FOREST,0.284,,N1,NEWS-RONGEY-20220628_N1_2018,2018.0,88.6,285.3,516.1,0.264,1.715,22.2,1.0,1.715,-23.085714285714282,0,0,0,0,0,1,0,0,1
NEWS-RONGEY-20220628,2018-06-06,,N1,0,0,0,1.9,2.9,34.5,461.8,0.9,-47.8,-25.166,3,0.2363,PROXY-spatial,-0.0207,-0.0278,1.741,ANALYTICAL-ensemble,0.018,7,14.52,5,18.9,1857.0,103.0,-0.0033,5.17,20.5,0.0,0.829,1142.8,2265.9,FOREST,0.284,,N1,NEWS-RONGEY-20220628_N1_2018,2018.0,82.3,210.7,482.1,0.257,1.723,22.2,1.0,1.715,-14.092857142857143,0,0,0,0,0,1,0,0,1
NEWS-RONGEY-20220628,2018-06-07,,N1,0,0,0,16.3,19.2,50.8,474.4,14.4,-11.2,-7.265,0,0.229,PROXY-spatial,-0.026,-0.0393,1.744,ANALYTICAL-ensemble,0.013,7,14.52,5,18.9,1857.0,103.0,-0.0033,5.17,20.5,0.0,0.829,1142.8,2265.9,FOREST,0.284,,N1,NEWS-RONGEY-20220628_N1_2018,2018.0,62.0,101.7,479.7,0.255,1.731,22.2,2.0,1.715,-12.632142857142856,0,0,0,0,0,1,0,0,1
NEWS-RONGEY-20220628,2018-06-08,,N1,0,0,0,10.9,29.1,39.5,469.4,-5.4,6.5,-10.957,0,0.2186,PROXY-spatial,-0.014,-0.057,1.74,ANALYTICAL-ensemble,0.006,7,14.52,5,18.9,1857.0,103.0,-0.0033,5.17,20.5,0.0,0.829,1142.8,2265.9,FOREST,0.284,,N1,NEWS-RONGEY-20220628_N1_2018,2018.0,33.0,116.2,487.3,0.2326,1.734,16.3,2.0,1.715,-8.492857142857146,0,0,0,0,0,1,0,0,1
NEWS-RONGEY-20220628,2018-06-09,,N1,0,0,0,6.4,33.7,43.3,474.7,-4.5,8.8,-6.472,0,0.2158,PROXY-spatial,-0.0205,-0.0482,1.735,ANALYTICAL-ensemble,0.001,7,14.52,5,18.9,1857.0,103.0,-0.0033,5.17,20.5,0.0,0.829,1142.8,2265.9,FOREST,0.284,,N1,NEWS-RONGEY-20220628_N1_2018,2018.0,34.5,88.6,489.1,0.2363,1.734,16.3,2.0,1.715,-5.149999999999996,0,0,0,0,0,1,0,0,1
NEWS-RONGEY-20220628,2018-06-10,,N1,0,0,0,0.6,17.9,37.1,457.3,-5.8,-13.7,-6.455,1,0.2117,PROXY-spatial,-0.0173,-0.0453,1.752,ANALYTICAL-ensemble,0.018,7,14.52,5,18.9,1857.0,103.0,-0.0033,5.17,20.5,0.0,0.829,1142.8,2265.9,FOREST,0.284,,N1,NEWS-RONGEY-20220628_N1_2018,2018.0,50.8,82.3,485.6,0.229,1.734,16.3,2.0,1.715,-1.7535714285714317,0,0,0,0,0,1,0,0,1
NEWS-RONGEY-20220628,2018-06-11,,N1,0,0,0,10.3,17.2,47.4,467.6,9.7,7.9,-2.081,0,0.2062,PROXY-spatial,-0.0124,-0.0488,1.756,ANALYTICAL-ensemble,0.022,7,14.52,5,18.9,1857.0,103.0,-0.0033,5.17,20.5,0.0,0.829,1142.8,2265.9,FOREST,0.284,,N1,NEWS-RONGEY-20220628_N1_2018,2018.0,39.5,62.0,483.0,0.2186,1.734,16.3,3.0,1.715,1.4607142857142856,0,0,0,0,0,1,0,0,1
NEWS-RONGEY-20220628,2018-06-12,,N1,0,0,0,37.4,48.3,83.8,505.0,27.1,40.5,7.252,0,0.2262,PROXY-spatial,0.0104,-0.0064,1.737,ANALYTICAL-ensemble,0.001,7,14.52,5,18.9,1857.0,103.0,-0.0033,5.17,20.5,0.0,0.829,1142.8,2265.9,FOREST,0.284,,N1,NEWS-RONGEY-20220628_N1_2018,2018.0,43.3,33.0,465.4,0.2158,1.736,37.4,4.0,1.723,4.953571428571429,0,0,0,0,0,1,0,0,1
NEWS-RONGEY-20220628,2018-06-13,,N1,0,0,0,12.9,60.6,94.8,503.0,-24.5,57.7,8.619,0,0.2147,PROXY-spatial,0.003,-0.0216,1.732,ANALYTICAL-ensemble,-0.009,7,14.52,5,18.9,1857.0,103.0,-0.0033,5.17,20.5,0.0,0.829,1142.8,2265.9,FOREST,0.284,,N1,NEWS-RONGEY-20220628_N1_2018,2018.0,37.1,34.5,461.8,0.2117,1.741,37.4,5.0,1.731,8.024999999999999,0,0,0,0,0,1,0,0,1
NEWS-RONGEY-20220628,2018-06-14,,N1,0,0,0,55.9,106.3,134.4,542.2,43.0,87.0,11.942,0,0.214,PROXY-spatial,0.0078,-0.015,1.717,ANALYTICAL-ensemble,-0.027,7,14.52,5,18.9,1857.0,103.0,-0.0033,5.17,20.5,0.0,0.829,1142.8,2265.9,FOREST,0.284,,N1,NEWS-RONGEY-20220628_N1_2018,2018.0,47.4,50.8,474.4,0.2062,1.744,55.9,5.0,1.717,15.514285714285716,0,0,0,0,0,1,0,0,1
NEWS-RONGEY-20220628,2018-06-15,,N1,0,0,0,16.2,85.1,139.7,540.7,-39.7,55.9,14.308,0,0.2192,PROXY-spatial,-0.007,0.0006,1.717,ANALYTICAL-ensemble,-0.023,7,14.52,5,18.9,1857.0,103.0,-0.0033,5.17,20.5,0.0,0.829,1142.8,2265.9,FOREST,0.284,,N1,NEWS-RONGEY-20220628_N1_2018,2018.0,83.8,39.5,469.4,0.2262,1.74,55.9,5.0,1.717,18.97142857142857,0,0,0,0,0,1,0,0,1
NEWS-RONGEY-20220628,2018-06-16,,N1,0,0,0,42.1,114.3,175.5,566.8,25.9,80.7,18.887,0,0.2283,PROXY-spatial,0.0136,0.0125,1.717,ANALYTICAL-ensemble,-0.018,7,14.52,5,18.9,1857.0,103.0,-0.0033,5.17,20.5,0.0,0.829,1142.8,2265.9,FOREST,0.284,,N1,NEWS-RONGEY-20220628_N1_2018,2018.0,94.8,43.3,474.7,0.2147,1.735,55.9,6.0,1.717,23.228571428571424,0,0,0,0,0,1,0,0,1
NEWS-RONGEY-20220628,2018-06-17,,N1,0,0,0,105.1,163.5,280.0,661.2,63.0,145.6,34.696,0,0.2351,PROXY-spatial,0.0211,0.0234,1.698,ANALYTICAL-ensemble,-0.054,7,14.52,5,18.9,1857.0,103.0,-0.0033,5.17,20.5,0.0,0.829,1142.8,2265.9,FOREST,0.284,,N1,NEWS-RONGEY-20220628_N1_2018,2018.0,134.4,37.1,457.3,0.214,1.752,105.1,7.0,1.698,33.075,0,0,0,0,0,1,0,0,1
NEWS-RONGEY-20220628,2018-06-18,,N1,0,0,0,4.9,152.1,274.6,653.2,-100.2,134.9,32.457,0,0.2355,PROXY-spatial,0.0163,0.0293,1.689,ANALYTICAL-ensemble,-0.067,7,14.52,5,18.9,1857.0,103.0,-0.0033,5.17,20.5,0.0,0.829,1142.8,2265.9,FOREST,0.284,,N1,NEWS-RONGEY-20220628_N1_2018,2018.0,139.7,47.4,467.6,0.2192,1.756,105.1,6.0,1.689,35.13928571428572,0,0,0,0,0,1,0,0,1
NEWS-RONGEY-20220628,2018-06-19,,N1,0,0,0,1.6,111.5,238.7,654.4,-3.3,63.2,22.129,1,0.2377,PROXY-spatial,0.0094,0.0115,1.699,ANALYTICAL-ensemble,-0.038,7,14.52,5,18.9,1857.0,103.0,-0.0033,5.17,20.5,0.0,0.829,1142.8,2265.9,FOREST,0.284,,N1,NEWS-RONGEY-20220628_N1_2018,2018.0,175.5,83.8,505.0,0.2283,1.737,105.1,5.0,1.689,30.44285714285714,0,0,0,0,0,1,0,0,1
NEWS-RONGEY-20220628,2018-06-20,,N1,0,0,0,13.6,20.1,239.5,654.4,12.0,-40.5,20.666,0,0.252,PROXY-spatial,0.0169,0.0373,1.7,ANALYTICAL-ensemble,-0.032,7,14.52,5,18.9,1857.0,103.0,-0.0033,5.17,20.5,0.0,0.829,1142.8,2265.9,FOREST,0.284,,N1,NEWS-RONGEY-20220628_N1_2018,2018.0,280.0,94.8,503.0,0.2351,1.732,105.1,5.0,1.689,21.87142857142857,0,0,0,0,0,1,0,0,1
NEWS-RONGEY-20220628,2018-06-21,,N1,0,0,0,55.1,70.2,238.6,709.5,41.5,-36.0,14.879,0,0.2615,PROXY-spatial,0.026,0.0475,1.685,ANALYTICAL-ensemble,-0.032,7,14.52,5,18.9,1857.0,103.0,-0.0033,5.17,20.5,0.0,0.829,1142.8,2265.9,FOREST,0.284,,N1,NEWS-RONGEY-20220628_N1_2018,2018.0,274.6,134.4,542.2,0.2355,1.717,105.1,5.0,1.685,13.692857142857134,0,0,0,0,0,1,0,0,1
NEWS-RONGEY-20220628,2018-06-22,,N1,0,0,0,28.6,97.2,250.9,663.1,-26.5,12.2,15.88,0,0.259,PROXY-spatial,0.0213,0.0398,1.69,ANALYTICAL-ensemble,-0.027,7,14.52,5,18.9,1857.0,103.0,-0.0033,5.17,20.5,0.0,0.829,1142.8,2265.9,FOREST,0.284,,N1,NEWS-RONGEY-20220628_N1_2018,2018.0,238.7,139.7,540.7,0.2377,1.717,105.1,5.0,1.685,3.8678571428571367,0,0,0,0,0,1,0,0,1
NEWS-RONGEY-20220628,2018-06-23,,N1,0,0,0,45.7,129.3,254.4,599.7,17.1,14.9,11.271,0,0.2528,PROXY-spatial,0.0008,0.0245,1.704,ANALYTICAL-ensemble,-0.013,7,14.52,5,18.9,1857.0,103.0,-0.0033,5.17,20.5,0.0,0.829,1142.8,2265.9,FOREST,0.284,,N1,NEWS-RONGEY-20220628_N1_2018,2018.0,239.5,175.5,566.8,0.252,1.717,105.1,5.0,1.685,-4.439285714285732,0,0,0,0,0,1,0,0,1
NEWS-RONGEY-20220628,2018-06-24,,N1,0,0,0,15.3,89.5,164.7,607.4,-30.4,-73.9,-16.473,0,0.2521,PROXY-spatial,-0.0094,0.017,1.702,ANALYTICAL-ensemble,0.004,7,14.52,5,18.9,1857.0,103.0,-0.0033,5.17,20.5,0.0,0.829,1142.8,2265.9,FOREST,0.284,,N1,NEWS-RONGEY-20220628_N1_2018,2018.0,238.6,280.0,661.2,0.2615,1.698,55.1,5.0,1.685,-10.246428571428575,0,0,0,0,0,1,0,0,1
NEWS-RONGEY-20220628,2018-06-25,,N1,0,0,0,13.4,74.4,173.2,590.6,-1.9,-77.7,-14.487,0,0.2544,PROXY-spatial,-0.0046,0.0189,1.71,ANALYTICAL-ensemble,0.021,7,14.52,5,18.9,1857.0,103.0,-0.0033,5.17,20.5,0.0,0.829,1142.8,2265.9,FOREST,0.284,,N1,NEWS-RONGEY-20220628_N1_2018,2018.0,250.9,274.6,653.2,0.259,1.689,55.1,6.0,1.685,-11.796428571428574,0,0,0,0,0,1,0,0,1
NEWS-RONGEY-20220628,2018-06-26,,N1,0,0,0,40.7,69.4,212.3,618.2,27.3,-42.1,-3.778,0,0.2468,PROXY-spatial,-0.006,0.0091,1.703,ANALYTICAL-ensemble,0.004,7,14.52,5,18.9,1857.0,103.0,-0.0033,5.17,20.5,0.0,0.829,1142.8,2265.9,FOREST,0.284,,N1,NEWS-RONGEY-20220628_N1_2018,2018.0,254.4,238.7,654.4,0.2528,1.699,55.1,7.0,1.685,-10.66428571428573,0,0,0,0,0,1,0,0,1
NEWS-TSONG-20190916,2019-07-18,60.0,bg,0,0,0,0.0,44.8,189.8,638.3,-31.3,-36.6,-4.457,1,0.2774,PROXY-spatial,-0.0153,0.0019,,ABSTAIN-flat,,14,14.94,6,0.0,1692.7,0.0,-0.0,12.61,0.0,0.0,0.884,481.6,1801.9,FOREST,0.35,435.3,POS,NEWS-TSONG-20190916,,,,,,,0.0,0.0,,,0,1,0,0,0,1,0,0,0
NEWS-TSONG-20190916,2019-07-19,59.0,bg,0,0,0,8.1,39.4,158.1,645.9,8.1,-51.8,-14.3,0,0.2718,PROXY-spatial,-0.0191,-0.0086,,ABSTAIN-flat,,14,14.94,6,0.0,1692.7,0.0,-0.0,12.61,0.0,0.0,0.884,481.6,1801.9,FOREST,0.35,435.3,POS,NEWS-TSONG-20190916,,,,,,,8.1,0.0,,,0,1,0,0,0,1,0,0,0
NEWS-TSONG-20190916,2019-07-20,58.0,bg,0,0,0,43.1,51.2,164.1,688.8,35.0,-57.4,-13.6,0,0.2621,PROXY-spatial,-0.0213,-0.0266,,ABSTAIN-flat,,14,14.94,6,0.0,1692.7,0.0,-0.0,12.61,0.0,0.0,0.884,481.6,1801.9,FOREST,0.35,435.3,POS,NEWS-TSONG-20190916,,,,,,,43.1,1.0,,,0,1,0,0,0,1,0,0,0
NEWS-TSONG-20190916,2019-07-21,57.0,bg,0,0,0,39.2,90.4,169.4,726.5,-3.9,-20.4,-12.543,0,0.2608,PROXY-spatial,-0.0166,-0.0325,,ABSTAIN-flat,,14,14.94,6,0.0,1692.7,0.0,-0.0,12.61,0.0,0.0,0.884,481.6,1801.9,FOREST,0.35,435.3,POS,NEWS-TSONG-20190916,,189.8,,,0.2774,,43.1,2.0,,-5.5199999999999925,0,1,0,0,0,1,0,0,0
NEWS-TSONG-20190916,2019-07-22,56.0,bg,0,0,0,30.4,112.8,165.6,756.8,-8.8,7.5,-8.686,0,0.2541,PROXY-spatial,-0.0177,-0.0386,,ABSTAIN-flat,,14,14.94,6,0.0,1692.7,0.0,-0.0,12.61,0.0,0.0,0.884,481.6,1801.9,FOREST,0.35,435.3,POS,NEWS-TSONG-20190916,,158.1,,,0.2718,,43.1,3.0,,-3.7100000000000284,0,1,0,0,0,1,0,0,0
NEWS-TSONG-20190916,2019-07-23,55.0,bg,0,0,0,45.9,115.5,198.0,795.3,15.5,33.9,-1.7,0,0.2446,PROXY-spatial,-0.0175,-0.0463,,ABSTAIN-flat,,14,14.94,6,0.0,1692.7,0.0,-0.0,12.61,0.0,0.0,0.884,481.6,1801.9,FOREST,0.35,435.3,POS,NEWS-TSONG-20190916,,164.1,,,0.2621,,45.9,4.0,,1.9657142857142833,0,1,0,0,0,1,0,0,0
NEWS-TSONG-20190916,2019-07-24,54.0,bg,0,0,0,25.2,101.5,191.9,820.3,-20.7,22.5,-4.229,0,0.2528,PROXY-spatial,-0.008,-0.0306,,ABSTAIN-flat,,14,14.94,6,0.0,1692.7,0.0,-0.0,12.61,0.0,0.0,0.884,481.6,1801.9,FOREST,0.35,435.3,POS,NEWS-TSONG-20190916,,169.4,,,0.2608,,45.9,5.0,,3.1285714285714272,0,1,0,0,0,1,0,0,0
NEWS-TSONG-20190916,2019-07-25,53.0,bg,0,0,0,30.9,102.0,222.9,767.2,5.7,57.3,4.729,0,0.2533,PROXY-spatial,-0.0008,-0.0241,,ABSTAIN-flat,,14,14.94,6,0.0,1692.7,0.0,-0.0,12.61,0.0,0.0,0.884,481.6,1801.9,FOREST,0.35,435.3,POS,NEWS-TSONG-20190916,,165.6,189.8,638.3,0.2541,,45.9,6.0,,9.950000000000005,0,1,0,0,0,1,0,0,0
NEWS-TSONG-20190916,2019-07-26,52.0,bg,0,0,0,16.5,72.6,231.3,716.2,-14.4,33.3,10.457,0,0.2629,PROXY-spatial,0.0183,-0.0089,,ABSTAIN-flat,,14,14.94,6,0.0,1692.7,0.0,-0.0,12.61,0.0,0.0,0.884,481.6,1801.9,FOREST,0.35,435.3,POS,NEWS-TSONG-20190916,,198.0,158.1,645.9,0.2446,,45.9,7.0,,11.960714285714284,0,1,0,0,0,1,0,0,0
NEWS-TSONG-20190916,2019-07-27,51.0,bg,0,0,0,38.2,85.6,226.4,737.8,21.7,34.5,8.9,0,0.2697,PROXY-spatial,0.0169,0.0076,,ABSTAIN-flat,,14,14.94,6,0.0,1692.7,0.0,-0.0,12.61,0.0,0.0,0.884,481.6,1801.9,FOREST,0.35,435.3,POS,NEWS-TSONG-20190916,,191.9,164.1,688.8,0.2528,,45.9,7.0,,11.689285714285724,0,1,0,0,0,1,0,0,0
NEWS-TSONG-20190916,2019-07-28,50.0,bg,0,0,0,17.3,72.0,204.5,739.9,-20.9,-18.4,5.014,0,0.2718,PROXY-spatial,0.0185,0.011,,ABSTAIN-flat,,14,14.94,6,0.0,1692.7,0.0,-0.0,12.61,0.0,0.0,0.884,481.6,1801.9,FOREST,0.35,435.3,POS,NEWS-TSONG-20190916,,222.9,169.4,726.5,0.2533,,45.9,7.0,,7.603571428571418,0,1,0,0,0,1,0,0,0
NEWS-TSONG-20190916,2019-07-29,49.0,bg,0,0,0,9.8,65.4,183.8,744.8,-7.5,-47.5,2.6,0,0.272,PROXY-spatial,0.0091,0.0179,,ABSTAIN-flat,,14,14.94,6,0.0,1692.7,0.0,-0.0,12.61,0.0,0.0,0.884,481.6,1801.9,FOREST,0.35,435.3,POS,NEWS-TSONG-20190916,,231.3,165.6,756.8,0.2629,,45.9,6.0,,-0.4964285714285531,0,1,0,0,0,1,0,0,0
NEWS-TSONG-20190916,2019-07-30,48.0,bg,0,0,0,14.8,41.9,152.8,758.8,5.0,-73.6,-6.457,0,0.275,PROXY-spatial,0.0053,0.0304,,ABSTAIN-flat,,14,14.94,6,0.0,1692.7,0.0,-0.0,12.61,0.0,0.0,0.884,481.6,1801.9,FOREST,0.35,435.3,POS,NEWS-TSONG-20190916,,226.4,198.0,795.3,0.2697,,38.2,6.0,,-7.939285714285712,0,1,0,0,0,1,0,0,0
NEWS-TSONG-20190916,2019-07-31,47.0,bg,0,0,0,0.8,25.4,128.4,756.4,-14.0,-76.1,-9.071,1,0.2722,REAL,0.0004,0.0194,,ABSTAIN-flat,,14,14.94,6,0.0,1692.7,0.0,-0.0,12.61,0.0,0.0,0.884,481.6,1801.9,FOREST,0.35,435.3,POS,NEWS-TSONG-20190916,,204.5,191.9,820.3,0.2718,,38.2,5.0,,-17.253571428571426,0,1,0,0,0,1,0,0,0
NEWS-TSONG-20190916,2019-08-01,46.0,bg,0,0,0,4.6,20.2,102.0,740.4,3.8,-81.8,-17.271,0,0.2767,REAL,0.0047,0.0234,,ABSTAIN-flat,,14,14.94,6,0.0,1692.7,0.0,-0.0,12.61,0.0,0.0,0.884,481.6,1801.9,FOREST,0.35,435.3,POS,NEWS-TSONG-20190916,,183.8,222.9,767.2,0.272,,38.2,4.0,,-22.699999999999992,0,1,0,0,0,1,0,0,0
NEWS-TSONG-20190916,2019-08-02,45.0,bg,0,0,0,18.1,23.4,103.6,754.1,13.5,-49.2,-18.243,0,0.2795,PROXY-spatial,0.0045,0.0166,,ABSTAIN-flat,,14,14.94,6,0.0,1692.7,0.0,-0.0,12.61,0.0,0.0,0.884,481.6,1801.9,FOREST,0.35,435.3,POS,NEWS-TSONG-20190916,,152.8,231.3,716.2,0.275,,38.2,4.0,,-22.457142857142863,0,1,0,0,0,1,0,0,0
NEWS-TSONG-20190916,2019-08-03,44.0,bg,0,0,0,15.7,38.4,81.1,769.4,-2.4,-47.3,-20.757,0,0.283,PROXY-spatial,0.0108,0.0133,,ABSTAIN-flat,,14,14.94,6,0.0,1692.7,0.0,-0.0,12.61,0.0,0.0,0.884,481.6,1801.9,FOREST,0.35,435.3,POS,NEWS-TSONG-20190916,,128.4,226.4,737.8,0.2722,,18.1,4.0,,-20.764285714285723,0,1,0,0,0,1,0,0,0
NEWS-TSONG-20190916,2019-08-04,43.0,bg,0,0,0,11.8,45.6,75.6,778.6,-3.9,-26.4,-18.414,0,0.2858,PROXY-spatial,0.0091,0.014,,ABSTAIN-flat,,14,14.94,6,0.0,1692.7,0.0,-0.0,12.61,0.0,0.0,0.884,481.6,1801.9,FOREST,0.35,435.3,POS,NEWS-TSONG-20190916,,102.0,204.5,739.9,0.2767,,18.1,4.0,,-17.60000000000001,0,1,0,0,0,1,0,0,0
NEWS-TSONG-20190916,2019-08-05,42.0,bg,0,0,0,24.2,51.7,89.9,766.8,12.4,-13.7,-13.414,0,0.2895,PROXY-spatial,0.01,0.0175,,ABSTAIN-flat,,14,14.94,6,0.0,1692.7,0.0,-0.0,12.61,0.0,0.0,0.884,481.6,1801.9,FOREST,0.35,435.3,POS,NEWS-TSONG-20190916,,103.6,183.8,744.8,0.2795,,24.2,5.0,,-11.257142857142856,0,1,0,0,0,1,0,0,0
NEWS-TSONG-20190916,2019-08-06,41.0,bg,0,0,0,0.0,36.0,75.1,730.8,-24.2,-6.0,-11.1,1,0.2969,PROXY-spatial,0.0139,0.0219,,ABSTAIN-flat,,14,14.94,6,0.0,1692.7,0.0,-0.0,12.61,0.0,0.0,0.884,481.6,1801.9,FOREST,0.35,435.3,POS,NEWS-TSONG-20190916,,81.1,152.8,758.8,0.283,,24.2,4.0,,-7.574999999999993,0,1,0,0,0,1,0,0,0
NEWS-TSONG-20190916,2019-08-07,40.0,bg,0,0,0,51.9,76.1,126.3,717.8,51.9,50.7,-0.3,0,0.2967,PROXY-spatial,0.0109,0.0245,,ABSTAIN-flat,,14,14.94,6,0.0,1692.7,0.0,-0.0,12.61,0.0,0.0,0.884,481.6,1801.9,FOREST,0.35,435.3,POS,NEWS-TSONG-20190916,,75.6,128.4,756.4,0.2858,,51.9,5.0,,0.8821428571428556,0,1,0,0,0,1,0,0,0
NEWS-TSONG-20190916,2019-08-08,39.0,bg,0,0,0,43.1,95.1,164.8,730.9,-8.8,74.9,8.971,0,0.296,PROXY-spatial,0.0065,0.0193,,ABSTAIN-flat,,14,14.94,6,0.0,1692.7,0.0,-0.0,12.61,0.0,0.0,0.884,481.6,1801.9,FOREST,0.35,435.3,POS,NEWS-TSONG-20190916,,89.9,102.0,740.4,0.2895,,51.9,6.0,,9.767857142857144,0,1,0,0,0,1,0,0,0
NEWS-TSONG-20190916,2019-08-09,38.0,bg,0,0,0,5.1,100.1,151.8,716.3,-38.0,76.7,6.886,0,0.2876,PROXY-spatial,-0.0093,0.0081,,ABSTAIN-flat,,14,14.94,6,0.0,1692.7,0.0,-0.0,12.61,0.0,0.0,0.884,481.6,1801.9,FOREST,0.35,435.3,POS,NEWS-TSONG-20190916,,75.1,103.6,754.1,0.2969,,51.9,5.0,,15.24642857142858,0,1,0,0,0,1,0,0,0
NEWS-TSONG-20190916,2019-08-10,37.0,bg,0,0,0,4.4,52.5,140.5,688.9,-0.7,14.2,8.486,0,0.2725,PROXY-spatial,-0.0242,-0.0105,,ABSTAIN-flat,,14,14.94,6,0.0,1692.7,0.0,-0.0,12.61,0.0,0.0,0.884,481.6,1801.9,FOREST,0.35,435.3,POS,NEWS-TSONG-20190916,,126.3,81.1,769.4,0.2967,,51.9,4.0,,14.57857142857143,0,1,0,0,0,1,0,0,0
NEWS-TSONG-20190916,2019-08-11,36.0,bg,0,0,0,10.5,20.0,139.2,659.7,6.1,-25.6,9.086,0,0.2667,PROXY-spatial,-0.0293,-0.0191,,ABSTAIN-flat,,14,14.94,6,0.0,1692.7,0.0,-0.0,12.61,0.0,0.0,0.884,481.6,1801.9,FOREST,0.35,435.3,POS,NEWS-TSONG-20190916,,164.8,75.6,778.6,0.296,,51.9,4.0,,10.864285714285712,0,1,0,0,0,1,0,0,0
NEWS-TSONG-20190916,2019-08-12,35.0,bg,0,0,0,3.5,18.5,118.6,626.1,-7.0,-33.2,4.1,0,0.2678,PROXY-spatial,-0.0198,-0.0217,,ABSTAIN-flat,,14,14.94,6,0.0,1692.7,0.0,-0.0,12.61,0.0,0.0,0.884,481.6,1801.9,FOREST,0.35,435.3,POS,NEWS-TSONG-20190916,,151.8,89.9,766.8,0.2876,,51.9,3.0,,4.7142857142857055,0,1,0,0,0,1,0,0,0
NEWS-TSONG-20190916,2019-08-13,34.0,bg,0,0,0,20.3,34.4,138.9,612.5,16.8,-1.6,9.114,0,0.262,PROXY-spatial,-0.0105,-0.0349,,ABSTAIN-flat,,14,14.94,6,0.0,1692.7,0.0,-0.0,12.61,0.0,0.0,0.884,481.6,1801.9,FOREST,0.35,435.3,POS,NEWS-TSONG-20190916,,140.5,75.1,730.8,0.2725,,51.9,4.0,,-2.4000000000000052,0,1,0,0,0,1,0,0,0
NEWS-TSONG-20190916,2019-08-14,33.0,bg,0,0,0,37.3,61.2,124.3,615.6,17.0,-14.9,-0.286,0,0.2621,PROXY-spatial,-0.0046,-0.0346,,ABSTAIN-flat,,14,14.94,6,0.0,1692.7,0.0,-0.0,12.61,0.0,0.0,0.884,481.6,1801.9,FOREST,0.35,435.3,POS,NEWS-TSONG-20190916,,139.2,126.3,717.8,0.2667,,43.1,4.0,,-6.042857142857141,0,1,0,0,0,1,0,0,0
NEWS-TSONG-20190916,2019-08-15,32.0,bg,0,0,0,29.1,86.8,110.3,631.3,-8.2,-8.3,-7.786,0,0.2591,PROXY-spatial,-0.0087,-0.0369,,ABSTAIN-flat,,14,14.94,6,0.0,1692.7,0.0,-0.0,12.61,0.0,0.0,0.884,481.6,1801.9,FOREST,0.35,435.3,POS,NEWS-TSONG-20190916,,118.6,164.8,730.9,0.2678,,37.3,4.0,,-5.614285714285717,0,1,0,0,0,1,0,0,0
NEWS-TSONG-20190916,2019-08-16,31.0,bg,0,0,0,1.2,67.6,106.4,601.1,-27.9,-32.5,-6.486,1,0.2572,PROXY-spatial,-0.0048,-0.0304,,ABSTAIN-flat,,14,14.94,6,0.0,1692.7,0.0,-0.0,12.61,0.0,0.0,0.884,481.6,1801.9,FOREST,0.35,435.3,POS,NEWS-TSONG-20190916,,138.9,151.8,716.3,0.262,,37.3,4.0,,-5.514285714285714,0,1,0,0,0,1,0,0,0
NEWS-TSONG-20190916,2019-08-17,30.0,pre,0,0,0,6.9,37.2,109.0,608.1,5.7,-15.3,-4.5,0,0.2681,PROXY-spatial,0.006,-0.0044,,ABSTAIN-flat,,14,14.94,6,0.0,1692.7,0.0,-0.0,12.61,0.0,0.0,0.884,481.6,1801.9,FOREST,0.35,435.3,POS,NEWS-TSONG-20190916,,124.3,140.5,688.9,0.2621,,37.3,4.0,,-5.128571428571429,0,1,0,0,0,1,0,0,0
NEWS-TSONG-20190916,2019-08-18,29.0,pre,0,0,0,7.7,15.8,106.1,607.7,0.8,-4.2,-4.729,0,0.2669,PROXY-spatial,0.0078,0.0002,,ABSTAIN-flat,,14,14.94,6,0.0,1692.7,0.0,-0.0,12.61,0.0,0.0,0.884,481.6,1801.9,FOREST,0.35,435.3,POS,NEWS-TSONG-20190916,,110.3,139.2,659.7,0.2591,,37.3,3.0,,-4.114285714285721,0,1,0,0,0,1,0,0,0
NEWS-TSONG-20190916,2019-08-19,28.0,pre,0,0,0,8.0,22.7,110.6,572.6,0.3,4.2,-1.143,0,0.2536,PROXY-spatial,-0.0036,-0.0142,,ABSTAIN-flat,,14,14.94,6,0.0,1692.7,0.0,-0.0,12.61,0.0,0.0,0.884,481.6,1801.9,FOREST,0.35,435.3,POS,NEWS-TSONG-20190916,,106.4,118.6,626.1,0.2572,,37.3,3.0,,-4.378571428571432,0,1,0,0,0,1,0,0,0
NEWS-TSONG-20190916,2019-08-20,27.0,pre,0,0,0,1.1,16.8,91.3,534.4,-6.9,-17.7,-6.8,1,0.2503,PROXY-spatial,-0.0178,-0.0117,,ABSTAIN-flat,,14,14.94,6,0.0,1692.7,0.0,-0.0,12.61,0.0,0.0,0.884,481.6,1801.9,FOREST,0.35,435.3,POS,NEWS-TSONG-20190916,,109.0,138.9,612.5,0.2681,,37.3,2.0,,-3.525000000000006,0,1,0,0,0,1,0,0,0
NEWS-TSONG-20190916,2019-08-21,26.0,pre,0,0,0,0.1,9.2,54.1,504.1,-1.0,-52.0,-10.029,2,0.2457,PROXY-spatial,-0.0212,-0.0164,,ABSTAIN-flat,,14,14.94,6,0.0,1692.7,0.0,-0.0,12.61,0.0,0.0,0.884,481.6,1801.9,FOREST,0.35,435.3,POS,NEWS-TSONG-20190916,,106.1,124.3,615.6,0.2669,,29.1,1.0,,-7.042857142857149,0,1,0,0,0,1,0,0,0
NEWS-TSONG-20190916,2019-08-22,25.0,pre,0,0,0,14.7,15.9,39.7,472.9,14.6,-70.9,-10.086,0,0.2255,PROXY-spatial,-0.0281,-0.0336,,ABSTAIN-flat,,14,14.94,6,0.0,1692.7,0.0,-0.0,12.61,0.0,0.0,0.884,481.6,1801.9,FOREST,0.35,435.3,POS,NEWS-TSONG-20190916,,110.6,110.3,631.3,0.2536,,14.7,1.0,,-11.596428571428573,0,1,0,0,0,1,0,0,0
NEWS-TSONG-20190916,2019-08-23,24.0,pre,0,0,0,1.4,16.2,39.9,449.1,-13.3,-51.4,-9.5,1,0.2111,PROXY-spatial,-0.0392,-0.0461,,ABSTAIN-flat,,14,14.94,6,0.0,1692.7,0.0,-0.0,12.61,0.0,0.0,0.884,481.6,1801.9,FOREST,0.35,435.3,POS,NEWS-TSONG-20190916,,91.3,106.4,601.1,0.2503,,14.7,1.0,,-14.164285714285702,0,1,0,0,0,1,0,0,0
NEWS-TSONG-20190916,2019-08-24,23.0,pre,0,0,0,26.3,42.4,59.3,444.5,24.9,5.2,-7.1,0,0.2092,PROXY-spatial,-0.0365,-0.0589,,ABSTAIN-flat,,14,14.94,6,0.0,1692.7,0.0,-0.0,12.61,0.0,0.0,0.884,481.6,1801.9,FOREST,0.35,435.3,POS,NEWS-TSONG-20190916,,54.1,109.0,608.1,0.2457,,26.3,2.0,,-11.907142857142862,0,1,0,0,0,1,0,0,0
NEWS-TSONG-20190916,2019-08-25,22.0,pre,0,0,0,18.3,46.0,69.9,446.3,-8.0,30.2,-5.171,0,0.1972,PROXY-spatial,-0.0283,-0.0697,,ABSTAIN-flat,,14,14.94,6,0.0,1692.7,0.0,-0.0,12.61,0.0,0.0,0.884,481.6,1801.9,FOREST,0.35,435.3,POS,NEWS-TSONG-20190916,,39.7,106.1,607.7,0.2255,,26.3,3.0,,-7.153571428571429,0,1,0,0,0,1,0,0,0
NEWS-TSONG-20190916,2019-08-26,21.0,pre,0,0,0,1.1,45.7,62.9,409.1,-17.2,23.0,-6.814,1,0.2252,PROXY-spatial,0.0141,-0.0284,,ABSTAIN-flat,,14,14.94,6,0.0,1692.7,0.0,-0.0,12.61,0.0,0.0,0.884,481.6,1801.9,FOREST,0.35,435.3,POS,NEWS-TSONG-20190916,,39.9,110.6,572.6,0.2111,,26.3,3.0,,-1.2142857142857193,0,1,0,0,0,1,0,0,0
NEWS-TSONG-20190916,2019-08-27,20.0,pre,0,0,0,2.6,22.0,64.4,394.4,1.5,5.1,-3.843,0,0.2308,PROXY-spatial,0.0216,-0.0195,,ABSTAIN-flat,,14,14.94,6,0.0,1692.7,0.0,-0.0,12.61,0.0,0.0,0.884,481.6,1801.9,FOREST,0.35,435.3,POS,NEWS-TSONG-20190916,,59.3,91.3,534.4,0.2092,,26.3,3.0,,3.8321428571428595,0,1,0,0,0,1,0,0,0
NEWS-TSONG-20190916,2019-08-28,19.0,pre,0,0,0,0.0,3.7,64.3,384.6,-2.6,-5.6,1.457,1,0.2308,PROXY-spatial,0.0336,-0.0149,,ABSTAIN-flat,,14,14.94,6,0.0,1692.7,0.0,-0.0,12.61,0.0,0.0,0.884,481.6,1801.9,FOREST,0.35,435.3,POS,NEWS-TSONG-20190916,,69.9,54.1,504.1,0.1972,,26.3,3.0,,4.514285714285717,0,1,0,0,0,1,0,0,0
NEWS-TSONG-20190916,2019-08-29,18.0,pre,0,0,0,12.6,15.2,62.2,382.4,12.6,-0.7,3.214,0,0.2501,PROXY-spatial,0.0249,0.0246,,ABSTAIN-flat,,14,14.94,6,0.0,1692.7,0.0,-0.0,12.61,0.0,0.0,0.884,481.6,1801.9,FOREST,0.35,435.3,POS,NEWS-TSONG-20190916,,62.9,39.7,472.9,0.2252,,26.3,3.0,,2.550000000000001,0,1,0,0,0,1,0,0,0
NEWS-TSONG-20190916,2019-08-30,17.0,pre,0,0,0,1.7,14.2,62.5,383.3,-10.9,-1.9,3.229,1,0.2478,PROXY-spatial,0.017,0.0367,,ABSTAIN-flat,,14,14.94,6,0.0,1692.7,0.0,-0.0,12.61,0.0,0.0,0.884,481.6,1801.9,FOREST,0.35,435.3,POS,NEWS-TSONG-20190916,,64.4,39.9,449.1,0.2308,,26.3,3.0,,-0.157142857142855,0,1,0,0,0,1,0,0,0
NEWS-TSONG-20190916,2019-08-31,16.0,pre,0,0,0,59.5,73.7,95.7,438.2,57.8,31.4,5.2,0,0.2494,PROXY-spatial,0.0186,0.0402,,ABSTAIN-flat,,14,14.94,6,0.0,1692.7,0.0,-0.0,12.61,0.0,0.0,0.884,481.6,1801.9,FOREST,0.35,435.3,POS,NEWS-TSONG-20190916,,64.3,59.3,444.5,0.2308,,59.5,3.0,,2.6571428571428544,0,1,0,0,0,1,0,0,0
NEWS-TSONG-20190916,2019-09-01,15.0,pre,0,0,0,9.0,70.2,86.4,429.1,-50.5,24.2,2.357,0,0.2569,PROXY-spatial,0.0068,0.0597,,ABSTAIN-flat,,14,14.94,6,0.0,1692.7,0.0,-0.0,12.61,0.0,0.0,0.884,481.6,1801.9,FOREST,0.35,435.3,POS,NEWS-TSONG-20190916,,62.2,69.9,446.3,0.2501,,59.5,2.0,,4.689285714285716,0,1,0,0,0,1,0,0,0
NEWS-TSONG-20190916,2019-09-02,14.0,pre,1,0,0,0.0,68.5,85.4,413.4,-9.0,22.9,3.214,1,0.2541,PROXY-spatial,0.0063,0.0289,,ABSTAIN-flat,,14,14.94,6,0.0,1692.7,0.0,-0.0,12.61,0.0,0.0,0.884,481.6,1801.9,FOREST,0.35,435.3,POS,NEWS-TSONG-20190916,,62.5,62.9,409.1,0.2478,,59.5,2.0,,5.024999999999997,0,1,0,0,0,1,0,0,0
NEWS-TSONG-20190916,2019-09-03,13.0,pre,1,0,0,15.5,24.5,98.2,417.1,15.5,2.5,4.829,0,0.2584,PROXY-spatial,0.009,0.0276,,ABSTAIN-flat,,14,14.94,6,0.0,1692.7,0.0,-0.0,12.61,0.0,0.0,0.884,481.6,1801.9,FOREST,0.35,435.3,POS,NEWS-TSONG-20190916,,95.7,64.4,394.4,0.2494,,59.5,3.0,,6.1428571428571415,0,1,0,0,0,1,0,0,0
NEWS-TSONG-20190916,2019-09-04,12.0,pre,1,0,0,15.0,30.5,113.2,407.9,-0.5,26.8,6.986,0,0.2698,PROXY-spatial,0.0129,0.039,,ABSTAIN-flat,,14,14.94,6,0.0,1692.7,0.0,-0.0,12.61,0.0,0.0,0.884,481.6,1801.9,FOREST,0.35,435.3,POS,NEWS-TSONG-20190916,,86.4,64.3,384.6,0.2569,,59.5,4.0,,7.646428571428577,0,1,0,0,0,1,0,0,0
NEWS-TSONG-20190916,2019-09-05,11.0,pre,1,0,0,2.6,33.1,103.3,410.5,-12.4,17.9,5.871,0,0.2789,PROXY-spatial,0.0248,0.0288,,ABSTAIN-flat,,14,14.94,6,0.0,1692.7,0.0,-0.0,12.61,0.0,0.0,0.884,481.6,1801.9,FOREST,0.35,435.3,POS,NEWS-TSONG-20190916,,85.4,62.2,382.4,0.2541,,59.5,3.0,,6.042857142857139,0,1,0,0,0,1,0,0,0
NEWS-TSONG-20190916,2019-09-06,10.0,pre,1,0,0,3.7,21.3,105.3,362.3,1.1,7.1,6.114,0,0.2966,REAL,0.0382,0.0488,,ABSTAIN-flat,,14,14.94,6,0.0,1692.7,0.0,-0.0,12.61,0.0,0.0,0.884,481.6,1801.9,FOREST,0.35,435.3,POS,NEWS-TSONG-20190916,,98.2,62.5,383.3,0.2584,,59.5,3.0,,3.228571428571428,0,1,0,0,0,1,0,0,0
NEWS-TSONG-20190916,2019-09-07,9.0,pre,1,0,0,1.6,7.9,47.4,320.8,-2.1,-65.8,-6.9,1,0.2992,REAL,0.0294,0.0498,,ABSTAIN-flat,,14,14.94,6,0.0,1692.7,0.0,-0.0,12.61,0.0,0.0,0.884,481.6,1801.9,FOREST,0.35,435.3,POS,NEWS-TSONG-20190916,,113.2,95.7,438.2,0.2698,,15.5,2.0,,-2.5749999999999984,0,1,0,0,0,1,0,0,0
NEWS-TSONG-20190916,2019-09-08,8.0,pre,1,0,0,14.1,19.4,52.5,329.8,12.5,-50.8,-4.843,0,0.2656,PROXY-spatial,-0.0133,0.0087,,ABSTAIN-flat,,14,14.94,6,0.0,1692.7,0.0,-0.0,12.61,0.0,0.0,0.884,481.6,1801.9,FOREST,0.35,435.3,POS,NEWS-TSONG-20190916,,103.3,86.4,429.1,0.2789,,15.5,3.0,,-7.43571428571429,0,1,0,0,0,1,0,0,0
NEWS-TSONG-20190916,2019-09-09,7.0,pre,1,1,0,3.1,18.8,55.6,328.5,-11.0,-49.7,-4.257,0,0.265,PROXY-spatial,-0.0316,0.0109,,ABSTAIN-flat,,14,14.94,6,0.0,1692.7,0.0,-0.0,12.61,0.0,0.0,0.884,481.6,1801.9,FOREST,0.35,435.3,POS,NEWS-TSONG-20190916,,105.3,85.4,413.4,0.2966,,15.5,3.0,,-10.896428571428563,0,1,0,0,0,1,0,0,0
NEWS-TSONG-20190916,2019-09-10,6.0,pre,1,1,0,1.0,18.1,41.1,319.0,-2.1,-6.3,-8.157,1,0.266,PROXY-spatial,-0.0332,0.0076,,ABSTAIN-flat,,14,14.94,6,0.0,1692.7,0.0,-0.0,12.61,0.0,0.0,0.884,481.6,1801.9,FOREST,0.35,435.3,POS,NEWS-TSONG-20190916,,47.4,98.2,417.1,0.2992,,15.0,2.0,,-13.017857142857144,0,1,0,0,0,1,0,0,0
NEWS-TSONG-20190916,2019-09-11,5.0,pre,1,1,0,1.1,5.1,27.1,316.5,0.1,-25.4,-12.3,2,0.2502,PROXY-spatial,-0.0154,-0.0196,,ABSTAIN-flat,,14,14.94,6,0.0,1692.7,0.0,-0.0,12.61,0.0,0.0,0.884,481.6,1801.9,FOREST,0.35,435.3,POS,NEWS-TSONG-20190916,,52.5,113.2,407.9,0.2656,,14.1,1.0,,-12.457142857142856,0,1,0,0,0,1,0,0,0
NEWS-TSONG-20190916,2019-09-12,4.0,pre,1,1,0,31.7,33.7,56.2,327.8,30.6,0.6,-6.729,0,0.2387,PROXY-spatial,-0.0263,-0.0402,,ABSTAIN-flat,,14,14.94,6,0.0,1692.7,0.0,-0.0,12.61,0.0,0.0,0.884,481.6,1801.9,FOREST,0.35,435.3,POS,NEWS-TSONG-20190916,,55.6,103.3,410.5,0.265,,31.7,2.0,,-7.117857142857146,0,1,0,0,0,1,0,0,0
NEWS-TSONG-20190916,2019-09-13,3.0,pre,1,1,0,56.4,89.2,108.9,346.9,24.7,67.8,0.514,0,0.2301,PROXY-spatial,-0.0359,-0.0665,,ABSTAIN-flat,,14,14.94,6,0.0,1692.7,0.0,-0.0,12.61,0.0,0.0,0.884,481.6,1801.9,FOREST,0.35,435.3,POS,NEWS-TSONG-20190916,,41.1,105.3,362.3,0.266,,56.4,3.0,,5.835714285714286,0,1,0,0,0,1,0,0,0
NEWS-TSONG-20190916,2019-09-14,2.0,pre,1,1,0,4.4,92.5,111.7,322.2,-52.0,84.6,9.186,0,0.2218,PROXY-spatial,-0.0284,-0.0774,,ABSTAIN-flat,,14,14.94,6,0.0,1692.7,0.0,-0.0,12.61,0.0,0.0,0.884,481.6,1801.9,FOREST,0.35,435.3,POS,NEWS-TSONG-20190916,,27.1,47.4,320.8,0.2502,,56.4,3.0,,10.689285714285717,0,1,0,0,0,1,0,0,0
NEWS-TSONG-20190916,2019-09-15,1.0,pre,1,1,0,30.5,91.4,128.2,351.6,26.1,72.0,10.814,0,0.2519,PROXY-spatial,0.0132,-0.0137,,ABSTAIN-flat,,14,14.94,6,0.0,1692.7,0.0,-0.0,12.61,0.0,0.0,0.884,481.6,1801.9,FOREST,0.35,435.3,POS,NEWS-TSONG-20190916,,56.2,52.5,329.8,0.2387,,56.4,3.0,,15.742857142857144,0,1,0,0,0,1,0,0,0
NEWS-TSONG-20190916,2018-07-18,,N0,0,0,0,5.4,15.1,86.5,415.7,-3.5,-11.5,-3.732,0,0.2962,REAL,0.0006,0.0314,,ABSTAIN-flat,,14,14.94,5,0.0,1692.7,0.0,-0.0,12.61,0.0,0.0,0.884,481.6,1801.9,FOREST,0.354,,N0,NEWS-TSONG-20190916_N0_2018,2018.0,,,,,,5.4,0.0,,,0,1,0,0,0,1,0,0,0
NEWS-TSONG-20190916,2018-07-19,,N0,0,0,0,7.7,22.0,88.1,419.7,2.3,-1.6,4.091,0,0.2859,REAL,-0.0147,0.0104,,ABSTAIN-flat,,14,14.94,5,0.0,1692.7,0.0,-0.0,12.61,0.0,0.0,0.884,481.6,1801.9,FOREST,0.354,,N0,NEWS-TSONG-20190916_N0_2018,2018.0,,,,,,7.7,0.0,,,0,1,0,0,0,1,0,0,0
NEWS-TSONG-20190916,2018-07-20,,N0,0,0,0,5.1,18.2,59.2,402.8,-2.6,-30.9,-3.763,0,0.2832,REAL,-0.0168,-0.005,,ABSTAIN-flat,,14,14.94,5,0.0,1692.7,0.0,-0.0,12.61,0.0,0.0,0.884,481.6,1801.9,FOREST,0.354,,N0,NEWS-TSONG-20190916_N0_2018,2018.0,,,,,,7.7,0.0,,,0,1,0,0,0,1,0,0,0
NEWS-TSONG-20190916,2018-07-21,,N0,0,0,0,9.9,22.7,54.7,387.2,4.8,-31.8,-5.671,0,0.2881,REAL,-0.0081,-0.0018,,ABSTAIN-flat,,14,14.94,5,0.0,1692.7,0.0,-0.0,12.61,0.0,0.0,0.884,481.6,1801.9,FOREST,0.354,,N0,NEWS-TSONG-20190916_N0_2018,2018.0,86.5,,,0.2962,,9.9,0.0,,-12.429999999999994,0,1,0,0,0,1,0,0,0
NEWS-TSONG-20190916,2018-07-22,,N0,0,0,0,14.8,29.9,52.7,395.2,4.9,-35.4,-6.467,0,0.2875,REAL,0.0016,-0.0081,,ABSTAIN-flat,,14,14.94,5,0.0,1692.7,0.0,-0.0,12.61,0.0,0.0,0.884,481.6,1801.9,FOREST,0.354,,N0,NEWS-TSONG-20190916_N0_2018,2018.0,88.1,,,0.2859,,14.8,1.0,,-10.100000000000003,0,1,0,0,0,1,0,0,0
NEWS-TSONG-20190916,2018-07-23,,N0,0,0,0,10.9,35.6,62.7,394.6,-3.9,3.5,-3.86,0,0.289,REAL,0.0058,-0.0116,,ABSTAIN-flat,,14,14.94,5,0.0,1692.7,0.0,-0.0,12.61,0.0,0.0,0.884,481.6,1801.9,FOREST,0.354,,N0,NEWS-TSONG-20190916_N0_2018,2018.0,59.2,,,0.2832,,14.8,2.0,,-6.562857142857143,0,1,0,0,0,1,0,0,0
NEWS-TSONG-20190916,2018-07-24,,N0,0,0,0,10.5,36.2,64.3,399.2,-0.4,9.6,-3.679,0,0.2926,REAL,0.0045,-0.0074,,ABSTAIN-flat,,14,14.94,5,0.0,1692.7,0.0,-0.0,12.61,0.0,0.0,0.884,481.6,1801.9,FOREST,0.354,,N0,NEWS-TSONG-20190916_N0_2018,2018.0,54.7,,,0.2881,,14.8,3.0,,-4.424999999999998,0,1,0,0,0,1,0,0,0
NEWS-TSONG-20190916,2018-07-25,,N0,0,0,0,24.2,45.5,83.1,380.7,13.7,30.4,-0.481,0,0.2992,REAL,0.0117,0.003,,ABSTAIN-flat,,14,14.94,5,0.0,1692.7,0.0,-0.0,12.61,0.0,0.0,0.884,481.6,1801.9,FOREST,0.354,,N0,NEWS-TSONG-20190916_N0_2018,2018.0,52.7,86.5,415.7,0.2875,,24.2,4.0,,0.11428571428571407,0,1,0,0,0,1,0,0,0
NEWS-TSONG-20190916,2018-07-26,,N0,0,0,0,30.7,65.4,106.1,407.7,6.5,43.4,2.572,0,0.3023,REAL,0.0133,0.0164,,ABSTAIN-flat,,14,14.94,5,0.0,1692.7,0.0,-0.0,12.61,0.0,0.0,0.884,481.6,1801.9,FOREST,0.354,,N0,NEWS-TSONG-20190916_N0_2018,2018.0,62.7,88.1,419.7,0.289,,30.7,5.0,,7.46785714285714,0,1,0,0,0,1,0,0,0
NEWS-TSONG-20190916,2018-07-27,,N0,0,0,0,12.9,67.8,113.9,396.8,-17.8,49.6,7.81,0,0.2971,PROXY-spatial,0.0045,0.0139,,ABSTAIN-flat,,14,14.94,5,0.0,1692.7,0.0,-0.0,12.61,0.0,0.0,0.884,481.6,1801.9,FOREST,0.354,,N0,NEWS-TSONG-20190916_N0_2018,2018.0,64.3,59.2,402.8,0.2926,,30.7,6.0,,10.885714285714286,0,1,0,0,0,1,0,0,0
NEWS-TSONG-20190916,2018-07-28,,N0,0,0,0,15.7,59.4,119.7,403.8,2.8,36.6,9.282,0,0.2891,PROXY-spatial,-0.0101,0.001,,ABSTAIN-flat,,14,14.94,5,0.0,1692.7,0.0,-0.0,12.61,0.0,0.0,0.884,481.6,1801.9,FOREST,0.354,,N0,NEWS-TSONG-20190916_N0_2018,2018.0,83.1,54.7,387.2,0.2992,,30.7,7.0,,12.328571428571427,0,1,0,0,0,1,0,0,0
NEWS-TSONG-20190916,2018-07-29,,N0,0,0,0,47.8,76.4,152.7,450.3,32.1,46.6,14.291,0,0.2862,PROXY-spatial,-0.0161,-0.0013,,ABSTAIN-flat,,14,14.94,5,0.0,1692.7,0.0,-0.0,12.61,0.0,0.0,0.884,481.6,1801.9,FOREST,0.354,,N0,NEWS-TSONG-20190916_N0_2018,2018.0,106.1,52.7,395.2,0.3023,,47.8,7.0,,14.699999999999998,0,1,0,0,0,1,0,0,0
NEWS-TSONG-20190916,2018-07-30,,N0,0,0,0,25.1,88.6,166.9,455.5,-22.7,53.0,14.88,0,0.2776,PROXY-spatial,-0.0195,-0.0114,,ABSTAIN-flat,,14,14.94,5,0.0,1692.7,0.0,-0.0,12.61,0.0,0.0,0.884,481.6,1801.9,FOREST,0.354,,N0,NEWS-TSONG-20190916_N0_2018,2018.0,113.9,62.7,394.6,0.2971,,47.8,7.0,,16.449999999999992,0,1,0,0,0,1,0,0,0
NEWS-TSONG-20190916,2018-07-31,,N0,0,0,0,34.3,107.1,190.7,483.6,9.2,71.0,18.052,0,0.2812,PROXY-spatial,-0.0079,-0.0114,,ABSTAIN-flat,,14,14.94,5,0.0,1692.7,0.0,-0.0,12.61,0.0,0.0,0.884,481.6,1801.9,FOREST,0.354,,N0,NEWS-TSONG-20190916_N0_2018,2018.0,119.7,64.3,399.2,0.2891,,47.8,7.0,,17.25714285714285,0,1,0,0,0,1,0,0,0
NEWS-TSONG-20190916,2018-08-01,,N0,0,0,0,40.0,99.4,206.5,505.3,5.7,53.8,17.625,0,0.2821,PROXY-spatial,-0.0041,-0.0171,,ABSTAIN-flat,,14,14.94,5,0.0,1692.7,0.0,-0.0,12.61,0.0,0.0,0.884,481.6,1801.9,FOREST,0.354,,N0,NEWS-TSONG-20190916_N0_2018,2018.0,152.7,83.1,380.7,0.2862,,47.8,7.0,,17.928571428571423,0,1,0,0,0,1,0,0,0
NEWS-TSONG-20190916,2018-08-02,,N0,0,0,0,8.1,82.4,183.9,499.2,-31.9,17.0,11.113,0,0.2798,PROXY-spatial,0.0022,-0.0225,,ABSTAIN-flat,,14,14.94,5,0.0,1692.7,0.0,-0.0,12.61,0.0,0.0,0.884,481.6,1801.9,FOREST,0.354,,N0,NEWS-TSONG-20190916_N0_2018,2018.0,166.9,106.1,407.7,0.2776,,47.8,6.0,,15.05714285714286,0,1,0,0,0,1,0,0,0
NEWS-TSONG-20190916,2018-08-03,,N0,0,0,0,4.5,52.6,175.5,501.4,-3.6,-15.2,8.794,0,0.2845,PROXY-spatial,0.0033,-0.0126,,ABSTAIN-flat,,14,14.94,5,0.0,1692.7,0.0,-0.0,12.61,0.0,0.0,0.884,481.6,1801.9,FOREST,0.354,,N0,NEWS-TSONG-20190916_N0_2018,2018.0,190.7,113.9,396.8,0.2812,,47.8,5.0,,9.621428571428574,0,1,0,0,0,1,0,0,0
NEWS-TSONG-20190916,2018-08-04,,N0,0,0,0,0.4,13.0,160.2,442.5,-4.1,-46.3,5.78,1,0.2919,PROXY-spatial,0.0098,0.0028,,ABSTAIN-flat,,14,14.94,5,0.0,1692.7,0.0,-0.0,12.61,0.0,0.0,0.884,481.6,1801.9,FOREST,0.354,,N0,NEWS-TSONG-20190916_N0_2018,2018.0,206.5,119.7,403.8,0.2821,,47.8,4.0,,1.1750000000000094,0,1,0,0,0,1,0,0,0
NEWS-TSONG-20190916,2018-08-05,,N0,0,0,0,2.2,7.1,114.6,436.8,1.8,-69.3,-5.437,2,0.2978,PROXY-spatial,0.018,0.0116,,ABSTAIN-flat,,14,14.94,5,0.0,1692.7,0.0,-0.0,12.61,0.0,0.0,0.884,481.6,1801.9,FOREST,0.354,,N0,NEWS-TSONG-20190916_N0_2018,2018.0,183.9,152.7,450.3,0.2798,,40.0,3.0,,-8.88928571428572,0,1,0,0,0,1,0,0,0
NEWS-TSONG-20190916,2018-08-06,,N0,0,0,0,57.9,60.5,147.4,489.1,55.7,-28.1,-2.79,0,0.3056,PROXY-spatial,0.0211,0.028,,ABSTAIN-flat,,14,14.94,5,0.0,1692.7,0.0,-0.0,12.61,0.0,0.0,0.884,481.6,1801.9,FOREST,0.354,,N0,NEWS-TSONG-20190916_N0_2018,2018.0,175.5,166.9,455.5,0.2845,,57.9,3.0,,-12.049999999999992,0,1,0,0,0,1,0,0,0
NEWS-TSONG-20190916,2018-08-07,,N0,0,0,0,66.8,126.8,179.9,542.5,8.9,19.7,-1.538,0,0.2975,PROXY-spatial,0.0056,0.0163,,ABSTAIN-flat,,14,14.94,5,0.0,1692.7,0.0,-0.0,12.61,0.0,0.0,0.884,481.6,1801.9,FOREST,0.354,,N0,NEWS-TSONG-20190916_N0_2018,2018.0,160.2,190.7,483.6,0.2919,,66.8,3.0,,-7.632142857142847,0,1,0,0,0,1,0,0,0
NEWS-TSONG-20190916,2018-08-08,,N0,0,0,0,28.9,153.5,168.7,562.4,-37.9,54.1,-5.402,0,0.2899,PROXY-spatial,-0.0079,0.0078,,ABSTAIN-flat,,14,14.94,5,0.0,1692.7,0.0,-0.0,12.61,0.0,0.0,0.884,481.6,1801.9,FOREST,0.354,,N0,NEWS-TSONG-20190916_N0_2018,2018.0,114.6,206.5,505.3,0.2978,,66.8,3.0,,-1.7714285714285756,0,1,0,0,0,1,0,0,0
NEWS-TSONG-20190916,2018-08-09,,N0,0,0,0,0.9,96.5,161.5,554.7,-28.0,14.1,-3.205,1,0.2859,PROXY-spatial,-0.0197,0.0061,,ABSTAIN-flat,,14,14.94,5,0.0,1692.7,0.0,-0.0,12.61,0.0,0.0,0.884,481.6,1801.9,FOREST,0.354,,N0,NEWS-TSONG-20190916_N0_2018,2018.0,147.4,183.9,499.2,0.3056,,66.8,3.0,,1.4392857142857158,0,1,0,0,0,1,0,0,0
NEWS-TSONG-20190916,2018-08-10,,N0,0,0,0,19.6,49.4,176.6,565.3,18.7,-3.3,0.156,0,0.2865,PROXY-spatial,-0.011,0.002,,ABSTAIN-flat,,14,14.94,5,0.0,1692.7,0.0,-0.0,12.61,0.0,0.0,0.884,481.6,1801.9,FOREST,0.354,,N0,NEWS-TSONG-20190916_N0_2018,2018.0,179.9,175.5,501.4,0.2975,,66.8,4.0,,5.867857142857149,0,1,0,0,0,1,0,0,0
NEWS-TSONG-20190916,2018-08-11,,N0,0,0,0,11.6,32.1,187.7,570.8,-8.0,19.0,3.933,0,0.2899,PROXY-spatial,0.0,-0.002,,ABSTAIN-flat,,14,14.94,5,0.0,1692.7,0.0,-0.0,12.61,0.0,0.0,0.884,481.6,1801.9,FOREST,0.354,,N0,NEWS-TSONG-20190916_N0_2018,2018.0,168.7,160.2,442.5,0.2899,,66.8,5.0,,9.260714285714279,0,1,0,0,0,1,0,0,0
NEWS-TSONG-20190916,2018-08-12,,N0,0,0,0,3.6,34.8,189.2,540.4,-8.0,27.7,10.658,0,0.2963,PROXY-spatial,0.0104,-0.0015,,ABSTAIN-flat,,14,14.94,5,0.0,1692.7,0.0,-0.0,12.61,0.0,0.0,0.884,481.6,1801.9,FOREST,0.354,,N0,NEWS-TSONG-20190916_N0_2018,2018.0,161.5,114.6,436.8,0.2859,,66.8,5.0,,5.317857142857142,0,1,0,0,0,1,0,0,0
NEWS-TSONG-20190916,2018-08-13,,N0,0,0,0,28.1,43.3,159.4,554.1,24.5,-17.2,1.721,0,0.2992,PROXY-spatial,0.0127,-0.0064,,ABSTAIN-flat,,14,14.94,5,0.0,1692.7,0.0,-0.0,12.61,0.0,0.0,0.884,481.6,1801.9,FOREST,0.354,,N0,NEWS-TSONG-20190916_N0_2018,2018.0,176.6,147.4,489.1,0.2865,,66.8,5.0,,0.20357142857142493,0,1,0,0,0,1,0,0,0
NEWS-TSONG-20190916,2018-08-14,,N0,0,0,0,7.9,39.6,100.5,545.1,-20.2,-87.2,-11.336,0,0.3068,PROXY-spatial,0.0169,0.0093,,ABSTAIN-flat,,14,14.94,5,0.0,1692.7,0.0,-0.0,12.61,0.0,0.0,0.884,481.6,1801.9,FOREST,0.354,,N0,NEWS-TSONG-20190916_N0_2018,2018.0,187.7,179.9,542.5,0.2899,,28.9,4.0,,-7.007142857142862,0,1,0,0,0,1,0,0,0
NEWS-TSONG-20190916,2018-08-15,,N0,0,0,0,15.5,51.5,87.1,559.8,7.6,-102.1,-11.657,0,0.3102,PROXY-spatial,0.0139,0.0203,,ABSTAIN-flat,,14,14.94,5,0.0,1692.7,0.0,-0.0,12.61,0.0,0.0,0.884,481.6,1801.9,FOREST,0.354,,N0,NEWS-TSONG-20190916_N0_2018,2018.0,189.2,168.7,562.4,0.2963,,28.1,4.0,,-14.417857142857153,0,1,0,0,0,1,0,0,0
NEWS-TSONG-20190916,2018-08-16,,N0,0,0,0,19.1,42.5,105.3,570.0,3.6,-54.1,-8.028,0,0.3131,PROXY-spatial,0.0139,0.0272,,ABSTAIN-flat,,14,14.94,5,0.0,1692.7,0.0,-0.0,12.61,0.0,0.0,0.884,481.6,1801.9,FOREST,0.354,,N0,NEWS-TSONG-20190916_N0_2018,2018.0,159.4,161.5,554.7,0.2992,,28.1,5.0,,-17.992857142857154,0,1,0,0,0,1,0,0,0
NEWS-TSONG-20190916,2018-08-17,,N0,0,0,0,0.8,35.4,86.5,565.4,-18.3,-14.0,-12.867,1,0.3068,PROXY-spatial,0.0,0.0203,,ABSTAIN-flat,,14,14.94,5,0.0,1692.7,0.0,-0.0,12.61,0.0,0.0,0.884,481.6,1801.9,FOREST,0.354,,N0,NEWS-TSONG-20190916_N0_2018,2018.0,100.5,176.6,565.3,0.3068,,28.1,4.0,,-19.417857142857148,0,1,0,0,0,1,0,0,0
NEWS-TSONG-20190916,2018-08-18,,N0,0,0,0,19.6,39.4,94.5,577.2,18.8,7.4,-13.321,0,0.3053,PROXY-spatial,-0.0049,0.0154,,ABSTAIN-flat,,14,14.94,5,0.0,1692.7,0.0,-0.0,12.61,0.0,0.0,0.884,481.6,1801.9,FOREST,0.354,,N0,NEWS-TSONG-20190916_N0_2018,2018.0,87.1,187.7,570.8,0.3102,,28.1,4.0,,-15.182142857142866,0,1,0,0,0,1,0,0,0
NEWS-TSONG-20190916,2018-08-19,,N0,0,0,0,0.6,21.0,91.6,572.7,-19.0,-13.7,-13.939,1,0.2885,PROXY-spatial,-0.0246,-0.0078,,ABSTAIN-flat,,14,14.94,5,0.0,1692.7,0.0,-0.0,12.61,0.0,0.0,0.884,481.6,1801.9,FOREST,0.354,,N0,NEWS-TSONG-20190916_N0_2018,2018.0,105.3,189.2,540.4,0.3131,,28.1,4.0,,-7.7142857142857135,0,1,0,0,0,1,0,0,0
NEWS-TSONG-20190916,2018-08-20,,N0,0,0,0,8.0,28.2,71.4,570.8,7.4,-15.1,-12.566,0,0.2734,PROXY-spatial,-0.0334,-0.0258,,ABSTAIN-flat,,14,14.94,5,0.0,1692.7,0.0,-0.0,12.61,0.0,0.0,0.884,481.6,1801.9,FOREST,0.354,,N0,NEWS-TSONG-20190916_N0_2018,2018.0,86.5,159.4,554.1,0.3068,,19.6,3.0,,-3.1821428571428565,0,1,0,0,0,1,0,0,0
NEWS-TSONG-20190916,2018-08-21,,N0,0,0,0,5.7,14.3,69.2,561.6,-2.3,-25.3,-4.474,0,0.2622,PROXY-spatial,-0.0431,-0.0446,,ABSTAIN-flat,,14,14.94,5,0.0,1692.7,0.0,-0.0,12.61,0.0,0.0,0.884,481.6,1801.9,FOREST,0.354,,N0,NEWS-TSONG-20190916_N0_2018,2018.0,94.5,100.5,545.1,0.3053,,19.6,3.0,,-4.157142857142848,0,1,0,0,0,1,0,0,0
NEWS-TSONG-20190916,2018-08-22,,N0,0,0,0,2.9,16.6,56.7,553.7,-2.8,-34.9,-4.35,0,0.2567,PROXY-spatial,-0.0318,-0.0535,,ABSTAIN-flat,,14,14.94,5,0.0,1692.7,0.0,-0.0,12.61,0.0,0.0,0.884,481.6,1801.9,FOREST,0.354,,N0,NEWS-TSONG-20190916_N0_2018,2018.0,91.6,87.1,559.8,0.2885,,19.6,2.0,,-7.2678571428571415,0,1,0,0,0,1,0,0,0
NEWS-TSONG-20190916,2018-08-23,,N0,0,0,0,15.3,23.9,52.8,558.5,12.4,-18.6,-7.505,0,0.2544,PROXY-spatial,-0.019,-0.0587,,ABSTAIN-flat,,14,14.94,5,0.0,1692.7,0.0,-0.0,12.61,0.0,0.0,0.884,481.6,1801.9,FOREST,0.354,,N0,NEWS-TSONG-20190916_N0_2018,2018.0,71.4,105.3,570.0,0.2734,,19.6,2.0,,-7.110714285714282,0,1,0,0,0,1,0,0,0
NEWS-TSONG-20190916,2018-08-24,,N0,0,0,0,2.7,20.8,54.7,536.9,-12.6,-14.5,-4.546,0,0.2573,PROXY-spatial,-0.0049,-0.0495,,ABSTAIN-flat,,14,14.94,5,0.0,1692.7,0.0,-0.0,12.61,0.0,0.0,0.884,481.6,1801.9,FOREST,0.354,,N0,NEWS-TSONG-20190916_N0_2018,2018.0,69.2,86.5,565.4,0.2622,,19.6,2.0,,-7.560714285714288,0,1,0,0,0,1,0,0,0
NEWS-TSONG-20190916,2018-08-25,,N0,0,0,0,63.8,81.7,98.9,570.0,61.1,42.2,0.624,0,0.2539,PROXY-spatial,-0.0028,-0.0514,,ABSTAIN-flat,,14,14.94,5,0.0,1692.7,0.0,-0.0,12.61,0.0,0.0,0.884,481.6,1801.9,FOREST,0.354,,N0,NEWS-TSONG-20190916_N0_2018,2018.0,56.7,94.5,577.2,0.2567,,63.8,2.0,,-0.9964285714285732,0,1,0,0,0,1,0,0,0
NEWS-TSONG-20190916,2018-08-26,,N0,0,0,0,13.1,79.5,111.4,570.2,-50.7,58.6,2.834,0,0.2521,PROXY-spatial,-0.0023,-0.0364,,ABSTAIN-flat,,14,14.94,5,0.0,1692.7,0.0,-0.0,12.61,0.0,0.0,0.884,481.6,1801.9,FOREST,0.354,,N0,NEWS-TSONG-20190916_N0_2018,2018.0,52.8,91.6,572.7,0.2544,,63.8,3.0,,6.335714285714281,0,1,0,0,0,1,0,0,0
NEWS-TSONG-20190916,2018-08-27,,N0,0,0,0,42.0,118.8,145.4,596.4,28.9,90.7,10.567,0,0.2598,PROXY-spatial,0.0025,-0.0136,,ABSTAIN-flat,,14,14.94,5,0.0,1692.7,0.0,-0.0,12.61,0.0,0.0,0.884,481.6,1801.9,FOREST,0.354,,N0,NEWS-TSONG-20190916_N0_2018,2018.0,54.7,71.4,570.8,0.2573,,63.8,4.0,,13.717857142857147,0,1,0,0,0,1,0,0,0
NEWS-TSONG-20190916,2018-08-28,,N0,0,0,0,7.6,62.6,147.3,556.3,-34.4,48.4,11.153,0,0.2653,PROXY-spatial,0.0114,0.0031,,ABSTAIN-flat,,14,14.94,5,0.0,1692.7,0.0,-0.0,12.61,0.0,0.0,0.884,481.6,1801.9,FOREST,0.354,,N0,NEWS-TSONG-20190916_N0_2018,2018.0,98.9,69.2,561.6,0.2539,,63.8,4.0,,18.346428571428575,0,1,0,0,0,1,0,0,0
NEWS-TSONG-20190916,2018-08-29,,N0,0,0,0,4.5,54.1,148.9,535.7,-3.1,37.5,13.177,0,0.2667,PROXY-spatial,0.0146,0.01,,ABSTAIN-flat,,14,14.94,5,0.0,1692.7,0.0,-0.0,12.61,0.0,0.0,0.884,481.6,1801.9,FOREST,0.354,,N0,NEWS-TSONG-20190916_N0_2018,2018.0,111.4,56.7,553.7,0.2521,,63.8,4.0,,18.571428571428566,0,1,0,0,0,1,0,0,0
NEWS-TSONG-20190916,2018-08-30,,N0,0,0,0,27.7,39.8,161.3,529.1,23.2,15.9,15.497,0,0.272,PROXY-spatial,0.0122,0.0176,,ABSTAIN-flat,,14,14.94,5,0.0,1692.7,0.0,-0.0,12.61,0.0,0.0,0.884,481.6,1801.9,FOREST,0.354,,N0,NEWS-TSONG-20190916_N0_2018,2018.0,145.4,52.8,558.5,0.2598,,63.8,4.0,,16.275,0,1,0,0,0,1,0,0,0
NEWS-TSONG-20190916,2018-08-31,,N0,0,0,0,2.5,34.7,161.2,491.6,-25.2,13.9,15.214,1,0.267,PROXY-spatial,0.0017,0.0097,,ABSTAIN-flat,,14,14.94,5,0.0,1692.7,0.0,-0.0,12.61,0.0,0.0,0.884,481.6,1801.9,FOREST,0.354,,N0,NEWS-TSONG-20190916_N0_2018,2018.0,147.3,54.7,536.9,0.2653,,63.8,4.0,,10.364285714285717,0,1,0,0,0,1,0,0,0
NEWS-TSONG-20190916,2018-09-01,,N0,0,0,0,2.0,32.2,99.4,485.5,-0.5,-49.5,0.066,2,0.2663,PROXY-spatial,-0.0004,0.0124,,ABSTAIN-flat,,14,14.94,5,0.0,1692.7,0.0,-0.0,12.61,0.0,0.0,0.884,481.6,1801.9,FOREST,0.354,,N0,NEWS-TSONG-20190916_N0_2018,2018.0,148.9,98.9,570.0,0.2667,,42.0,3.0,,0.34285714285714686,0,1,0,0,0,1,0,0,0
NEWS-TSONG-20190916,2018-09-02,,N0,0,0,0,23.4,28.0,109.8,504.5,21.4,-51.5,-0.224,0,0.2748,PROXY-spatial,0.0028,0.0227,,ABSTAIN-flat,,14,14.94,5,0.0,1692.7,0.0,-0.0,12.61,0.0,0.0,0.884,481.6,1801.9,FOREST,0.354,,N0,NEWS-TSONG-20190916_N0_2018,2018.0,161.3,111.4,570.2,0.272,,42.0,3.0,,-6.796428571428566,0,1,0,0,0,1,0,0,0
NEWS-TSONG-20190916,2018-09-03,,N0,0,0,0,14.2,39.7,82.0,518.2,-9.2,-79.2,-9.053,0,0.2692,PROXY-spatial,0.0022,0.0094,,ABSTAIN-flat,,14,14.94,5,0.0,1692.7,0.0,-0.0,12.61,0.0,0.0,0.884,481.6,1801.9,FOREST,0.354,,N0,NEWS-TSONG-20190916_N0_2018,2018.0,161.2,145.4,596.4,0.267,,27.7,3.0,,-12.00000000000001,0,1,0,0,0,1,0,0,0
NEWS-TSONG-20190916,2018-09-04,,N0,0,0,0,12.1,49.7,86.5,528.2,-2.1,-12.9,-8.684,0,0.2589,PROXY-spatial,-0.0074,-0.0064,,ABSTAIN-flat,,14,14.94,5,0.0,1692.7,0.0,-0.0,12.61,0.0,0.0,0.884,481.6,1801.9,FOREST,0.354,,N0,NEWS-TSONG-20190916_N0_2018,2018.0,99.4,147.3,556.3,0.2663,,27.7,4.0,,-14.1857142857143,0,1,0,0,0,1,0,0,0
NEWS-TSONG-20190916,2018-09-05,,N0,0,0,0,14.6,40.9,96.6,484.9,2.5,-13.2,-7.468,0,0.2505,PROXY-spatial,-0.0243,-0.0162,,ABSTAIN-flat,,14,14.94,5,0.0,1692.7,0.0,-0.0,12.61,0.0,0.0,0.884,481.6,1801.9,FOREST,0.354,,N0,NEWS-TSONG-20190916_N0_2018,2018.0,109.8,148.9,535.7,0.2748,,27.7,5.0,,-12.88928571428571,0,1,0,0,0,1,0,0,0
NEWS-TSONG-20190916,2018-09-06,,N0,0,0,0,10.5,37.2,79.4,428.7,-4.1,-2.6,-11.704,0,0.2288,PROXY-spatial,-0.0404,-0.0432,,ABSTAIN-flat,,14,14.94,5,0.0,1692.7,0.0,-0.0,12.61,0.0,0.0,0.884,481.6,1801.9,FOREST,0.354,,N0,NEWS-TSONG-20190916_N0_2018,2018.0,82.0,161.3,529.1,0.2692,,23.4,5.0,,-9.796428571428569,0,1,0,0,0,1,0,0,0
NEWS-TSONG-20190916,2018-09-07,,N0,0,0,0,56.0,81.1,132.9,455.8,45.5,46.4,-4.039,0,0.2318,PROXY-spatial,-0.0271,-0.0352,,ABSTAIN-flat,,14,14.94,5,0.0,1692.7,0.0,-0.0,12.61,0.0,0.0,0.884,481.6,1801.9,FOREST,0.354,,N0,NEWS-TSONG-20190916_N0_2018,2018.0,86.5,161.2,491.6,0.2589,,56.0,6.0,,1.9392857142857154,0,1,0,0,0,1,0,0,0
NEWS-TSONG-20190916,2018-09-08,,N0,0,0,0,6.2,72.7,137.0,461.0,-49.8,40.4,5.37,0,0.2249,PROXY-spatial,-0.0256,-0.0414,,ABSTAIN-flat,,14,14.94,5,0.0,1692.7,0.0,-0.0,12.61,0.0,0.0,0.884,481.6,1801.9,FOREST,0.354,,N0,NEWS-TSONG-20190916_N0_2018,2018.0,96.6,99.4,485.5,0.2505,,56.0,6.0,,6.296428571428569,0,1,0,0,0,1,0,0,0
NEWS-TSONG-20190916,2018-09-09,,N0,0,0,0,2.8,64.9,116.3,444.2,-3.4,36.9,0.931,0,0.2194,PROXY-spatial,-0.0094,-0.0554,,ABSTAIN-flat,,14,14.94,5,0.0,1692.7,0.0,-0.0,12.61,0.0,0.0,0.884,481.6,1801.9,FOREST,0.354,,N0,NEWS-TSONG-20190916_N0_2018,2018.0,79.4,109.8,504.5,0.2288,,56.0,5.0,,8.578571428571431,0,1,0,0,0,1,0,0,0
NEWS-TSONG-20190916,2018-09-10,,N0,0,0,0,31.9,40.9,134.1,464.6,29.1,1.2,7.442,0,0.2287,PROXY-spatial,-0.0031,-0.0405,,ABSTAIN-flat,,14,14.94,5,0.0,1692.7,0.0,-0.0,12.61,0.0,0.0,0.884,481.6,1801.9,FOREST,0.354,,N0,NEWS-TSONG-20190916_N0_2018,2018.0,132.9,82.0,518.2,0.2318,,56.0,5.0,,8.564285714285708,0,1,0,0,0,1,0,0,0
NEWS-TSONG-20190916,2018-09-11,,N0,0,0,0,41.9,76.6,163.9,502.9,10.0,26.9,11.058,0,0.2452,PROXY-spatial,0.0203,-0.0137,,ABSTAIN-flat,,14,14.94,5,0.0,1692.7,0.0,-0.0,12.61,0.0,0.0,0.884,481.6,1801.9,FOREST,0.354,,N0,NEWS-TSONG-20190916_N0_2018,2018.0,137.0,86.5,528.2,0.2249,,56.0,5.0,,10.524999999999995,0,1,0,0,0,1,0,0,0
NEWS-TSONG-20190916,2018-09-12,,N0,0,0,0,6.1,79.9,155.4,480.9,-35.8,39.1,8.4,0,0.2594,PROXY-spatial,0.04,0.0089,,ABSTAIN-flat,,14,14.94,5,0.0,1692.7,0.0,-0.0,12.61,0.0,0.0,0.884,481.6,1801.9,FOREST,0.354,,N0,NEWS-TSONG-20190916_N0_2018,2018.0,116.3,96.6,484.9,0.2194,,56.0,4.0,,10.253571428571428,0,1,0,0,0,1,0,0,0
NEWS-TSONG-20190916,2018-09-13,,N0,0,0,0,6.7,54.7,151.5,479.7,0.6,17.4,10.301,0,0.2836,PROXY-spatial,0.0549,0.0548,,ABSTAIN-flat,,14,14.94,5,0.0,1692.7,0.0,-0.0,12.61,0.0,0.0,0.884,481.6,1801.9,FOREST,0.354,,N0,NEWS-TSONG-20190916_N0_2018,2018.0,134.1,79.4,428.7,0.2287,,56.0,3.0,,5.007142857142865,0,1,0,0,0,1,0,0,0
NEWS-TSONG-20190916,2018-09-14,,N0,0,0,0,0.9,13.7,96.5,465.1,-5.8,-67.4,-5.196,1,0.287,PROXY-spatial,0.0418,0.0552,,ABSTAIN-flat,,14,14.94,5,0.0,1692.7,0.0,-0.0,12.61,0.0,0.0,0.884,481.6,1801.9,FOREST,0.354,,N0,NEWS-TSONG-20190916_N0_2018,2018.0,163.9,132.9,455.8,0.2452,,41.9,2.0,,-1.0642857142857107,0,1,0,0,0,1,0,0,0
NEWS-TSONG-20190916,2018-09-15,,N0,0,0,0,24.0,31.6,114.3,470.0,23.1,-41.1,-3.245,0,0.2824,PROXY-spatial,0.023,0.0575,,ABSTAIN-flat,,14,14.94,5,0.0,1692.7,0.0,-0.0,12.61,0.0,0.0,0.884,481.6,1801.9,FOREST,0.354,,N0,NEWS-TSONG-20190916_N0_2018,2018.0,155.4,137.0,461.0,0.2594,,41.9,3.0,,-3.3428571428571425,0,1,0,0,0,1,0,0,0
NEWS-TSONG-20190916,2018-09-16,,N0,0,0,0,6.9,31.8,118.4,476.1,-17.1,-33.1,0.293,0,0.2832,PROXY-spatial,-0.0004,0.0638,,ABSTAIN-flat,,14,14.94,5,0.0,1692.7,0.0,-0.0,12.61,0.0,0.0,0.884,481.6,1801.9,FOREST,0.354,,N0,NEWS-TSONG-20190916_N0_2018,2018.0,151.5,116.3,444.2,0.2836,,41.9,3.0,,-7.328571428571434,0,1,0,0,0,1,0,0,0
NEWS-TSONG-20190916,2015-07-15,,N1,0,0,0,52.7,59.2,165.8,692.5,47.0,-33.4,4.248,0,0.2728,PROXY-spatial,0.0242,0.0463,,ABSTAIN-flat,,14,14.94,2,0.0,1692.7,0.0,-0.0,12.61,0.0,0.0,0.884,481.6,1801.9,FOREST,0.34,,N1,NEWS-TSONG-20190916_N1_2015,2015.0,,,,,,52.7,1.0,,,0,1,0,0,0,1,0,0,0
NEWS-TSONG-20190916,2015-07-16,,N1,0,0,0,26.7,85.1,183.8,717.3,-26.0,19.4,5.797,0,0.2727,PROXY-spatial,0.0124,0.0374,,ABSTAIN-flat,,14,14.94,2,0.0,1692.7,0.0,-0.0,12.61,0.0,0.0,0.884,481.6,1801.9,FOREST,0.34,,N1,NEWS-TSONG-20190916_N1_2015,2015.0,,,,,,52.7,2.0,,,0,1,0,0,0,1,0,0,0
NEWS-TSONG-20190916,2015-07-17,,N1,0,0,0,7.3,86.8,147.0,724.0,-19.4,11.8,-1.268,0,0.2653,PROXY-spatial,-0.0031,0.0233,,ABSTAIN-flat,,14,14.94,2,0.0,1692.7,0.0,-0.0,12.61,0.0,0.0,0.884,481.6,1801.9,FOREST,0.34,,N1,NEWS-TSONG-20190916_N1_2015,2015.0,,,,,,52.7,2.0,,,0,1,0,0,0,1,0,0,0
NEWS-TSONG-20190916,2015-07-18,,N1,0,0,0,22.7,56.8,118.6,677.7,15.4,-47.2,-11.513,0,0.2639,PROXY-spatial,-0.0089,0.0205,,ABSTAIN-flat,,14,14.94,2,0.0,1692.7,0.0,-0.0,12.61,0.0,0.0,0.884,481.6,1801.9,FOREST,0.34,,N1,NEWS-TSONG-20190916_N1_2015,2015.0,165.8,,,0.2728,,52.7,3.0,,-17.84,0,1,0,0,0,1,0,0,0
NEWS-TSONG-20190916,2015-07-19,,N1,0,0,0,18.0,48.0,134.0,689.5,-4.7,-49.8,-9.31,0,0.2698,PROXY-spatial,-0.0029,0.0212,,ABSTAIN-flat,,14,14.94,2,0.0,1692.7,0.0,-0.0,12.61,0.0,0.0,0.884,481.6,1801.9,FOREST,0.34,,N1,NEWS-TSONG-20190916_N1_2015,2015.0,183.8,,,0.2727,,52.7,4.0,,-12.88000000000003,0,1,0,0,0,1,0,0,0
NEWS-TSONG-20190916,2015-07-20,,N1,0,0,0,3.6,44.4,136.8,691.8,-14.4,-10.2,-3.949,0,0.2666,PROXY-spatial,0.0013,0.0063,,ABSTAIN-flat,,14,14.94,2,0.0,1692.7,0.0,-0.0,12.61,0.0,0.0,0.884,481.6,1801.9,FOREST,0.34,,N1,NEWS-TSONG-20190916_N1_2015,2015.0,147.0,,,0.2653,,52.7,4.0,,-9.22285714285715,0,1,0,0,0,1,0,0,0
NEWS-TSONG-20190916,2015-07-21,,N1,0,0,0,20.5,42.1,151.6,712.3,16.9,33.0,2.339,0,0.2649,PROXY-spatial,0.001,-0.0035,,ABSTAIN-flat,,14,14.94,2,0.0,1692.7,0.0,-0.0,12.61,0.0,0.0,0.884,481.6,1801.9,FOREST,0.34,,N1,NEWS-TSONG-20190916_N1_2015,2015.0,118.6,,,0.2639,,52.7,5.0,,-5.342857142857154,0,1,0,0,0,1,0,0,0
NEWS-TSONG-20190916,2015-07-22,,N1,0,0,0,12.3,36.4,111.2,688.6,-8.2,-22.8,-7.799,0,0.2663,PROXY-spatial,-0.0035,-0.0065,,ABSTAIN-flat,,14,14.94,2,0.0,1692.7,0.0,-0.0,12.61,0.0,0.0,0.884,481.6,1801.9,FOREST,0.34,,N1,NEWS-TSONG-20190916_N1_2015,2015.0,134.0,165.8,692.5,0.2698,,26.7,5.0,,-6.800000000000004,0,1,0,0,0,1,0,0,0
NEWS-TSONG-20190916,2015-07-23,,N1,0,0,0,27.6,60.4,112.0,683.3,15.3,-24.8,-10.254,0,0.2651,PROXY-spatial,-0.0015,-0.0076,,ABSTAIN-flat,,14,14.94,2,0.0,1692.7,0.0,-0.0,12.61,0.0,0.0,0.884,481.6,1801.9,FOREST,0.34,,N1,NEWS-TSONG-20190916_N1_2015,2015.0,136.8,183.8,717.3,0.2666,,27.6,5.0,,-3.649999999999994,0,1,0,0,0,1,0,0,0
NEWS-TSONG-20190916,2015-07-24,,N1,0,0,0,18.7,58.6,123.5,684.6,-8.9,-28.1,-3.357,0,0.2655,PROXY-spatial,0.0006,0.0002,,ABSTAIN-flat,,14,14.94,2,0.0,1692.7,0.0,-0.0,12.61,0.0,0.0,0.884,481.6,1801.9,FOREST,0.34,,N1,NEWS-TSONG-20190916_N1_2015,2015.0,151.6,147.0,724.0,0.2649,,27.6,6.0,,-1.9607142857142907,0,1,0,0,0,1,0,0,0
NEWS-TSONG-20190916,2015-07-25,,N1,0,0,0,86.6,132.9,187.3,748.5,67.9,76.1,9.819,0,0.2677,PROXY-spatial,0.0014,0.0038,,ABSTAIN-flat,,14,14.94,2,0.0,1692.7,0.0,-0.0,12.61,0.0,0.0,0.884,481.6,1801.9,FOREST,0.34,,N1,NEWS-TSONG-20190916_N1_2015,2015.0,111.2,118.6,677.7,0.2663,,86.6,6.0,,3.346428571428573,0,1,0,0,0,1,0,0,0
NEWS-TSONG-20190916,2015-07-26,,N1,0,0,0,0.9,106.3,170.3,747.9,-85.7,58.3,5.186,1,0.2668,PROXY-spatial,0.0017,-0.003,,ABSTAIN-flat,,14,14.94,2,0.0,1692.7,0.0,-0.0,12.61,0.0,0.0,0.884,481.6,1801.9,FOREST,0.34,,N1,NEWS-TSONG-20190916_N1_2015,2015.0,112.0,134.0,689.5,0.2651,,86.6,5.0,,6.578571428571429,0,1,0,0,0,1,0,0,0
NEWS-TSONG-20190916,2015-07-27,,N1,0,0,0,0.2,87.7,166.8,733.9,-0.7,43.3,4.286,2,0.2696,PROXY-spatial,0.0041,0.003,,ABSTAIN-flat,,14,14.94,2,0.0,1692.7,0.0,-0.0,12.61,0.0,0.0,0.884,481.6,1801.9,FOREST,0.34,,N1,NEWS-TSONG-20190916_N1_2015,2015.0,123.5,136.8,691.8,0.2655,,86.6,5.0,,8.539285714285713,0,1,0,0,0,1,0,0,0
NEWS-TSONG-20190916,2015-07-28,,N1,0,0,0,6.8,7.9,153.1,645.2,6.6,-34.2,0.216,0,0.2627,PROXY-spatial,-0.005,-0.0022,,ABSTAIN-flat,,14,14.94,2,0.0,1692.7,0.0,-0.0,12.61,0.0,0.0,0.884,481.6,1801.9,FOREST,0.34,,N1,NEWS-TSONG-20190916_N1_2015,2015.0,187.3,151.6,712.3,0.2677,,86.6,4.0,,10.075,0,1,0,0,0,1,0,0,0
NEWS-TSONG-20190916,2015-07-29,,N1,0,0,0,15.3,22.2,156.0,642.7,8.5,-14.3,6.402,0,0.2595,PROXY-spatial,-0.0073,-0.0068,,ABSTAIN-flat,,14,14.94,2,0.0,1692.7,0.0,-0.0,12.61,0.0,0.0,0.884,481.6,1801.9,FOREST,0.34,,N1,NEWS-TSONG-20190916_N1_2015,2015.0,170.3,111.2,688.6,0.2668,,86.6,4.0,,6.096428571428572,0,1,0,0,0,1,0,0,0
NEWS-TSONG-20190916,2015-07-30,,N1,0,0,0,0.9,22.9,129.3,643.4,-14.4,-37.5,2.468,1,0.2546,PROXY-spatial,-0.015,-0.0105,,ABSTAIN-flat,,14,14.94,2,0.0,1692.7,0.0,-0.0,12.61,0.0,0.0,0.884,481.6,1801.9,FOREST,0.34,,N1,NEWS-TSONG-20190916_N1_2015,2015.0,166.8,112.0,683.3,0.2696,,86.6,3.0,,-2.228571428571437,0,1,0,0,0,1,0,0,0
NEWS-TSONG-20190916,2015-07-31,,N1,0,0,0,19.4,35.5,130.0,589.3,18.5,-23.1,0.935,0,0.2609,PROXY-spatial,-0.0018,-0.0046,,ABSTAIN-flat,,14,14.94,2,0.0,1692.7,0.0,-0.0,12.61,0.0,0.0,0.884,481.6,1801.9,FOREST,0.34,,N1,NEWS-TSONG-20190916_N1_2015,2015.0,153.1,123.5,684.6,0.2627,,86.6,3.0,,-9.45357142857143,0,1,0,0,0,1,0,0,0
NEWS-TSONG-20190916,2015-08-01,,N1,0,0,0,2.0,22.3,45.4,589.8,-17.4,-110.6,-20.275,1,0.2555,PROXY-spatial,-0.004,-0.0122,,ABSTAIN-flat,,14,14.94,2,0.0,1692.7,0.0,-0.0,12.61,0.0,0.0,0.884,481.6,1801.9,FOREST,0.34,,N1,NEWS-TSONG-20190916_N1_2015,2015.0,156.0,187.3,748.5,0.2595,,19.4,2.0,,-16.86071428571429,0,1,0,0,0,1,0,0,0
NEWS-TSONG-20190916,2015-08-02,,N1,0,0,0,6.7,28.1,51.2,565.0,4.7,-78.1,-17.009,0,0.256,PROXY-spatial,0.0014,-0.0108,,ABSTAIN-flat,,14,14.94,2,0.0,1692.7,0.0,-0.0,12.61,0.0,0.0,0.884,481.6,1801.9,FOREST,0.34,,N1,NEWS-TSONG-20190916_N1_2015,2015.0,129.3,170.3,747.9,0.2546,,19.4,2.0,,-21.007142857142867,0,1,0,0,0,1,0,0,0
NEWS-TSONG-20190916,2015-08-03,,N1,0,0,0,10.9,19.7,61.9,568.1,4.2,-68.1,-14.985,0,0.2571,PROXY-spatial,-0.0038,-0.0125,,ABSTAIN-flat,,14,14.94,2,0.0,1692.7,0.0,-0.0,12.61,0.0,0.0,0.884,481.6,1801.9,FOREST,0.34,,N1,NEWS-TSONG-20190916_N1_2015,2015.0,130.0,166.8,733.9,0.2609,,19.4,3.0,,-20.25357142857144,0,1,0,0,0,1,0,0,0
NEWS-TSONG-20190916,2015-08-04,,N1,0,0,0,0.4,18.0,55.5,565.9,-10.5,10.1,-13.944,1,0.2608,PROXY-spatial,0.0053,-0.0019,,ABSTAIN-flat,,14,14.94,2,0.0,1692.7,0.0,-0.0,12.61,0.0,0.0,0.884,481.6,1801.9,FOREST,0.34,,N1,NEWS-TSONG-20190916_N1_2015,2015.0,45.4,153.1,645.2,0.2555,,19.4,3.0,,-18.39642857142857,0,1,0,0,0,1,0,0,0
NEWS-TSONG-20190916,2015-08-05,,N1,0,0,0,7.3,18.6,47.6,537.7,6.9,-3.6,-15.492,0,0.2653,PROXY-spatial,0.0093,0.0058,,ABSTAIN-flat,,14,14.94,2,0.0,1692.7,0.0,-0.0,12.61,0.0,0.0,0.884,481.6,1801.9,FOREST,0.34,,N1,NEWS-TSONG-20190916_N1_2015,2015.0,51.2,156.0,642.7,0.256,,19.4,2.0,,-13.485714285714284,0,1,0,0,0,1,0,0,0
NEWS-TSONG-20190916,2015-08-06,,N1,0,0,0,10.1,17.8,56.9,512.9,2.8,-5.0,-10.348,0,0.2723,PROXY-spatial,0.0152,0.0177,,ABSTAIN-flat,,14,14.94,2,0.0,1692.7,0.0,-0.0,12.61,0.0,0.0,0.884,481.6,1801.9,FOREST,0.34,,N1,NEWS-TSONG-20190916_N1_2015,2015.0,61.9,129.3,643.4,0.2571,,19.4,3.0,,-7.521428571428578,0,1,0,0,0,1,0,0,0
NEWS-TSONG-20190916,2015-08-07,,N1,0,0,0,14.0,31.4,51.5,504.7,3.9,-4.0,-11.21,0,0.2754,PROXY-spatial,0.0146,0.0145,,ABSTAIN-flat,,14,14.94,2,0.0,1692.7,0.0,-0.0,12.61,0.0,0.0,0.884,481.6,1801.9,FOREST,0.34,,N1,NEWS-TSONG-20190916_N1_2015,2015.0,55.5,130.0,589.3,0.2608,,14.0,3.0,,0.5499999999999966,0,1,0,0,0,1,0,0,0
NEWS-TSONG-20190916,2015-08-08,,N1,0,0,0,0.1,24.2,49.5,496.1,-13.9,1.9,0.585,1,0.2852,PROXY-spatial,0.0199,0.0297,,ABSTAIN-flat,,14,14.94,2,0.0,1692.7,0.0,-0.0,12.61,0.0,0.0,0.884,481.6,1801.9,FOREST,0.34,,N1,NEWS-TSONG-20190916_N1_2015,2015.0,47.6,45.4,589.8,0.2653,,14.0,3.0,,-0.8749999999999979,0,1,0,0,0,1,0,0,0
NEWS-TSONG-20190916,2015-08-09,,N1,0,0,0,1.3,15.4,44.2,453.3,1.2,-12.7,-0.995,2,0.2801,PROXY-spatial,0.0078,0.0241,,ABSTAIN-flat,,14,14.94,2,0.0,1692.7,0.0,-0.0,12.61,0.0,0.0,0.884,481.6,1801.9,FOREST,0.34,,N1,NEWS-TSONG-20190916_N1_2015,2015.0,56.9,51.2,565.0,0.2723,,14.0,3.0,,-2.185714285714289,0,1,0,0,0,1,0,0,0
NEWS-TSONG-20190916,2015-08-10,,N1,0,0,0,2.5,3.9,35.7,404.6,1.2,-15.8,-3.746,3,0.2797,PROXY-spatial,0.0043,0.0226,,ABSTAIN-flat,,14,14.94,2,0.0,1692.7,0.0,-0.0,12.61,0.0,0.0,0.884,481.6,1801.9,FOREST,0.34,,N1,NEWS-TSONG-20190916_N1_2015,2015.0,51.5,61.9,568.1,0.2754,,14.0,2.0,,-2.6285714285714272,0,1,0,0,0,1,0,0,0
NEWS-TSONG-20190916,2015-08-11,,N1,0,0,0,15.1,18.9,50.5,417.2,12.6,1.0,-0.719,0,0.2861,PROXY-spatial,0.0009,0.0253,,ABSTAIN-flat,,14,14.94,2,0.0,1692.7,0.0,-0.0,12.61,0.0,0.0,0.884,481.6,1801.9,FOREST,0.34,,N1,NEWS-TSONG-20190916_N1_2015,2015.0,49.5,55.5,565.9,0.2852,,15.1,3.0,,-1.4642857142857129,0,1,0,0,0,1,0,0,0
NEWS-TSONG-20190916,2015-08-12,,N1,0,0,0,20.4,38.0,63.5,436.8,5.3,19.3,2.272,0,0.2838,PROXY-spatial,0.0037,0.0185,,ABSTAIN-flat,,14,14.94,2,0.0,1692.7,0.0,-0.0,12.61,0.0,0.0,0.884,481.6,1801.9,FOREST,0.34,,N1,NEWS-TSONG-20190916_N1_2015,2015.0,44.2,47.6,537.7,0.2801,,20.4,4.0,,0.1428571428571415,0,1,0,0,0,1,0,0,0
NEWS-TSONG-20190916,2015-08-13,,N1,0,0,0,23.7,59.3,77.1,454.8,3.3,41.4,2.892,0,0.2785,PROXY-spatial,-0.0012,0.0062,,ABSTAIN-flat,,14,14.94,2,0.0,1692.7,0.0,-0.0,12.61,0.0,0.0,0.884,481.6,1801.9,FOREST,0.34,,N1,NEWS-TSONG-20190916_N1_2015,2015.0,35.7,56.9,512.9,0.2797,,23.7,4.0,,3.967857142857144,0,1,0,0,0,1,0,0,0
NEWS-TSONG-20190916,2015-08-14,,N1,0,0,0,3.5,47.7,66.7,405.6,-20.2,16.2,2.175,0,0.2715,PROXY-spatial,-0.0146,-0.0039,,ABSTAIN-flat,,14,14.94,2,0.0,1692.7,0.0,-0.0,12.61,0.0,0.0,0.884,481.6,1801.9,FOREST,0.34,,N1,NEWS-TSONG-20190916_N1_2015,2015.0,50.5,51.5,504.7,0.2861,,23.7,3.0,,5.185714285714284,0,1,0,0,0,1,0,0,0
