timestamp,rainfall_mm
1901-01-01,0.0
1901-01-02,0.0
1901-01-03,0.0
1901-01-04,0.0
1901-01-05,0.0
1901-01-06,0.0
1901-01-07,0.0
1901-01-08,2.7851536
1901-01-09,2.1328654
1901-01-10,0.0
1901-01-11,0.0
1901-01-12,0.0
1901-01-13,0.20627636
1901-01-14,0.0
1901-01-15,0.0
1901-01-16,0.0
1901-01-17,0.0
1901-01-18,0.0
1901-01-19,0.0
1901-01-20,0.0
1901-01-21,0.0
1901-01-22,0.87566304
1901-01-23,0.27994648
1901-01-24,0.0
1901-01-25,0.0
1901-01-26,0.0
1901-01-27,0.0
1901-01-28,0.0
1901-01-29,0.0
1901-01-30,0.0
1901-01-31,0.0
1901-02-01,0.0
1901-02-02,0.0
1901-02-03,0.0
1901-02-04,0.0
1901-02-05,0.0
1901-02-06,0.0
1901-02-07,0.0
1901-02-08,0.0
1901-02-09,0.0
1901-02-10,0.0
1901-02-11,0.0
1901-02-12,0.0
1901-02-13,0.0
1901-02-14,23.400349
1901-02-15,3.3932085
1901-02-16,11.003863
1901-02-17,52.221905
1901-02-18,15.02643
1901-02-19,4.7566605
1901-02-20,0.0
1901-02-21,0.10975976
1901-02-22,0.40347734
1901-02-23,2.0502846
1901-02-24,0.0
1901-02-25,0.0
1901-02-26,0.0
1901-02-27,0.0
1901-02-28,0.0
1901-03-01,0.0
1901-03-02,0.0
1901-03-03,0.0
1901-03-04,1.2301707
1901-03-05,0.0
1901-03-06,0.0
1901-03-07,0.0
1901-03-08,0.0
1901-03-09,0.0
1901-03-10,0.0
1901-03-11,0.0
1901-03-12,0.0
1901-03-13,0.0
1901-03-14,0.0
1901-03-15,0.5419086
1901-03-16,5.174428
1901-03-17,0.38415915
1901-03-18,0.0
1901-03-19,0.0
1901-03-20,0.0
1901-03-21,0.0
1901-03-22,0.0
1901-03-23,0.0
1901-03-24,0.0
1901-03-25,0.0
1901-03-26,0.0
1901-03-27,0.0
1901-03-28,0.0
1901-03-29,0.0
1901-03-30,0.0
1901-03-31,0.0
1901-04-01,0.0
1901-04-02,0.0
1901-04-03,0.0
1901-04-04,0.0
1901-04-05,0.0
1901-04-06,0.0
1901-04-07,0.0
1901-04-08,0.0
1901-04-09,0.0
1901-04-10,0.0
1901-04-11,0.0
1901-04-12,0.0
1901-04-13,0.0
1901-04-14,0.0
1901-04-15,0.0
1901-04-16,0.0
1901-04-17,0.0
1901-04-18,0.0
1901-04-19,0.0
1901-04-20,0.0
1901-04-21,0.0
1901-04-22,0.0
1901-04-23,0.0
1901-04-24,0.0
1901-04-25,0.0
1901-04-26,0.1432244
1901-04-27,0.0
1901-04-28,0.0
1901-04-29,3.0580037
1901-04-30,0.0
1901-05-01,0.0
1901-05-02,0.0
1901-05-03,0.0
1901-05-04,1.6837957
1901-05-05,0.0
1901-05-06,1.2896771
1901-05-07,0.0
1901-05-08,0.51077956
1901-05-09,0.14028934
1901-05-10,0.0
1901-05-11,0.0
1901-05-12,0.0
1901-05-13,0.0
1901-05-14,0.0
1901-05-15,0.0
1901-05-16,0.0
1901-05-17,0.0
1901-05-18,0.0
1901-05-19,0.0
1901-05-20,3.0846956
1901-05-21,0.0
1901-05-22,0.0
1901-05-23,0.0
1901-05-24,0.0
1901-05-25,0.0
1901-05-26,0.0
1901-05-27,0.0
1901-05-28,0.0
1901-05-29,0.0
1901-05-30,0.0
1901-05-31,0.0
1901-06-01,0.0
1901-06-02,0.0
1901-06-03,0.0
1901-06-04,0.0
1901-06-05,22.793526
1901-06-06,0.0
1901-06-07,1.0077994
1901-06-08,0.0
1901-06-09,0.0
1901-06-10,0.0
1901-06-11,0.0
1901-06-12,0.0
1901-06-13,0.0
1901-06-14,0.0
1901-06-15,0.0
1901-06-16,0.0
1901-06-17,7.022105
1901-06-18,0.0
1901-06-19,0.0
1901-06-20,2.5897732
1901-06-21,0.0
1901-06-22,0.0
1901-06-23,0.0
1901-06-24,0.0
1901-06-25,0.0
1901-06-26,0.0
1901-06-27,0.0
1901-06-28,0.0
1901-06-29,0.9741179
1901-06-30,2.0929868
1901-07-01,1.066148
1901-07-02,18.883743
1901-07-03,0.0
1901-07-04,0.0
1901-07-05,0.0
1901-07-06,1.6402278
1901-07-07,0.0
1901-07-08,0.0
1901-07-09,0.0
1901-07-10,13.771054
1901-07-11,0.0
1901-07-12,1.9177282
1901-07-13,7.3426414
1901-07-14,4.1222587
1901-07-15,1.7540241
1901-07-16,0.0
1901-07-17,0.0
1901-07-18,0.3238307
1901-07-19,0.0
1901-07-20,0.0
1901-07-21,0.0
1901-07-22,30.987955
1901-07-23,0.0
1901-07-24,0.5625188
1901-07-25,6.359524
1901-07-26,2.9681184
1901-07-27,19.217857
1901-07-28,0.0
1901-07-29,0.0
1901-07-30,0.0
1901-07-31,0.0
1901-08-01,1.005214
1901-08-02,0.0
1901-08-03,0.0
1901-08-04,10.060809
1901-08-05,0.0
1901-08-06,0.9374417
1901-08-07,0.0
1901-08-08,0.0
1901-08-09,0.0
1901-08-10,0.0
1901-08-11,0.0
1901-08-12,0.0
1901-08-13,0.0
1901-08-14,0.0
1901-08-15,0.0
1901-08-16,1.2824761
1901-08-17,6.320562
1901-08-18,0.0
1901-08-19,21.627577
1901-08-20,3.7725236
1901-08-21,0.0
1901-08-22,0.0
1901-08-23,45.199432
1901-08-24,0.0
1901-08-25,0.0
1901-08-26,0.44631627
1901-08-27,56.577408
1901-08-28,0.46726272
1901-08-29,3.8390217
1901-08-30,0.0
1901-08-31,0.12523922
1901-09-01,5.4127517
1901-09-02,0.0
1901-09-03,0.0
1901-09-04,0.0
1901-09-05,26.836483
1901-09-06,25.587553
1901-09-07,22.275038
1901-09-08,0.48079047
1901-09-09,0.66354597
1901-09-10,0.0
1901-09-11,0.24603418
1901-09-12,14.93659
1901-09-13,2.0429542
1901-09-14,1.6324309
1901-09-15,4.348325
1901-09-16,35.898026
1901-09-17,16.767778
1901-09-18,0.2770009
1901-09-19,0.0
1901-09-20,0.0
1901-09-21,0.0
1901-09-22,3.797964
1901-09-23,0.0
1901-09-24,0.0
1901-09-25,0.0
1901-09-26,2.8323245
1901-09-27,0.50337243
1901-09-28,1.4762049
1901-09-29,14.745184
1901-09-30,0.41005695
1901-10-01,56.95612
1901-10-02,0.0
1901-10-03,1.5710086
1901-10-04,0.0
1901-10-05,3.0994477
1901-10-06,0.0
1901-10-07,5.8562746
1901-10-08,4.695394
1901-10-09,0.0
1901-10-10,0.0
1901-10-11,0.0
1901-10-12,0.0
1901-10-13,0.0
1901-10-14,0.0
1901-10-15,0.0
1901-10-16,0.0
1901-10-17,0.0
1901-10-18,0.0
1901-10-19,0.0
1901-10-20,0.0
1901-10-21,0.0
1901-10-22,0.0
1901-10-23,1.2301707
1901-10-24,0.0
1901-10-25,0.0
1901-10-26,0.0
1901-10-27,4.63572
1901-10-28,0.36280355
1901-10-29,0.0
1901-10-30,0.0
1901-10-31,6.2163253
1901-11-01,25.713055
1901-11-02,78.70322
1901-11-03,10.732412
1901-11-04,13.357619
1901-11-05,5.4180775
1901-11-06,12.0265045
1901-11-07,28.550226
1901-11-08,2.8445008
1901-11-09,0.65717536
1901-11-10,43.689854
1901-11-11,95.905655
1901-11-12,64.919266
1901-11-13,0.24603418
1901-11-14,0.0
1901-11-15,0.0
1901-11-16,0.0
1901-11-17,0.0
1901-11-18,0.26793605
1901-11-19,3.1560473
1901-11-20,47.636375
1901-11-21,22.47113
1901-11-22,0.0
1901-11-23,0.0
1901-11-24,0.0
1901-11-25,0.0
1901-11-26,0.0
1901-11-27,0.0
1901-11-28,0.0
1901-11-29,0.0
1901-11-30,0.0
1901-12-01,1.066148
1901-12-02,9.75214
1901-12-03,0.0
1901-12-04,0.0
1901-12-05,0.0
1901-12-06,0.0
1901-12-07,0.0
1901-12-08,55.60312
1901-12-09,7.36623
1901-12-10,7.881435
1901-12-11,22.134584
1901-12-12,0.4846935
1901-12-13,0.0
1901-12-14,0.0
1901-12-15,0.0
1901-12-16,0.0
1901-12-17,0.0
1901-12-18,0.0
1901-12-19,0.0
1901-12-20,0.0
1901-12-21,11.050893
1901-12-22,0.0
1901-12-23,0.0
1901-12-24,0.0
1901-12-25,0.0
1901-12-26,0.0
1901-12-27,0.0
1901-12-28,0.0
1901-12-29,0.6560911
1901-12-30,0.0
1901-12-31,0.0
1902-01-01,0.0
1902-01-02,0.0
1902-01-03,1.8244333
1902-01-04,45.242775
1902-01-05,23.511166
1902-01-06,6.530542
1902-01-07,1.3399305
1902-01-08,0.15532938
1902-01-09,0.0
1902-01-10,0.0
1902-01-11,0.0
1902-01-12,0.0
1902-01-13,0.0
1902-01-14,0.0
1902-01-15,0.0
1902-01-16,0.0
1902-01-17,0.0
1902-01-18,0.0
1902-01-19,0.0
1902-01-20,0.0
1902-01-21,0.0
1902-01-22,0.0
1902-01-23,0.0
1902-01-24,0.0
1902-01-25,0.0
1902-01-26,0.0
1902-01-27,0.0
1902-01-28,0.0
1902-01-29,0.0
1902-01-30,0.0
1902-01-31,0.0
1902-02-01,0.0
1902-02-02,0.0
1902-02-03,0.0
1902-02-04,0.0
1902-02-05,0.0
1902-02-06,0.0
1902-02-07,0.0
1902-02-08,0.0
1902-02-09,0.0
1902-02-10,0.0
1902-02-11,0.0
1902-02-12,0.0
1902-02-13,19.928999
1902-02-14,1.9954203
1902-02-15,0.0
1902-02-16,0.0
1902-02-17,0.0
1902-02-18,0.0
1902-02-19,0.0
1902-02-20,0.0
1902-02-21,0.0
1902-02-22,0.0
1902-02-23,0.0
1902-02-24,0.0
1902-02-25,0.0
1902-02-26,0.0
1902-02-27,0.0
1902-02-28,0.0
1902-03-01,0.0
1902-03-02,0.0
1902-03-03,0.0
1902-03-04,0.0
1902-03-05,0.0
1902-03-06,0.0
1902-03-07,0.0
1902-03-08,0.0
1902-03-09,0.0
1902-03-10,0.0
1902-03-11,0.0
1902-03-12,0.0
1902-03-13,0.0
1902-03-14,0.0
1902-03-15,0.0
1902-03-16,0.0
1902-03-17,0.0
1902-03-18,0.0
1902-03-19,0.0
1902-03-20,0.0
1902-03-21,0.0
1902-03-22,0.0
1902-03-23,0.0
1902-03-24,0.0
1902-03-25,0.0
1902-03-26,0.0
1902-03-27,0.0
1902-03-28,0.6583759
1902-03-29,0.0
1902-03-30,0.0
1902-03-31,0.0
1902-04-01,0.0
1902-04-02,0.0
1902-04-03,0.0
1902-04-04,0.0
1902-04-05,0.0
1902-04-06,0.0
1902-04-07,0.0
1902-04-08,0.0
1902-04-09,0.0
1902-04-10,0.0
1902-04-11,0.0
1902-04-12,0.0
1902-04-13,0.0
1902-04-14,0.0
1902-04-15,0.0
1902-04-16,0.0
1902-04-17,0.0
1902-04-18,0.0
1902-04-19,0.0
1902-04-20,0.0
1902-04-21,0.0
1902-04-22,0.0
1902-04-23,0.0
1902-04-24,0.0
1902-04-25,0.0
1902-04-26,0.0
1902-04-27,0.0
1902-04-28,0.0
1902-04-29,0.0
1902-04-30,0.0
1902-05-01,0.0
1902-05-02,0.0
1902-05-03,0.0
1902-05-04,0.0
1902-05-05,0.0
1902-05-06,0.0
1902-05-07,0.0
1902-05-08,0.0
1902-05-09,0.0
1902-05-10,0.0
1902-05-11,0.0
1902-05-12,0.0
1902-05-13,0.0
1902-05-14,0.0
1902-05-15,0.0
1902-05-16,0.0
1902-05-17,1.0739937
1902-05-18,0.0
1902-05-19,0.0
1902-05-20,0.0
1902-05-21,0.0
1902-05-22,0.0
1902-05-23,0.0
1902-05-24,0.0
1902-05-25,0.0
1902-05-26,0.0
1902-05-27,0.0
1902-05-28,0.0
1902-05-29,13.50209
1902-05-30,0.0
1902-05-31,0.0
1902-06-01,0.0
1902-06-02,0.0
1902-06-03,0.0
1902-06-04,0.0
1902-06-05,0.0
1902-06-06,0.0
1902-06-07,0.0
1902-06-08,0.0
1902-06-09,0.0
1902-06-10,0.0
1902-06-11,0.0
1902-06-12,0.0
1902-06-13,0.0
1902-06-14,0.0
1902-06-15,0.0
1902-06-16,0.0
1902-06-17,0.0
1902-06-18,0.0
1902-06-19,0.6009568
1902-06-20,0.5266146
1902-06-21,0.10975976
1902-06-22,0.79522276
1902-06-23,0.0
1902-06-24,0.0
1902-06-25,0.46299544
1902-06-26,0.0
1902-06-27,0.0
1902-06-28,0.0
1902-06-29,0.0
1902-06-30,0.13015057
1902-07-01,0.0
1902-07-02,0.0
1902-07-03,15.91607
1902-07-04,0.0
1902-07-05,0.0
1902-07-06,0.0
1902-07-07,0.6683694
1902-07-08,0.0
1902-07-09,0.0
1902-07-10,0.0
1902-07-11,0.8780781
1902-07-12,0.0
1902-07-13,0.0
1902-07-14,0.6560911
1902-07-15,0.0
1902-07-16,0.0
1902-07-17,0.0
1902-07-18,0.0
1902-07-19,14.18797
1902-07-20,0.0
1902-07-21,0.6560911
1902-07-22,0.0
1902-07-23,0.0
1902-07-24,8.8097515
1902-07-25,13.291089
1902-07-26,5.616553
1902-07-27,0.0
1902-07-28,0.0
1902-07-29,8.633533
1902-07-30,7.0947556
1902-07-31,16.682617
1902-08-01,0.3659056
1902-08-02,0.12842776
1902-08-03,0.17835961
1902-08-04,19.6052
1902-08-05,0.43527538
1902-08-06,0.20222108
1902-08-07,0.0
1902-08-08,0.119655825
1902-08-09,1.066148
1902-08-10,0.10152615
1902-08-11,2.7544265
1902-08-12,0.0
1902-08-13,0.0
1902-08-14,8.574509
1902-08-15,0.0
1902-08-16,32.477337
1902-08-17,0.0
1902-08-18,0.24332917
1902-08-19,1.3550905
1902-08-20,2.1795812
1902-08-21,3.1164327
1902-08-22,0.0
1902-08-23,2.0854354
1902-08-24,0.5741502
1902-08-25,0.0
1902-08-26,0.0
1902-08-27,0.0
1902-08-28,0.0
1902-08-29,1.8076077
1902-08-30,2.400651
1902-08-31,0.6560911
1902-09-01,0.0
1902-09-02,0.0
1902-09-03,3.1164327
1902-09-04,0.0
1902-09-05,0.0
1902-09-06,0.6560911
1902-09-07,0.0
1902-09-08,2.243965
1902-09-09,0.0
1902-09-10,0.0
1902-09-11,0.0
1902-09-12,1.0195773
1902-09-13,4.190799
1902-09-14,29.47077
1902-09-15,6.888956
1902-09-16,0.0
1902-09-17,0.2645886
1902-09-18,6.327361
1902-09-19,0.24603418
1902-09-20,0.0
1902-09-21,24.298616
1902-09-22,0.0
1902-09-23,0.10152615
1902-09-24,0.0
1902-09-25,1.2301707
1902-09-26,69.099144
1902-09-27,0.26766813
1902-09-28,0.12872066
1902-09-29,0.0
1902-09-30,0.0
1902-10-01,0.0
1902-10-02,0.0
1902-10-03,0.0
1902-10-04,0.0
1902-10-05,0.0
1902-10-06,0.21855472
1902-10-07,22.529102
1902-10-08,0.12523922
1902-10-09,8.153881
1902-10-10,8.010207
1902-10-11,0.0
1902-10-12,0.24475054
1902-10-13,0.0
1902-10-14,0.0
1902-10-15,8.9695635
1902-10-16,0.26766813
1902-10-17,21.109112
1902-10-18,0.21118772
1902-10-19,0.0
1902-10-20,0.0
1902-10-21,0.0
1902-10-22,32.738647
1902-10-23,41.094997
1902-10-24,36.442486
1902-10-25,75.3019
1902-10-26,12.401663
1902-10-27,18.388985
1902-10-28,91.95124
1902-10-29,0.5317691
1902-10-30,0.0
1902-10-31,10.89196
1902-11-01,9.366077
1902-11-02,5.658786
1902-11-03,5.7448797
1902-11-04,0.21812537
1902-11-05,7.732339
1902-11-06,0.5532826
1902-11-07,8.6180935
1902-11-08,3.3210166
1902-11-09,43.85425
1902-11-10,95.80887
1902-11-11,5.218689
1902-11-12,0.0
1902-11-13,0.0
1902-11-14,0.0
1902-11-15,0.0
1902-11-16,0.0
1902-11-17,2.3701737
1902-11-18,10.252889
1902-11-19,30.222473
1902-11-20,66.65916
1902-11-21,19.113419
1902-11-22,8.302492
1902-11-23,0.0
1902-11-24,0.0
1902-11-25,0.0
1902-11-26,1.1962986
1902-11-27,23.850382
1902-11-28,13.347457
1902-11-29,20.997005
1902-11-30,0.0
1902-12-01,113.314575
1902-12-02,1.1159446
1902-12-03,18.117903
1902-12-04,147.13145
1902-12-05,147.15515
1902-12-06,297.55948
1902-12-07,171.61226
1902-12-08,116.90061
1902-12-09,39.39267
1902-12-10,0.6651559
1902-12-11,0.21551256
1902-12-12,1.9181856
1902-12-13,0.0
1902-12-14,0.0
1902-12-15,3.932763
1902-12-16,1.4762049
1902-12-17,0.0
1902-12-18,1.9793626
1902-12-19,0.0
1902-12-20,19.096167
1902-12-21,0.0
1902-12-22,0.0
1902-12-23,0.0
1902-12-24,0.0
1902-12-25,0.0
1902-12-26,0.0
1902-12-27,6.568656
1902-12-28,0.0
1902-12-29,0.0
1902-12-30,0.0
1902-12-31,0.0
1903-01-01,0.0
1903-01-02,0.0
1903-01-03,0.0
1903-01-04,29.500368
1903-01-05,20.754875
1903-01-06,13.826785
1903-01-07,0.0
1903-01-08,0.0
1903-01-09,0.0
1903-01-10,0.0
1903-01-11,0.0
1903-01-12,0.0
1903-01-13,0.0
1903-01-14,0.0
1903-01-15,0.0
1903-01-16,0.0
1903-01-17,0.0
1903-01-18,0.0
1903-01-19,0.0
1903-01-20,0.0
1903-01-21,0.0
1903-01-22,0.0
1903-01-23,0.0
1903-01-24,0.0
1903-01-25,0.0
1903-01-26,0.0
1903-01-27,0.0
1903-01-28,0.0
1903-01-29,0.0
1903-01-30,0.0
1903-01-31,0.0
1903-02-01,0.0
1903-02-02,0.0
1903-02-03,0.0
1903-02-04,0.0
1903-02-05,0.0
1903-02-06,0.0
1903-02-07,0.0
1903-02-08,0.0
1903-02-09,0.0
1903-02-10,0.0
1903-02-11,0.0
1903-02-12,0.0
1903-02-13,0.0
1903-02-14,0.0
1903-02-15,0.0
1903-02-16,0.0
1903-02-17,0.0
1903-02-18,2.0168355
1903-02-19,0.0
1903-02-20,0.0
1903-02-21,0.0
1903-02-22,0.5844096
1903-02-23,0.5765791
1903-02-24,0.0
1903-02-25,0.0
1903-02-26,0.0
1903-02-27,0.0
1903-02-28,0.0
1903-03-01,0.0
1903-03-02,0.0
1903-03-03,0.0
1903-03-04,0.0
1903-03-05,0.0
1903-03-06,0.0
1903-03-07,0.0
1903-03-08,0.0
1903-03-09,0.0
1903-03-10,0.0
1903-03-11,0.0
1903-03-12,0.0
1903-03-13,0.0
1903-03-14,0.0
1903-03-15,0.0
1903-03-16,0.0
1903-03-17,0.0
1903-03-18,0.0
1903-03-19,0.0
1903-03-20,0.0
1903-03-21,0.0
1903-03-22,0.0
1903-03-23,0.0
1903-03-24,0.0
1903-03-25,0.0
1903-03-26,0.0
1903-03-27,0.0
1903-03-28,0.0
1903-03-29,0.0
1903-03-30,0.0
1903-03-31,0.0
1903-04-01,0.0
1903-04-02,0.0
1903-04-03,0.0
1903-04-04,0.0
1903-04-05,0.0
1903-04-06,0.0
1903-04-07,0.0
1903-04-08,0.0
1903-04-09,0.0
1903-04-10,0.0
1903-04-11,0.0
1903-04-12,0.0
1903-04-13,0.0
1903-04-14,0.0
1903-04-15,0.0
1903-04-16,0.0
1903-04-17,0.0
1903-04-18,0.0
1903-04-19,0.0
1903-04-20,0.0
1903-04-21,0.0
1903-04-22,0.0
1903-04-23,0.0
1903-04-24,0.0
1903-04-25,0.0
1903-04-26,0.0
1903-04-27,0.0
1903-04-28,0.0
1903-04-29,0.0
1903-04-30,0.0
1903-05-01,0.0
1903-05-02,0.60406584
1903-05-03,0.0
1903-05-04,0.0
1903-05-05,0.0
1903-05-06,0.0
1903-05-07,0.0
1903-05-08,0.0
1903-05-09,0.0
1903-05-10,0.0
1903-05-11,1.0250814
1903-05-12,0.0
1903-05-13,0.0
1903-05-14,0.0
1903-05-15,0.23796532
1903-05-16,0.0
1903-05-17,1.6291473
1903-05-18,17.764324
1903-05-19,21.400793
1903-05-20,27.388088
1903-05-21,5.1573777
1903-05-22,0.0
1903-05-23,0.0
1903-05-24,0.0
1903-05-25,0.0
1903-05-26,0.0
1903-05-27,0.0
1903-05-28,2.5993137
1903-05-29,0.0
1903-05-30,2.3247383
1903-05-31,0.0
1903-06-01,0.0
1903-06-02,0.0
1903-06-03,0.0
1903-06-04,0.0
1903-06-05,0.0
1903-06-06,0.0
1903-06-07,0.0
1903-06-08,0.0
1903-06-09,0.0
1903-06-10,0.0
1903-06-11,0.0
1903-06-12,0.0
1903-06-13,0.14644021
1903-06-14,0.0
1903-06-15,11.092171
1903-06-16,0.42911902
1903-06-17,17.510592
1903-06-18,26.338259
1903-06-19,0.0
1903-06-20,0.0
1903-06-21,0.0
1903-06-22,0.0
1903-06-23,0.623727
1903-06-24,0.0
1903-06-25,0.0
1903-06-26,1.2996569
1903-06-27,1.3643727
1903-06-28,0.0
1903-06-29,0.0
1903-06-30,0.0
1903-07-01,0.0
1903-07-02,0.0
1903-07-03,0.0
1903-07-04,0.0
1903-07-05,8.513872
1903-07-06,0.3118635
1903-07-07,0.0
1903-07-08,29.44995
1903-07-09,0.0
1903-07-10,0.0
1903-07-11,0.322625
1903-07-12,0.0
1903-07-13,0.0
1903-07-14,0.695591
1903-07-15,0.0
1903-07-16,0.0
1903-07-17,1.6388977
1903-07-18,0.0
1903-07-19,0.0
1903-07-20,0.0
1903-07-21,0.0
1903-07-22,0.0
1903-07-23,5.5472574
1903-07-24,1.3266996
1903-07-25,0.0
1903-07-26,0.0
1903-07-27,0.0
1903-07-28,0.0
1903-07-29,6.72183
1903-07-30,11.356378
1903-07-31,3.218326
1903-08-01,0.18711811
1903-08-02,0.0
1903-08-03,0.0
1903-08-04,0.32358757
1903-08-05,0.0
1903-08-06,0.0
1903-08-07,1.1166065
1903-08-08,13.514474
1903-08-09,0.0
1903-08-10,0.0
1903-08-11,2.6262624
1903-08-12,3.163303
1903-08-13,5.544358
1903-08-14,7.526893
1903-08-15,0.0
1903-08-16,0.0
1903-08-17,0.0
1903-08-18,0.0
1903-08-19,0.0
1903-08-20,0.45762566
1903-08-21,0.0
1903-08-22,0.14644021
1903-08-23,4.8966117
1903-08-24,6.8629365
1903-08-25,4.885005
1903-08-26,10.030542
1903-08-27,0.0
1903-08-28,0.0
1903-08-29,7.866238
1903-08-30,2.7957304
1903-08-31,1.7464356
1903-09-01,5.0156074
1903-09-02,0.41700837
1903-09-03,1.2121149
1903-09-04,0.22868201
1903-09-05,30.267181
1903-09-06,13.500347
1903-09-07,0.0
1903-09-08,33.75298
1903-09-09,0.5005443
1903-09-10,1.5365366
1903-09-11,27.31758
1903-09-12,0.0
1903-09-13,8.911949
1903-09-14,12.5604105
1903-09-15,37.290707
1903-09-16,28.819798
1903-09-17,0.0
1903-09-18,0.0
1903-09-19,0.0
1903-09-20,1.5109037
1903-09-21,29.472675
1903-09-22,39.8294
1903-09-23,0.49898165
1903-09-24,0.40338862
1903-09-25,0.0
1903-09-26,4.9254093
1903-09-27,16.847662
1903-09-28,1.6715641
1903-09-29,0.0
1903-09-30,14.563213
1903-10-01,21.353687
1903-10-02,5.7153473
1903-10-03,0.0
1903-10-04,0.0
1903-10-05,0.0
1903-10-06,0.0
1903-10-07,0.0
1903-10-08,0.23370211
1903-10-09,4.656065
1903-10-10,4.0191116
1903-10-11,2.8691442
1903-10-12,21.07248
1903-10-13,3.8833551
1903-10-14,0.0
1903-10-15,0.0
1903-10-16,0.0
1903-10-17,1.0074545
1903-10-18,0.0
1903-10-19,0.0
1903-10-20,0.23271756
1903-10-21,0.0
1903-10-22,0.0
1903-10-23,0.0
1903-10-24,0.3107385
1903-10-25,24.465017
1903-10-26,0.0
1903-10-27,0.8148806
1903-10-28,8.185538
1903-10-29,0.0
1903-10-30,0.0
1903-10-31,0.0
1903-11-01,0.0
1903-11-02,0.0
1903-11-03,0.0
1903-11-04,0.0
1903-11-05,16.11499
1903-11-06,0.18711811
1903-11-07,3.439141
1903-11-08,10.394434
1903-11-09,41.466766
1903-11-10,37.23907
1903-11-11,17.77451
1903-11-12,1.4275461
1903-11-13,2.5253422
1903-11-14,30.945885
1903-11-15,8.246283
1903-11-16,9.506776
1903-11-17,0.0
1903-11-18,0.0
1903-11-19,0.0
1903-11-20,0.0
1903-11-21,0.0
1903-11-22,0.0
1903-11-23,0.0
1903-11-24,0.0
1903-11-25,0.0
1903-11-26,0.0
1903-11-27,1.8289738
1903-11-28,0.23534183
1903-11-29,0.19384405
1903-11-30,0.0
1903-12-01,0.0
1903-12-02,0.0
1903-12-03,7.4842644
1903-12-04,80.37937
1903-12-05,9.806394
1903-12-06,1.983913
1903-12-07,1.1729997
1903-12-08,1.0271157
1903-12-09,0.0
1903-12-10,0.0
1903-12-11,0.0
1903-12-12,9.9137
1903-12-13,1.5100752
1903-12-14,0.0
1903-12-15,0.0
1903-12-16,0.0
1903-12-17,0.0
1903-12-18,0.0
1903-12-19,15.05131
1903-12-20,40.4065
1903-12-21,1.2045174
1903-12-22,0.0
1903-12-23,0.0
1903-12-24,0.0
1903-12-25,0.0
1903-12-26,0.0
1903-12-27,0.0
1903-12-28,0.0
1903-12-29,13.495289
1903-12-30,55.769283
1903-12-31,16.855284
1904-01-01,18.067553
1904-01-02,16.908846
1904-01-03,3.443317
1904-01-04,1.4181745
1904-01-05,0.0
1904-01-06,0.0
1904-01-07,0.8310229
1904-01-08,0.23773769
1904-01-09,0.0
1904-01-10,0.0
1904-01-11,1.2257448
1904-01-12,3.909131
1904-01-13,0.6005911
1904-01-14,0.0
1904-01-15,0.0
1904-01-16,0.0
1904-01-17,0.0
1904-01-18,0.0
1904-01-19,0.0
1904-01-20,0.0
1904-01-21,0.0
1904-01-22,0.6412145
1904-01-23,0.0
1904-01-24,0.0
1904-01-25,0.0
1904-01-26,0.0
1904-01-27,0.0
1904-01-28,0.0
1904-01-29,0.0
1904-01-30,0.0
1904-01-31,0.0
1904-02-01,0.0
1904-02-02,0.0
1904-02-03,0.0
1904-02-04,0.0
1904-02-05,0.0
1904-02-06,0.0
1904-02-07,0.0
1904-02-08,0.0
1904-02-09,0.0
1904-02-10,0.0
1904-02-11,0.0
1904-02-12,0.0
1904-02-13,0.0
1904-02-14,0.0
1904-02-15,0.0
1904-02-16,0.0
1904-02-17,0.0
1904-02-18,0.0
1904-02-19,0.0
1904-02-20,0.0
1904-02-21,0.0
1904-02-22,0.0
1904-02-23,0.0
1904-02-24,0.0
1904-02-25,0.0
1904-02-26,0.0
1904-02-27,0.0
1904-02-28,0.0
1904-02-29,0.0
1904-03-01,0.0
1904-03-02,0.0
1904-03-03,0.0
1904-03-04,0.0
1904-03-05,0.0
1904-03-06,0.0
1904-03-07,0.0
1904-03-08,0.0
1904-03-09,0.0
1904-03-10,0.0
1904-03-11,0.0
1904-03-12,0.0
1904-03-13,0.0
1904-03-14,0.0
1904-03-15,0.0
1904-03-16,0.0
1904-03-17,0.0
1904-03-18,0.0
1904-03-19,0.0
1904-03-20,0.0
1904-03-21,0.0
1904-03-22,0.0
1904-03-23,0.0
1904-03-24,0.0
1904-03-25,0.0
1904-03-26,0.0
1904-03-27,0.0
1904-03-28,0.0
1904-03-29,0.0
1904-03-30,0.0
1904-03-31,0.0
1904-04-01,0.0
1904-04-02,7.110488
1904-04-03,0.0
1904-04-04,0.0
1904-04-05,0.0
1904-04-06,0.0
1904-04-07,0.0
1904-04-08,0.0
1904-04-09,0.0
1904-04-10,0.0
1904-04-11,0.0
1904-04-12,0.0
1904-04-13,0.0
1904-04-14,0.0
1904-04-15,0.0
1904-04-16,0.0
1904-04-17,0.0
1904-04-18,0.0
1904-04-19,0.0
1904-04-20,0.0
1904-04-21,0.0
1904-04-22,0.0
1904-04-23,0.0
1904-04-24,0.0
1904-04-25,0.0
1904-04-26,0.0
1904-04-27,0.0
1904-04-28,0.0
1904-04-29,0.0
1904-04-30,0.0
1904-05-01,0.0
1904-05-02,0.0
1904-05-03,0.0
1904-05-04,0.0
1904-05-05,0.0
1904-05-06,0.0
1904-05-07,0.0
1904-05-08,0.0
1904-05-09,0.0
1904-05-10,0.0
1904-05-11,0.0
1904-05-12,1.9952477
1904-05-13,0.41140744
1904-05-14,0.0
1904-05-15,0.0
1904-05-16,0.0
1904-05-17,0.0
1904-05-18,0.0
1904-05-19,0.0
1904-05-20,0.0
1904-05-21,0.0
1904-05-22,0.0
1904-05-23,0.0
1904-05-24,0.43850303
1904-05-25,0.0
1904-05-26,38.625504
1904-05-27,0.0
1904-05-28,0.0
1904-05-29,0.0
1904-05-30,42.507847
1904-05-31,0.0
1904-06-01,0.0
1904-06-02,0.0
1904-06-03,0.0
1904-06-04,0.0
1904-06-05,0.0
1904-06-06,0.0
1904-06-07,0.0
1904-06-08,0.0
1904-06-09,0.0
1904-06-10,0.0
1904-06-11,0.0
1904-06-12,0.0
1904-06-13,0.0
1904-06-14,3.9254117
1904-06-15,0.0
1904-06-16,0.0
1904-06-17,0.750506
1904-06-18,0.0
1904-06-19,0.0
1904-06-20,0.0
1904-06-21,0.3082051
1904-06-22,0.18711811
1904-06-23,0.0
1904-06-24,0.0
1904-06-25,0.0
1904-06-26,0.0
1904-06-27,0.0
1904-06-28,0.0
1904-06-29,0.0
1904-06-30,0.0
1904-07-01,0.0
1904-07-02,0.0
1904-07-03,0.0
1904-07-04,0.18305026
1904-07-05,0.0
1904-07-06,1.4634913
1904-07-07,1.734986
1904-07-08,0.0
1904-07-09,0.0
1904-07-10,5.569614
1904-07-11,0.0
1904-07-12,2.6401272
1904-07-13,0.0
1904-07-14,0.0
1904-07-15,11.687966
1904-07-16,0.1372092
1904-07-17,0.0
1904-07-18,0.0
1904-07-19,0.0
1904-07-20,0.0
1904-07-21,0.0
1904-07-22,0.0
1904-07-23,13.630011
1904-07-24,13.963438
1904-07-25,0.14644021
1904-07-26,19.06112
1904-07-27,0.0
1904-07-28,0.0
1904-07-29,3.0752442
1904-07-30,0.0
1904-07-31,0.0
1904-08-01,2.634313
1904-08-02,0.68640864
1904-08-03,0.0
1904-08-04,0.0
1904-08-05,0.38719407
1904-08-06,1.5769445
1904-08-07,0.17977087
1904-08-08,0.14644021
1904-08-09,4.423715
1904-08-10,0.0
1904-08-11,0.45830372
1904-08-12,0.0
1904-08-13,0.0
1904-08-14,0.0
1904-08-15,0.0
1904-08-16,0.93355626
1904-08-17,0.18305026
1904-08-18,1.9137697
1904-08-19,0.0
1904-08-20,6.2521844
1904-08-21,0.3118635
1904-08-22,0.0
1904-08-23,0.0
1904-08-24,3.8811035
1904-08-25,0.93355626
1904-08-26,1.5552768
1904-08-27,21.017994
1904-08-28,0.0
1904-08-29,9.07222
1904-08-30,1.4379036
1904-08-31,18.239424
1904-09-01,0.0
1904-09-02,0.0
1904-09-03,0.0
1904-09-04,16.781982
1904-09-05,0.623727
1904-09-06,0.0
1904-09-07,3.1146007
1904-09-08,0.0
1904-09-09,0.0
1904-09-10,0.0
1904-09-11,0.0
1904-09-12,0.0
1904-09-13,0.0
1904-09-14,0.0
1904-09-15,0.0
1904-09-16,10.259533
1904-09-17,2.818459
1904-09-18,0.0
1904-09-19,0.0
1904-09-20,0.0
1904-09-21,4.967137
1904-09-22,1.4073408
1904-09-23,79.5247
1904-09-24,13.115665
1904-09-25,0.0
1904-09-26,0.0
1904-09-27,0.0
1904-09-28,0.0
1904-09-29,3.3359382
1904-09-30,0.0
1904-10-01,0.0
1904-10-02,0.0
1904-10-03,0.0
1904-10-04,0.0
1904-10-05,0.0
1904-10-06,0.0
1904-10-07,0.60406584
1904-10-08,1.7713976
1904-10-09,0.0
1904-10-10,6.2790484
1904-10-11,9.806112
1904-10-12,32.988575
1904-10-13,14.313044
1904-10-14,0.0
1904-10-15,0.0
1904-10-16,0.0
1904-10-17,15.476938
1904-10-18,2.4711785
1904-10-19,9.1837015
1904-10-20,7.297606
1904-10-21,20.307882
1904-10-22,8.88517
1904-10-23,46.944393
1904-10-24,0.36610052
1904-10-25,0.8108451
1904-10-26,0.36185566
1904-10-27,9.785941
1904-10-28,4.488736
1904-10-29,0.0
1904-10-30,0.0
1904-10-31,0.0
1904-11-01,0.0
1904-11-02,0.0
1904-11-03,0.0
1904-11-04,0.0
1904-11-05,0.0
1904-11-06,0.0
1904-11-07,0.0
1904-11-08,0.0
1904-11-09,0.695591
1904-11-10,2.086124
1904-11-11,0.0
1904-11-12,12.189932
1904-11-13,26.60462
1904-11-14,0.0
1904-11-15,0.0
1904-11-16,0.0
1904-11-17,0.0
1904-11-18,0.0
1904-11-19,0.0
1904-11-20,0.0
1904-11-21,0.0
1904-11-22,0.0
1904-11-23,0.0
1904-11-24,0.0
1904-11-25,0.0
1904-11-26,0.0
1904-11-27,0.0
1904-11-28,0.0
1904-11-29,0.0
1904-11-30,0.0
1904-12-01,0.0
1904-12-02,0.0
1904-12-03,0.0
1904-12-04,1.6495152
1904-12-05,2.9566586
1904-12-06,0.0
1904-12-07,7.6169853
1904-12-08,1.6521477
1904-12-09,3.8199155
1904-12-10,0.49898165
1904-12-11,0.0
1904-12-12,0.0
1904-12-13,0.0
1904-12-14,0.0
1904-12-15,0.0
1904-12-16,0.3118635
1904-12-17,23.460073
1904-12-18,61.668053
1904-12-19,44.09295
1904-12-20,19.721891
1904-12-21,0.24610333
1904-12-22,0.0
1904-12-23,0.0
1904-12-24,0.0
1904-12-25,0.0
1904-12-26,0.0
1904-12-27,0.0
1904-12-28,0.0
1904-12-29,0.0
1904-12-30,0.0
1904-12-31,0.0
1905-01-01,0.0
1905-01-02,0.0
1905-01-03,0.0
1905-01-04,0.0
1905-01-05,0.0
1905-01-06,1.4428608
1905-01-07,12.879383
1905-01-08,4.3815045
1905-01-09,0.0
1905-01-10,0.0
1905-01-11,0.0
1905-01-12,0.0
1905-01-13,0.0
1905-01-14,0.0
1905-01-15,0.0
1905-01-16,0.0
1905-01-17,0.0
1905-01-18,0.0
1905-01-19,0.0
1905-01-20,0.0
1905-01-21,0.0
1905-01-22,0.0
1905-01-23,0.0
1905-01-24,0.0
1905-01-25,0.0
1905-01-26,0.0
1905-01-27,0.0
1905-01-28,0.0
1905-01-29,0.0
1905-01-30,0.0
1905-01-31,0.0
1905-02-01,0.0
1905-02-02,0.0
1905-02-03,0.0
1905-02-04,0.0
1905-02-05,0.0
1905-02-06,0.0
1905-02-07,0.0
1905-02-08,0.0
1905-02-09,0.0
1905-02-10,0.0
1905-02-11,0.0
1905-02-12,0.0
1905-02-13,0.14644021
1905-02-14,0.0
1905-02-15,0.0
1905-02-16,0.0
1905-02-17,0.0
1905-02-18,0.0
1905-02-19,0.0
1905-02-20,0.0
1905-02-21,0.0
1905-02-22,0.0
1905-02-23,0.0
1905-02-24,0.0
1905-02-25,0.0
1905-02-26,0.0
1905-02-27,0.0
1905-02-28,0.0
1905-03-01,0.0
1905-03-02,0.0
1905-03-03,0.0
1905-03-04,0.0
1905-03-05,0.0
1905-03-06,0.0
1905-03-07,0.0
1905-03-08,0.0
1905-03-09,0.0
1905-03-10,0.0
1905-03-11,0.0
1905-03-12,0.0
1905-03-13,0.0
1905-03-14,0.0
1905-03-15,0.0
1905-03-16,0.0
1905-03-17,0.0
1905-03-18,0.0
1905-03-19,0.0
1905-03-20,0.0
1905-03-21,0.0
1905-03-22,0.0
1905-03-23,0.0
1905-03-24,0.0
1905-03-25,0.0
1905-03-26,5.289296
1905-03-27,0.0
1905-03-28,0.0
1905-03-29,0.0
1905-03-30,0.0
1905-03-31,0.8983024
1905-04-01,0.0
1905-04-02,0.0
1905-04-03,0.0
1905-04-04,0.0
1905-04-05,0.0
1905-04-06,0.0
1905-04-07,0.0
1905-04-08,0.0
1905-04-09,0.0
1905-04-10,0.0
1905-04-11,2.7687976
1905-04-12,0.0
1905-04-13,0.0
1905-04-14,0.0
1905-04-15,0.0
1905-04-16,0.0
1905-04-17,37.753597
1905-04-18,5.9901204
1905-04-19,17.50226
1905-04-20,0.0
1905-04-21,0.0
1905-04-22,0.0
1905-04-23,0.0
1905-04-24,0.0
1905-04-25,0.0
1905-04-26,0.0
1905-04-27,0.0
1905-04-28,0.0
1905-04-29,0.0
1905-04-30,0.0
1905-05-01,0.0
1905-05-02,0.0
1905-05-03,0.0
1905-05-04,0.0
1905-05-05,0.0
1905-05-06,0.0
1905-05-07,0.0
1905-05-08,0.0
1905-05-09,0.0
1905-05-10,0.0
1905-05-11,0.0
1905-05-12,0.0
1905-05-13,4.4587336
1905-05-14,0.60406584
1905-05-15,0.0
1905-05-16,0.17083892
1905-05-17,0.8108451
1905-05-18,0.0
1905-05-19,0.0
1905-05-20,0.0
1905-05-21,0.0
1905-05-22,0.0
1905-05-23,0.0
1905-05-24,0.0
1905-05-25,0.0
1905-05-26,0.0
1905-05-27,0.0
1905-05-28,0.0
1905-05-29,0.0
1905-05-30,22.522078
1905-05-31,0.21523012
1905-06-01,16.335747
1905-06-02,0.0
1905-06-03,0.0
1905-06-04,0.0
1905-06-05,1.247454
1905-06-06,0.0
1905-06-07,0.0
1905-06-08,0.0
1905-06-09,0.0
1905-06-10,0.0
1905-06-11,0.0
1905-06-12,0.0
1905-06-13,0.0
1905-06-14,0.0
1905-06-15,0.0
1905-06-16,0.0
1905-06-17,1.247454
1905-06-18,5.3892517
1905-06-19,0.623727
1905-06-20,0.0
1905-06-21,0.0
1905-06-22,0.0
1905-06-23,0.0
1905-06-24,0.18410549
1905-06-25,0.0
1905-06-26,0.0
1905-06-27,0.0
1905-06-28,0.0
1905-06-29,6.7578516
1905-06-30,0.0
1905-07-01,0.0
1905-07-02,0.0
1905-07-03,0.0
1905-07-04,0.0
1905-07-05,0.0
1905-07-06,0.0
1905-07-07,0.0
1905-07-08,0.0
1905-07-09,0.86169237
1905-07-10,5.919674
1905-07-11,21.45496
1905-07-12,0.0
1905-07-13,0.18305026
1905-07-14,0.0
1905-07-15,0.0
1905-07-16,4.944846
1905-07-17,0.0
1905-07-18,0.0
1905-07-19,4.8664265
1905-07-20,0.0
1905-07-21,18.799269
1905-07-22,0.0
1905-07-23,0.0
1905-07-24,0.0
1905-07-25,0.0
1905-07-26,0.9023703
1905-07-27,1.5765127
1905-07-28,0.0
1905-07-29,0.0
1905-07-30,11.5953
1905-07-31,4.417452
1905-08-01,8.80505
1905-08-02,1.6559191
1905-08-03,4.070324
1905-08-04,0.0
1905-08-05,0.0
1905-08-06,0.0
1905-08-07,2.9026535
1905-08-08,0.0
1905-08-09,0.0
1905-08-10,0.0
1905-08-11,0.0
1905-08-12,0.0
1905-08-13,28.740551
1905-08-14,51.67288
1905-08-15,0.0
1905-08-16,0.0
1905-08-17,6.5575867
1905-08-18,37.271236
1905-08-19,0.623727
1905-08-20,0.64717513
1905-08-21,0.0
1905-08-22,0.0
1905-08-23,0.64135396
1905-08-24,0.0
1905-08-25,0.0
1905-08-26,0.0
1905-08-27,0.0
1905-08-28,0.0
1905-08-29,8.741547
1905-08-30,2.2293298
1905-08-31,5.9267616
1905-09-01,21.796074
1905-09-02,0.0
1905-09-03,1.0681907
1905-09-04,5.218482
1905-09-05,0.8361283
1905-09-06,0.0
1905-09-07,0.0
1905-09-08,0.0
1905-09-09,0.0
1905-09-10,0.51008433
1905-09-11,0.5124335
1905-09-12,0.0
1905-09-13,0.0
1905-09-14,3.1810076
1905-09-15,23.94294
1905-09-16,0.9673688
1905-09-17,0.5274481
1905-09-18,0.0
1905-09-19,0.0
1905-09-20,0.0
1905-09-21,7.202013
1905-09-22,0.27457538
1905-09-23,0.0
1905-09-24,0.0
1905-09-25,0.40338862
1905-09-26,21.405243
1905-09-27,0.0
1905-09-28,0.0
1905-09-29,0.0
1905-09-30,0.0
1905-10-01,0.0
1905-10-02,0.0
1905-10-03,0.0
1905-10-04,0.16661803
1905-10-05,9.279871
1905-10-06,24.441347
1905-10-07,24.311848
1905-10-08,37.6627
1905-10-09,11.46387
1905-10-10,4.733714
1905-10-11,3.5251586
1905-10-12,126.35787
1905-10-13,80.9127
1905-10-14,12.862197
1905-10-15,82.71177
1905-10-16,14.924966
1905-10-17,0.0
1905-10-18,72.40615
1905-10-19,17.846975
1905-10-20,0.0
1905-10-21,0.0
1905-10-22,0.0
1905-10-23,0.0
1905-10-24,0.0
1905-10-25,0.0
1905-10-26,0.0
1905-10-27,0.0
1905-10-28,0.0
1905-10-29,0.0
1905-10-30,0.0
1905-10-31,0.0
1905-11-01,0.0
1905-11-02,0.0
1905-11-03,0.0
1905-11-04,0.0
1905-11-05,0.0
1905-11-06,0.0
1905-11-07,0.0
1905-11-08,35.03095
1905-11-09,57.386097
1905-11-10,15.1062565
1905-11-11,20.624718
1905-11-12,10.552268
1905-11-13,25.288952
1905-11-14,4.450711
1905-11-15,5.998273
1905-11-16,0.0
1905-11-17,5.347026
1905-11-18,26.25824
1905-11-19,11.905961
1905-11-20,11.373832
1905-11-21,9.990686
1905-11-22,33.07469
1905-11-23,13.8871
1905-11-24,0.43046024
1905-11-25,23.626215
1905-11-26,0.99050564
1905-11-27,0.23370211
1905-11-28,1.9592453
1905-11-29,0.0
1905-11-30,0.0
1905-12-01,2.242759
1905-12-02,0.0
1905-12-03,0.5811214
1905-12-04,0.0
1905-12-05,0.0
1905-12-06,0.0
1905-12-07,0.0
1905-12-08,0.0
1905-12-09,0.0
1905-12-10,0.0
1905-12-11,0.0
1905-12-12,0.0
1905-12-13,0.0
1905-12-14,0.0
1905-12-15,0.0
1905-12-16,0.0
1905-12-17,0.0
1905-12-18,0.0
1905-12-19,0.0
1905-12-20,0.0
1905-12-21,0.0
1905-12-22,0.0
1905-12-23,0.0
1905-12-24,0.0
1905-12-25,0.0
1905-12-26,0.0
1905-12-27,0.0
1905-12-28,0.0
1905-12-29,0.0
1905-12-30,0.0
1905-12-31,0.0
1906-01-01,0.0
1906-01-02,0.0
1906-01-03,0.0
1906-01-04,0.0
1906-01-05,0.0
1906-01-06,0.0
1906-01-07,0.0
1906-01-08,0.0
1906-01-09,0.0
1906-01-10,0.0
1906-01-11,0.0
1906-01-12,0.0
1906-01-13,0.0
1906-01-14,0.0
1906-01-15,0.0
1906-01-16,32.887016
1906-01-17,58.118958
1906-01-18,3.52395
1906-01-19,0.60826856
1906-01-20,0.0
1906-01-21,0.0
1906-01-22,0.0
1906-01-23,0.0
1906-01-24,0.0
1906-01-25,0.0
1906-01-26,0.0
1906-01-27,0.0
1906-01-28,0.0
1906-01-29,0.0
1906-01-30,0.0
1906-01-31,0.0
1906-02-01,0.0
1906-02-02,0.0
1906-02-03,0.0
1906-02-04,0.0
1906-02-05,0.0
1906-02-06,0.0
1906-02-07,0.0
1906-02-08,0.0
1906-02-09,0.0
1906-02-10,0.0
1906-02-11,0.0
1906-02-12,0.0
1906-02-13,0.0
1906-02-14,0.0
1906-02-15,0.0
1906-02-16,0.0
1906-02-17,0.0
1906-02-18,0.0
1906-02-19,0.0
1906-02-20,0.0
1906-02-21,0.0
1906-02-22,0.0
1906-02-23,0.0
1906-02-24,0.0
1906-02-25,0.0
1906-02-26,0.0
1906-02-27,0.5626027
1906-02-28,5.975578
1906-03-01,8.352005
1906-03-02,0.0
1906-03-03,0.0
1906-03-04,0.0
1906-03-05,0.0
1906-03-06,0.0
1906-03-07,0.0
1906-03-08,0.0
1906-03-09,0.0
1906-03-10,0.0
1906-03-11,0.0
1906-03-12,0.0
1906-03-13,0.0
1906-03-14,0.0
1906-03-15,0.0
1906-03-16,0.0
1906-03-17,0.0
1906-03-18,4.32779
1906-03-19,0.0
1906-03-20,0.0
1906-03-21,0.0
1906-03-22,0.0
1906-03-23,0.0
1906-03-24,0.0
1906-03-25,0.0
1906-03-26,0.0
1906-03-27,0.0
1906-03-28,0.0
1906-03-29,0.0
1906-03-30,0.0
1906-03-31,0.0
1906-04-01,0.0
1906-04-02,0.0
1906-04-03,0.0
1906-04-04,0.0
1906-04-05,0.0
1906-04-06,0.0
1906-04-07,0.0
1906-04-08,0.0
1906-04-09,0.0
1906-04-10,0.0
1906-04-11,0.0
1906-04-12,0.0
1906-04-13,0.0
1906-04-14,0.0
1906-04-15,0.0
1906-04-16,0.0
1906-04-17,0.0
1906-04-18,0.0
1906-04-19,0.0
1906-04-20,0.0
1906-04-21,0.0
1906-04-22,0.0
1906-04-23,0.0
1906-04-24,0.0
1906-04-25,0.0
1906-04-26,0.0
1906-04-27,0.0
1906-04-28,0.0
1906-04-29,0.0
1906-04-30,0.0
1906-05-01,0.0
1906-05-02,0.0
1906-05-03,0.0
1906-05-04,0.0
1906-05-05,0.0
1906-05-06,0.0
1906-05-07,0.0
1906-05-08,0.0
1906-05-09,0.0
1906-05-10,0.0
1906-05-11,0.0
1906-05-12,0.0
1906-05-13,0.5779328
1906-05-14,0.0
1906-05-15,0.0
1906-05-16,0.0
1906-05-17,0.0
1906-05-18,0.0
1906-05-19,0.0
1906-05-20,0.0
1906-05-21,0.0
1906-05-22,0.0
1906-05-23,0.0
1906-05-24,0.0
1906-05-25,0.0
1906-05-26,0.0
1906-05-27,0.0
1906-05-28,0.0
1906-05-29,0.0
1906-05-30,0.0
1906-05-31,0.0
1906-06-01,0.0
1906-06-02,0.0
1906-06-03,0.0
1906-06-04,2.3796532
1906-06-05,0.0
1906-06-06,0.0
1906-06-07,0.0
1906-06-08,0.0
1906-06-09,0.0
1906-06-10,0.0
1906-06-11,0.0
1906-06-12,23.11088
1906-06-13,33.68936
1906-06-14,0.0
1906-06-15,6.0306153
1906-06-16,0.14644021
1906-06-17,0.0
1906-06-18,0.0
1906-06-19,0.0
1906-06-20,0.14644021
1906-06-21,0.0
1906-06-22,0.0
1906-06-23,0.0
1906-06-24,0.5128932
1906-06-25,0.0
1906-06-26,0.0
1906-06-27,0.0
1906-06-28,0.0
1906-06-29,0.0
1906-06-30,0.6324774
1906-07-01,0.0
1906-07-02,0.0
1906-07-03,0.0
1906-07-04,0.0
1906-07-05,0.0
1906-07-06,0.0
1906-07-07,9.72336
1906-07-08,0.0
1906-07-09,0.0
1906-07-10,0.0
1906-07-11,0.60406584
1906-07-12,0.0
1906-07-13,0.15457821
1906-07-14,7.604295
1906-07-15,12.679221
1906-07-16,27.688461
1906-07-17,0.0
1906-07-18,0.41750854
1906-07-19,0.0
1906-07-20,2.2898085
1906-07-21,0.6012683
1906-07-22,0.0
1906-07-23,0.0
1906-07-24,0.0
1906-07-25,0.0
1906-07-26,0.0
1906-07-27,0.0
1906-07-28,11.880641
1906-07-29,12.134817
1906-07-30,0.0
1906-07-31,18.162598
1906-08-01,0.0
1906-08-02,31.689476
1906-08-03,20.790255
1906-08-04,2.0536158
1906-08-05,0.0
1906-08-06,0.0
1906-08-07,15.0750885
1906-08-08,0.0
1906-08-09,2.4711785
1906-08-10,7.5237155
1906-08-11,0.0
1906-08-12,0.0
1906-08-13,0.0
1906-08-14,6.4188166
1906-08-15,0.0
1906-08-16,8.747779
1906-08-17,14.1463375
1906-08-18,0.65267795
1906-08-19,2.446885
1906-08-20,0.0
1906-08-21,10.829343
1906-08-22,30.613094
1906-08-23,21.223684
1906-08-24,0.0
1906-08-25,0.0
1906-08-26,0.91999716
1906-08-27,0.0
1906-08-28,0.0
1906-08-29,0.0
1906-08-30,0.0
1906-08-31,0.6831293
1906-09-01,8.50844
1906-09-02,0.3697066
1906-09-03,0.0
1906-09-04,16.483864
1906-09-05,0.122464456
1906-09-06,0.0
1906-09-07,0.0
1906-09-08,0.0
1906-09-09,4.0360494
1906-09-10,0.0
1906-09-11,0.0
1906-09-12,0.0
1906-09-13,0.0
1906-09-14,0.0
1906-09-15,0.0
1906-09-16,0.54915076
1906-09-17,1.9037225
1906-09-18,13.988785
1906-09-19,0.0
1906-09-20,0.0
1906-09-21,7.2391977
1906-09-22,16.852077
1906-09-23,0.0
1906-09-24,0.0
1906-09-25,0.0
1906-09-26,0.0
1906-09-27,0.0
1906-09-28,0.0
1906-09-29,0.0
1906-09-30,0.0
1906-10-01,0.0
1906-10-02,0.0
1906-10-03,7.5434904
1906-10-04,0.0
1906-10-05,0.0
1906-10-06,0.0
1906-10-07,0.0
1906-10-08,0.0
1906-10-09,0.0
1906-10-10,0.0
1906-10-11,0.0
1906-10-12,0.0
1906-10-13,0.0
1906-10-14,0.0
1906-10-15,0.0
1906-10-16,2.8114634
1906-10-17,20.278294
1906-10-18,38.564655
1906-10-19,30.875685
1906-10-20,98.96024
1906-10-21,19.888704
1906-10-22,21.745903
1906-10-23,0.75894785
1906-10-24,2.1176817
1906-10-25,4.873381
1906-10-26,9.119025
1906-10-27,1.1854784
1906-10-28,1.2855755
1906-10-29,0.0
1906-10-30,0.0
1906-10-31,0.0
1906-11-01,0.0
1906-11-02,0.0
1906-11-03,0.0
1906-11-04,0.0
1906-11-05,0.0
1906-11-06,0.0
1906-11-07,16.478786
1906-11-08,2.8489656
1906-11-09,0.0
1906-11-10,0.0
1906-11-11,26.375317
1906-11-12,32.227253
1906-11-13,23.296816
1906-11-14,112.91735
1906-11-15,134.70966
1906-11-16,18.041277
1906-11-17,0.0
1906-11-18,0.0
1906-11-19,0.0
1906-11-20,13.9263315
1906-11-21,40.702175
1906-11-22,14.668067
1906-11-23,3.9504967
1906-11-24,104.52355
1906-11-25,55.036884
1906-11-26,0.0
1906-11-27,0.6309696
1906-11-28,3.6621053
1906-11-29,46.223907
1906-11-30,5.7720547
1906-12-01,0.0
1906-12-02,0.0
1906-12-03,0.0
1906-12-04,0.0
1906-12-05,3.1411164
1906-12-06,47.87177
1906-12-07,64.96931
1906-12-08,144.57736
1906-12-09,41.243713
1906-12-10,22.717306
1906-12-11,0.0
1906-12-12,0.0
1906-12-13,0.0
1906-12-14,9.713883
1906-12-15,0.0
1906-12-16,0.0
1906-12-17,0.0
1906-12-18,11.472671
1906-12-19,0.0
1906-12-20,1.2151026
1906-12-21,8.934384
1906-12-22,0.0
1906-12-23,0.0
1906-12-24,0.0
1906-12-25,0.0
1906-12-26,7.341529
1906-12-27,83.01559
1906-12-28,0.0
1906-12-29,0.0
1906-12-30,0.0
1906-12-31,0.0
1907-01-01,0.0
1907-01-02,0.0
1907-01-03,0.0
1907-01-04,0.0
1907-01-05,0.0
1907-01-06,0.36312014
1907-01-07,0.0
1907-01-08,0.0
1907-01-09,0.0
1907-01-10,0.0
1907-01-11,0.0
1907-01-12,0.0
1907-01-13,0.0
1907-01-14,0.0
1907-01-15,0.0
1907-01-16,0.0
1907-01-17,0.0
1907-01-18,0.0
1907-01-19,0.0
1907-01-20,0.0
1907-01-21,0.0
1907-01-22,0.0
1907-01-23,0.0
1907-01-24,0.0
1907-01-25,0.0
1907-01-26,0.0
1907-01-27,0.0
1907-01-28,0.0
1907-01-29,0.0
1907-01-30,0.0
1907-01-31,0.0
1907-02-01,0.0
1907-02-02,0.0
1907-02-03,0.0
1907-02-04,0.0
1907-02-05,0.10497701
1907-02-06,0.0
1907-02-07,0.0
1907-02-08,0.0
1907-02-09,0.0
1907-02-10,0.0
1907-02-11,0.0
1907-02-12,0.0
1907-02-13,0.0
1907-02-14,0.0
1907-02-15,0.0
1907-02-16,0.0
1907-02-17,0.0
1907-02-18,0.0
1907-02-19,0.0
1907-02-20,0.0
1907-02-21,0.0
1907-02-22,0.0
1907-02-23,0.0
1907-02-24,0.0
1907-02-25,0.0
1907-02-26,0.0
1907-02-27,0.0
1907-02-28,0.0
1907-03-01,0.0
1907-03-02,0.0
1907-03-03,0.0
1907-03-04,0.0
1907-03-05,0.0
1907-03-06,0.0
1907-03-07,0.0
1907-03-08,0.0
1907-03-09,0.0
1907-03-10,0.0
1907-03-11,3.88736
1907-03-12,0.0
1907-03-13,0.0
1907-03-14,0.0
1907-03-15,0.0
1907-03-16,0.0
1907-03-17,0.0
1907-03-18,0.0
1907-03-19,0.0
1907-03-20,0.0
1907-03-21,0.0
1907-03-22,0.0
1907-03-23,0.0
1907-03-24,0.0
1907-03-25,0.0
1907-03-26,1.3063828
1907-03-27,0.0
1907-03-28,0.0
1907-03-29,0.0
1907-03-30,0.0
1907-03-31,0.0
1907-04-01,0.0
1907-04-02,0.695591
1907-04-03,0.0
1907-04-04,4.1165986
1907-04-05,0.0
1907-04-06,0.0
1907-04-07,0.0
1907-04-08,0.0
1907-04-09,0.0
1907-04-10,0.0
1907-04-11,0.0
1907-04-12,12.777692
1907-04-13,0.0
1907-04-14,0.0
1907-04-15,0.0
1907-04-16,0.0
1907-04-17,0.0
1907-04-18,0.0
1907-04-19,0.0
1907-04-20,0.0
1907-04-21,0.0
1907-04-22,0.0
1907-04-23,0.0
1907-04-24,0.0
1907-04-25,0.0
1907-04-26,0.0
1907-04-27,15.031821
1907-04-28,7.9724503
1907-04-29,4.229819
1907-04-30,4.3132734
1907-05-01,15.336273
1907-05-02,0.0
1907-05-03,0.0
1907-05-04,0.0
1907-05-05,0.0
1907-05-06,0.0
1907-05-07,0.0
1907-05-08,0.0
1907-05-09,0.0
1907-05-10,0.0
1907-05-11,0.0
1907-05-12,0.0
1907-05-13,0.0
1907-05-14,0.0
1907-05-15,0.0
1907-05-16,0.0
1907-05-17,0.0
1907-05-18,0.0
1907-05-19,0.0
1907-05-20,0.0
1907-05-21,0.0
1907-05-22,0.0
1907-05-23,0.0
1907-05-24,0.35954174
1907-05-25,0.90869254
1907-05-26,0.23796532
1907-05-27,22.64129
1907-05-28,0.0
1907-05-29,0.0
1907-05-30,0.0
1907-05-31,0.0
1907-06-01,0.0
1907-06-02,0.0
1907-06-03,0.0
1907-06-04,0.0
1907-06-05,0.0
1907-06-06,0.0
1907-06-07,0.0
1907-06-08,2.3921664
1907-06-09,0.0
1907-06-10,0.0
1907-06-11,1.1989007
1907-06-12,0.0
1907-06-13,0.0
1907-06-14,0.0
1907-06-15,2.2318864
1907-06-16,0.0
1907-06-17,0.0
1907-06-18,0.0
1907-06-19,0.0
1907-06-20,0.0
1907-06-21,0.0
1907-06-22,5.5734797
1907-06-23,0.0
1907-06-24,0.0
1907-06-25,0.0
1907-06-26,0.695591
1907-06-27,10.850582
1907-06-28,0.0
1907-06-29,0.0
1907-06-30,0.0
1907-07-01,0.0
1907-07-02,0.0
1907-07-03,0.15340379
1907-07-04,0.83505845
1907-07-05,0.0
1907-07-06,0.0
1907-07-07,134.47992
1907-07-08,1.4561441
1907-07-09,0.0
1907-07-10,0.0
1907-07-11,0.0
1907-07-12,0.0
1907-07-13,0.0
1907-07-14,0.0
1907-07-15,0.0
1907-07-16,0.0
1907-07-17,0.0
1907-07-18,0.59324384
1907-07-19,0.23796532
1907-07-20,0.0
1907-07-21,0.0
1907-07-22,0.0
1907-07-23,0.0
1907-07-24,0.0
1907-07-25,0.0
1907-07-26,0.0
1907-07-27,0.0
1907-07-28,0.0
1907-07-29,0.0
1907-07-30,0.0
1907-07-31,0.8983024
1907-08-01,2.8691442
1907-08-02,0.0
1907-08-03,0.0
1907-08-04,0.0
1907-08-05,21.629051
1907-08-06,0.0
1907-08-07,0.0
1907-08-08,0.0
1907-08-09,0.0
1907-08-10,0.0
1907-08-11,0.0
1907-08-12,0.0
1907-08-13,0.0
1907-08-14,0.0
1907-08-15,0.0
1907-08-16,0.0
1907-08-17,0.0
1907-08-18,0.9766655
1907-08-19,15.713712
1907-08-20,0.45762566
1907-08-21,0.8325625
1907-08-22,0.0
1907-08-23,16.508139
1907-08-24,2.4243648
1907-08-25,3.3414264
1907-08-26,3.2753456
1907-08-27,0.0
1907-08-28,0.6506308
1907-08-29,1.189767
1907-08-30,0.0
1907-08-31,0.0
1907-09-01,32.42604
1907-09-02,0.26965627
1907-09-03,2.9662194
1907-09-04,6.346461
1907-09-05,0.16012973
1907-09-06,0.0
1907-09-07,0.45676118
1907-09-08,0.0
1907-09-09,1.7343234
1907-09-10,0.0
1907-09-11,0.0
1907-09-12,0.0
1907-09-13,0.0
1907-09-14,2.245417
1907-09-15,1.6291473
1907-09-16,12.92281
1907-09-17,41.885265
1907-09-18,23.529188
1907-09-19,0.14644021
1907-09-20,0.0
1907-09-21,0.0
1907-09-22,0.0
1907-09-23,0.0
1907-09-24,22.835766
1907-09-25,0.1399519
1907-09-26,0.0
1907-09-27,0.0
1907-09-28,2.4351933
1907-09-29,0.0
1907-09-30,0.0
1907-10-01,0.0
1907-10-02,33.787846
1907-10-03,19.352919
1907-10-04,39.290543
1907-10-05,26.28838
1907-10-06,0.0
1907-10-07,0.0
1907-10-08,0.0
1907-10-09,0.0
1907-10-10,0.0
1907-10-11,0.0
1907-10-12,0.0
1907-10-13,0.0
1907-10-14,50.52189
1907-10-15,0.0
1907-10-16,0.0
1907-10-17,0.0
1907-10-18,0.12644769
1907-10-19,18.72341
1907-10-20,2.2176204
1907-10-21,0.0
1907-10-22,0.54915076
1907-10-23,17.08886
1907-10-24,19.382498
1907-10-25,19.85596
1907-10-26,1.1765932
1907-10-27,11.10856
1907-10-28,0.0
1907-10-29,0.0
1907-10-30,0.0
1907-10-31,8.836362
1907-11-01,56.36828
1907-11-02,148.5044
1907-11-03,35.11362
1907-11-04,62.81291
1907-11-05,92.09187
1907-11-06,12.1255
1907-11-07,81.2898
1907-11-08,34.181633
1907-11-09,71.13238
1907-11-10,54.454624
1907-11-11,0.31808305
1907-11-12,0.0
1907-11-13,0.0
1907-11-14,2.566772
1907-11-15,0.0
1907-11-16,0.0
1907-11-17,0.0
1907-11-18,10.771624
1907-11-19,0.0
1907-11-20,3.6244547
1907-11-21,1.1400591
1907-11-22,0.0
1907-11-23,0.0
1907-11-24,0.0
1907-11-25,0.0
1907-11-26,0.0
1907-11-27,0.0
1907-11-28,0.0
1907-11-29,0.0
1907-11-30,0.0
1907-12-01,0.0
1907-12-02,0.0
1907-12-03,0.0
1907-12-04,0.0
1907-12-05,0.0
1907-12-06,0.0
1907-12-07,0.0
1907-12-08,0.0
1907-12-09,0.0
1907-12-10,0.0
1907-12-11,2.5944834
1907-12-12,0.93559057
1907-12-13,1.1407549
1907-12-14,0.0
1907-12-15,40.86325
1907-12-16,0.0
1907-12-17,9.175287
1907-12-18,13.890691
1907-12-19,57.498226
1907-12-20,9.18861
1907-12-21,0.6299466
1907-12-22,0.0
1907-12-23,0.11678919
1907-12-24,1.1097734
1907-12-25,0.0
1907-12-26,0.0
1907-12-27,0.0
1907-12-28,0.0
1907-12-29,0.0
1907-12-30,0.0
1907-12-31,0.0
1908-01-01,0.0
1908-01-02,20.529655
1908-01-03,0.0
1908-01-04,0.0
1908-01-05,0.0
1908-01-06,0.0
1908-01-07,0.123515144
1908-01-08,2.011533
1908-01-09,0.0
1908-01-10,0.0
1908-01-11,0.0
1908-01-12,0.0
1908-01-13,0.0
1908-01-14,0.0
1908-01-15,0.0
1908-01-16,0.0
1908-01-17,0.17977087
1908-01-18,0.23796532
1908-01-19,0.0
1908-01-20,0.0
1908-01-21,0.0
1908-01-22,0.0
1908-01-23,0.0
1908-01-24,0.0
1908-01-25,0.0
1908-01-26,0.0
1908-01-27,0.0
1908-01-28,0.0
1908-01-29,0.0
1908-01-30,0.0
1908-01-31,0.0
1908-02-01,0.0
1908-02-02,0.0
1908-02-03,0.0
1908-02-04,0.0
1908-02-05,0.0
1908-02-06,0.0
1908-02-07,0.0
1908-02-08,0.0
1908-02-09,0.0
1908-02-10,0.0
1908-02-11,0.0
1908-02-12,0.0
1908-02-13,0.0
1908-02-14,0.0
1908-02-15,0.0
1908-02-16,0.0
1908-02-17,0.0
1908-02-18,0.0
1908-02-19,0.0
1908-02-20,0.0
1908-02-21,0.0
1908-02-22,0.0
1908-02-23,7.0353627
1908-02-24,45.2934
1908-02-25,12.950132
1908-02-26,3.964647
1908-02-27,0.0
1908-02-28,0.0
1908-02-29,0.0
1908-03-01,0.0
1908-03-02,0.0
1908-03-03,0.0
1908-03-04,0.0
1908-03-05,0.0
1908-03-06,0.0
1908-03-07,0.0
1908-03-08,0.0
1908-03-09,0.0
1908-03-10,0.0
1908-03-11,0.0
1908-03-12,0.0
1908-03-13,0.0
1908-03-14,0.0
1908-03-15,0.0
1908-03-16,0.0
1908-03-17,0.0
1908-03-18,0.0
1908-03-19,0.0
1908-03-20,0.0
1908-03-21,0.0
1908-03-22,0.0
1908-03-23,0.0
1908-03-24,0.0
1908-03-25,0.32949045
1908-03-26,0.0
1908-03-27,9.769443
1908-03-28,0.0
1908-03-29,0.0
1908-03-30,0.0
1908-03-31,0.0
1908-04-01,0.0
1908-04-02,0.0
1908-04-03,0.0
1908-04-04,0.0
1908-04-05,0.0
1908-04-06,0.0
1908-04-07,0.0
1908-04-08,0.0
1908-04-09,0.0
1908-04-10,0.0
1908-04-11,0.0
1908-04-12,0.0
1908-04-13,0.0
1908-04-14,0.0
1908-04-15,0.0
1908-04-16,0.0
1908-04-17,0.0
1908-04-18,0.0
1908-04-19,0.0
1908-04-20,0.0
1908-04-21,0.0
1908-04-22,0.0
1908-04-23,0.0
1908-04-24,0.0
1908-04-25,0.0
1908-04-26,0.0
1908-04-27,0.0
1908-04-28,0.0
1908-04-29,0.0
1908-04-30,0.0
1908-05-01,0.0
1908-05-02,0.0
1908-05-03,0.0
1908-05-04,0.0
1908-05-05,0.0
1908-05-06,10.644509
1908-05-07,0.0
1908-05-08,0.0
1908-05-09,0.0
1908-05-10,0.0
1908-05-11,0.0
1908-05-12,0.0
1908-05-13,7.6500993
1908-05-14,0.0
1908-05-15,0.0
1908-05-16,0.0
1908-05-17,2.0542307
1908-05-18,0.0
1908-05-19,0.0
1908-05-20,0.0
1908-05-21,10.300391
1908-05-22,0.0
1908-05-23,0.0
1908-05-24,0.0
1908-05-25,0.0
1908-05-26,0.0
1908-05-27,0.0
1908-05-28,0.0
1908-05-29,0.0
1908-05-30,0.0
1908-05-31,0.0
1908-06-01,1.1227086
1908-06-02,5.1212335
1908-06-03,0.0
1908-06-04,0.0
1908-06-05,0.0
1908-06-06,0.0
1908-06-07,0.0
1908-06-08,0.0
1908-06-09,0.0
1908-06-10,5.524356
1908-06-11,0.0
1908-06-12,0.0
1908-06-13,0.0
1908-06-14,0.0
1908-06-15,10.798085
1908-06-16,0.0
1908-06-17,0.0
1908-06-18,0.0
1908-06-19,0.0
1908-06-20,0.0
1908-06-21,0.8629002
1908-06-22,0.0
1908-06-23,0.0
1908-06-24,0.0
1908-06-25,0.0
1908-06-26,0.0
1908-06-27,0.27700356
1908-06-28,2.3729753
1908-06-29,0.0
1908-06-30,0.0
1908-07-01,0.0
1908-07-02,0.0
1908-07-03,0.0
1908-07-04,2.896969
1908-07-05,6.3620152
1908-07-06,0.0
1908-07-07,3.4527104
1908-07-08,0.0
1908-07-09,0.0
1908-07-10,15.523201
1908-07-11,26.171236
1908-07-12,0.0
1908-07-13,0.0
1908-07-14,0.0
1908-07-15,0.0
1908-07-16,1.1227086
1908-07-17,0.54915076
1908-07-18,0.0
1908-07-19,0.0
1908-07-20,4.2937107
1908-07-21,0.0
1908-07-22,5.5501823
1908-07-23,22.907368
1908-07-24,5.507751
1908-07-25,0.0
1908-07-26,3.4515154
1908-07-27,6.930148
1908-07-28,0.0
1908-07-29,0.3118635
1908-07-30,0.0
1908-07-31,0.20460556
1908-08-01,0.0
1908-08-02,0.18305026
1908-08-03,0.0
1908-08-04,0.0
1908-08-05,0.0
1908-08-06,6.5957174
1908-08-07,0.0
1908-08-08,0.0
1908-08-09,8.054311
1908-08-10,4.692312
1908-08-11,16.41756
1908-08-12,0.0
1908-08-13,0.0
1908-08-14,0.0
1908-08-15,0.0
1908-08-16,0.0
1908-08-17,0.0
1908-08-18,0.0
1908-08-19,0.0
1908-08-20,0.3118635
1908-08-21,17.174408
1908-08-22,0.0
1908-08-23,0.0
1908-08-24,1.2904279
1908-08-25,0.29386967
1908-08-26,1.5220294
1908-08-27,0.0
1908-08-28,0.0
1908-08-29,0.0
1908-08-30,22.207642
1908-08-31,3.746602
1908-09-01,0.0
1908-09-02,6.661065
1908-09-03,70.92308
1908-09-04,31.23394
1908-09-05,0.0
1908-09-06,5.855504
1908-09-07,10.826035
1908-09-08,45.355198
1908-09-09,0.0
1908-09-10,9.589961
1908-09-11,78.902405
1908-09-12,0.0
1908-09-13,0.0
1908-09-14,2.3907855
1908-09-15,0.0
1908-09-16,1.2323451
1908-09-17,0.0
1908-09-18,0.0
1908-09-19,11.99548
1908-09-20,0.0
1908-09-21,0.0
1908-09-22,3.510498
1908-09-23,0.0
1908-09-24,0.0
1908-09-25,3.8555825
1908-09-26,0.0
1908-09-27,0.0
1908-09-28,0.0
1908-09-29,4.1687665
1908-09-30,0.0
1908-10-01,0.0
1908-10-02,0.0
1908-10-03,27.60734
1908-10-04,1.7464356
1908-10-05,0.0
1908-10-06,30.900297
1908-10-07,3.5097117
1908-10-08,0.3013222
1908-10-09,0.48157737
1908-10-10,0.0
1908-10-11,0.0
1908-10-12,0.0
1908-10-13,0.0
1908-10-14,0.0
1908-10-15,0.0
1908-10-16,0.0
1908-10-17,0.0
1908-10-18,0.0
1908-10-19,0.0
1908-10-20,13.531906
1908-10-21,0.0
1908-10-22,147.97458
1908-10-23,284.31656
1908-10-24,166.78557
1908-10-25,43.864185
1908-10-26,5.3741436
1908-10-27,1.884633
1908-10-28,35.256752
1908-10-29,38.366142
1908-10-30,14.544417
1908-10-31,21.57647
1908-11-01,78.02524
1908-11-02,31.848408
1908-11-03,0.0
1908-11-04,0.23796532
1908-11-05,0.0
1908-11-06,0.0
1908-11-07,0.0
1908-11-08,0.0
1908-11-09,0.0
1908-11-10,0.0
1908-11-11,0.0
1908-11-12,0.0
1908-11-13,0.0
1908-11-14,0.0
1908-11-15,0.0
1908-11-16,0.0
1908-11-17,0.0
1908-11-18,0.0
1908-11-19,0.0
1908-11-20,0.15738703
1908-11-21,0.0
1908-11-22,0.0
1908-11-23,0.0
1908-11-24,0.0
1908-11-25,0.0
1908-11-26,0.0
1908-11-27,0.0
1908-11-28,0.0
1908-11-29,0.0
1908-11-30,0.8108451
1908-12-01,22.525667
1908-12-02,0.0
1908-12-03,0.0
1908-12-04,0.0
1908-12-05,0.0
1908-12-06,1.3490635
1908-12-07,0.0
1908-12-08,0.0
1908-12-09,0.0
1908-12-10,0.0
1908-12-11,0.0
1908-12-12,0.0
1908-12-13,0.0
1908-12-14,0.0
1908-12-15,0.0
1908-12-16,0.0
1908-12-17,0.0
1908-12-18,0.0
1908-12-19,0.0
1908-12-20,0.0
1908-12-21,0.0
1908-12-22,0.0
1908-12-23,0.0
1908-12-24,30.331455
1908-12-25,2.6728017
1908-12-26,0.0
1908-12-27,0.0
1908-12-28,0.0
1908-12-29,0.0
1908-12-30,0.0
1908-12-31,39.39721
1909-01-01,67.436295
1909-01-02,15.361233
1909-01-03,12.776905
1909-01-04,1.2132894
1909-01-05,4.7561984
1909-01-06,10.231979
1909-01-07,0.71015143
1909-01-08,0.0
1909-01-09,0.0
1909-01-10,0.0
1909-01-11,0.0
1909-01-12,0.0
1909-01-13,0.0
1909-01-14,0.0
1909-01-15,0.0
1909-01-16,0.0
1909-01-17,0.0
1909-01-18,0.0
1909-01-19,0.0
1909-01-20,0.0
1909-01-21,0.0
1909-01-22,0.0
1909-01-23,0.0
1909-01-24,0.0
1909-01-25,0.0
1909-01-26,0.0
1909-01-27,0.0
1909-01-28,0.0
1909-01-29,0.0
1909-01-30,0.0
1909-01-31,0.0
1909-02-01,0.0
1909-02-02,0.0
1909-02-03,0.0
1909-02-04,0.0
1909-02-05,0.0
1909-02-06,0.0
1909-02-07,0.0
1909-02-08,0.0
1909-02-09,0.0
1909-02-10,0.0
1909-02-11,0.0
1909-02-12,0.0
1909-02-13,0.0
1909-02-14,0.0
1909-02-15,0.0
1909-02-16,0.0
1909-02-17,0.0
1909-02-18,0.0
1909-02-19,2.7252421
1909-02-20,8.228033
1909-02-21,0.45762566
1909-02-22,0.0
1909-02-23,0.0
1909-02-24,0.0
1909-02-25,0.0
1909-02-26,0.0
1909-02-27,0.0
1909-02-28,0.0
1909-03-01,0.0
1909-03-02,0.0
1909-03-03,0.0
1909-03-04,0.0
1909-03-05,0.0
1909-03-06,0.0
1909-03-07,0.0
1909-03-08,0.0
1909-03-09,0.0
1909-03-10,0.0
1909-03-11,0.0
1909-03-12,0.0
1909-03-13,0.0
1909-03-14,0.0
1909-03-15,0.0
1909-03-16,0.0
1909-03-17,0.0
1909-03-18,0.0
1909-03-19,0.0
1909-03-20,0.0
1909-03-21,0.0
1909-03-22,0.0
1909-03-23,0.0
1909-03-24,0.0
1909-03-25,0.0
1909-03-26,0.0
1909-03-27,0.0
1909-03-28,0.0
1909-03-29,0.0
1909-03-30,0.0
1909-03-31,0.0
1909-04-01,0.0
1909-04-02,0.0
1909-04-03,0.0
1909-04-04,0.0
1909-04-05,0.0
1909-04-06,0.0
1909-04-07,0.0
1909-04-08,0.0
1909-04-09,0.0
1909-04-10,0.0
1909-04-11,0.0
1909-04-12,0.0
1909-04-13,0.0
1909-04-14,0.0
1909-04-15,0.0
1909-04-16,0.0
1909-04-17,0.0
1909-04-18,0.0
1909-04-19,0.0
1909-04-20,0.0
1909-04-21,1.6617157
1909-04-22,0.93355626
1909-04-23,4.4284616
1909-04-24,2.233213
1909-04-25,0.45762566
1909-04-26,0.0
1909-04-27,0.0
1909-04-28,0.0
1909-04-29,0.0
1909-04-30,0.0
1909-05-01,0.0
1909-05-02,0.0
1909-05-03,0.0
1909-05-04,34.94219
1909-05-05,42.113308
1909-05-06,62.525368
1909-05-07,0.26513904
1909-05-08,0.0
1909-05-09,0.0
1909-05-10,0.0
1909-05-11,0.0
1909-05-12,0.0
1909-05-13,0.0
1909-05-14,0.9168314
1909-05-15,0.0
1909-05-16,0.0
1909-05-17,0.0
1909-05-18,0.0
1909-05-19,0.0
1909-05-20,0.0
1909-05-21,0.0
1909-05-22,0.0
1909-05-23,0.0
1909-05-24,0.0
1909-05-25,0.0
1909-05-26,1.3305961
1909-05-27,0.86101425
1909-05-28,1.9586377
1909-05-29,0.0
1909-05-30,0.0
1909-05-31,0.0
1909-06-01,28.952477
1909-06-02,0.0
1909-06-03,5.5511703
1909-06-04,0.0
1909-06-05,0.0
1909-06-06,0.0
1909-06-07,0.0
1909-06-08,0.0
1909-06-09,0.0
1909-06-10,0.0
1909-06-11,0.0
1909-06-12,0.3118635
1909-06-13,0.93355626
1909-06-14,0.0
1909-06-15,3.1159222
1909-06-16,16.029545
1909-06-17,0.0
1909-06-18,0.0
1909-06-19,0.0
1909-06-20,0.0
1909-06-21,0.0
1909-06-22,0.0
1909-06-23,0.0
1909-06-24,2.9938898
1909-06-25,11.653375
1909-06-26,0.7870879
1909-06-27,1.1505336
1909-06-28,0.0
1909-06-29,0.0
1909-06-30,0.0
1909-07-01,23.919249
1909-07-02,0.0
1909-07-03,0.0
1909-07-04,4.7784266
1909-07-05,0.0
1909-07-06,1.9845146
1909-07-07,9.769598
1909-07-08,0.0
1909-07-09,0.0
1909-07-10,0.0
1909-07-11,0.0
1909-07-12,3.9180682
1909-07-13,2.0588067
1909-07-14,0.0
1909-07-15,0.0
1909-07-16,23.267208
1909-07-17,1.1166065
1909-07-18,0.0
1909-07-19,0.0
1909-07-20,0.0
1909-07-21,6.156138
1909-07-22,4.7914004
1909-07-23,15.299715
1909-07-24,4.114564
1909-07-25,2.8532028
1909-07-26,0.93559057
1909-07-27,0.0
1909-07-28,2.803772
1909-07-29,4.3554554
1909-07-30,0.0
1909-07-31,0.0
1909-08-01,0.0
1909-08-02,0.0
1909-08-03,0.0
1909-08-04,0.0
1909-08-05,2.8159935
1909-08-06,11.53895
1909-08-07,2.3701625
1909-08-08,43.5053
1909-08-09,29.802937
1909-08-10,12.810179
1909-08-11,7.4232883
1909-08-12,13.082042
1909-08-13,39.238354
1909-08-14,0.65735674
1909-08-15,8.797507
1909-08-16,0.0
1909-08-17,0.0
1909-08-18,1.1949248
1909-08-19,5.9483495
1909-08-20,1.9952477
1909-08-21,8.52707
1909-08-22,6.8763347
1909-08-23,0.0
1909-08-24,0.0
1909-08-25,0.5904297
1909-08-26,0.0
1909-08-27,0.0
1909-08-28,0.8420312
1909-08-29,7.03065
1909-08-30,31.497318
1909-08-31,0.0
1909-09-01,35.06914
1909-09-02,14.702895
1909-09-03,14.742206
1909-09-04,13.317913
1909-09-05,2.9066093
1909-09-06,2.1177013
1909-09-07,18.621838
1909-09-08,0.0
1909-09-09,0.0
1909-09-10,0.0
1909-09-11,7.7814164
1909-09-12,0.7544243
1909-09-13,0.0
1909-09-14,0.0
1909-09-15,0.3118635
1909-09-16,0.0
1909-09-17,1.8361642
1909-09-18,2.0501628
1909-09-19,0.0
1909-09-20,0.0
1909-09-21,0.8108451
1909-09-22,0.0
1909-09-23,0.93559057
1909-09-24,1.0590556
1909-09-25,0.0
1909-09-26,0.0
1909-09-27,1.1395493
1909-09-28,0.7193151
1909-09-29,50.751015
1909-09-30,5.8697596
1909-10-01,0.0
1909-10-02,5.034514
1909-10-03,0.0
1909-10-04,0.0
1909-10-05,0.0
1909-10-06,0.0
1909-10-07,0.0
1909-10-08,2.983719
1909-10-09,3.2033794
1909-10-10,0.0
1909-10-11,0.0
1909-10-12,0.0
1909-10-13,0.49898165
1909-10-14,5.1384506
1909-10-15,42.92354
1909-10-16,0.0
1909-10-17,0.6831293
1909-10-18,0.0
1909-10-19,0.0
1909-10-20,0.0
1909-10-21,0.0
1909-10-22,0.0
1909-10-23,0.0
1909-10-24,0.0
1909-10-25,0.0
1909-10-26,0.0
1909-10-27,0.0
1909-10-28,0.0
1909-10-29,1.2783934
1909-10-30,1.0616915
1909-10-31,0.0
1909-11-01,1.570079
1909-11-02,1.2996569
1909-11-03,4.9314523
1909-11-04,0.0
1909-11-05,0.0
1909-11-06,0.0
1909-11-07,0.0
1909-11-08,0.0
1909-11-09,0.0
1909-11-10,0.0
1909-11-11,0.0
1909-11-12,0.0
1909-11-13,0.0
1909-11-14,0.0
1909-11-15,0.0
1909-11-16,1.6359149
1909-11-17,1.7464356
1909-11-18,0.0
1909-11-19,0.0
1909-11-20,0.0
1909-11-21,0.0
1909-11-22,0.0
1909-11-23,0.0
1909-11-24,0.0
1909-11-25,0.0
1909-11-26,3.5752602
1909-11-27,23.922745
1909-11-28,17.832933
1909-11-29,1.4182929
1909-11-30,0.23370211
1909-12-01,1.3671721
1909-12-02,0.0
1909-12-03,0.0
1909-12-04,0.0
1909-12-05,0.0
1909-12-06,0.0
1909-12-07,0.0
1909-12-08,0.0
1909-12-09,6.673879
1909-12-10,0.0
1909-12-11,0.0
1909-12-12,0.0
1909-12-13,2.252143
1909-12-14,1.4223285
1909-12-15,0.0
1909-12-16,0.0
1909-12-17,0.0
1909-12-18,0.0
1909-12-19,0.0
1909-12-20,0.0
1909-12-21,0.0
1909-12-22,0.0
1909-12-23,0.0
1909-12-24,0.0
1909-12-25,0.0
1909-12-26,0.0
1909-12-27,0.0
1909-12-28,3.783625
1909-12-29,3.2627795
1909-12-30,19.102175
1909-12-31,1.23777
1910-01-01,0.0
1910-01-02,0.35954174
1910-01-03,0.0
1910-01-04,0.0
1910-01-05,1.1853416
1910-01-06,0.0
1910-01-07,0.0
1910-01-08,0.0
1910-01-09,0.0
1910-01-10,0.0
1910-01-11,0.0
1910-01-12,0.0
1910-01-13,0.0
1910-01-14,0.0
1910-01-15,0.0
1910-01-16,0.0
1910-01-17,0.0
1910-01-18,0.0
1910-01-19,0.0
1910-01-20,0.0
1910-01-21,0.0
1910-01-22,0.0
1910-01-23,0.0
1910-01-24,0.0
1910-01-25,0.0
1910-01-26,0.0
1910-01-27,0.0
1910-01-28,0.0
1910-01-29,2.9364624
1910-01-30,0.119721755
1910-01-31,0.523195
1910-02-01,0.0
1910-02-02,0.0
1910-02-03,35.12437
1910-02-04,0.0
1910-02-05,0.0
1910-02-06,0.0
1910-02-07,0.0
1910-02-08,0.0
1910-02-09,0.0
1910-02-10,0.0
1910-02-11,0.0
1910-02-12,0.0
1910-02-13,0.0
1910-02-14,0.0
1910-02-15,0.0
1910-02-16,0.0
1910-02-17,0.0
1910-02-18,2.3448217
1910-02-19,21.724842
1910-02-20,0.0
1910-02-21,0.0
1910-02-22,0.0
1910-02-23,0.0
1910-02-24,0.0
1910-02-25,0.0
1910-02-26,0.0
1910-02-27,0.0
1910-02-28,0.0
1910-03-01,0.0
1910-03-02,0.0
1910-03-03,0.0
1910-03-04,0.0
1910-03-05,0.0
1910-03-06,0.0
1910-03-07,0.0
1910-03-08,0.0
1910-03-09,0.0
1910-03-10,0.0
1910-03-11,0.0
1910-03-12,0.0
1910-03-13,0.0
1910-03-14,0.0
1910-03-15,0.0
1910-03-16,0.0
1910-03-17,0.0
1910-03-18,0.0
1910-03-19,0.0
1910-03-20,0.0
1910-03-21,0.0
1910-03-22,0.0
1910-03-23,0.0
1910-03-24,0.0
1910-03-25,0.0
1910-03-26,0.0
1910-03-27,0.0
1910-03-28,0.0
1910-03-29,0.0
1910-03-30,0.0
1910-03-31,0.0
1910-04-01,0.0
1910-04-02,0.0
1910-04-03,0.0
1910-04-04,0.0
1910-04-05,0.0
1910-04-06,0.0
1910-04-07,0.0
1910-04-08,0.0
1910-04-09,0.0
1910-04-10,0.0
1910-04-11,0.0
1910-04-12,0.0
1910-04-13,0.0
1910-04-14,6.2137
1910-04-15,0.0
1910-04-16,0.0
1910-04-17,0.0
1910-04-18,0.0
1910-04-19,0.0
1910-04-20,0.0
1910-04-21,0.0
1910-04-22,0.0
1910-04-23,0.0
1910-04-24,0.0
1910-04-25,0.0
1910-04-26,0.0
1910-04-27,0.0
1910-04-28,0.0
1910-04-29,0.0
1910-04-30,0.0
1910-05-01,0.0
1910-05-02,0.0
1910-05-03,0.0
1910-05-04,0.0
1910-05-05,0.0
1910-05-06,0.0
1910-05-07,0.0
1910-05-08,0.0
1910-05-09,0.0
1910-05-10,0.0
1910-05-11,0.0
1910-05-12,0.0
1910-05-13,0.0
1910-05-14,0.0
1910-05-15,0.0
1910-05-16,0.0
1910-05-17,0.0
1910-05-18,0.0
1910-05-19,0.0
1910-05-20,3.71592
1910-05-21,0.36610052
1910-05-22,0.0
1910-05-23,23.61843
1910-05-24,0.0
1910-05-25,0.0
1910-05-26,0.0
1910-05-27,0.0
1910-05-28,0.0
1910-05-29,0.27457538
1910-05-30,0.0
1910-05-31,0.0
1910-06-01,0.0
1910-06-02,0.0
1910-06-03,0.0
1910-06-04,0.0
1910-06-05,0.0
1910-06-06,4.924052
1910-06-07,0.0
1910-06-08,0.0
1910-06-09,0.0
1910-06-10,2.6820264
1910-06-11,10.844941
1910-06-12,0.0
1910-06-13,0.0
1910-06-14,0.0
1910-06-15,7.6736293
1910-06-16,0.0
1910-06-17,0.0
1910-06-18,4.3576064
1910-06-19,0.0
1910-06-20,0.0
1910-06-21,0.0
1910-06-22,0.0
1910-06-23,0.0
1910-06-24,0.4494272
1910-06-25,0.0
1910-06-26,0.0
1910-06-27,0.0
1910-06-28,0.0
1910-06-29,0.0
1910-06-30,0.0
1910-07-01,0.0
1910-07-02,0.0
1910-07-03,0.0
1910-07-04,0.0
1910-07-05,0.0
1910-07-06,0.0
1910-07-07,0.0
1910-07-08,3.3438795
1910-07-09,3.5454686
1910-07-10,0.0
1910-07-11,15.142804
1910-07-12,0.0
1910-07-13,0.0
1910-07-14,5.6020184
1910-07-15,0.0
1910-07-16,0.0
1910-07-17,0.0
1910-07-18,1.0616915
1910-07-19,16.215937
1910-07-20,0.0
1910-07-21,0.0
1910-07-22,0.0
1910-07-23,9.438899
1910-07-24,0.1506611
1910-07-25,6.8793993
1910-07-26,18.8778
1910-07-27,23.888756
1910-07-28,6.2386246
1910-07-29,1.194433
1910-07-30,0.0
1910-07-31,0.0
1910-08-01,0.0
1910-08-02,2.5572808
1910-08-03,0.0
1910-08-04,0.0
1910-08-05,0.0
1910-08-06,1.0426711
1910-08-07,16.44859
1910-08-08,0.0
1910-08-09,0.1129958
1910-08-10,0.0
1910-08-11,0.0
1910-08-12,0.0
1910-08-13,16.56173
1910-08-14,0.0
1910-08-15,1.6610768
1910-08-16,17.386435
1910-08-17,0.0
1910-08-18,14.689389
1910-08-19,1.7314234
1910-08-20,0.7871161
1910-08-21,3.127226
1910-08-22,0.0
1910-08-23,0.0
1910-08-24,0.0
1910-08-25,0.0
1910-08-26,4.56524
1910-08-27,26.048544
1910-08-28,18.445242
1910-08-29,1.6684697
1910-08-30,0.0
1910-08-31,9.300805
1910-09-01,5.505356
1910-09-02,0.0
1910-09-03,0.0
1910-09-04,0.0
1910-09-05,0.0
1910-09-06,0.0
1910-09-07,0.0
1910-09-08,0.6540195
1910-09-09,0.0
1910-09-10,0.0
1910-09-11,0.0
1910-09-12,0.0
1910-09-13,0.102234304
1910-09-14,0.0
1910-09-15,0.0
1910-09-16,26.817291
1910-09-17,4.7592387
1910-09-18,0.0
1910-09-19,0.3118635
1910-09-20,0.68588465
1910-09-21,0.0
1910-09-22,0.0
1910-09-23,0.0
1910-09-24,6.5224347
1910-09-25,55.538944
1910-09-26,25.595657
1910-09-27,0.60406584
1910-09-28,0.0
1910-09-29,0.0
1910-09-30,0.0
1910-10-01,0.0
1910-10-02,0.0
1910-10-03,0.0
1910-10-04,0.0
1910-10-05,0.0
1910-10-06,0.8420312
1910-10-07,0.0
1910-10-08,0.0
1910-10-09,0.0
1910-10-10,7.118926
1910-10-11,0.0
1910-10-12,1.1166065
1910-10-13,0.0
1910-10-14,0.0
1910-10-15,0.4210156
1910-10-16,0.0
1910-10-17,0.5125407
1910-10-18,0.0
1910-10-19,0.0
1910-10-20,6.2881174
1910-10-21,69.85027
1910-10-22,42.061325
1910-10-23,35.740227
1910-10-24,15.094855
1910-10-25,23.461899
1910-10-26,6.5298705
1910-10-27,5.260083
1910-10-28,48.67449
1910-10-29,39.68807
1910-10-30,76.25432
1910-10-31,0.7573568
1910-11-01,24.19559
1910-11-02,42.89364
1910-11-03,18.273006
1910-11-04,6.9326286
1910-11-05,6.875664
1910-11-06,0.0
1910-11-07,0.0
1910-11-08,3.210778
1910-11-09,0.0
1910-11-10,0.0
1910-11-11,0.0
1910-11-12,0.0
1910-11-13,0.0
1910-11-14,0.0
1910-11-15,0.0
1910-11-16,0.0
1910-11-17,0.0
1910-11-18,0.0
1910-11-19,0.0
1910-11-20,0.0
1910-11-21,1.6738973
1910-11-22,0.0
1910-11-23,3.9075525
1910-11-24,23.088055
1910-11-25,7.3243504
1910-11-26,0.0
1910-11-27,0.0
1910-11-28,0.0
1910-11-29,0.0
1910-11-30,0.0
1910-12-01,0.0
1910-12-02,0.0
1910-12-03,0.0
1910-12-04,0.0
1910-12-05,0.0
1910-12-06,0.0
1910-12-07,0.0
1910-12-08,0.0
1910-12-09,0.0
1910-12-10,0.0
1910-12-11,0.0
1910-12-12,0.0
1910-12-13,0.0
1910-12-14,0.0
1910-12-15,0.0
1910-12-16,0.0
1910-12-17,0.0
1910-12-18,0.0
1910-12-19,0.0
1910-12-20,0.0
1910-12-21,0.0
1910-12-22,0.0
1910-12-23,0.0
1910-12-24,0.0
1910-12-25,0.0
1910-12-26,0.0
1910-12-27,0.0
1910-12-28,0.0
1910-12-29,0.0
1910-12-30,0.0
1910-12-31,0.0
1911-01-01,0.0
1911-01-02,0.0
1911-01-03,0.0
1911-01-04,0.0
1911-01-05,0.0
1911-01-06,0.0
1911-01-07,0.0
1911-01-08,0.0
1911-01-09,0.0
1911-01-10,0.0
1911-01-11,0.0
1911-01-12,0.0
1911-01-13,0.0
1911-01-14,0.0
1911-01-15,0.0
1911-01-16,1.9801378
1911-01-17,1.010921
1911-01-18,0.0
1911-01-19,0.0
1911-01-20,0.0
1911-01-21,0.0
1911-01-22,0.0
1911-01-23,0.0
1911-01-24,0.0
1911-01-25,0.0
1911-01-26,0.0
1911-01-27,0.0
1911-01-28,0.0
1911-01-29,0.0
1911-01-30,0.0
1911-01-31,0.0
1911-02-01,0.0
1911-02-02,0.0
1911-02-03,0.73706055
1911-02-04,0.0
1911-02-05,0.0
1911-02-06,0.0
1911-02-07,0.0
1911-02-08,0.0
1911-02-09,0.0
1911-02-10,0.0
1911-02-11,0.0
1911-02-12,0.0
1911-02-13,0.0
1911-02-14,0.0
1911-02-15,0.0
1911-02-16,0.0
1911-02-17,0.0
1911-02-18,0.0
1911-02-19,0.0
1911-02-20,0.0
1911-02-21,0.0
1911-02-22,0.0
1911-02-23,0.0
1911-02-24,0.0
1911-02-25,0.0
1911-02-26,0.0
1911-02-27,0.0
1911-02-28,0.0
1911-03-01,0.0
1911-03-02,0.0
1911-03-03,0.0
1911-03-04,0.0
1911-03-05,0.0
1911-03-06,0.0
1911-03-07,0.0
1911-03-08,0.0
1911-03-09,0.0
1911-03-10,0.0
1911-03-11,0.0
1911-03-12,0.0
1911-03-13,0.0
1911-03-14,0.0
1911-03-15,0.0
1911-03-16,0.0
1911-03-17,0.0
1911-03-18,0.0
1911-03-19,0.0
1911-03-20,0.0
1911-03-21,0.0
1911-03-22,0.0
1911-03-23,0.0
1911-03-24,0.0
1911-03-25,0.0
1911-03-26,0.0
1911-03-27,0.0
1911-03-28,0.0
1911-03-29,0.0
1911-03-30,0.0
1911-03-31,0.0
1911-04-01,0.0
1911-04-02,0.0
1911-04-03,0.0
1911-04-04,0.0
1911-04-05,0.0
1911-04-06,0.0
1911-04-07,0.0
1911-04-08,0.0
1911-04-09,0.0
1911-04-10,0.0
1911-04-11,0.0
1911-04-12,0.0
1911-04-13,0.0
1911-04-14,0.0
1911-04-15,0.0
1911-04-16,0.0
1911-04-17,0.3118635
1911-04-18,0.14393514
1911-04-19,0.0
1911-04-20,0.0
1911-04-21,0.0
1911-04-22,0.0
1911-04-23,0.0
1911-04-24,0.0
1911-04-25,0.0
1911-04-26,0.0
1911-04-27,0.0
1911-04-28,0.0
1911-04-29,0.0
1911-04-30,0.0
1911-05-01,0.0
1911-05-02,0.0
1911-05-03,0.0
1911-05-04,0.0
1911-05-05,0.0
1911-05-06,0.0
1911-05-07,0.0
1911-05-08,0.0
1911-05-09,0.0
1911-05-10,0.0
1911-05-11,0.0
1911-05-12,0.0
1911-05-13,0.0
1911-05-14,0.0
1911-05-15,0.0
1911-05-16,0.0
1911-05-17,0.0
1911-05-18,0.0
1911-05-19,0.0
1911-05-20,0.0
1911-05-21,0.0
1911-05-22,0.0
1911-05-23,0.0
1911-05-24,0.0
1911-05-25,0.0
1911-05-26,0.7730148
1911-05-27,0.0
1911-05-28,0.18305026
1911-05-29,0.0
1911-05-30,8.538618
1911-05-31,0.0
1911-06-01,0.9571871
1911-06-02,0.0
1911-06-03,0.0
1911-06-04,0.1129958
1911-06-05,0.0
1911-06-06,0.0
1911-06-07,8.109576
1911-06-08,0.0
1911-06-09,0.0
1911-06-10,0.11568619
1911-06-11,0.0
1911-06-12,0.0
1911-06-13,0.0
1911-06-14,0.0
1911-06-15,0.0
1911-06-16,0.0
1911-06-17,0.0
1911-06-18,0.0
1911-06-19,0.0
1911-06-20,0.0
1911-06-21,0.0
1911-06-22,0.0
1911-06-23,0.36298066
1911-06-24,0.0
1911-06-25,0.0
1911-06-26,1.247454
1911-06-27,0.0
1911-06-28,0.0
1911-06-29,0.750506
1911-06-30,0.0
1911-07-01,23.125683
1911-07-02,2.1294255
1911-07-03,0.0
1911-07-04,34.17994
1911-07-05,15.317932
1911-07-06,6.9857426
1911-07-07,0.0
1911-07-08,0.0
1911-07-09,0.0
1911-07-10,0.0
1911-07-11,0.0
1911-07-12,0.0
1911-07-13,0.3118635
1911-07-14,0.0
1911-07-15,0.0
1911-07-16,1.2763731
1911-07-17,0.0
1911-07-18,0.0
1911-07-19,1.906435
1911-07-20,0.0
1911-07-21,0.0
1911-07-22,2.5257072
1911-07-23,0.0
1911-07-24,5.7145596
1911-07-25,0.0
1911-07-26,0.0
1911-07-27,0.0
1911-07-28,0.623727
1911-07-29,18.830788
1911-07-30,3.7179532
1911-07-31,0.0
1911-08-01,1.7860867
1911-08-02,0.6831293
1911-08-03,0.0
1911-08-04,0.8152219
1911-08-05,0.0
1911-08-06,0.0
1911-08-07,0.0
1911-08-08,0.0
1911-08-09,0.0
1911-08-10,0.47888702
1911-08-11,0.82694596
1911-08-12,2.684839
1911-08-13,0.0
1911-08-14,0.0
1911-08-15,0.0
1911-08-16,0.0
1911-08-17,0.0
1911-08-18,0.0
1911-08-19,0.14662552
1911-08-20,0.0
1911-08-21,32.899387
1911-08-22,6.3366365
1911-08-23,0.0
1911-08-24,0.0
1911-08-25,0.0
1911-08-26,0.0
1911-08-27,5.8271003
1911-08-28,0.0
1911-08-29,0.9692202
1911-08-30,0.0
1911-08-31,0.0
1911-09-01,0.19787963
1911-09-02,0.0
1911-09-03,44.497185
1911-09-04,2.070023
1911-09-05,0.0
1911-09-06,0.0
1911-09-07,0.0
1911-09-08,6.6683908
1911-09-09,3.872531
1911-09-10,0.6632018
1911-09-11,35.14039
1911-09-12,0.0
1911-09-13,0.0
1911-09-14,9.619456
1911-09-15,41.341503
1911-09-16,12.764338
1911-09-17,0.93825537
1911-09-18,8.398585
1911-09-19,0.0
1911-09-20,27.367006
1911-09-21,27.095726
1911-09-22,0.0
1911-09-23,0.0
1911-09-24,0.0
1911-09-25,0.0
1911-09-26,0.0
1911-09-27,0.0
1911-09-28,0.0
1911-09-29,0.0
1911-09-30,0.0
1911-10-01,0.0
1911-10-02,0.0
1911-10-03,8.322687
1911-10-04,0.0
1911-10-05,0.0
1911-10-06,1.9037225
1911-10-07,0.0
1911-10-08,0.0
1911-10-09,0.0
1911-10-10,8.471881
1911-10-11,0.0
1911-10-12,0.0
1911-10-13,0.0
1911-10-14,0.0
1911-10-15,26.312113
1911-10-16,33.736732
1911-10-17,0.0
1911-10-18,5.3135023
1911-10-19,1.99001
1911-10-20,11.849418
1911-10-21,76.880615
1911-10-22,19.915678
1911-10-23,0.0
1911-10-24,0.0
1911-10-25,0.0
1911-10-26,0.0
1911-10-27,0.0
1911-10-28,0.0
1911-10-29,0.0
1911-10-30,0.3737422
1911-10-31,0.0
1911-11-01,2.3570879
1911-11-02,3.1984951
1911-11-03,3.3273497
1911-11-04,46.936382
1911-11-05,11.68339
1911-11-06,16.93891
1911-11-07,0.0
1911-11-08,0.0
1911-11-09,2.0582993
1911-11-10,6.8831806
1911-11-11,21.001322
1911-11-12,54.941917
1911-11-13,1.4363816
1911-11-14,0.0
1911-11-15,0.0
1911-11-16,1.1630642
1911-11-17,0.0
1911-11-18,1.5902568
1911-11-19,3.0545213
1911-11-20,20.273703
1911-11-21,50.900692
1911-11-22,73.707146
1911-11-23,3.1382966
1911-11-24,26.070395
1911-11-25,0.0
1911-11-26,0.0
1911-11-27,0.0
1911-11-28,0.0
1911-11-29,0.0
1911-11-30,0.0
1911-12-01,0.0
1911-12-02,0.5125407
1911-12-03,2.9885964
1911-12-04,0.0
1911-12-05,50.581287
1911-12-06,18.955982
1911-12-07,17.726532
1911-12-08,21.258589
1911-12-09,0.0
1911-12-10,0.0
1911-12-11,0.0
1911-12-12,0.0
1911-12-13,18.52212
1911-12-14,19.646189
1911-12-15,1.7030454
1911-12-16,0.0
1911-12-17,0.0
1911-12-18,0.0
1911-12-19,0.0
1911-12-20,0.0
1911-12-21,1.4075278
1911-12-22,0.0
1911-12-23,4.00607
1911-12-24,9.237682
1911-12-25,13.772944
1911-12-26,3.3448372
1911-12-27,2.331682
1911-12-28,0.0
1911-12-29,0.0
1911-12-30,0.0
1911-12-31,0.0
1912-01-01,0.0
1912-01-02,0.0
1912-01-03,0.0
1912-01-04,0.0
1912-01-05,0.0
1912-01-06,0.0
1912-01-07,0.0
1912-01-08,0.0
1912-01-09,0.0
1912-01-10,0.0
1912-01-11,0.0
1912-01-12,0.0
1912-01-13,0.0
1912-01-14,0.14662552
1912-01-15,8.97509
1912-01-16,4.3050313
1912-01-17,0.6781145
1912-01-18,0.0
1912-01-19,0.0
1912-01-20,0.0
1912-01-21,0.0
1912-01-22,0.0
1912-01-23,0.0
1912-01-24,0.0
1912-01-25,0.0
1912-01-26,0.0
1912-01-27,0.0
1912-01-28,0.0
1912-01-29,0.0
1912-01-30,0.0
1912-01-31,0.0
1912-02-01,0.0
1912-02-02,0.0
1912-02-03,0.0
1912-02-04,0.0
1912-02-05,0.0
1912-02-06,0.0
1912-02-07,0.0
1912-02-08,0.0
1912-02-09,0.0
1912-02-10,0.0
1912-02-11,0.0
1912-02-12,0.0
1912-02-13,0.0
1912-02-14,0.0
1912-02-15,0.0
1912-02-16,0.0
1912-02-17,0.0
1912-02-18,0.0
1912-02-19,0.0
1912-02-20,0.0
1912-02-21,0.0
1912-02-22,0.0
1912-02-23,0.0
1912-02-24,0.0
1912-02-25,0.0
1912-02-26,0.0
1912-02-27,0.0
1912-02-28,0.0
1912-02-29,0.0
1912-03-01,0.0
1912-03-02,0.0
1912-03-03,0.0
1912-03-04,0.0
1912-03-05,0.0
1912-03-06,0.0
1912-03-07,8.3653965
1912-03-08,0.0
1912-03-09,0.0
1912-03-10,0.0
1912-03-11,0.0
1912-03-12,0.0
1912-03-13,0.0
1912-03-14,0.0
1912-03-15,0.0
1912-03-16,0.0
1912-03-17,0.0
1912-03-18,0.0
1912-03-19,0.0
1912-03-20,0.0
1912-03-21,0.0
1912-03-22,0.0
1912-03-23,0.0
1912-03-24,0.0
1912-03-25,0.0
1912-03-26,0.0
1912-03-27,0.0
1912-03-28,0.0
1912-03-29,0.0
1912-03-30,0.0
1912-03-31,0.0
1912-04-01,0.0
1912-04-02,0.0
1912-04-03,0.0
1912-04-04,0.0
1912-04-05,0.0
1912-04-06,0.0
1912-04-07,0.0
1912-04-08,0.0
1912-04-09,0.0
1912-04-10,0.0
1912-04-11,0.0
1912-04-12,0.0
1912-04-13,0.0
1912-04-14,0.0
1912-04-15,0.0
1912-04-16,0.0
1912-04-17,0.0
1912-04-18,0.0
1912-04-19,0.0
1912-04-20,0.0
1912-04-21,0.0
1912-04-22,0.0
1912-04-23,0.0
1912-04-24,0.0
1912-04-25,0.0
1912-04-26,0.0
1912-04-27,0.0
1912-04-28,0.0
1912-04-29,0.0
1912-04-30,0.0
1912-05-01,0.0
1912-05-02,0.0
1912-05-03,0.0
1912-05-04,0.0
1912-05-05,0.0
1912-05-06,0.0
1912-05-07,0.0
1912-05-08,0.0
1912-05-09,0.0
1912-05-10,0.0
1912-05-11,0.0
1912-05-12,0.0
1912-05-13,0.0
1912-05-14,0.0
1912-05-15,0.0
1912-05-16,0.0
1912-05-17,0.0
1912-05-18,0.0
1912-05-19,0.0
1912-05-20,0.0
1912-05-21,0.0
1912-05-22,0.0
1912-05-23,0.0
1912-05-24,5.3429394
1912-05-25,0.0
1912-05-26,0.0
1912-05-27,0.0
1912-05-28,0.0
1912-05-29,0.0
1912-05-30,0.0
1912-05-31,0.0
1912-06-01,0.14644021
1912-06-02,0.0
1912-06-03,0.0
1912-06-04,0.0
1912-06-05,0.0
1912-06-06,0.0
1912-06-07,0.95373404
1912-06-08,0.0
1912-06-09,0.0
1912-06-10,0.0
1912-06-11,0.0
1912-06-12,0.0
1912-06-13,0.0
1912-06-14,0.0
1912-06-15,0.0
1912-06-16,0.0
1912-06-17,0.0
1912-06-18,0.0
1912-06-19,0.0
1912-06-20,0.0
1912-06-21,0.0
1912-06-22,0.0
1912-06-23,0.0
1912-06-24,0.0
1912-06-25,0.0
1912-06-26,0.0
1912-06-27,0.0
1912-06-28,0.0
1912-06-29,0.0
1912-06-30,0.0
1912-07-01,0.0
1912-07-02,0.0
1912-07-03,0.0
1912-07-04,0.0
1912-07-05,0.0
1912-07-06,2.2858477
1912-07-07,5.762365
1912-07-08,0.0
1912-07-09,3.617617
1912-07-10,1.637791
1912-07-11,0.0
1912-07-12,0.9332158
1912-07-13,1.4433001
1912-07-14,4.0691395
1912-07-15,0.0
1912-07-16,1.7343559
1912-07-17,0.0
1912-07-18,0.0
1912-07-19,1.391182
1912-07-20,14.18131
1912-07-21,0.0
1912-07-22,0.0
1912-07-23,0.0
1912-07-24,0.0
1912-07-25,0.0
1912-07-26,0.0
1912-07-27,0.0
1912-07-28,0.0
1912-07-29,0.0
1912-07-30,0.0
1912-07-31,0.0
1912-08-01,0.0
1912-08-02,0.0
1912-08-03,0.0
1912-08-04,2.9938898
1912-08-05,1.6534023
1912-08-06,3.7517066
1912-08-07,0.0
1912-08-08,23.227644
1912-08-09,1.1715217
1912-08-10,0.54915076
1912-08-11,2.5562153
1912-08-12,0.0
1912-08-13,3.316515
1912-08-14,2.4162633
1912-08-15,0.0
1912-08-16,0.0
1912-08-17,0.0
1912-08-18,0.0
1912-08-19,5.5937943
1912-08-20,3.6445205
1912-08-21,0.630453
1912-08-22,19.058514
1912-08-23,0.0
1912-08-24,13.903326
1912-08-25,14.667111
1912-08-26,24.524168
1912-08-27,0.0
1912-08-28,0.64390486
1912-08-29,1.8711811
1912-08-30,0.0
1912-08-31,0.0
1912-09-01,0.0
1912-09-02,0.0
1912-09-03,0.0
1912-09-04,0.0
1912-09-05,0.0
1912-09-06,0.0
1912-09-07,0.0
1912-09-08,0.0
1912-09-09,0.0
1912-09-10,0.0
1912-09-11,0.0
1912-09-12,0.0
1912-09-13,1.5100752
1912-09-14,0.0
1912-09-15,0.0
1912-09-16,0.0
1912-09-17,0.0
1912-09-18,6.4722133
1912-09-19,0.9302833
1912-09-20,21.959019
1912-09-21,0.93355626
1912-09-22,60.57579
1912-09-23,0.0
1912-09-24,1.8336627
1912-09-25,3.1810076
1912-09-26,0.0
1912-09-27,0.0
1912-09-28,5.2860513
1912-09-29,0.0
1912-09-30,0.0
1912-10-01,0.0
1912-10-02,0.0
1912-10-03,0.0
1912-10-04,4.5701556
1912-10-05,0.0
1912-10-06,1.8238842
1912-10-07,0.0
1912-10-08,0.0
1912-10-09,24.502905
1912-10-10,0.0
1912-10-11,0.0
1912-10-12,17.09405
1912-10-13,54.850986
1912-10-14,6.0929503
1912-10-15,0.18832636
1912-10-16,0.94904244
1912-10-17,2.7808049
1912-10-18,9.592014
1912-10-19,38.493324
1912-10-20,53.22706
1912-10-21,3.547987
1912-10-22,6.7487116
1912-10-23,19.877762
1912-10-24,0.8108451
1912-10-25,0.0
1912-10-26,5.9082904
1912-10-27,0.0
1912-10-28,11.3989
1912-10-29,0.0
1912-10-30,0.0
1912-10-31,0.0
1912-11-01,0.0
1912-11-02,0.0
1912-11-03,0.0
1912-11-04,0.0
1912-11-05,0.0
1912-11-06,0.0
1912-11-07,0.0
1912-11-08,0.0
1912-11-09,0.0
1912-11-10,0.0
1912-11-11,0.0
1912-11-12,17.401983
1912-11-13,3.0055957
1912-11-14,1.3584543
1912-11-15,6.0615172
1912-11-16,36.038326
1912-11-17,209.61287
1912-11-18,163.31667
1912-11-19,7.419456
1912-11-20,46.59093
1912-11-21,21.288685
1912-11-22,19.726826
1912-11-23,4.2092896
1912-11-24,0.0
1912-11-25,0.0
1912-11-26,0.324809
1912-11-27,24.325386
1912-11-28,7.500614
1912-11-29,2.2189565
1912-11-30,0.6352428
1912-12-01,0.0
1912-12-02,0.0
1912-12-03,0.0
1912-12-04,0.0
1912-12-05,0.0
1912-12-06,0.0
1912-12-07,0.0
1912-12-08,0.0
1912-12-09,0.53261137
1912-12-10,4.1770906
1912-12-11,0.0
1912-12-12,0.0
1912-12-13,0.0
1912-12-14,20.130335
1912-12-15,0.0
1912-12-16,0.0
1912-12-17,0.0
1912-12-18,0.0
1912-12-19,0.0
1912-12-20,0.0
1912-12-21,0.0
1912-12-22,0.0
1912-12-23,0.0
1912-12-24,0.0
1912-12-25,0.0
1912-12-26,0.0
1912-12-27,0.0
1912-12-28,0.0
1912-12-29,0.0
1912-12-30,0.0
1912-12-31,0.0
1913-01-01,0.0
1913-01-02,0.0
1913-01-03,0.0
1913-01-04,0.0
1913-01-05,0.0
1913-01-06,0.0
1913-01-07,0.0
1913-01-08,0.0
1913-01-09,0.0
1913-01-10,0.0
1913-01-11,0.0
1913-01-12,0.0
1913-01-13,0.0
1913-01-14,0.0
1913-01-15,0.0
1913-01-16,0.0
1913-01-17,0.0
1913-01-18,0.0
1913-01-19,0.0
1913-01-20,0.0
1913-01-21,0.0
1913-01-22,0.0
1913-01-23,0.0
1913-01-24,0.0
1913-01-25,0.0
1913-01-26,0.0
1913-01-27,0.0
1913-01-28,0.0
1913-01-29,0.0
1913-01-30,0.0
1913-01-31,0.0
1913-02-01,0.0
1913-02-02,0.0
1913-02-03,0.0
1913-02-04,0.0
1913-02-05,0.0
1913-02-06,0.0
1913-02-07,0.0
1913-02-08,0.0
1913-02-09,0.0
1913-02-10,0.0
1913-02-11,0.0
1913-02-12,6.5136642
1913-02-13,0.0
1913-02-14,0.32358757
1913-02-15,0.0
1913-02-16,0.0
1913-02-17,0.0
1913-02-18,0.0
1913-02-19,0.0
1913-02-20,0.0
1913-02-21,0.0
1913-02-22,0.0
1913-02-23,0.0
1913-02-24,0.0
1913-02-25,0.0
1913-02-26,0.0
1913-02-27,0.0
1913-02-28,0.0
1913-03-01,0.0
1913-03-02,0.0
1913-03-03,0.0
1913-03-04,0.0
1913-03-05,0.0
1913-03-06,0.0
1913-03-07,0.0
1913-03-08,0.0
1913-03-09,0.0
1913-03-10,0.0
1913-03-11,0.0
1913-03-12,0.0
1913-03-13,0.0
1913-03-14,0.0
1913-03-15,0.0
1913-03-16,0.0
1913-03-17,0.0
1913-03-18,0.0
1913-03-19,0.0
1913-03-20,0.0
1913-03-21,0.0
1913-03-22,0.0
1913-03-23,0.0
1913-03-24,0.0
1913-03-25,0.0
1913-03-26,0.0
1913-03-27,0.0
1913-03-28,0.0
1913-03-29,0.0
1913-03-30,0.0
1913-03-31,0.0
1913-04-01,0.0
1913-04-02,0.0
1913-04-03,0.0
1913-04-04,0.0
1913-04-05,0.0
1913-04-06,0.0
1913-04-07,0.0
1913-04-08,0.0
1913-04-09,0.0
1913-04-10,0.0
1913-04-11,0.0
1913-04-12,0.0
1913-04-13,0.0
1913-04-14,0.0
1913-04-15,0.0
1913-04-16,0.0
1913-04-17,0.0
1913-04-18,0.0
1913-04-19,0.0
1913-04-20,0.0
1913-04-21,0.0
1913-04-22,0.0
1913-04-23,0.0
1913-04-24,0.0
1913-04-25,0.0
1913-04-26,0.0
1913-04-27,0.0
1913-04-28,0.0
1913-04-29,0.0
1913-04-30,0.0
1913-05-01,0.0
1913-05-02,0.0
1913-05-03,0.0
1913-05-04,0.0
1913-05-05,0.0
1913-05-06,0.0
1913-05-07,0.0
1913-05-08,0.0
1913-05-09,0.0
1913-05-10,0.0
1913-05-11,0.0
1913-05-12,0.0
1913-05-13,0.0
1913-05-14,0.0
1913-05-15,6.4590936
1913-05-16,0.0
1913-05-17,0.0
1913-05-18,1.1197126
1913-05-19,0.0
1913-05-20,0.0
1913-05-21,0.0
1913-05-22,0.0
1913-05-23,0.0
1913-05-24,0.0
1913-05-25,0.0
1913-05-26,0.0
1913-05-27,0.0
1913-05-28,0.0
1913-05-29,0.13048325
1913-05-30,0.0
1913-05-31,0.0
1913-06-01,0.0
1913-06-02,0.13048325
1913-06-03,0.0
1913-06-04,13.524995
1913-06-05,9.437593
1913-06-06,0.0
1913-06-07,0.0
1913-06-08,0.0
1913-06-09,0.0
1913-06-10,1.7464356
1913-06-11,0.0
1913-06-12,0.0
1913-06-13,0.0
1913-06-14,0.0
1913-06-15,3.1810076
1913-06-16,0.0
1913-06-17,0.32358757
1913-06-18,0.0
1913-06-19,0.0
1913-06-20,0.0
1913-06-21,0.0
1913-06-22,0.0
1913-06-23,0.0
1913-06-24,3.9918532
1913-06-25,0.0
1913-06-26,0.0
1913-06-27,0.0
1913-06-28,0.0
1913-06-29,0.0
1913-06-30,0.0
1913-07-01,0.0
1913-07-02,0.0
1913-07-03,0.0
1913-07-04,0.0
1913-07-05,0.0
1913-07-06,0.0
1913-07-07,0.59324384
1913-07-08,0.0
1913-07-09,0.0
1913-07-10,0.0
1913-07-11,2.0645509
1913-07-12,4.286331
1913-07-13,0.0
1913-07-14,0.0
1913-07-15,0.0
1913-07-16,0.0
1913-07-17,0.0
1913-07-18,0.0
1913-07-19,0.0
1913-07-20,0.0
1913-07-21,0.0
1913-07-22,0.0
1913-07-23,2.3247383
1913-07-24,0.0
1913-07-25,0.0
1913-07-26,0.0
1913-07-27,0.0
1913-07-28,0.0
1913-07-29,0.0
1913-07-30,0.0
1913-07-31,0.0
1913-08-01,0.0
1913-08-02,0.0
1913-08-03,0.35954174
1913-08-04,29.882013
1913-08-05,0.0
1913-08-06,0.0
1913-08-07,0.0
1913-08-08,0.0
1913-08-09,0.0
1913-08-10,0.0
1913-08-11,0.0
1913-08-12,5.9302983
1913-08-13,53.925632
1913-08-14,3.7203202
1913-08-15,2.5077884
1913-08-16,22.923754
1913-08-17,0.3685816
1913-08-18,0.0
1913-08-19,9.537466
1913-08-20,0.0
1913-08-21,0.0
1913-08-22,13.723349
1913-08-23,0.4494272
1913-08-24,0.0
1913-08-25,0.0
1913-08-26,0.0
1913-08-27,0.0
1913-08-28,11.484979
1913-08-29,0.0
1913-08-30,0.0
1913-08-31,0.0
1913-09-01,15.842667
1913-09-02,11.55018
1913-09-03,0.0
1913-09-04,0.0
1913-09-05,0.0
1913-09-06,0.23271756
1913-09-07,0.0
1913-09-08,0.17083892
1913-09-09,11.913186
1913-09-10,0.0
1913-09-11,0.0
1913-09-12,22.204681
1913-09-13,8.034932
1913-09-14,1.3662586
1913-09-15,0.0
1913-09-16,0.0
1913-09-17,0.0
1913-09-18,0.0
1913-09-19,0.0
1913-09-20,0.0
1913-09-21,0.0
1913-09-22,8.675408
1913-09-23,7.110488
1913-09-24,10.307087
1913-09-25,32.038544
1913-09-26,93.355675
1913-09-27,35.803867
1913-09-28,4.666434
1913-09-29,0.12644769
1913-09-30,10.080017
1913-10-01,1.8671125
1913-10-02,0.0
1913-10-03,0.0
1913-10-04,0.0
1913-10-05,22.474337
1913-10-06,34.132763
1913-10-07,14.261243
1913-10-08,13.51342
1913-10-09,3.8972292
1913-10-10,48.05226
1913-10-11,11.116015
1913-10-12,0.0
1913-10-13,0.0
1913-10-14,0.0
1913-10-15,0.0
1913-10-16,2.8499146
1913-10-17,0.0
1913-10-18,0.0
1913-10-19,0.0
1913-10-20,0.0
1913-10-21,0.0
1913-10-22,0.0
1913-10-23,15.883022
1913-10-24,23.149471
1913-10-25,18.037916
1913-10-26,61.8412
1913-10-27,11.856597
1913-10-28,0.9022765
1913-10-29,1.2426847
1913-10-30,26.30425
1913-10-31,50.916847
1913-11-01,38.993492
1913-11-02,27.558569
1913-11-03,1.225864
1913-11-04,0.0
1913-11-05,0.0
1913-11-06,17.401983
1913-11-07,45.829224
1913-11-08,146.39952
1913-11-09,214.96793
1913-11-10,94.03975
1913-11-11,2.5621245
1913-11-12,0.0
1913-11-13,0.0
1913-11-14,0.0
1913-11-15,0.0
1913-11-16,0.0
1913-11-17,0.0
1913-11-18,0.0
1913-11-19,0.0
1913-11-20,0.0
1913-11-21,1.6047245
1913-11-22,8.211732
1913-11-23,0.0
1913-11-24,0.0
1913-11-25,5.144874
1913-11-26,42.251556
1913-11-27,10.594178
1913-11-28,17.357458
1913-11-29,51.607677
1913-11-30,51.466007
1913-12-01,16.925577
1913-12-02,14.94634
1913-12-03,94.828384
1913-12-04,108.825516
1913-12-05,28.649225
1913-12-06,6.33808
1913-12-07,21.021938
1913-12-08,7.126096
1913-12-09,0.0
1913-12-10,0.0
1913-12-11,0.0
1913-12-12,0.0
1913-12-13,0.0
1913-12-14,0.0
1913-12-15,0.0
1913-12-16,7.430354
1913-12-17,21.97114
1913-12-18,27.803423
1913-12-19,27.385288
1913-12-20,62.525505
1913-12-21,0.4336508
1913-12-22,0.0
1913-12-23,0.0
1913-12-24,0.0
1913-12-25,0.0
1913-12-26,0.0
1913-12-27,0.0
1913-12-28,0.0
1913-12-29,0.0
1913-12-30,0.0
1913-12-31,0.0
1914-01-01,15.031821
1914-01-02,9.578591
1914-01-03,0.8471238
1914-01-04,0.0
1914-01-05,0.0
1914-01-06,1.1227086
1914-01-07,0.55949044
1914-01-08,0.0
1914-01-09,0.0
1914-01-10,0.0
1914-01-11,0.0
1914-01-12,0.0
1914-01-13,0.0
1914-01-14,0.0
1914-01-15,0.0
1914-01-16,0.0
1914-01-17,0.0
1914-01-18,0.0
1914-01-19,0.0
1914-01-20,0.0
1914-01-21,0.0
1914-01-22,0.0
1914-01-23,0.0
1914-01-24,0.0
1914-01-25,0.0
1914-01-26,0.0
1914-01-27,0.0
1914-01-28,0.0
1914-01-29,0.0
1914-01-30,0.0
1914-01-31,0.0
1914-02-01,0.0
1914-02-02,0.0
1914-02-03,0.0
1914-02-04,0.0
1914-02-05,0.0
1914-02-06,0.0
1914-02-07,0.0
1914-02-08,0.0
1914-02-09,0.0
1914-02-10,0.0
1914-02-11,0.0
1914-02-12,0.0
1914-02-13,0.0
1914-02-14,0.0
1914-02-15,0.0
1914-02-16,0.0
1914-02-17,0.0
1914-02-18,0.0
1914-02-19,0.0
1914-02-20,0.0
1914-02-21,0.0
1914-02-22,0.0
1914-02-23,0.0
1914-02-24,7.6601458
1914-02-25,0.0
1914-02-26,0.0
1914-02-27,0.0
1914-02-28,0.0
1914-03-01,0.0
1914-03-02,0.0
1914-03-03,0.0
1914-03-04,0.0
1914-03-05,0.0
1914-03-06,0.0
1914-03-07,0.0
1914-03-08,0.0
1914-03-09,0.0
1914-03-10,0.0
1914-03-11,0.0
1914-03-12,0.0
1914-03-13,0.0
1914-03-14,0.0
1914-03-15,0.0
1914-03-16,0.0
1914-03-17,0.0
1914-03-18,0.0
1914-03-19,0.0
1914-03-20,0.0
1914-03-21,0.0
1914-03-22,0.0
1914-03-23,0.0
1914-03-24,0.0
1914-03-25,0.0
1914-03-26,0.0
1914-03-27,0.0
1914-03-28,0.0
1914-03-29,0.0
1914-03-30,0.0
1914-03-31,0.0
1914-04-01,0.0
1914-04-02,0.0
1914-04-03,5.2732034
1914-04-04,24.58641
1914-04-05,11.314108
1914-04-06,0.0
1914-04-07,0.0
1914-04-08,0.0
1914-04-09,18.615593
1914-04-10,0.0
1914-04-11,0.0
1914-04-12,0.0
1914-04-13,0.0
1914-04-14,0.0
1914-04-15,0.0
1914-04-16,0.0
1914-04-17,0.0
1914-04-18,0.0
1914-04-19,0.0
1914-04-20,0.0
1914-04-21,0.0
1914-04-22,0.0
1914-04-23,0.0
1914-04-24,0.0
1914-04-25,0.0
1914-04-26,0.0
1914-04-27,0.0
1914-04-28,0.0
1914-04-29,0.0
1914-04-30,0.0
1914-05-01,0.0
1914-05-02,0.0
1914-05-03,0.0
1914-05-04,0.0
1914-05-05,0.0
1914-05-06,0.14644021
1914-05-07,0.0
1914-05-08,0.32419038
1914-05-09,0.0
1914-05-10,0.0
1914-05-11,0.0
1914-05-12,1.6657574
1914-05-13,3.9538853
1914-05-14,0.0
1914-05-15,0.0
1914-05-16,27.377378
1914-05-17,0.0
1914-05-18,0.0
1914-05-19,0.0
1914-05-20,0.0
1914-05-21,0.0
1914-05-22,0.0
1914-05-23,0.0
1914-05-24,0.0
1914-05-25,0.0
1914-05-26,0.0
1914-05-27,0.0
1914-05-28,0.0
1914-05-29,0.0
1914-05-30,0.0
1914-05-31,0.0
1914-06-01,0.0
1914-06-02,7.426676
1914-06-03,0.0
1914-06-04,0.0
1914-06-05,0.0
1914-06-06,0.0
1914-06-07,0.0
1914-06-08,0.0
1914-06-09,0.0
1914-06-10,0.0
1914-06-11,0.0
1914-06-12,15.258952
1914-06-13,0.0
1914-06-14,2.245417
1914-06-15,0.0
1914-06-16,0.0
1914-06-17,0.0
1914-06-18,0.0
1914-06-19,0.3118635
1914-06-20,0.0
1914-06-21,0.0
1914-06-22,0.0
1914-06-23,0.0
1914-06-24,0.0
1914-06-25,0.0
1914-06-26,0.0
1914-06-27,0.0
1914-06-28,0.0
1914-06-29,0.0
1914-06-30,0.0
1914-07-01,0.102234304
1914-07-02,3.3559217
1914-07-03,0.49898165
1914-07-04,0.0
1914-07-05,0.3118635
1914-07-06,0.71923536
1914-07-07,0.0
1914-07-08,0.0
1914-07-09,0.0
1914-07-10,0.0
1914-07-11,0.0
1914-07-12,0.0
1914-07-13,0.0
1914-07-14,0.0
1914-07-15,0.3118635
1914-07-16,0.0
1914-07-17,0.0
1914-07-18,0.0
1914-07-19,0.0
1914-07-20,0.0
1914-07-21,2.9285464
1914-07-22,0.0
1914-07-23,0.0
1914-07-24,0.0
1914-07-25,0.0
1914-07-26,0.0
1914-07-27,1.0376561
1914-07-28,0.0
1914-07-29,0.0
1914-07-30,0.0
1914-07-31,0.0
1914-08-01,42.989464
1914-08-02,0.0
1914-08-03,0.0
1914-08-04,0.0
1914-08-05,0.0
1914-08-06,4.8836703
1914-08-07,0.13048325
1914-08-08,19.572205
1914-08-09,0.0
1914-08-10,15.042919
1914-08-11,8.512934
1914-08-12,12.546684
1914-08-13,17.795431
1914-08-14,5.064097
1914-08-15,0.0
1914-08-16,0.0
1914-08-17,0.0
1914-08-18,1.0966023
1914-08-19,0.0
1914-08-20,3.3150485
1914-08-21,0.40393296
1914-08-22,0.0
1914-08-23,0.0
1914-08-24,0.0
1914-08-25,0.0
1914-08-26,0.0
1914-08-27,2.0134335
1914-08-28,4.012331
1914-08-29,5.922799
1914-08-30,19.672182
1914-08-31,13.87925
1914-09-01,23.995825
1914-09-02,0.0
1914-09-03,3.7113378
1914-09-04,0.0
1914-09-05,0.0
1914-09-06,0.0
1914-09-07,0.0
1914-09-08,11.825947
1914-09-09,2.8468595
1914-09-10,28.168825
1914-09-11,1.9632506
1914-09-12,41.341976
1914-09-13,2.2393153
1914-09-14,0.0
1914-09-15,0.0
1914-09-16,0.0
1914-09-17,0.64390486
1914-09-18,2.202027
1914-09-19,0.0
1914-09-20,0.0
1914-09-21,0.0
1914-09-22,0.8420312
1914-09-23,0.0
1914-09-24,0.0
1914-09-25,0.0
1914-09-26,1.5593175
1914-09-27,0.8108451
1914-09-28,0.0
1914-09-29,0.0
1914-09-30,0.0
1914-10-01,10.23251
1914-10-02,0.0
1914-10-03,0.0
1914-10-04,0.0
1914-10-05,0.0
1914-10-06,0.0
1914-10-07,0.0
1914-10-08,0.0
1914-10-09,0.0
1914-10-10,25.399054
1914-10-11,19.930054
1914-10-12,22.8321
1914-10-13,30.668638
1914-10-14,67.26754
1914-10-15,24.892242
1914-10-16,8.184466
1914-10-17,1.1733193
1914-10-18,0.50335836
1914-10-19,1.5727694
1914-10-20,6.686903
1914-10-21,129.21227
1914-10-22,22.891087
1914-10-23,27.884083
1914-10-24,52.000748
1914-10-25,17.123938
1914-10-26,46.685005
1914-10-27,72.85268
1914-10-28,16.821547
1914-10-29,92.07415
1914-10-30,30.968723
1914-10-31,7.4246283
1914-11-01,0.0
1914-11-02,25.459135
1914-11-03,0.0
1914-11-04,0.0
1914-11-05,6.4593577
1914-11-06,18.893885
1914-11-07,30.935406
1914-11-08,1.446097
1914-11-09,11.941589
1914-11-10,0.0
1914-11-11,1.1692927
1914-11-12,0.0
1914-11-13,0.0
1914-11-14,0.0
1914-11-15,0.0
1914-11-16,0.0
1914-11-17,0.0
1914-11-18,0.0
1914-11-19,0.0
1914-11-20,0.0
1914-11-21,0.0
1914-11-22,0.0
1914-11-23,0.0
1914-11-24,0.0
1914-11-25,0.0
1914-11-26,0.0
1914-11-27,0.0
1914-11-28,59.959404
1914-11-29,27.617327
1914-11-30,54.815125
1914-12-01,58.14551
1914-12-02,45.13054
1914-12-03,50.682373
1914-12-04,8.600918
1914-12-05,26.41538
1914-12-06,26.593819
1914-12-07,22.895073
1914-12-08,0.0
1914-12-09,0.0
1914-12-10,0.0
1914-12-11,0.0
1914-12-12,0.0
1914-12-13,0.0
1914-12-14,0.0
1914-12-15,0.0
1914-12-16,0.0
1914-12-17,0.0
1914-12-18,0.0
1914-12-19,0.0
1914-12-20,0.0
1914-12-21,0.0
1914-12-22,7.9213333
1914-12-23,0.0
1914-12-24,0.0
1914-12-25,0.0
1914-12-26,0.0
1914-12-27,0.0
1914-12-28,0.0
1914-12-29,0.0
1914-12-30,0.0
1914-12-31,0.0
1915-01-01,0.0
1915-01-02,0.0
1915-01-03,0.0
1915-01-04,0.0
1915-01-05,0.0
1915-01-06,0.0
1915-01-07,0.0
1915-01-08,0.0
1915-01-09,0.0
1915-01-10,0.0
1915-01-11,0.0
1915-01-12,0.0
1915-01-13,0.0
1915-01-14,0.0
1915-01-15,1.4580202
1915-01-16,11.011768
1915-01-17,13.774984
1915-01-18,3.1810076
1915-01-19,0.0
1915-01-20,0.0
1915-01-21,0.0
1915-01-22,0.0
1915-01-23,0.0
1915-01-24,0.0
1915-01-25,0.0
1915-01-26,0.0
1915-01-27,0.0
1915-01-28,0.0
1915-01-29,0.0
1915-01-30,0.0
1915-01-31,0.0
1915-02-01,0.0
1915-02-02,0.0
1915-02-03,0.0
1915-02-04,0.0
1915-02-05,0.0
1915-02-06,0.0
1915-02-07,0.0
1915-02-08,0.0
1915-02-09,0.0
1915-02-10,0.0
1915-02-11,0.0
1915-02-12,0.0
1915-02-13,0.0
1915-02-14,0.0
1915-02-15,0.0
1915-02-16,0.0
1915-02-17,0.0
1915-02-18,0.0
1915-02-19,0.0
1915-02-20,0.0
1915-02-21,0.0
1915-02-22,0.0
1915-02-23,0.0
1915-02-24,0.0
1915-02-25,0.0
1915-02-26,0.0
1915-02-27,72.37903
1915-02-28,29.926735
1915-03-01,0.0
1915-03-02,0.17977087
1915-03-03,0.0
1915-03-04,69.28304
1915-03-05,0.0
1915-03-06,0.0
1915-03-07,0.0
1915-03-08,0.0
1915-03-09,0.0
1915-03-10,0.0
1915-03-11,0.0
1915-03-12,0.0
1915-03-13,0.0
1915-03-14,0.0
1915-03-15,0.0
1915-03-16,0.0
1915-03-17,0.0
1915-03-18,0.0
1915-03-19,0.0
1915-03-20,0.0
1915-03-21,0.0
1915-03-22,0.0
1915-03-23,0.0
1915-03-24,0.0
1915-03-25,0.0
1915-03-26,0.0
1915-03-27,0.0
1915-03-28,1.1227086
1915-03-29,0.0
1915-03-30,0.0
1915-03-31,0.0
1915-04-01,0.0
1915-04-02,0.0
1915-04-03,0.0
1915-04-04,0.0
1915-04-05,0.0
1915-04-06,0.0
1915-04-07,0.0
1915-04-08,0.0
1915-04-09,0.0
1915-04-10,0.0
1915-04-11,0.0
1915-04-12,0.0
1915-04-13,0.0
1915-04-14,0.0
1915-04-15,0.0
1915-04-16,0.0
1915-04-17,0.0
1915-04-18,0.0
1915-04-19,0.0
1915-04-20,0.0
1915-04-21,0.0
1915-04-22,0.0
1915-04-23,0.0
1915-04-24,0.0
1915-04-25,0.0
1915-04-26,0.0
1915-04-27,3.0596516
1915-04-28,0.0
1915-04-29,0.0
1915-04-30,0.0
1915-05-01,0.93355626
1915-05-02,0.0
1915-05-03,0.0
1915-05-04,0.0
1915-05-05,0.0
1915-05-06,0.0
1915-05-07,6.059598
1915-05-08,0.0
1915-05-09,2.6820264
1915-05-10,0.0
1915-05-11,0.0
1915-05-12,0.0
1915-05-13,0.0
1915-05-14,0.0
1915-05-15,8.420315
1915-05-16,5.1071024
1915-05-17,0.0
1915-05-18,0.0
1915-05-19,0.0
1915-05-20,0.0
1915-05-21,0.0
1915-05-22,0.0
1915-05-23,0.0
1915-05-24,0.0
1915-05-25,0.0
1915-05-26,0.0
1915-05-27,0.0
1915-05-28,0.0
1915-05-29,0.0
1915-05-30,0.0
1915-05-31,0.0
1915-06-01,0.0
1915-06-02,0.0
1915-06-03,0.0
1915-06-04,0.0
1915-06-05,0.0
1915-06-06,0.0
1915-06-07,0.0
1915-06-08,0.0
1915-06-09,0.0
1915-06-10,5.9909043
1915-06-11,12.434165
1915-06-12,0.0
1915-06-13,0.0
1915-06-14,0.0
1915-06-15,5.5861845
1915-06-16,0.0
1915-06-17,0.0
1915-06-18,0.0
1915-06-19,0.0
1915-06-20,2.516792
1915-06-21,0.0
1915-06-22,0.0
1915-06-23,0.0
1915-06-24,0.0
1915-06-25,0.0
1915-06-26,0.0
1915-06-27,0.0
1915-06-28,0.0
1915-06-29,0.0
1915-06-30,0.0
1915-07-01,0.0
1915-07-02,0.0
1915-07-03,0.0
1915-07-04,0.0
1915-07-05,1.5742322
1915-07-06,0.0
1915-07-07,0.0
1915-07-08,2.245417
1915-07-09,3.9504285
1915-07-10,21.264788
1915-07-11,1.3662586
1915-07-12,1.2996569
1915-07-13,0.0
1915-07-14,7.014638
1915-07-15,0.8108451
1915-07-16,0.0
1915-07-17,0.55018204
1915-07-18,65.47869
1915-07-19,15.870609
1915-07-20,30.293781
1915-07-21,0.23370211
1915-07-22,0.0
1915-07-23,0.0
1915-07-24,0.0
1915-07-25,0.0
1915-07-26,0.0
1915-07-27,25.084402
1915-07-28,0.0
1915-07-29,0.0
1915-07-30,2.3701625
1915-07-31,0.0
1915-08-01,0.0
1915-08-02,0.0
1915-08-03,0.0
1915-08-04,0.0
1915-08-05,0.0
1915-08-06,0.623727
1915-08-07,0.0
1915-08-08,10.300984
1915-08-09,24.353973
1915-08-10,0.0
1915-08-11,0.0
1915-08-12,0.0
1915-08-13,0.0
1915-08-14,0.0
1915-08-15,0.0
1915-08-16,0.0
1915-08-17,0.0
1915-08-18,9.976114
1915-08-19,0.0
1915-08-20,0.26634726
1915-08-21,14.876834
1915-08-22,14.014868
1915-08-23,0.0
1915-08-24,11.510534
1915-08-25,0.4556802
1915-08-26,0.0
1915-08-27,0.0
1915-08-28,0.0
1915-08-29,0.0
1915-08-30,2.141688
1915-08-31,0.0
1915-09-01,2.1984758
1915-09-02,0.0
1915-09-03,1.0731541
1915-09-04,0.0
1915-09-05,0.18160042
1915-09-06,4.303716
1915-09-07,0.0
1915-09-08,0.0
1915-09-09,0.0
1915-09-10,0.0
1915-09-11,0.0
1915-09-12,0.0
1915-09-13,0.0
1915-09-14,0.0
1915-09-15,0.0
1915-09-16,35.4791
1915-09-17,0.0
1915-09-18,0.19774267
1915-09-19,10.338685
1915-09-20,1.9191715
1915-09-21,3.793467
1915-09-22,0.2905607
1915-09-23,0.0
1915-09-24,1.5593175
1915-09-25,0.0
1915-09-26,5.945659
1915-09-27,3.3498194
1915-09-28,39.43271
1915-09-29,19.30474
1915-09-30,1.0284085
1915-10-01,0.0
1915-10-02,0.0
1915-10-03,0.0
1915-10-04,0.0
1915-10-05,0.0
1915-10-06,0.0
1915-10-07,0.0
1915-10-08,0.0
1915-10-09,0.0
1915-10-10,5.6166625
1915-10-11,0.6053587
1915-10-12,0.0
1915-10-13,0.0
1915-10-14,0.0
1915-10-15,0.0
1915-10-16,0.0
1915-10-17,0.0
1915-10-18,0.0
1915-10-19,5.9074097
1915-10-20,0.0
1915-10-21,0.0
1915-10-22,0.0
1915-10-23,0.0
1915-10-24,0.23944351
1915-10-25,0.0
1915-10-26,0.5259686
1915-10-27,0.0
1915-10-28,1.6291473
1915-10-29,0.10626987
1915-10-30,0.0
1915-10-31,0.0
1915-11-01,4.740325
1915-11-02,0.0
1915-11-03,0.0
1915-11-04,0.0
1915-11-05,0.0
1915-11-06,0.0
1915-11-07,0.0
1915-11-08,16.290699
1915-11-09,0.0
1915-11-10,9.809202
1915-11-11,19.097317
1915-11-12,77.12492
1915-11-13,43.740932
1915-11-14,7.130666
1915-11-15,0.0
1915-11-16,0.0
1915-11-17,0.0
1915-11-18,0.0
1915-11-19,42.614132
1915-11-20,39.01152
1915-11-21,0.66811824
1915-11-22,0.0
1915-11-23,0.0
1915-11-24,8.216748
1915-11-25,50.11948
1915-11-26,15.58208
1915-11-27,6.8931446
1915-11-28,5.863034
1915-11-29,0.0
1915-11-30,5.8158154
1915-12-01,0.0
1915-12-02,0.0
1915-12-03,0.0
1915-12-04,0.0
1915-12-05,0.0
1915-12-06,0.0
1915-12-07,0.0
1915-12-08,0.23944351
1915-12-09,0.28383473
1915-12-10,0.0
1915-12-11,0.0
1915-12-12,0.0
1915-12-13,0.0
1915-12-14,0.0
1915-12-15,0.0
1915-12-16,0.0
1915-12-17,0.0
1915-12-18,0.0
1915-12-19,3.2294345
1915-12-20,2.3701625
1915-12-21,0.0
1915-12-22,0.0
1915-12-23,0.0
1915-12-24,0.0
1915-12-25,20.274338
1915-12-26,66.312294
1915-12-27,58.89481
1915-12-28,15.309058
1915-12-29,0.50974315
1915-12-30,0.0
1915-12-31,0.0
1916-01-01,0.0
1916-01-02,0.0
1916-01-03,0.0
1916-01-04,0.0
1916-01-05,0.0
1916-01-06,0.0
1916-01-07,0.0
1916-01-08,0.0
1916-01-09,0.0
1916-01-10,0.0
1916-01-11,0.0
1916-01-12,0.0
1916-01-13,0.0
1916-01-14,0.0
1916-01-15,0.0
1916-01-16,0.0
1916-01-17,0.0
1916-01-18,0.0
1916-01-19,0.0
1916-01-20,0.0
1916-01-21,0.0
1916-01-22,0.0
1916-01-23,0.0
1916-01-24,0.0
1916-01-25,0.0
1916-01-26,0.0
1916-01-27,0.0
1916-01-28,0.0
1916-01-29,0.0
1916-01-30,0.0
1916-01-31,0.0
1916-02-01,0.0
1916-02-02,0.0
1916-02-03,0.0
1916-02-04,0.0
1916-02-05,0.0
1916-02-06,0.0
1916-02-07,0.0
1916-02-08,0.0
1916-02-09,0.0
1916-02-10,0.0
1916-02-11,0.0
1916-02-12,0.0
1916-02-13,0.0
1916-02-14,0.0
1916-02-15,0.695591
1916-02-16,10.048749
1916-02-17,0.0
1916-02-18,0.0
1916-02-19,0.0
1916-02-20,0.0
1916-02-21,0.0
1916-02-22,0.0
1916-02-23,0.0
1916-02-24,0.0
1916-02-25,0.0
1916-02-26,0.0
1916-02-27,0.0
1916-02-28,0.0
1916-02-29,0.0
1916-03-01,0.0
1916-03-02,0.0
1916-03-03,0.0
1916-03-04,0.0
1916-03-05,0.0
1916-03-06,0.0
1916-03-07,0.0
1916-03-08,0.0
1916-03-09,0.0
1916-03-10,0.0
1916-03-11,0.0
1916-03-12,0.0
1916-03-13,0.0
1916-03-14,0.0
1916-03-15,0.0
1916-03-16,0.0
1916-03-17,0.0
1916-03-18,0.0
1916-03-19,0.0
1916-03-20,0.0
1916-03-21,0.0
1916-03-22,0.0
1916-03-23,0.0
1916-03-24,0.0
1916-03-25,0.0
1916-03-26,0.0
1916-03-27,0.0
1916-03-28,0.0
1916-03-29,0.0
1916-03-30,0.0
1916-03-31,0.0
1916-04-01,0.0
1916-04-02,0.0
1916-04-03,0.0
1916-04-04,0.0
1916-04-05,0.0
1916-04-06,0.0
1916-04-07,0.0
1916-04-08,0.0
1916-04-09,0.0
1916-04-10,0.0
1916-04-11,0.0
1916-04-12,0.0
1916-04-13,0.0
1916-04-14,0.0
1916-04-15,0.0
1916-04-16,0.0
1916-04-17,0.0
1916-04-18,0.0
1916-04-19,0.0
1916-04-20,0.45762566
1916-04-21,1.944035
1916-04-22,0.0
1916-04-23,0.0
1916-04-24,0.0
1916-04-25,0.0
1916-04-26,0.0
1916-04-27,0.0
1916-04-28,0.0
1916-04-29,0.0
1916-04-30,0.0
1916-05-01,0.0
1916-05-02,0.0
1916-05-03,0.0
1916-05-04,0.0
1916-05-05,0.0
1916-05-06,0.0
1916-05-07,0.0
1916-05-08,0.0
1916-05-09,0.0
1916-05-10,0.0
1916-05-11,0.0
1916-05-12,0.0
1916-05-13,0.0
1916-05-14,0.0
1916-05-15,0.0
1916-05-16,0.0
1916-05-17,0.0
1916-05-18,0.0
1916-05-19,0.0
1916-05-20,0.0
1916-05-21,0.0
1916-05-22,0.0
1916-05-23,0.0
1916-05-24,0.8420312
1916-05-25,0.0
1916-05-26,0.0
1916-05-27,0.0
1916-05-28,0.0
1916-05-29,0.14393514
1916-05-30,1.8121974
1916-05-31,0.0
1916-06-01,0.10626987
1916-06-02,0.0
1916-06-03,0.0
1916-06-04,6.8196406
1916-06-05,0.0
1916-06-06,0.0
1916-06-07,0.0
1916-06-08,0.0
1916-06-09,0.0
1916-06-10,0.0
1916-06-11,0.0
1916-06-12,0.0
1916-06-13,0.623727
1916-06-14,5.362018
1916-06-15,0.0
1916-06-16,0.0
1916-06-17,0.0
1916-06-18,0.0
1916-06-19,0.0
1916-06-20,0.0
1916-06-21,0.0
1916-06-22,0.0
1916-06-23,0.0
1916-06-24,4.1165986
1916-06-25,0.0
1916-06-26,0.0
1916-06-27,6.6363397
1916-06-28,7.110488
1916-06-29,0.0
1916-06-30,0.45762566
1916-07-01,0.0
1916-07-02,0.0
1916-07-03,0.0
1916-07-04,0.0
1916-07-05,0.0
1916-07-06,0.0
1916-07-07,0.0
1916-07-08,3.7416666
1916-07-09,0.0
1916-07-10,0.0
1916-07-11,0.0
1916-07-12,12.539444
1916-07-13,0.0
1916-07-14,5.269388
1916-07-15,1.6291232
1916-07-16,28.168684
1916-07-17,3.5511801
1916-07-18,5.520575
1916-07-19,0.0
1916-07-20,5.3165936
1916-07-21,0.0
1916-07-22,16.033236
1916-07-23,2.245753
1916-07-24,0.41347298
1916-07-25,2.8631804
1916-07-26,0.6479404
1916-07-27,0.0
1916-07-28,0.0
1916-07-29,0.0
1916-07-30,0.0
1916-07-31,0.0
1916-08-01,0.17083892
1916-08-02,0.0
1916-08-03,0.24042806
1916-08-04,0.0
1916-08-05,0.0
1916-08-06,1.5180228
1916-08-07,0.0
1916-08-08,27.56905
1916-08-09,9.864129
1916-08-10,0.0
1916-08-11,22.107714
1916-08-12,0.0
1916-08-13,0.0
1916-08-14,0.0
1916-08-15,0.0
1916-08-16,0.0
1916-08-17,0.49898165
1916-08-18,0.0
1916-08-19,0.0
1916-08-20,20.04333
1916-08-21,24.734472
1916-08-22,0.0
1916-08-23,0.0
1916-08-24,4.8325267
1916-08-25,2.9288042
1916-08-26,0.0
1916-08-27,0.0
1916-08-28,0.0
1916-08-29,0.0
1916-08-30,0.0
1916-08-31,0.0
1916-09-01,1.3618819
1916-09-02,0.0
1916-09-03,0.0
1916-09-04,0.0
1916-09-05,0.53931254
1916-09-06,0.0
1916-09-07,0.0
1916-09-08,0.0
1916-09-09,8.677531
1916-09-10,0.0
1916-09-11,0.41347298
1916-09-12,0.0
1916-09-13,0.0
1916-09-14,17.045372
1916-09-15,29.802805
1916-09-16,3.9936163
1916-09-17,0.0
1916-09-18,0.0
1916-09-19,6.0969315
1916-09-20,0.0
1916-09-21,0.0
1916-09-22,0.0
1916-09-23,0.0
1916-09-24,6.983708
1916-09-25,0.0
1916-09-26,0.0
1916-09-27,0.0
1916-09-28,0.0
1916-09-29,0.0
1916-09-30,0.0
1916-10-01,2.00135
1916-10-02,0.0
1916-10-03,38.316174
1916-10-04,16.255764
1916-10-05,0.0
1916-10-06,0.0
1916-10-07,0.0
1916-10-08,0.0
1916-10-09,0.0
1916-10-10,0.0
1916-10-11,0.0
1916-10-12,0.0
1916-10-13,0.0
1916-10-14,3.048268
1916-10-15,0.7157745
1916-10-16,38.755737
1916-10-17,201.43011
1916-10-18,29.876787
1916-10-19,3.217861
1916-10-20,2.185972
1916-10-21,15.896093
1916-10-22,5.070955
1916-10-23,0.0
1916-10-24,0.0
1916-10-25,0.0
1916-10-26,1.9586377
1916-10-27,19.043829
1916-10-28,34.93459
1916-10-29,0.0
1916-10-30,0.0
1916-10-31,0.0
1916-11-01,0.0
1916-11-02,0.0
1916-11-03,0.0
1916-11-04,0.0
1916-11-05,0.1506611
1916-11-06,5.096211
1916-11-07,0.0
1916-11-08,0.0
1916-11-09,3.3057535
1916-11-10,1.323747
1916-11-11,8.171303
1916-11-12,0.0
1916-11-13,3.6889122
1916-11-14,42.71544
1916-11-15,113.13797
1916-11-16,15.232201
1916-11-17,0.0
1916-11-18,0.0
1916-11-19,17.172182
1916-11-20,15.9683075
1916-11-21,0.0
1916-11-22,0.0
1916-11-23,67.85579
1916-11-24,0.0
1916-11-25,0.0
1916-11-26,0.0
1916-11-27,11.882404
1916-11-28,0.0
1916-11-29,7.124195
1916-11-30,1.1034713
1916-12-01,0.0
1916-12-02,12.764362
1916-12-03,22.53216
1916-12-04,0.20667462
1916-12-05,1.1823289
1916-12-06,6.3506885
1916-12-07,5.8037286
1916-12-08,0.0
1916-12-09,3.2921207
1916-12-10,0.49898165
1916-12-11,0.0
1916-12-12,0.0
1916-12-13,0.66811824
1916-12-14,0.0
1916-12-15,0.0
1916-12-16,0.0
1916-12-17,0.0
1916-12-18,0.0
1916-12-19,0.0
1916-12-20,0.0
1916-12-21,0.0
1916-12-22,0.0
1916-12-23,0.0
1916-12-24,0.0
1916-12-25,0.0
1916-12-26,0.0
1916-12-27,0.0
1916-12-28,0.0
1916-12-29,0.0
1916-12-30,0.0
1916-12-31,0.0
1917-01-01,0.0
1917-01-02,0.0
1917-01-03,0.0
1917-01-04,0.0
1917-01-05,1.1227086
1917-01-06,0.0
1917-01-07,0.0
1917-01-08,0.0
1917-01-09,0.0
1917-01-10,0.0
1917-01-11,0.0
1917-01-12,1.4885033
1917-01-13,4.9274435
1917-01-14,0.80349785
1917-01-15,0.0
1917-01-16,0.0
1917-01-17,0.0
1917-01-18,0.0
1917-01-19,0.0
1917-01-20,0.0
1917-01-21,0.0
1917-01-22,0.0
1917-01-23,0.0
1917-01-24,0.0
1917-01-25,0.0
1917-01-26,0.0
1917-01-27,0.0
1917-01-28,0.0
1917-01-29,0.0
1917-01-30,0.0
1917-01-31,8.170505
1917-02-01,0.0
1917-02-02,0.0
1917-02-03,0.0
1917-02-04,0.0
1917-02-05,0.0
1917-02-06,0.0
1917-02-07,0.0
1917-02-08,7.8461857
1917-02-09,7.786417
1917-02-10,0.0
1917-02-11,0.0
1917-02-12,0.0
1917-02-13,0.0
1917-02-14,0.0
1917-02-15,0.0
1917-02-16,0.0
1917-02-17,0.0
1917-02-18,0.0
1917-02-19,0.0
1917-02-20,0.0
1917-02-21,0.0
1917-02-22,0.0
1917-02-23,0.0
1917-02-24,0.0
1917-02-25,0.0
1917-02-26,0.0
1917-02-27,0.0
1917-02-28,0.0
1917-03-01,0.0
1917-03-02,0.0
1917-03-03,0.0
1917-03-04,0.0
1917-03-05,0.0
1917-03-06,0.0
1917-03-07,0.0
1917-03-08,0.0
1917-03-09,0.0
1917-03-10,0.0
1917-03-11,0.0
1917-03-12,0.0
1917-03-13,0.0
1917-03-14,0.0
1917-03-15,0.0
1917-03-16,0.0
1917-03-17,0.0
1917-03-18,0.0
1917-03-19,0.0
1917-03-20,0.0
1917-03-21,0.0
1917-03-22,0.0
1917-03-23,0.0
1917-03-24,8.010823
1917-03-25,0.0
1917-03-26,0.0
1917-03-27,0.0
1917-03-28,0.0
1917-03-29,0.0
1917-03-30,0.0
1917-03-31,0.0
1917-04-01,0.0
1917-04-02,0.0
1917-04-03,0.0
1917-04-04,0.0
1917-04-05,0.0
1917-04-06,0.0
1917-04-07,0.0
1917-04-08,0.0
1917-04-09,0.0
1917-04-10,0.0
1917-04-11,0.0
1917-04-12,0.0
1917-04-13,0.0
1917-04-14,0.0
1917-04-15,0.0
1917-04-16,0.0
1917-04-17,0.0
1917-04-18,0.0
1917-04-19,0.0
1917-04-20,0.0
1917-04-21,0.0
1917-04-22,0.0
1917-04-23,0.0
1917-04-24,0.0
1917-04-25,0.0
1917-04-26,0.0
1917-04-27,0.0
1917-04-28,0.0
1917-04-29,0.0
1917-04-30,0.0
1917-05-01,0.0
1917-05-02,5.768734
1917-05-03,0.82269645
1917-05-04,0.53931254
1917-05-05,0.0
1917-05-06,0.0
1917-05-07,0.0
1917-05-08,0.0
1917-05-09,0.0
1917-05-10,0.0
1917-05-11,0.0
1917-05-12,0.0
1917-05-13,0.0
1917-05-14,0.0
1917-05-15,0.0
1917-05-16,0.0
1917-05-17,0.0
1917-05-18,0.0
1917-05-19,0.0
1917-05-20,0.0
1917-05-21,0.0
1917-05-22,0.0
1917-05-23,0.0
1917-05-24,0.0
1917-05-25,0.0
1917-05-26,3.0211997
1917-05-27,0.0
1917-05-28,0.0
1917-05-29,0.5125407
1917-05-30,0.0
1917-05-31,0.0
1917-06-01,0.0
1917-06-02,0.0
1917-06-03,0.7871161
1917-06-04,2.7518556
1917-06-05,0.0
1917-06-06,1.7464356
1917-06-07,1.1206744
1917-06-08,0.0
1917-06-09,0.0
1917-06-10,7.03574
1917-06-11,0.93559057
1917-06-12,0.0
1917-06-13,0.0
1917-06-14,1.1141311
1917-06-15,0.18711811
1917-06-16,0.0
1917-06-17,1.4833852
1917-06-18,1.8671125
1917-06-19,6.6836147
1917-06-20,0.0
1917-06-21,0.0
1917-06-22,0.0
1917-06-23,0.0
1917-06-24,0.0
1917-06-25,2.5852299
1917-06-26,28.079777
1917-06-27,1.0250814
1917-06-28,0.0
1917-06-29,1.4345721
1917-06-30,0.0
1917-07-01,1.247454
1917-07-02,0.82964003
1917-07-03,0.67140526
1917-07-04,0.0
1917-07-05,0.0
1917-07-06,0.0
1917-07-07,0.0
1917-07-08,0.0
1917-07-09,0.0
1917-07-10,0.0
1917-07-11,6.5250506
1917-07-12,0.0
1917-07-13,0.0
1917-07-14,20.956364
1917-07-15,0.0
1917-07-16,0.0
1917-07-17,0.0
1917-07-18,0.0
1917-07-19,0.0
1917-07-20,0.0
1917-07-21,0.0
1917-07-22,0.0
1917-07-23,0.0
1917-07-24,2.5572808
1917-07-25,11.53895
1917-07-26,0.0
1917-07-27,1.8886687
1917-07-28,4.918532
1917-07-29,0.0
1917-07-30,0.0
1917-07-31,15.861571
1917-08-01,0.0
1917-08-02,0.0
1917-08-03,27.457575
1917-08-04,0.0
1917-08-05,0.45762566
1917-08-06,1.6166855
1917-08-07,33.660526
1917-08-08,15.893319
1917-08-09,0.9601196
1917-08-10,0.0
1917-08-11,1.0134426
1917-08-12,3.7770643
1917-08-13,32.40962
1917-08-14,6.584584
1917-08-15,0.0
1917-08-16,3.0749857
1917-08-17,6.0847025
1917-08-18,0.5838117
1917-08-19,0.49898165
1917-08-20,4.1571417
1917-08-21,0.93355626
1917-08-22,3.804735
1917-08-23,0.35954174
1917-08-24,1.5593175
1917-08-25,0.32949045
1917-08-26,0.82550526
1917-08-27,1.2276534
1917-08-28,0.0
1917-08-29,0.0
1917-08-30,0.0
1917-08-31,0.27038285
1917-09-01,0.0
1917-09-02,0.0
1917-09-03,0.0
1917-09-04,0.0
1917-09-05,1.5031767
1917-09-06,0.0
1917-09-07,2.444175
1917-09-08,0.0
1917-09-09,0.0
1917-09-10,0.0
1917-09-11,15.380138
1917-09-12,15.56649
1917-09-13,5.185959
1917-09-14,0.0
1917-09-15,9.227826
1917-09-16,0.0
1917-09-17,22.138027
1917-09-18,0.6965812
1917-09-19,0.0
1917-09-20,1.4587855
1917-09-21,0.0
1917-09-22,0.0
1917-09-23,1.3512925
1917-09-24,2.6532707
1917-09-25,1.355461
1917-09-26,3.1209762
1917-09-27,0.0
1917-09-28,0.0
1917-09-29,0.0
1917-09-30,0.0
1917-10-01,0.0
1917-10-02,0.0
1917-10-03,0.0
1917-10-04,0.0
1917-10-05,0.0
1917-10-06,0.0
1917-10-07,0.0
1917-10-08,0.0
1917-10-09,0.0
1917-10-10,0.0
1917-10-11,0.0
1917-10-12,1.9521309
1917-10-13,3.6945312
1917-10-14,3.0837753
1917-10-15,0.0
1917-10-16,0.0
1917-10-17,2.3628128
1917-10-18,28.885653
1917-10-19,26.544115
1917-10-20,18.806356
1917-10-21,6.3220105
1917-10-22,1.6268644
1917-10-23,0.0
1917-10-24,0.0
1917-10-25,11.425928
1917-10-26,0.0
1917-10-27,0.0
1917-10-28,0.0
1917-10-29,0.0
1917-10-30,0.0
1917-10-31,0.0
1917-11-01,0.0
1917-11-02,0.0
1917-11-03,0.0
1917-11-04,0.0
1917-11-05,0.0
1917-11-06,19.621391
1917-11-07,12.861294
1917-11-08,1.1644443
1917-11-09,7.92194
1917-11-10,0.0
1917-11-11,0.0
1917-11-12,2.8224027
1917-11-13,17.878565
1917-11-14,19.662712
1917-11-15,8.2574625
1917-11-16,1.0687641
1917-11-17,0.0
1917-11-18,0.17977087
1917-11-19,12.714537
1917-11-20,4.737021
1917-11-21,6.5883055
1917-11-22,35.421955
1917-11-23,0.0
1917-11-24,18.086826
1917-11-25,10.985614
1917-11-26,3.0315475
1917-11-27,125.737816
1917-11-28,6.6330733
1917-11-29,14.604122
1917-11-30,10.896898
1917-12-01,0.0
1917-12-02,0.0
1917-12-03,0.0
1917-12-04,0.0
1917-12-05,1.025476
1917-12-06,11.762755
1917-12-07,0.4210156
1917-12-08,0.0
1917-12-09,0.0
1917-12-10,0.0
1917-12-11,4.3440475
1917-12-12,0.45762566
1917-12-13,10.599394
1917-12-14,15.474174
1917-12-15,0.82694596
1917-12-16,0.0
1917-12-17,0.0
1917-12-18,0.0
1917-12-19,0.0
1917-12-20,0.0
1917-12-21,0.0
1917-12-22,15.142695
1917-12-23,3.3141568
1917-12-24,0.0
1917-12-25,0.0
1917-12-26,0.0
1917-12-27,0.0
1917-12-28,0.0
1917-12-29,0.0
1917-12-30,0.0
1917-12-31,0.0
1918-01-01,0.0
1918-01-02,27.430752
1918-01-03,10.139544
1918-01-04,20.12145
1918-01-05,0.6589809
1918-01-06,0.0
1918-01-07,0.0
1918-01-08,0.0
1918-01-09,0.0
1918-01-10,0.0
1918-01-11,0.0
1918-01-12,2.5976362
1918-01-13,1.1569217
1918-01-14,0.0
1918-01-15,0.0
1918-01-16,0.0
1918-01-17,0.0
1918-01-18,0.0
1918-01-19,0.0
1918-01-20,0.0
1918-01-21,0.0
1918-01-22,0.0
1918-01-23,4.273368
1918-01-24,0.0
1918-01-25,0.0
1918-01-26,0.71361244
1918-01-27,0.0
1918-01-28,0.0
1918-01-29,0.0
1918-01-30,0.0
1918-01-31,0.0
1918-02-01,0.0
1918-02-02,0.0
1918-02-03,0.0
1918-02-04,0.0
1918-02-05,0.0
1918-02-06,0.0
1918-02-07,0.0
1918-02-08,0.0
1918-02-09,0.0
1918-02-10,0.0
1918-02-11,0.0
1918-02-12,0.0
1918-02-13,0.0
1918-02-14,0.0
1918-02-15,0.0
1918-02-16,0.0
1918-02-17,0.0
1918-02-18,0.0
1918-02-19,0.0
1918-02-20,17.215832
1918-02-21,0.0
1918-02-22,4.6749825
1918-02-23,0.0
1918-02-24,0.0
1918-02-25,0.0
1918-02-26,0.0
1918-02-27,0.0
1918-02-28,0.0
1918-03-01,0.0
1918-03-02,0.0
1918-03-03,0.0
1918-03-04,0.0
1918-03-05,0.0
1918-03-06,0.0
1918-03-07,0.0
1918-03-08,0.0
1918-03-09,0.0
1918-03-10,0.0
1918-03-11,0.0
1918-03-12,0.0
1918-03-13,0.0
1918-03-14,0.0
1918-03-15,0.0
1918-03-16,0.0
1918-03-17,0.0
1918-03-18,0.0
1918-03-19,0.0
1918-03-20,0.0
1918-03-21,0.0
1918-03-22,0.0
1918-03-23,0.0
1918-03-24,0.0
1918-03-25,0.0
1918-03-26,0.0
1918-03-27,0.0
1918-03-28,0.0
1918-03-29,0.0
1918-03-30,0.0
1918-03-31,0.0
1918-04-01,0.0
1918-04-02,0.0
1918-04-03,0.0
1918-04-04,0.0
1918-04-05,0.0
1918-04-06,0.0
1918-04-07,0.0
1918-04-08,0.0
1918-04-09,0.0
1918-04-10,0.0
1918-04-11,0.0
1918-04-12,0.0
1918-04-13,0.0
1918-04-14,0.0
1918-04-15,0.0
1918-04-16,0.0
1918-04-17,0.0
1918-04-18,0.0
1918-04-19,0.0
1918-04-20,0.0
1918-04-21,0.0
1918-04-22,0.0
1918-04-23,0.0
1918-04-24,0.0
1918-04-25,0.0
1918-04-26,0.0
1918-04-27,0.0
1918-04-28,0.0
1918-04-29,0.0
1918-04-30,0.0
1918-05-01,0.0
1918-05-02,0.0
1918-05-03,0.0
1918-05-04,0.0
1918-05-05,0.0
1918-05-06,0.0
1918-05-07,1.8711811
1918-05-08,0.50335836
1918-05-09,1.5376221
1918-05-10,0.0
1918-05-11,6.2504005
1918-05-12,0.0
1918-05-13,0.0
1918-05-14,0.0
1918-05-15,0.0
1918-05-16,6.775488
1918-05-17,4.731959
1918-05-18,9.393579
1918-05-19,0.0
1918-05-20,1.5460296
1918-05-21,0.0
1918-05-22,0.0
1918-05-23,0.0
1918-05-24,15.396675
1918-05-25,0.0
1918-05-26,0.0
1918-05-27,0.0
1918-05-28,0.0
1918-05-29,0.35954174
1918-05-30,0.0
1918-05-31,0.0
1918-06-01,0.23796532
1918-06-02,0.0
1918-06-03,6.0748777
1918-06-04,0.0
1918-06-05,0.0
1918-06-06,0.0
1918-06-07,0.0
1918-06-08,0.0
1918-06-09,0.0
1918-06-10,0.41347298
1918-06-11,2.781654
1918-06-12,6.326597
1918-06-13,2.476149
1918-06-14,2.3701625
1918-06-15,9.044042
1918-06-16,0.0
1918-06-17,0.0
1918-06-18,0.0
1918-06-19,0.0
1918-06-20,0.0
1918-06-21,0.0
1918-06-22,0.0
1918-06-23,0.0
1918-06-24,2.3701625
1918-06-25,0.0
1918-06-26,1.5999607
1918-06-27,0.34167784
1918-06-28,14.531353
1918-06-29,0.0
1918-06-30,22.328146
1918-07-01,0.54915076
1918-07-02,0.15335146
1918-07-03,0.0
1918-07-04,0.0
1918-07-05,0.0
1918-07-06,0.0
1918-07-07,0.0
1918-07-08,0.0
1918-07-09,0.0
1918-07-10,0.0
1918-07-11,0.0
1918-07-12,0.0
1918-07-13,0.93355626
1918-07-14,0.0
1918-07-15,0.0
1918-07-16,0.0
1918-07-17,0.0
1918-07-18,0.0
1918-07-19,0.0
1918-07-20,0.0
1918-07-21,0.0
1918-07-22,0.0
1918-07-23,11.782761
1918-07-24,0.0
1918-07-25,0.0
1918-07-26,1.3895422
1918-07-27,0.6726704
1918-07-28,0.0
1918-07-29,0.0
1918-07-30,0.0
1918-07-31,0.0
1918-08-01,0.0
1918-08-02,0.0
1918-08-03,0.0
1918-08-04,0.0
1918-08-05,0.0
1918-08-06,0.0
1918-08-07,0.0
1918-08-08,0.0
1918-08-09,4.1003256
1918-08-10,16.465828
1918-08-11,0.0
1918-08-12,0.0
1918-08-13,0.0
1918-08-14,0.7843843
1918-08-15,0.0
1918-08-16,0.0
1918-08-17,0.0
1918-08-18,2.782364
1918-08-19,0.0
1918-08-20,0.0
1918-08-21,10.595
1918-08-22,0.0
1918-08-23,0.0
1918-08-24,0.0
1918-08-25,0.0
1918-08-26,0.0
1918-08-27,3.998579
1918-08-28,1.7755876
1918-08-29,9.665994
1918-08-30,7.928452
1918-08-31,1.8309125
1918-09-01,0.0
1918-09-02,0.0
1918-09-03,0.0
1918-09-04,1.8392535
1918-09-05,0.0
1918-09-06,0.0
1918-09-07,0.0
1918-09-08,0.0
1918-09-09,1.7464356
1918-09-10,8.732178
1918-09-11,0.0
1918-09-12,0.0
1918-09-13,0.0
1918-09-14,12.646216
1918-09-15,12.780723
1918-09-16,0.27457538
1918-09-17,0.0
1918-09-18,0.0
1918-09-19,14.754892
1918-09-20,0.0
1918-09-21,5.599983
1918-09-22,0.0
1918-09-23,0.0
1918-09-24,0.0
1918-09-25,0.8171674
1918-09-26,8.776569
1918-09-27,1.3599958
1918-09-28,1.2964488
1918-09-29,0.17977087
1918-09-30,0.0
1918-10-01,0.0
1918-10-02,0.0
1918-10-03,0.0
1918-10-04,0.0
1918-10-05,0.0
1918-10-06,0.0
1918-10-07,0.0
1918-10-08,0.0
1918-10-09,0.0
1918-10-10,0.0
1918-10-11,0.93355626
1918-10-12,0.0
1918-10-13,0.0
1918-10-14,0.0
1918-10-15,0.46409
1918-10-16,0.0
1918-10-17,15.727693
1918-10-18,0.0
1918-10-19,0.0
1918-10-20,4.4284616
1918-10-21,0.0
1918-10-22,22.932526
1918-10-23,0.0
1918-10-24,0.108960256
1918-10-25,0.0
1918-10-26,0.0
1918-10-27,0.0
1918-10-28,0.0
1918-10-29,0.0
1918-10-30,0.0
1918-10-31,0.0
1918-11-01,35.140316
1918-11-02,43.48623
1918-11-03,116.91137
1918-11-04,51.630573
1918-11-05,96.83519
1918-11-06,26.703901
1918-11-07,54.852528
1918-11-08,25.692421
1918-11-09,1.8336627
1918-11-10,0.0
1918-11-11,0.0
1918-11-12,13.465476
1918-11-13,2.062198
1918-11-14,2.0366037
1918-11-15,65.81042
1918-11-16,13.956266
1918-11-17,66.86057
1918-11-18,180.49823
1918-11-19,13.223829
1918-11-20,1.5999607
1918-11-21,0.0
1918-11-22,14.719958
1918-11-23,2.1932046
1918-11-24,2.242447
1918-11-25,0.45762566
1918-11-26,7.8501654
1918-11-27,56.885517
1918-11-28,0.49898165
1918-11-29,0.9168314
1918-11-30,56.742317
1918-12-01,2.2912471
1918-12-02,18.746464
1918-12-03,29.13727
1918-12-04,145.99452
1918-12-05,0.0
1918-12-06,0.0
1918-12-07,0.0
1918-12-08,0.0
1918-12-09,0.0
1918-12-10,1.5721357
1918-12-11,6.7223144
1918-12-12,8.162462
1918-12-13,4.3923364
1918-12-14,0.82708913
1918-12-15,0.0
1918-12-16,0.41640556
1918-12-17,5.1609125
1918-12-18,27.372843
1918-12-19,4.2479525
1918-12-20,0.0
1918-12-21,3.2844503
1918-12-22,0.17977087
1918-12-23,0.0
1918-12-24,0.0
1918-12-25,0.0
1918-12-26,0.0
1918-12-27,0.0
1918-12-28,0.0
1918-12-29,0.0
1918-12-30,0.0
1918-12-31,0.0
1919-01-01,0.0
1919-01-02,0.0
1919-01-03,0.0
1919-01-04,0.0
1919-01-05,0.0
1919-01-06,3.1549582
1919-01-07,4.357274
1919-01-08,0.0
1919-01-09,0.0
1919-01-10,0.0
1919-01-11,0.0
1919-01-12,0.0
1919-01-13,0.0
1919-01-14,0.0
1919-01-15,0.0
1919-01-16,0.0
1919-01-17,0.0
1919-01-18,0.0
1919-01-19,7.16989
1919-01-20,0.0
1919-01-21,0.0
1919-01-22,0.18711811
1919-01-23,0.0
1919-01-24,0.0
1919-01-25,0.0
1919-01-26,0.0
1919-01-27,0.0
1919-01-28,0.0
1919-01-29,0.0
1919-01-30,0.0
1919-01-31,0.0
1919-02-01,0.0
1919-02-02,0.0
1919-02-03,0.0
1919-02-04,0.0
1919-02-05,0.0
1919-02-06,0.0
1919-02-07,0.0
1919-02-08,0.0
1919-02-09,0.0
1919-02-10,0.0
1919-02-11,0.0
1919-02-12,0.0
1919-02-13,0.0
1919-02-14,0.0
1919-02-15,0.0
1919-02-16,0.0
1919-02-17,0.0
1919-02-18,0.0
1919-02-19,0.0
1919-02-20,0.0
1919-02-21,0.0
1919-02-22,0.0
1919-02-23,0.0
1919-02-24,0.0
1919-02-25,0.0
1919-02-26,0.0
1919-02-27,0.0
1919-02-28,0.0
1919-03-01,0.0
1919-03-02,0.0
1919-03-03,0.0
1919-03-04,0.0
1919-03-05,0.0
1919-03-06,0.0
1919-03-07,0.0
1919-03-08,0.0
1919-03-09,0.0
1919-03-10,0.0
1919-03-11,0.0
1919-03-12,0.0
1919-03-13,0.0
1919-03-14,0.0
1919-03-15,0.0
1919-03-16,0.0
1919-03-17,0.0
1919-03-18,0.0
1919-03-19,0.0
1919-03-20,0.7857269
1919-03-21,0.0
1919-03-22,0.0
1919-03-23,0.0
1919-03-24,0.0
1919-03-25,0.0
1919-03-26,0.0
1919-03-27,0.0
1919-03-28,0.0
1919-03-29,0.0
1919-03-30,0.0
1919-03-31,0.0
1919-04-01,0.0
1919-04-02,0.0
1919-04-03,0.0
1919-04-04,0.0
1919-04-05,0.0
1919-04-06,0.0
1919-04-07,0.0
1919-04-08,0.0
1919-04-09,0.0
1919-04-10,0.0
1919-04-11,0.0
1919-04-12,0.0
1919-04-13,0.0
1919-04-14,0.0
1919-04-15,0.0
1919-04-16,0.0
1919-04-17,0.0
1919-04-18,0.0
1919-04-19,0.0
1919-04-20,0.0
1919-04-21,0.0
1919-04-22,0.0
1919-04-23,0.0
1919-04-24,0.0
1919-04-25,6.0675573
1919-04-26,0.0
1919-04-27,0.0
1919-04-28,0.0
1919-04-29,0.0
1919-04-30,0.0
1919-05-01,0.0
1919-05-02,0.0
1919-05-03,0.0
1919-05-04,0.0
1919-05-05,0.0
1919-05-06,0.0
1919-05-07,0.0
1919-05-08,0.0
1919-05-09,0.0
1919-05-10,0.0
1919-05-11,37.78374
1919-05-12,0.0
1919-05-13,0.0
1919-05-14,0.0
1919-05-15,0.0
1919-05-16,0.0
1919-05-17,0.0
1919-05-18,2.782364
1919-05-19,0.0
1919-05-20,0.0
1919-05-21,0.0
1919-05-22,0.0
1919-05-23,0.0
1919-05-24,0.0
1919-05-25,0.0
1919-05-26,9.5559435
1919-05-27,0.0
1919-05-28,0.0
1919-05-29,0.695591
1919-05-30,0.0
1919-05-31,0.0
1919-06-01,0.0
1919-06-02,0.0
1919-06-03,13.9156
1919-06-04,2.9337747
1919-06-05,7.677275
1919-06-06,0.0
1919-06-07,1.6957526
1919-06-08,0.0
1919-06-09,0.0
1919-06-10,0.0
1919-06-11,0.0
1919-06-12,0.0
1919-06-13,0.0
1919-06-14,0.0
1919-06-15,0.0
1919-06-16,0.0
1919-06-17,0.0
1919-06-18,0.0
1919-06-19,0.0
1919-06-20,2.1094165
1919-06-21,4.4412804
1919-06-22,6.1748977
1919-06-23,0.0
1919-06-24,0.0
1919-06-25,8.542786
1919-06-26,0.0
1919-06-27,0.0
1919-06-28,0.0
1919-06-29,0.0
1919-06-30,0.0
1919-07-01,0.0
1919-07-02,0.0
1919-07-03,0.0
1919-07-04,0.0
1919-07-05,0.3118635
1919-07-06,0.0
1919-07-07,0.0
1919-07-08,0.0
1919-07-09,0.0
1919-07-10,0.0
1919-07-11,0.0
1919-07-12,0.0
1919-07-13,0.0
1919-07-14,0.0
1919-07-15,3.268235
1919-07-16,23.981915
1919-07-17,3.057669
1919-07-18,14.8571615
1919-07-19,0.0
1919-07-20,0.0
1919-07-21,0.26965627
1919-07-22,0.0
1919-07-23,0.0
1919-07-24,12.260064
1919-07-25,7.6419387
1919-07-26,14.115399
1919-07-27,6.873336
1919-07-28,0.0
1919-07-29,0.0
1919-07-30,0.0
1919-07-31,0.0
1919-08-01,0.0
1919-08-02,0.0
1919-08-03,0.0
1919-08-04,0.0
1919-08-05,16.24334
1919-08-06,0.0
1919-08-07,0.0
1919-08-08,0.53931254
1919-08-09,1.8711811
1919-08-10,0.0
1919-08-11,0.0
1919-08-12,0.0
1919-08-13,0.0
1919-08-14,0.93559057
1919-08-15,7.297606
1919-08-16,0.86169237
1919-08-17,2.1091464
1919-08-18,17.53215
1919-08-19,14.432927
1919-08-20,0.0
1919-08-21,8.420315
1919-08-22,10.313128
1919-08-23,0.8108451
1919-08-24,0.0
1919-08-25,0.0
1919-08-26,0.0
1919-08-27,0.0
1919-08-28,0.0
1919-08-29,0.0
1919-08-30,16.494131
1919-08-31,0.7871161
1919-09-01,0.0
1919-09-02,0.0
1919-09-03,0.0
1919-09-04,0.0
1919-09-05,0.0
1919-09-06,16.217474
1919-09-07,10.252173
1919-09-08,0.0
1919-09-09,0.0
1919-09-10,0.0
1919-09-11,0.0
1919-09-12,0.0
1919-09-13,2.4593122
1919-09-14,4.382946
1919-09-15,0.0
1919-09-16,7.0845566
1919-09-17,31.077799
1919-09-18,3.8888795
1919-09-19,15.525951
1919-09-20,0.0
1919-09-21,0.0
1919-09-22,0.0
1919-09-23,0.0
1919-09-24,0.0
1919-09-25,0.0
1919-09-26,23.210852
1919-09-27,0.0
1919-09-28,8.532813
1919-09-29,4.0353775
1919-09-30,1.0986738
1919-10-01,0.0
1919-10-02,0.0
1919-10-03,1.3787203
1919-10-04,0.0
1919-10-05,0.0
1919-10-06,0.0
1919-10-07,0.0
1919-10-08,0.0
1919-10-09,0.0
1919-10-10,0.695591
1919-10-11,15.577387
1919-10-12,1.3458729
1919-10-13,0.0
1919-10-14,0.93559057
1919-10-15,2.1033192
1919-10-16,0.0
1919-10-17,0.0
1919-10-18,1.0754901
1919-10-19,21.06784
1919-10-20,0.32419038
1919-10-21,0.0
1919-10-22,0.0
1919-10-23,15.088468
1919-10-24,0.0
1919-10-25,0.93355626
1919-10-26,0.0
1919-10-27,0.0
1919-10-28,1.0067167
1919-10-29,15.865027
1919-10-30,28.77535
1919-10-31,37.653557
1919-11-01,43.750668
1919-11-02,124.902016
1919-11-03,0.6042512
1919-11-04,81.67963
1919-11-05,20.867579
1919-11-06,41.228798
1919-11-07,0.0
1919-11-08,0.0
1919-11-09,0.0
1919-11-10,13.950025
1919-11-11,0.26634726
1919-11-12,16.195171
1919-11-13,0.0
1919-11-14,0.0
1919-11-15,0.28652507
1919-11-16,0.0
1919-11-17,0.0
1919-11-18,0.0
1919-11-19,0.0
1919-11-20,0.0
1919-11-21,0.0
1919-11-22,0.0
1919-11-23,0.0
1919-11-24,0.4371862
1919-11-25,0.0
1919-11-26,0.0
1919-11-27,0.0
1919-11-28,12.030866
1919-11-29,63.114258
1919-11-30,32.18203
1919-12-01,82.14842
1919-12-02,5.6394687
1919-12-03,0.0
1919-12-04,3.998579
1919-12-05,1.1864877
1919-12-06,77.14268
1919-12-07,16.392948
1919-12-08,7.999804
1919-12-09,0.0
1919-12-10,0.0
1919-12-11,0.0
1919-12-12,0.0
1919-12-13,0.0
1919-12-14,0.0
1919-12-15,0.0
1919-12-16,3.784245
1919-12-17,0.0
1919-12-18,4.0218515
1919-12-19,2.9922805
1919-12-20,1.7173929
1919-12-21,0.0
1919-12-22,0.0
1919-12-23,0.0
1919-12-24,0.0
1919-12-25,4.6215024
1919-12-26,0.0
1919-12-27,0.5966828
1919-12-28,1.0502886
1919-12-29,0.0
1919-12-30,1.9221208
1919-12-31,56.21831
1920-01-01,54.553055
1920-01-02,75.91737
1920-01-03,65.55642
1920-01-04,17.92071
1920-01-05,20.388273
1920-01-06,2.8195896
1920-01-07,1.1747637
1920-01-08,0.0
1920-01-09,0.0
1920-01-10,0.0
1920-01-11,0.0
1920-01-12,0.0
1920-01-13,0.0
1920-01-14,0.0
1920-01-15,0.0
1920-01-16,0.0
1920-01-17,0.0
1920-01-18,0.0
1920-01-19,0.0
1920-01-20,0.0
1920-01-21,0.0
1920-01-22,12.037931
1920-01-23,0.0
1920-01-24,0.0
1920-01-25,0.0
1920-01-26,0.0
1920-01-27,0.0
1920-01-28,0.0
1920-01-29,0.0
1920-01-30,0.0
1920-01-31,0.0
1920-02-01,1.3370303
1920-02-02,0.23796532
1920-02-03,0.0
1920-02-04,0.0
1920-02-05,0.0
1920-02-06,0.0
1920-02-07,0.0
1920-02-08,0.0
1920-02-09,0.0
1920-02-10,0.0
1920-02-11,0.0
1920-02-12,0.0
1920-02-13,0.0
1920-02-14,0.0
1920-02-15,0.0
1920-02-16,0.0
1920-02-17,0.0
1920-02-18,0.0
1920-02-19,0.0
1920-02-20,0.0
1920-02-21,0.0
1920-02-22,0.0
1920-02-23,0.0
1920-02-24,0.0
1920-02-25,0.0
1920-02-26,0.0
1920-02-27,0.0
1920-02-28,0.0
1920-02-29,0.0
1920-03-01,0.0
1920-03-02,0.0
1920-03-03,0.0
1920-03-04,0.0
1920-03-05,0.0
1920-03-06,0.0
1920-03-07,0.0
1920-03-08,0.0
1920-03-09,0.0
1920-03-10,0.0
1920-03-11,0.0
1920-03-12,0.0
1920-03-13,0.0
1920-03-14,0.0
1920-03-15,0.0
1920-03-16,0.0
1920-03-17,0.0
1920-03-18,0.0
1920-03-19,0.0
1920-03-20,0.0
1920-03-21,0.0
1920-03-22,0.0
1920-03-23,0.0
1920-03-24,0.0
1920-03-25,0.0
1920-03-26,0.0
1920-03-27,0.0
1920-03-28,0.0
1920-03-29,0.0
1920-03-30,0.0
1920-03-31,0.0
1920-04-01,0.0
1920-04-02,0.0
1920-04-03,0.0
1920-04-04,0.0
1920-04-05,0.0
1920-04-06,0.0
1920-04-07,0.0
1920-04-08,0.0
1920-04-09,0.0
1920-04-10,0.0
1920-04-11,5.7152357
1920-04-12,0.41347298
1920-04-13,0.0
1920-04-14,0.0
1920-04-15,0.0
1920-04-16,0.0
1920-04-17,0.0
1920-04-18,0.0
1920-04-19,0.0
1920-04-20,5.2229724
1920-04-21,0.0
1920-04-22,0.0
1920-04-23,0.0
1920-04-24,0.0
1920-04-25,0.0
1920-04-26,0.0
1920-04-27,0.0
1920-04-28,0.0
1920-04-29,0.0
1920-04-30,0.0
1920-05-01,0.0
1920-05-02,0.49898165
1920-05-03,0.0
1920-05-04,0.0
1920-05-05,0.0
1920-05-06,0.0
1920-05-07,0.0
1920-05-08,0.0
1920-05-09,0.0
1920-05-10,0.0
1920-05-11,0.6831293
1920-05-12,0.0
1920-05-13,2.9662194
1920-05-14,0.0
1920-05-15,0.0
1920-05-16,0.0
1920-05-17,0.0
1920-05-18,0.0
1920-05-19,0.0
1920-05-20,0.0
1920-05-21,0.0
1920-05-22,0.0
1920-05-23,0.0
1920-05-24,0.0
1920-05-25,0.0
1920-05-26,0.0
1920-05-27,24.98364
1920-05-28,0.0
1920-05-29,0.0
1920-05-30,0.0
1920-05-31,0.0
1920-06-01,0.0
1920-06-02,0.0
1920-06-03,0.0
1920-06-04,0.0
1920-06-05,0.0
1920-06-06,0.0
1920-06-07,0.0
1920-06-08,0.0
1920-06-09,0.0
1920-06-10,0.0
1920-06-11,0.0
1920-06-12,0.0
1920-06-13,0.0
1920-06-14,0.0
1920-06-15,0.0
1920-06-16,0.0
1920-06-17,0.26965627
1920-06-18,0.0
1920-06-19,0.0
1920-06-20,0.0
1920-06-21,0.0
1920-06-22,0.0
1920-06-23,0.0
1920-06-24,0.0
1920-06-25,0.108960256
1920-06-26,0.8420312
1920-06-27,0.0
1920-06-28,27.53212
1920-06-29,5.2923265
1920-06-30,0.3584387
1920-07-01,1.1140897
1920-07-02,18.431871
1920-07-03,4.8610024
1920-07-04,1.4345721
1920-07-05,0.1438167
1920-07-06,0.8108451
1920-07-07,0.0
1920-07-08,3.2044556
1920-07-09,0.0
1920-07-10,0.0
1920-07-11,0.0
1920-07-12,0.0
1920-07-13,1.247454
1920-07-14,0.0
1920-07-15,0.0
1920-07-16,0.0
1920-07-17,0.18711811
1920-07-18,8.799975
1920-07-19,1.0250814
1920-07-20,3.9918532
1920-07-21,0.0
1920-07-22,0.0
1920-07-23,0.0
1920-07-24,0.0
1920-07-25,0.0
1920-07-26,0.0
1920-07-27,0.0
1920-07-28,7.4223514
1920-07-29,6.562916
1920-07-30,0.0
1920-07-31,0.0
1920-08-01,0.0
1920-08-02,0.8420312
1920-08-03,0.0
1920-08-04,0.2905607
1920-08-05,0.0
1920-08-06,0.0
1920-08-07,0.26965627
1920-08-08,3.7032797
1920-08-09,0.0
1920-08-10,2.8003855
1920-08-11,0.14271368
1920-08-12,0.0
1920-08-13,1.8635429
1920-08-14,11.489441
1920-08-15,19.097963
1920-08-16,0.0
1920-08-17,0.45762566
1920-08-18,0.0
1920-08-19,0.0
1920-08-20,10.912384
1920-08-21,0.0
1920-08-22,3.641361
1920-08-23,15.568351
1920-08-24,0.0
1920-08-25,0.0
1920-08-26,0.0
1920-08-27,0.0
1920-08-28,6.4159465
1920-08-29,0.0
1920-08-30,0.0
1920-08-31,0.0
1920-09-01,0.0
1920-09-02,44.51889
1920-09-03,0.0
1920-09-04,1.7448857
1920-09-05,10.32436
1920-09-06,0.0
1920-09-07,0.0
1920-09-08,0.0
1920-09-09,0.0
1920-09-10,0.0
1920-09-11,0.0
1920-09-12,0.0
1920-09-13,0.0
1920-09-14,18.36627
1920-09-15,0.0
1920-09-16,0.5356466
1920-09-17,2.080214
1920-09-18,0.50579077
1920-09-19,2.245417
1920-09-20,0.20667462
1920-09-21,1.8336627
1920-09-22,0.0
1920-09-23,0.0
1920-09-24,0.0
1920-09-25,0.0
1920-09-26,11.520228
1920-09-27,25.753849
1920-09-28,0.0
1920-09-29,25.217165
1920-09-30,0.0
1920-10-01,6.516589
1920-10-02,12.066381
1920-10-03,0.0
1920-10-04,0.0
1920-10-05,16.41846
1920-10-06,0.0
1920-10-07,0.6865682
1920-10-08,0.0
1920-10-09,7.090439
1920-10-10,0.0
1920-10-11,0.0
1920-10-12,0.0
1920-10-13,0.0
1920-10-14,7.455648
1920-10-15,0.0
1920-10-16,0.0
1920-10-17,0.0
1920-10-18,0.0
1920-10-19,0.0
1920-10-20,5.9962077
1920-10-21,3.5804849
1920-10-22,4.18849
1920-10-23,0.0
1920-10-24,7.8541145
1920-10-25,29.621727
1920-10-26,36.97438
1920-10-27,1.9592149
1920-10-28,20.049477
1920-10-29,0.0
1920-10-30,52.282146
1920-10-31,9.569519
1920-11-01,60.14597
1920-11-02,2.512103
1920-11-03,0.0
1920-11-04,0.0
1920-11-05,0.0
1920-11-06,5.195695
1920-11-07,0.0
1920-11-08,0.0
1920-11-09,0.0
1920-11-10,0.0
1920-11-11,1.5100752
1920-11-12,0.0
1920-11-13,80.794426
1920-11-14,116.12056
1920-11-15,79.41127
1920-11-16,16.853409
1920-11-17,38.00176
1920-11-18,32.115437
1920-11-19,17.7456
1920-11-20,5.596873
1920-11-21,14.492261
1920-11-22,39.559765
1920-11-23,21.229834
1920-11-24,32.596676
1920-11-25,152.3635
1920-11-26,75.13542
1920-11-27,118.43303
1920-11-28,119.69017
1920-11-29,36.294727
1920-11-30,1.6077443
1920-12-01,0.0
1920-12-02,0.0
1920-12-03,0.0
1920-12-04,0.0
1920-12-05,0.0
1920-12-06,0.0
1920-12-07,0.0
1920-12-08,0.0
1920-12-09,0.0
1920-12-10,0.0
1920-12-11,0.0
1920-12-12,0.0
1920-12-13,0.0
1920-12-14,0.0
1920-12-15,0.0
1920-12-16,1.8980849
1920-12-17,0.0
1920-12-18,0.0
1920-12-19,0.0
1920-12-20,0.0
1920-12-21,0.0
1920-12-22,0.0
1920-12-23,0.0
1920-12-24,0.0
1920-12-25,0.0
1920-12-26,0.0
1920-12-27,0.0
1920-12-28,0.0
1920-12-29,0.0
1920-12-30,0.0
1920-12-31,0.0
1921-01-01,0.0
1921-01-02,0.20446861
1921-01-03,3.9224453
1921-01-04,0.0
1921-01-05,0.0
1921-01-06,0.0
1921-01-07,0.0
1921-01-08,0.0
1921-01-09,0.20446861
1921-01-10,46.505665
1921-01-11,19.352734
1921-01-12,64.37941
1921-01-13,55.96322
1921-01-14,20.458881
1921-01-15,0.0
1921-01-16,0.0
1921-01-17,0.0
1921-01-18,0.0
1921-01-19,3.5056765
1921-01-20,11.689072
1921-01-21,10.480274
1921-01-22,2.3351207
1921-01-23,1.3786075
1921-01-24,0.0
1921-01-25,0.0
1921-01-26,0.0
1921-01-27,1.2687093
1921-01-28,0.0
1921-01-29,0.0
1921-01-30,0.0
1921-01-31,0.0
1921-02-01,0.0
1921-02-02,0.0
1921-02-03,0.0
1921-02-04,0.0
1921-02-05,0.0
1921-02-06,0.0
1921-02-07,0.0
1921-02-08,0.0
1921-02-09,0.0
1921-02-10,0.0
1921-02-11,0.0
1921-02-12,0.0
1921-02-13,0.0
1921-02-14,0.0
1921-02-15,0.0
1921-02-16,0.0
1921-02-17,0.0
1921-02-18,0.0
1921-02-19,0.0
1921-02-20,0.0
1921-02-21,0.0
1921-02-22,0.0
1921-02-23,0.0
1921-02-24,0.0
1921-02-25,0.0
1921-02-26,0.0
1921-02-27,0.0
1921-02-28,0.0
1921-03-01,0.0
1921-03-02,0.0
1921-03-03,0.0
1921-03-04,0.0
1921-03-05,0.0
1921-03-06,0.0
1921-03-07,0.0
1921-03-08,0.0
1921-03-09,0.0
1921-03-10,0.0
1921-03-11,0.0
1921-03-12,0.0
1921-03-13,0.0
1921-03-14,0.0
1921-03-15,0.0
1921-03-16,0.0
1921-03-17,0.0
1921-03-18,0.0
1921-03-19,0.0
1921-03-20,0.0
1921-03-21,0.0
1921-03-22,0.0
1921-03-23,0.0
1921-03-24,0.0
1921-03-25,0.0
1921-03-26,0.0
1921-03-27,0.0
1921-03-28,0.0
1921-03-29,0.0
1921-03-30,0.0
1921-03-31,0.0
1921-04-01,0.0
1921-04-02,0.0
1921-04-03,0.0
1921-04-04,0.0
1921-04-05,0.0
1921-04-06,0.0
1921-04-07,0.5022554
1921-04-08,0.0
1921-04-09,0.4214204
1921-04-10,0.0
1921-04-11,0.0
1921-04-12,0.0
1921-04-13,19.055567
1921-04-14,0.0
1921-04-15,0.0
1921-04-16,0.46691462
1921-04-17,0.0
1921-04-18,0.0
1921-04-19,0.0
1921-04-20,0.0
1921-04-21,0.0
1921-04-22,0.0
1921-04-23,0.0
1921-04-24,0.0
1921-04-25,0.0
1921-04-26,0.0
1921-04-27,0.0
1921-04-28,0.0
1921-04-29,0.0
1921-04-30,0.0
1921-05-01,0.0
1921-05-02,0.0
1921-05-03,0.0
1921-05-04,0.0
1921-05-05,0.0
1921-05-06,0.0
1921-05-07,0.0
1921-05-08,0.0
1921-05-09,0.0
1921-05-10,0.0
1921-05-11,0.0
1921-05-12,0.0
1921-05-13,0.0
1921-05-14,0.0
1921-05-15,0.0
1921-05-16,0.0
1921-05-17,0.0
1921-05-18,0.0
1921-05-19,0.0
1921-05-20,0.0
1921-05-21,0.0
1921-05-22,0.0
1921-05-23,0.0
1921-05-24,0.0
1921-05-25,0.0
1921-05-26,0.0
1921-05-27,0.0
1921-05-28,0.0
1921-05-29,0.0
1921-05-30,0.0
1921-05-31,0.0
1921-06-01,0.0
1921-06-02,0.0
1921-06-03,0.0
1921-06-04,2.3773768
1921-06-05,2.7132878
1921-06-06,0.0
1921-06-07,0.0
1921-06-08,0.0
1921-06-09,0.0
1921-06-10,0.0
1921-06-11,8.302601
1921-06-12,0.0
1921-06-13,4.7390633
1921-06-14,0.0
1921-06-15,0.0
1921-06-16,0.0
1921-06-17,0.0
1921-06-18,0.0
1921-06-19,0.0
1921-06-20,0.0
1921-06-21,0.0
1921-06-22,0.0
1921-06-23,0.0
1921-06-24,0.0
1921-06-25,0.0
1921-06-26,0.0
1921-06-27,8.682686
1921-06-28,1.7464356
1921-06-29,0.0
1921-06-30,0.0
1921-07-01,0.102234304
1921-07-02,0.0
1921-07-03,0.0
1921-07-04,11.86743
1921-07-05,18.449768
1921-07-06,0.0
1921-07-07,7.6279516
1921-07-08,8.9207535
1921-07-09,0.0
1921-07-10,0.0
1921-07-11,3.341057
1921-07-12,0.0
1921-07-13,0.0
1921-07-14,16.891249
1921-07-15,2.715022
1921-07-16,0.0
1921-07-17,0.0
1921-07-18,0.0
1921-07-19,0.0
1921-07-20,0.0
1921-07-21,0.0
1921-07-22,0.0
1921-07-23,3.2701132
1921-07-24,0.0
1921-07-25,0.0
1921-07-26,0.0
1921-07-27,0.0
1921-07-28,0.0
1921-07-29,0.0
1921-07-30,0.0
1921-07-31,0.0
1921-08-01,5.8340635
1921-08-02,9.533467
1921-08-03,1.4972261
1921-08-04,0.9732559
1921-08-05,8.71118
1921-08-06,0.0
1921-08-07,18.547453
1921-08-08,10.448779
1921-08-09,0.0
1921-08-10,1.9586377
1921-08-11,9.392624
1921-08-12,0.102234304
1921-08-13,0.0
1921-08-14,0.0
1921-08-15,0.0
1921-08-16,0.0
1921-08-17,0.0
1921-08-18,3.3337345
1921-08-19,0.0
1921-08-20,2.2949607
1921-08-21,0.0
1921-08-22,0.0
1921-08-23,0.0
1921-08-24,0.0
1921-08-25,8.303209
1921-08-26,16.310982
1921-08-27,0.0
1921-08-28,0.0
1921-08-29,0.0
1921-08-30,0.0
1921-08-31,2.3241692
1921-09-01,14.52424
1921-09-02,0.0
1921-09-03,0.93559057
1921-09-04,0.0
1921-09-05,0.0
1921-09-06,0.0
1921-09-07,0.8629002
1921-09-08,0.0
1921-09-09,0.0
1921-09-10,5.3708305
1921-09-11,40.986446
1921-09-12,0.7809956
1921-09-13,0.0
1921-09-14,0.0
1921-09-15,0.0
1921-09-16,0.0
1921-09-17,0.8108451
1921-09-18,0.0
1921-09-19,0.0
1921-09-20,0.0
1921-09-21,0.0
1921-09-22,0.0
1921-09-23,0.0
1921-09-24,9.996578
1921-09-25,0.0
1921-09-26,0.0
1921-09-27,0.0
1921-09-28,0.0
1921-09-29,0.0
1921-09-30,0.0
1921-10-01,0.0
1921-10-02,0.0
1921-10-03,2.782364
1921-10-04,0.0
1921-10-05,0.0
1921-10-06,0.0
1921-10-07,0.0
1921-10-08,6.6599975
1921-10-09,6.2889047
1921-10-10,6.6199026
1921-10-11,0.10626987
1921-10-12,20.741222
1921-10-13,0.0
1921-10-14,0.0
1921-10-15,5.1477
1921-10-16,0.0
1921-10-17,0.0
1921-10-18,0.20569536
1921-10-19,0.0
1921-10-20,0.0
1921-10-21,0.17977087
1921-10-22,20.560038
1921-10-23,30.044947
1921-10-24,29.015516
1921-10-25,89.665886
1921-10-26,13.784368
1921-10-27,4.4827614
1921-10-28,32.826336
1921-10-29,81.4761
1921-10-30,47.791798
1921-10-31,37.90648
1921-11-01,8.933588
1921-11-02,12.654627
1921-11-03,0.0
1921-11-04,1.7666135
1921-11-05,0.0
1921-11-06,1.1630642
1921-11-07,0.0
1921-11-08,0.0
1921-11-09,0.0
1921-11-10,0.0
1921-11-11,0.0
1921-11-12,0.0
1921-11-13,24.123695
1921-11-14,0.76863796
1921-11-15,0.0
1921-11-16,0.0
1921-11-17,0.0
1921-11-18,6.6062913
1921-11-19,0.122412145
1921-11-20,0.0
1921-11-21,0.0
1921-11-22,0.0
1921-11-23,0.0
1921-11-24,0.0
1921-11-25,0.0
1921-11-26,3.352201
1921-11-27,5.59023
1921-11-28,2.3420286
1921-11-29,0.0
1921-11-30,0.0
1921-12-01,0.0
1921-12-02,0.0
1921-12-03,0.0
1921-12-04,0.0
1921-12-05,7.846105
1921-12-06,0.7872151
1921-12-07,4.4284616
1921-12-08,0.0
1921-12-09,0.0
1921-12-10,0.660627
1921-12-11,0.0
1921-12-12,0.0
1921-12-13,0.0
1921-12-14,0.0
1921-12-15,0.0
1921-12-16,0.0
1921-12-17,1.1267442
1921-12-18,0.0
1921-12-19,0.0
1921-12-20,0.0
1921-12-21,0.0
1921-12-22,0.0
1921-12-23,0.0
1921-12-24,0.0
1921-12-25,0.0
1921-12-26,0.0
1921-12-27,0.0
1921-12-28,0.5960527
1921-12-29,63.28157
1921-12-30,19.004564
1921-12-31,12.482591
1922-01-01,29.54842
1922-01-02,16.734035
1922-01-03,4.3507733
1922-01-04,0.0
1922-01-05,0.0
1922-01-06,2.189067
1922-01-07,0.28383473
1922-01-08,6.879046
1922-01-09,13.03366
1922-01-10,25.236217
1922-01-11,3.6087775
1922-01-12,0.0
1922-01-13,0.0
1922-01-14,0.0
1922-01-15,0.0
1922-01-16,0.0
1922-01-17,0.0
1922-01-18,0.0
1922-01-19,0.0
1922-01-20,0.0
1922-01-21,0.0
1922-01-22,0.0
1922-01-23,0.0
1922-01-24,0.0
1922-01-25,0.0
1922-01-26,0.0
1922-01-27,0.0
1922-01-28,0.0
1922-01-29,0.0
1922-01-30,0.0
1922-01-31,0.0
1922-02-01,0.0
1922-02-02,0.0
1922-02-03,0.0
1922-02-04,0.0
1922-02-05,0.0
1922-02-06,0.0
1922-02-07,0.0
1922-02-08,0.0
1922-02-09,0.0
1922-02-10,0.0
1922-02-11,0.0
1922-02-12,0.0
1922-02-13,0.3859726
1922-02-14,11.127061
1922-02-15,0.0
1922-02-16,0.0
1922-02-17,0.0
1922-02-18,0.0
1922-02-19,0.0
1922-02-20,0.0
1922-02-21,0.0
1922-02-22,0.0
1922-02-23,0.0
1922-02-24,0.0
1922-02-25,0.0
1922-02-26,0.0
1922-02-27,0.0
1922-02-28,0.0
1922-03-01,0.0
1922-03-02,0.0
1922-03-03,0.0
1922-03-04,0.0
1922-03-05,0.0
1922-03-06,0.0
1922-03-07,0.0
1922-03-08,0.0
1922-03-09,0.0
1922-03-10,0.0
1922-03-11,0.0
1922-03-12,0.0
1922-03-13,0.0
1922-03-14,0.0
1922-03-15,0.0
1922-03-16,0.0
1922-03-17,0.0
1922-03-18,0.0
1922-03-19,0.0
1922-03-20,0.0
1922-03-21,0.0
1922-03-22,0.0
1922-03-23,0.0
1922-03-24,0.0
1922-03-25,0.0
1922-03-26,0.0
1922-03-27,0.0
1922-03-28,0.0
1922-03-29,0.0
1922-03-30,0.0
1922-03-31,0.0
1922-04-01,0.0
1922-04-02,0.0
1922-04-03,0.0
1922-04-04,0.0
1922-04-05,0.0
1922-04-06,0.0
1922-04-07,0.0
1922-04-08,0.0
1922-04-09,0.0
1922-04-10,0.0
1922-04-11,0.0
1922-04-12,0.0
1922-04-13,11.4322605
1922-04-14,0.0
1922-04-15,0.0
1922-04-16,0.0
1922-04-17,0.0
1922-04-18,0.0
1922-04-19,0.0
1922-04-20,0.0
1922-04-21,0.0
1922-04-22,0.0
1922-04-23,0.0
1922-04-24,0.0
1922-04-25,0.0
1922-04-26,0.0
1922-04-27,0.0
1922-04-28,0.0
1922-04-29,0.0
1922-04-30,0.0
1922-05-01,0.0
1922-05-02,0.0
1922-05-03,0.0
1922-05-04,0.0
1922-05-05,0.0
1922-05-06,0.0
1922-05-07,0.93355626
1922-05-08,0.0
1922-05-09,0.0
1922-05-10,0.0
1922-05-11,0.0
1922-05-12,0.0
1922-05-13,9.978715
1922-05-14,0.0
1922-05-15,0.0
1922-05-16,31.13351
1922-05-17,0.0
1922-05-18,0.0
1922-05-19,12.305493
1922-05-20,0.0
1922-05-21,0.0
1922-05-22,0.0
1922-05-23,0.0
1922-05-24,0.0
1922-05-25,7.812688
1922-05-26,0.56766945
1922-05-27,0.0
1922-05-28,0.0
1922-05-29,0.0
1922-05-30,0.0
1922-05-31,0.0
1922-06-01,17.569351
1922-06-02,0.0
1922-06-03,0.59324384
1922-06-04,0.0
1922-06-05,1.7464356
1922-06-06,1.5593175
1922-06-07,1.5572833
1922-06-08,11.913186
1922-06-09,0.0
1922-06-10,0.0
1922-06-11,0.0
1922-06-12,0.0
1922-06-13,0.0
1922-06-14,0.0
1922-06-15,1.8696169
1922-06-16,0.0
1922-06-17,0.0
1922-06-18,0.0
1922-06-19,0.20446861
1922-06-20,1.0966023
1922-06-21,0.0
1922-06-22,0.0
1922-06-23,0.0
1922-06-24,0.0
1922-06-25,0.0
1922-06-26,0.23370211
1922-06-27,0.0
1922-06-28,0.0
1922-06-29,0.0
1922-06-30,0.0
1922-07-01,0.0
1922-07-02,0.0
1922-07-03,0.10626987
1922-07-04,0.0
1922-07-05,0.0
1922-07-06,0.0
1922-07-07,0.0
1922-07-08,0.0
1922-07-09,0.0
1922-07-10,0.0
1922-07-11,5.0423846
1922-07-12,4.6494765
1922-07-13,4.2603264
1922-07-14,0.0
1922-07-15,0.0
1922-07-16,11.849227
1922-07-17,1.7464356
1922-07-18,1.0314146
1922-07-19,0.0
1922-07-20,0.0
1922-07-21,0.0
1922-07-22,0.0
1922-07-23,0.0
1922-07-24,0.93355626
1922-07-25,0.0
1922-07-26,2.9556162
1922-07-27,0.0
1922-07-28,0.0
1922-07-29,0.0
1922-07-30,0.0
1922-07-31,0.0
1922-08-01,3.2623632
1922-08-02,3.7859755
1922-08-03,0.0
1922-08-04,0.0
1922-08-05,4.8286467
1922-08-06,47.82918
1922-08-07,0.0
1922-08-08,1.2006661
1922-08-09,1.640249
1922-08-10,0.0
1922-08-11,0.0
1922-08-12,5.206361
1922-08-13,0.8237554
1922-08-14,0.0
1922-08-15,16.140938
1922-08-16,5.959402
1922-08-17,0.0
1922-08-18,0.0
1922-08-19,0.0
1922-08-20,0.19615531
1922-08-21,0.0
1922-08-22,1.13347
1922-08-23,2.5680742
1922-08-24,26.388119
1922-08-25,0.0
1922-08-26,0.1372092
1922-08-27,44.569412
1922-08-28,4.692867
1922-08-29,2.3636672
1922-08-30,7.194383
1922-08-31,0.32431412
1922-09-01,0.0
1922-09-02,1.3766718
1922-09-03,0.25387993
1922-09-04,0.0
1922-09-05,0.0
1922-09-06,0.0
1922-09-07,0.0
1922-09-08,0.0
1922-09-09,35.4099
1922-09-10,0.0
1922-09-11,4.4389105
1922-09-12,2.3247383
1922-09-13,7.717065
1922-09-14,0.23370211
1922-09-15,0.0
1922-09-16,0.5529129
1922-09-17,0.1438167
1922-09-18,0.0
1922-09-19,0.0
1922-09-20,0.21743613
1922-09-21,0.0
1922-09-22,0.0
1922-09-23,0.0
1922-09-24,0.0
1922-09-25,0.0
1922-09-26,23.463165
1922-09-27,4.9056435
1922-09-28,16.774426
1922-09-29,81.76336
1922-09-30,19.948112
1922-10-01,1.9747918
1922-10-02,0.9527857
1922-10-03,3.883051
1922-10-04,0.0
1922-10-05,0.0
1922-10-06,0.0
1922-10-07,0.32358757
1922-10-08,0.0
1922-10-09,0.0
1922-10-10,0.0
1922-10-11,1.8188205
1922-10-12,13.0300665
1922-10-13,16.417133
1922-10-14,3.4022295
1922-10-15,0.0
1922-10-16,0.0
1922-10-17,1.3277826
1922-10-18,16.857195
1922-10-19,0.0
1922-10-20,0.0
1922-10-21,0.0
1922-10-22,3.097753
1922-10-23,17.478369
1922-10-24,0.8344372
1922-10-25,0.7215431
1922-10-26,18.61306
1922-10-27,87.79935
1922-10-28,18.463694
1922-10-29,23.508316
1922-10-30,0.23259914
1922-10-31,0.27700356
1922-11-01,7.287669
1922-11-02,25.707481
1922-11-03,117.64355
1922-11-04,5.2678432
1922-11-05,0.0
1922-11-06,0.0
1922-11-07,16.842855
1922-11-08,5.4408016
1922-11-09,65.861145
1922-11-10,4.3136916
1922-11-11,0.0
1922-11-12,0.0
1922-11-13,0.0
1922-11-14,1.9506891
1922-11-15,0.6831293
1922-11-16,0.0
1922-11-17,0.0
1922-11-18,0.4494272
1922-11-19,0.0
1922-11-20,0.0
1922-11-21,0.0
1922-11-22,0.0
1922-11-23,0.0
1922-11-24,0.0
1922-11-25,0.0
1922-11-26,0.3737422
1922-11-27,14.971806
1922-11-28,17.303879
1922-11-29,50.655598
1922-11-30,76.51505
1922-12-01,74.55506
1922-12-02,67.91099
1922-12-03,8.702594
1922-12-04,0.0
1922-12-05,0.0
1922-12-06,0.0
1922-12-07,0.0
1922-12-08,0.0
1922-12-09,0.0
1922-12-10,0.0
1922-12-11,0.0
1922-12-12,0.0
1922-12-13,0.0
1922-12-14,0.0
1922-12-15,0.0
1922-12-16,0.0
1922-12-17,0.0
1922-12-18,0.0
1922-12-19,0.0
1922-12-20,0.0
1922-12-21,0.0
1922-12-22,0.0
1922-12-23,0.0
1922-12-24,0.0
1922-12-25,0.0
1922-12-26,0.0
1922-12-27,0.0
1922-12-28,0.0
1922-12-29,0.0
1922-12-30,0.0
1922-12-31,0.0
1923-01-01,0.0
1923-01-02,0.0
1923-01-03,0.0
1923-01-04,0.0
1923-01-05,0.0
1923-01-06,0.0
1923-01-07,0.0
1923-01-08,9.456747
1923-01-09,0.91418236
1923-01-10,9.657107
1923-01-11,29.918684
1923-01-12,105.7806
1923-01-13,102.78268
1923-01-14,74.79331
1923-01-15,0.23773769
1923-01-16,0.0
1923-01-17,0.0
1923-01-18,0.0
1923-01-19,0.0
1923-01-20,0.0
1923-01-21,0.0
1923-01-22,0.0
1923-01-23,0.0
1923-01-24,0.0
1923-01-25,6.4791694
1923-01-26,53.611126
1923-01-27,0.5135233
1923-01-28,0.0
1923-01-29,0.0
1923-01-30,0.0
1923-01-31,0.0
1923-02-01,0.0
1923-02-02,0.0
1923-02-03,0.0
1923-02-04,0.0
1923-02-05,0.0
1923-02-06,0.0
1923-02-07,0.0
1923-02-08,0.0
1923-02-09,0.0
1923-02-10,0.0
1923-02-11,0.0
1923-02-12,0.0
1923-02-13,0.0
1923-02-14,0.0
1923-02-15,0.0
1923-02-16,0.0
1923-02-17,0.0
1923-02-18,0.0
1923-02-19,0.0
1923-02-20,0.0
1923-02-21,0.0
1923-02-22,0.0
1923-02-23,0.0
1923-02-24,0.0
1923-02-25,0.0
1923-02-26,0.0
1923-02-27,0.0
1923-02-28,0.0
1923-03-01,2.3701625
1923-03-02,0.49898165
1923-03-03,0.0
1923-03-04,0.0
1923-03-05,0.17977087
1923-03-06,0.0
1923-03-07,0.0
1923-03-08,0.0
1923-03-09,0.0
1923-03-10,0.0
1923-03-11,0.0
1923-03-12,0.0
1923-03-13,0.0
1923-03-14,50.860653
1923-03-15,1.1227086
1923-03-16,0.0
1923-03-17,0.0
1923-03-18,0.0
1923-03-19,0.0
1923-03-20,0.0
1923-03-21,0.0
1923-03-22,0.0
1923-03-23,0.0
1923-03-24,0.0
1923-03-25,0.0
1923-03-26,0.0
1923-03-27,0.0
1923-03-28,0.0
1923-03-29,0.0
1923-03-30,0.0
1923-03-31,0.0
1923-04-01,0.0
1923-04-02,0.5125407
1923-04-03,0.0
1923-04-04,0.0
1923-04-05,0.0
1923-04-06,0.0
1923-04-07,0.0
1923-04-08,0.0
1923-04-09,0.0
1923-04-10,0.0
1923-04-11,0.0
1923-04-12,0.0
1923-04-13,0.0
1923-04-14,0.0
1923-04-15,0.0
1923-04-16,0.0
1923-04-17,0.0
1923-04-18,0.0
1923-04-19,0.0
1923-04-20,0.0
1923-04-21,0.0
1923-04-22,0.0
1923-04-23,0.0
1923-04-24,0.0
1923-04-25,0.0
1923-04-26,0.0
1923-04-27,0.0
1923-04-28,0.0
1923-04-29,0.0
1923-04-30,0.0
1923-05-01,0.0
1923-05-02,0.0
1923-05-03,0.0
1923-05-04,0.0
1923-05-05,0.0
1923-05-06,0.0
1923-05-07,0.0
1923-05-08,0.0
1923-05-09,0.0
1923-05-10,0.0
1923-05-11,0.0
1923-05-12,0.0
1923-05-13,0.0
1923-05-14,0.0
1923-05-15,0.0
1923-05-16,0.0
1923-05-17,0.0
1923-05-18,0.0
1923-05-19,0.0
1923-05-20,0.0
1923-05-21,1.247454
1923-05-22,0.35954174
1923-05-23,0.0
1923-05-24,0.0
1923-05-25,0.0
1923-05-26,0.0
1923-05-27,0.0
1923-05-28,0.0
1923-05-29,0.0
1923-05-30,0.0
1923-05-31,0.0
1923-06-01,0.0
1923-06-02,0.0
1923-06-03,0.0
1923-06-04,0.0
1923-06-05,0.0
1923-06-06,0.0
1923-06-07,0.0
1923-06-08,0.0
1923-06-09,0.0
1923-06-10,0.0
1923-06-11,0.0
1923-06-12,6.936363
1923-06-13,3.0201504
1923-06-14,0.0
1923-06-15,0.0
1923-06-16,0.0
1923-06-17,3.613548
1923-06-18,0.0
1923-06-19,0.0
1923-06-20,1.8546509
1923-06-21,8.519739
1923-06-22,1.6466764
1923-06-23,0.35954174
1923-06-24,0.0
1923-06-25,0.0
1923-06-26,0.0
1923-06-27,0.0
1923-06-28,0.0
1923-06-29,6.3620152
1923-06-30,0.0
1923-07-01,0.695591
1923-07-02,0.0
1923-07-03,0.0
1923-07-04,0.0
1923-07-05,0.0
1923-07-06,0.0
1923-07-07,0.0
1923-07-08,0.0
1923-07-09,0.0
1923-07-10,0.0
1923-07-11,7.5342894
1923-07-12,0.0
1923-07-13,0.0
1923-07-14,0.0
1923-07-15,10.790477
1923-07-16,0.0
1923-07-17,0.0
1923-07-18,13.285385
1923-07-19,0.0
1923-07-20,1.515287
1923-07-21,0.0
1923-07-22,1.2218286
1923-07-23,0.0
1923-07-24,0.0
1923-07-25,0.0
1923-07-26,0.0
1923-07-27,0.0
1923-07-28,0.0
1923-07-29,0.0
1923-07-30,0.0
1923-07-31,0.0
1923-08-01,0.0
1923-08-02,0.0
1923-08-03,6.057609
1923-08-04,0.0
1923-08-05,2.9404392
1923-08-06,0.7730148
1923-08-07,0.0
1923-08-08,1.1505336
1923-08-09,1.1922292
1923-08-10,0.0
1923-08-11,0.0
1923-08-12,5.065641
1923-08-13,4.740325
1923-08-14,0.0
1923-08-15,0.0
1923-08-16,0.0
1923-08-17,0.0
1923-08-18,0.0
1923-08-19,0.0
1923-08-20,0.0
1923-08-21,0.0
1923-08-22,0.1372092
1923-08-23,2.9938898
1923-08-24,0.0
1923-08-25,0.0
1923-08-26,0.0
1923-08-27,1.6187198
1923-08-28,0.95776963
1923-08-29,0.0
1923-08-30,1.240419
1923-08-31,0.0
1923-09-01,0.3118635
1923-09-02,0.0
1923-09-03,2.687166
1923-09-04,0.0
1923-09-05,1.5593175
1923-09-06,0.8629002
1923-09-07,22.196552
1923-09-08,14.331027
1923-09-09,0.0
1923-09-10,26.733759
1923-09-11,0.0
1923-09-12,0.0
1923-09-13,10.2722845
1923-09-14,32.112648
1923-09-15,4.8040285
1923-09-16,0.0
1923-09-17,0.0
1923-09-18,0.0
1923-09-19,0.0
1923-09-20,0.0
1923-09-21,1.2081317
1923-09-22,4.4854465
1923-09-23,0.0
1923-09-24,0.0
1923-09-25,0.0
1923-09-26,0.0
1923-09-27,0.0
1923-09-28,0.0
1923-09-29,0.0
1923-09-30,0.0
1923-10-01,7.120655
1923-10-02,14.748901
1923-10-03,5.430644
1923-10-04,0.0
1923-10-05,3.8281827
1923-10-06,0.0
1923-10-07,0.1129958
1923-10-08,0.0
1923-10-09,0.0
1923-10-10,0.3118635
1923-10-11,0.0
1923-10-12,0.0
1923-10-13,0.0
1923-10-14,0.0
1923-10-15,0.0
1923-10-16,8.681037
1923-10-17,19.715326
1923-10-18,84.03431
1923-10-19,5.577623
1923-10-20,51.68905
1923-10-21,32.072273
1923-10-22,8.524112
1923-10-23,59.221523
1923-10-24,23.459578
1923-10-25,50.563198
1923-10-26,36.03406
1923-10-27,110.61262
1923-10-28,172.99727
1923-10-29,33.357548
1923-10-30,12.047138
1923-10-31,0.0
1923-11-01,0.0
1923-11-02,0.0
1923-11-03,0.0
1923-11-04,11.085309
1923-11-05,0.0
1923-11-06,0.0
1923-11-07,0.0
1923-11-08,5.0756364
1923-11-09,0.0
1923-11-10,0.19787963
1923-11-11,3.1810076
1923-11-12,2.4185894
1923-11-13,0.0
1923-11-14,10.676048
1923-11-15,0.49898165
1923-11-16,0.0
1923-11-17,0.0
1923-11-18,0.0
1923-11-19,0.0
1923-11-20,0.0
1923-11-21,0.0
1923-11-22,0.0
1923-11-23,0.0
1923-11-24,0.0
1923-11-25,0.49898165
1923-11-26,0.0
1923-11-27,0.0
1923-11-28,0.0
1923-11-29,0.0
1923-11-30,0.0
1923-12-01,0.0
1923-12-02,17.918715
1923-12-03,21.160908
1923-12-04,2.5274093
1923-12-05,7.409065
1923-12-06,0.0
1923-12-07,0.0
1923-12-08,14.578169
1923-12-09,0.0
1923-12-10,0.0
1923-12-11,0.0
1923-12-12,0.0
1923-12-13,0.0
1923-12-14,0.0
1923-12-15,18.422932
1923-12-16,3.2387574
1923-12-17,49.20597
1923-12-18,2.3176148
1923-12-19,26.225836
1923-12-20,0.0
1923-12-21,0.0
1923-12-22,0.44037676
1923-12-23,7.74464
1923-12-24,2.4600482
1923-12-25,0.53261137
1923-12-26,0.0
1923-12-27,0.0
1923-12-28,0.0
1923-12-29,0.0
1923-12-30,0.0
1923-12-31,0.0
1924-01-01,19.908472
1924-01-02,0.0
1924-01-03,0.0
1924-01-04,4.762733
1924-01-05,26.968842
1924-01-06,1.2809339
1924-01-07,3.6373935
1924-01-08,177.96114
1924-01-09,5.4127517
1924-01-10,0.0
1924-01-11,0.0
1924-01-12,0.0
1924-01-13,0.0
1924-01-14,0.0
1924-01-15,0.0
1924-01-16,0.0
1924-01-17,0.0
1924-01-18,0.0
1924-01-19,0.0
1924-01-20,0.0
1924-01-21,0.0
1924-01-22,0.0
1924-01-23,0.0
1924-01-24,0.0
1924-01-25,0.0
1924-01-26,0.0
1924-01-27,0.0
1924-01-28,0.0
1924-01-29,0.0
1924-01-30,0.0
1924-01-31,0.0
1924-02-01,0.0
1924-02-02,0.0
1924-02-03,0.0
1924-02-04,0.0
1924-02-05,0.0
1924-02-06,0.0
1924-02-07,0.0
1924-02-08,0.0
1924-02-09,0.0
1924-02-10,0.0
1924-02-11,0.0
1924-02-12,0.0
1924-02-13,0.0
1924-02-14,0.0
1924-02-15,0.0
1924-02-16,0.0
1924-02-17,0.0
1924-02-18,0.0
1924-02-19,0.0
1924-02-20,0.0
1924-02-21,0.0
1924-02-22,0.0
1924-02-23,0.0
1924-02-24,0.0
1924-02-25,0.0
1924-02-26,0.0
1924-02-27,0.0
1924-02-28,0.0
1924-02-29,0.0
1924-03-01,0.0
1924-03-02,0.0
1924-03-03,0.0
1924-03-04,0.0
1924-03-05,0.0
1924-03-06,0.0
1924-03-07,0.0
1924-03-08,0.0
1924-03-09,0.0
1924-03-10,0.0
1924-03-11,0.0
1924-03-12,0.0
1924-03-13,0.0
1924-03-14,0.0
1924-03-15,0.0
1924-03-16,0.0
1924-03-17,0.0
1924-03-18,0.0
1924-03-19,0.0
1924-03-20,0.0
1924-03-21,5.36885
1924-03-22,13.137196
1924-03-23,1.247454
1924-03-24,0.0
1924-03-25,0.0
1924-03-26,0.0
1924-03-27,0.0
1924-03-28,0.0
1924-03-29,0.0
1924-03-30,11.235974
1924-03-31,3.7614336
1924-04-01,4.61558
1924-04-02,0.0
1924-04-03,0.0
1924-04-04,0.0
1924-04-05,0.0
1924-04-06,0.0
1924-04-07,0.0
1924-04-08,0.0
1924-04-09,0.0
1924-04-10,0.0
1924-04-11,0.0
1924-04-12,0.0
1924-04-13,0.0
1924-04-14,0.0
1924-04-15,0.0
1924-04-16,0.0
1924-04-17,0.0
1924-04-18,0.0
1924-04-19,0.0
1924-04-20,0.0
1924-04-21,0.0
1924-04-22,0.0
1924-04-23,0.0
1924-04-24,0.0
1924-04-25,0.0
1924-04-26,0.0
1924-04-27,0.0
1924-04-28,0.0
1924-04-29,0.0
1924-04-30,0.0
1924-05-01,0.0
1924-05-02,0.0
1924-05-03,0.0
1924-05-04,0.0
1924-05-05,0.0
1924-05-06,0.0
1924-05-07,0.0
1924-05-08,0.0
1924-05-09,0.0
1924-05-10,0.0
1924-05-11,0.0
1924-05-12,0.0
1924-05-13,0.0
1924-05-14,0.0
1924-05-15,0.0
1924-05-16,0.0
1924-05-17,0.0
1924-05-18,0.0
1924-05-19,0.0
1924-05-20,0.0
1924-05-21,0.0
1924-05-22,0.0
1924-05-23,42.404343
1924-05-24,0.0
1924-05-25,0.0
1924-05-26,0.0
1924-05-27,0.0
1924-05-28,0.0
1924-05-29,0.0
1924-05-30,0.0
1924-05-31,0.0
1924-06-01,0.0
1924-06-02,0.0
1924-06-03,0.0
1924-06-04,0.0
1924-06-05,0.0
1924-06-06,0.0
1924-06-07,0.0
1924-06-08,0.0
1924-06-09,0.0
1924-06-10,0.0
1924-06-11,1.391182
1924-06-12,0.0
1924-06-13,0.0
1924-06-14,0.0
1924-06-15,0.0
1924-06-16,0.0
1924-06-17,0.0
1924-06-18,0.0
1924-06-19,0.0
1924-06-20,0.0
1924-06-21,0.0
1924-06-22,0.0
1924-06-23,0.0
1924-06-24,0.7746671
1924-06-25,1.4561441
1924-06-26,0.0
1924-06-27,0.0
1924-06-28,0.0
1924-06-29,0.0
1924-06-30,3.0657535
1924-07-01,2.4783075
1924-07-02,0.4494272
1924-07-03,0.0
1924-07-04,28.620056
1924-07-05,0.2259916
1924-07-06,0.0
1924-07-07,4.7165956
1924-07-08,28.617922
1924-07-09,0.0
1924-07-10,0.0
1924-07-11,0.0
1924-07-12,0.17977087
1924-07-13,0.0
1924-07-14,0.623727
1924-07-15,0.0
1924-07-16,0.0
1924-07-17,0.0
1924-07-18,0.0
1924-07-19,0.0
1924-07-20,0.81880707
1924-07-21,0.0
1924-07-22,0.0
1924-07-23,0.0
1924-07-24,0.0
1924-07-25,0.0
1924-07-26,0.0
1924-07-27,0.9007305
1924-07-28,0.623727
1924-07-29,0.0
1924-07-30,0.0
1924-07-31,0.0
1924-08-01,0.0
1924-08-02,0.0
1924-08-03,0.0
1924-08-04,0.0
1924-08-05,0.0
1924-08-06,0.0
1924-08-07,0.73706055
1924-08-08,5.364053
1924-08-09,5.355141
1924-08-10,1.4819448
1924-08-11,0.0
1924-08-12,0.0
1924-08-13,0.0
1924-08-14,0.0
1924-08-15,1.1166065
1924-08-16,7.739508
1924-08-17,0.14393514
1924-08-18,3.2358756
1924-08-19,14.376356
1924-08-20,9.114111
1924-08-21,13.895781
1924-08-22,7.890852
1924-08-23,33.891243
1924-08-24,0.0
1924-08-25,0.0
1924-08-26,0.0
1924-08-27,0.0
1924-08-28,0.0
1924-08-29,0.0
1924-08-30,0.0
1924-08-31,15.929313
1924-09-01,0.0
1924-09-02,0.1438167
1924-09-03,0.13989958
1924-09-04,0.0
1924-09-05,5.5180287
1924-09-06,0.0
1924-09-07,2.3247383
1924-09-08,23.513456
1924-09-09,9.797233
1924-09-10,1.2763731
1924-09-11,0.0
1924-09-12,0.0
1924-09-13,0.0
1924-09-14,0.0
1924-09-15,0.0
1924-09-16,0.7730148
1924-09-17,26.624916
1924-09-18,0.67765826
1924-09-19,0.0
1924-09-20,12.779363
1924-09-21,0.0
1924-09-22,63.46764
1924-09-23,12.614306
1924-09-24,14.854458
1924-09-25,83.73466
1924-09-26,9.161752
1924-09-27,0.0
1924-09-28,0.0
1924-09-29,0.0
1924-09-30,3.964254
1924-10-01,6.5089574
1924-10-02,0.0
1924-10-03,0.0
1924-10-04,0.0
1924-10-05,0.0
1924-10-06,0.0
1924-10-07,0.0
1924-10-08,0.0
1924-10-09,0.0
1924-10-10,19.75848
1924-10-11,0.0
1924-10-12,0.5125407
1924-10-13,9.917909
1924-10-14,0.0
1924-10-15,0.0
1924-10-16,0.0
1924-10-17,0.0
1924-10-18,3.5015607
1924-10-19,0.9066002
1924-10-20,0.0
1924-10-21,0.0
1924-10-22,13.070062
1924-10-23,11.323204
1924-10-24,0.0
1924-10-25,0.20459235
1924-10-26,12.297251
1924-10-27,7.4839582
1924-10-28,62.86066
1924-10-29,0.0
1924-10-30,0.0
1924-10-31,0.0
1924-11-01,15.704339
1924-11-02,6.350014
1924-11-03,81.15908
1924-11-04,11.996475
1924-11-05,31.20258
1924-11-06,18.598997
1924-11-07,0.0
1924-11-08,6.822204
1924-11-09,0.0
1924-11-10,1.1227086
1924-11-11,0.0
1924-11-12,0.0
1924-11-13,3.2898066
1924-11-14,0.0
1924-11-15,0.0
1924-11-16,0.0
1924-11-17,0.0
1924-11-18,0.0
1924-11-19,0.0
1924-11-20,0.0
1924-11-21,0.0
1924-11-22,0.0
1924-11-23,0.0
1924-11-24,0.0
1924-11-25,0.0
1924-11-26,0.0
1924-11-27,31.265907
1924-11-28,3.5000403
1924-11-29,0.0
1924-11-30,0.1438167
1924-12-01,27.536385
1924-12-02,0.0
1924-12-03,0.0
1924-12-04,0.0
1924-12-05,0.0
1924-12-06,6.0658045
1924-12-07,2.6257203
1924-12-08,0.45467362
1924-12-09,0.0
1924-12-10,0.0
1924-12-11,0.0
1924-12-12,3.2891815
1924-12-13,0.41236997
1924-12-14,19.109379
1924-12-15,32.717403
1924-12-16,14.70216
1924-12-17,0.31856743
1924-12-18,0.0
1924-12-19,1.7666135
1924-12-20,6.0890746
1924-12-21,0.0
1924-12-22,0.0
1924-12-23,0.0
1924-12-24,0.0
1924-12-25,0.0
1924-12-26,0.0
1924-12-27,0.0
1924-12-28,0.0
1924-12-29,0.0
1924-12-30,0.0
1924-12-31,0.0
1925-01-01,0.0
1925-01-02,0.0
1925-01-03,0.0
1925-01-04,0.0
1925-01-05,0.0
1925-01-06,0.0
1925-01-07,0.0
1925-01-08,0.0
1925-01-09,0.0
1925-01-10,0.0
1925-01-11,0.0
1925-01-12,5.2413807
1925-01-13,36.068428
1925-01-14,0.23796532
1925-01-15,0.0
1925-01-16,0.0
1925-01-17,0.0
1925-01-18,0.0
1925-01-19,0.0
1925-01-20,0.0
1925-01-21,0.0
1925-01-22,0.0
1925-01-23,0.0
1925-01-24,0.0
1925-01-25,0.0
1925-01-26,0.0
1925-01-27,0.0
1925-01-28,0.0
1925-01-29,0.0
1925-01-30,0.0
1925-01-31,0.0
1925-02-01,0.0
1925-02-02,0.0
1925-02-03,0.0
1925-02-04,0.0
1925-02-05,0.0
1925-02-06,0.0
1925-02-07,0.0
1925-02-08,0.0
1925-02-09,0.0
1925-02-10,0.0
1925-02-11,0.0
1925-02-12,0.0
1925-02-13,0.0
1925-02-14,0.0
1925-02-15,0.0
1925-02-16,0.0
1925-02-17,0.0
1925-02-18,0.0
1925-02-19,0.0
1925-02-20,0.0
1925-02-21,0.0
1925-02-22,0.0
1925-02-23,0.0
1925-02-24,0.0
1925-02-25,0.0
1925-02-26,0.0
1925-02-27,0.0
1925-02-28,0.0
1925-03-01,0.0
1925-03-02,0.0
1925-03-03,0.0
1925-03-04,0.0
1925-03-05,0.0
1925-03-06,0.0
1925-03-07,0.0
1925-03-08,0.0
1925-03-09,0.0
1925-03-10,0.0
1925-03-11,1.3193179
1925-03-12,2.05799
1925-03-13,0.0
1925-03-14,67.37358
1925-03-15,24.49432
1925-03-16,2.4250062
1925-03-17,44.080048
1925-03-18,0.9917058
1925-03-19,12.438968
1925-03-20,0.0
1925-03-21,0.0
1925-03-22,0.0
1925-03-23,0.0
1925-03-24,0.0
1925-03-25,0.0
1925-03-26,0.0
1925-03-27,0.0
1925-03-28,0.0
1925-03-29,0.0
1925-03-30,0.0
1925-03-31,0.0
1925-04-01,0.0
1925-04-02,0.0
1925-04-03,0.0
1925-04-04,0.0
1925-04-05,0.0
1925-04-06,0.0
1925-04-07,0.0
1925-04-08,0.0
1925-04-09,0.0
1925-04-10,0.0
1925-04-11,0.0
1925-04-12,0.0
1925-04-13,0.0
1925-04-14,0.0
1925-04-15,0.0
1925-04-16,0.0
1925-04-17,0.0
1925-04-18,0.0
1925-04-19,0.0
1925-04-20,0.0
1925-04-21,0.0
1925-04-22,0.0
1925-04-23,0.0
1925-04-24,0.0
1925-04-25,0.0
1925-04-26,6.324632
1925-04-27,0.0
1925-04-28,0.0
1925-04-29,0.0
1925-04-30,0.0
1925-05-01,0.0
1925-05-02,0.0
1925-05-03,0.0
1925-05-04,0.0
1925-05-05,0.0
1925-05-06,0.0
1925-05-07,0.0
1925-05-08,0.0
1925-05-09,10.735253
1925-05-10,9.042007
1925-05-11,0.0
1925-05-12,0.0
1925-05-13,0.0
1925-05-14,0.0
1925-05-15,0.0
1925-05-16,0.0
1925-05-17,0.0
1925-05-18,9.628755
1925-05-19,0.0
1925-05-20,0.0
1925-05-21,0.0
1925-05-22,0.0
1925-05-23,0.0
1925-05-24,0.0
1925-05-25,0.0
1925-05-26,0.0
1925-05-27,0.0
1925-05-28,0.93355626
1925-05-29,0.0
1925-05-30,1.7698836
1925-05-31,5.362018
1925-06-01,0.0
1925-06-02,0.0
1925-06-03,0.0
1925-06-04,0.0
1925-06-05,0.0
1925-06-06,0.0
1925-06-07,0.0
1925-06-08,0.695591
1925-06-09,0.0
1925-06-10,28.248646
1925-06-11,0.0
1925-06-12,1.9217441
1925-06-13,0.0
1925-06-14,0.0
1925-06-15,0.0
1925-06-16,0.0
1925-06-17,0.0
1925-06-18,9.404718
1925-06-19,10.332877
1925-06-20,7.1531134
1925-06-21,0.67921215
1925-06-22,3.1728714
1925-06-23,0.0
1925-06-24,0.0
1925-06-25,0.0
1925-06-26,0.0
1925-06-27,0.0
1925-06-28,0.0
1925-06-29,0.0
1925-06-30,0.0
1925-07-01,0.0
1925-07-02,0.0
1925-07-03,0.0
1925-07-04,0.0
1925-07-05,0.0
1925-07-06,0.0
1925-07-07,0.0
1925-07-08,0.0
1925-07-09,0.0
1925-07-10,0.0
1925-07-11,0.0
1925-07-12,0.0
1925-07-13,0.0
1925-07-14,0.0
1925-07-15,0.0
1925-07-16,12.063561
1925-07-17,0.0
1925-07-18,0.0
1925-07-19,0.0
1925-07-20,0.0
1925-07-21,0.0
1925-07-22,0.0
1925-07-23,0.0
1925-07-24,9.946028
1925-07-25,6.739229
1925-07-26,0.0
1925-07-27,3.395244
1925-07-28,0.0
1925-07-29,0.0
1925-07-30,0.0
1925-07-31,0.1438167
1925-08-01,10.875805
1925-08-02,0.32949045
1925-08-03,3.3655581
1925-08-04,12.157744
1925-08-05,52.590717
1925-08-06,4.3631053
1925-08-07,4.6309466
1925-08-08,6.1571198
1925-08-09,0.0
1925-08-10,0.26965627
1925-08-11,0.0
1925-08-12,53.06166
1925-08-13,0.0
1925-08-14,1.5753047
1925-08-15,0.0
1925-08-16,5.755508
1925-08-17,0.0
1925-08-18,3.0752442
1925-08-19,9.595364
1925-08-20,0.0
1925-08-21,0.0
1925-08-22,0.0
1925-08-23,0.0
1925-08-24,0.0
1925-08-25,5.9838495
1925-08-26,3.9515154
1925-08-27,1.0966023
1925-08-28,0.0
1925-08-29,21.439943
1925-08-30,0.0
1925-08-31,9.392676
1925-09-01,0.623727
1925-09-02,0.23370211
1925-09-03,12.432307
1925-09-04,0.4494272
1925-09-05,0.0
1925-09-06,0.0
1925-09-07,0.0
1925-09-08,0.0
1925-09-09,0.0
1925-09-10,0.0
1925-09-11,18.907284
1925-09-12,0.0
1925-09-13,0.0
1925-09-14,0.0
1925-09-15,0.0
1925-09-16,0.0
1925-09-17,15.031821
1925-09-18,0.0
1925-09-19,0.0
1925-09-20,0.0
1925-09-21,0.0
1925-09-22,0.0
1925-09-23,0.0
1925-09-24,0.0
1925-09-25,0.0
1925-09-26,0.0
1925-09-27,0.0
1925-09-28,0.0
1925-09-29,0.0
1925-09-30,0.0
1925-10-01,14.462025
1925-10-02,0.0
1925-10-03,0.0
1925-10-04,59.725704
1925-10-05,0.0
1925-10-06,8.974732
1925-10-07,6.673879
1925-10-08,0.0
1925-10-09,0.0
1925-10-10,1.1715217
1925-10-11,0.0
1925-10-12,1.3021424
1925-10-13,64.79577
1925-10-14,0.0
1925-10-15,0.0
1925-10-16,0.0
1925-10-17,0.0
1925-10-18,3.9729364
1925-10-19,0.0
1925-10-20,0.0
1925-10-21,1.4541287
1925-10-22,2.4756842
1925-10-23,62.07719
1925-10-24,24.412304
1925-10-25,8.519774
1925-10-26,3.0602121
1925-10-27,0.54371405
1925-10-28,57.812183
1925-10-29,31.200888
1925-10-30,18.565487
1925-10-31,63.48649
1925-11-01,56.96276
1925-11-02,2.5443845
1925-11-03,0.65254
1925-11-04,28.9003
1925-11-05,0.0
1925-11-06,0.0
1925-11-07,34.95903
1925-11-08,39.122517
1925-11-09,24.23665
1925-11-10,34.82695
1925-11-11,22.80616
1925-11-12,36.51623
1925-11-13,19.122612
1925-11-14,1.8674779
1925-11-15,0.24715398
1925-11-16,0.34294233
1925-11-17,0.0
1925-11-18,0.0
1925-11-19,67.48368
1925-11-20,52.733932
1925-11-21,14.013379
1925-11-22,0.0
1925-11-23,0.623727
1925-11-24,0.0
1925-11-25,0.0
1925-11-26,0.0
1925-11-27,29.89193
1925-11-28,49.905815
1925-11-29,4.20492
1925-11-30,8.854014
1925-12-01,0.0
1925-12-02,13.32596
1925-12-03,24.424559
1925-12-04,3.291514
1925-12-05,4.929506
1925-12-06,104.60105
1925-12-07,30.033062
1925-12-08,8.516354
1925-12-09,46.050434
1925-12-10,164.90477
1925-12-11,41.38727
1925-12-12,13.792764
1925-12-13,0.0
1925-12-14,6.8319206
1925-12-15,0.0
1925-12-16,0.0
1925-12-17,0.0
1925-12-18,0.0
1925-12-19,0.0
1925-12-20,0.0
1925-12-21,0.0
1925-12-22,0.0
1925-12-23,0.0
1925-12-24,5.660587
1925-12-25,0.0
1925-12-26,0.0
1925-12-27,1.0449849
1925-12-28,10.277065
1925-12-29,1.3303044
1925-12-30,0.8216066
1925-12-31,0.0
1926-01-01,0.0
1926-01-02,0.0
1926-01-03,0.0
1926-01-04,0.0
1926-01-05,0.0
1926-01-06,0.0
1926-01-07,0.0
1926-01-08,12.94485
1926-01-09,0.0
1926-01-10,0.0
1926-01-11,0.0
1926-01-12,0.0
1926-01-13,0.0
1926-01-14,8.098281
1926-01-15,0.0
1926-01-16,0.0
1926-01-17,0.0
1926-01-18,0.0
1926-01-19,0.0
1926-01-20,0.0
1926-01-21,0.0
1926-01-22,0.0
1926-01-23,0.23796532
1926-01-24,0.0
1926-01-25,9.912216
1926-01-26,36.00338
1926-01-27,1.7019666
1926-01-28,58.10718
1926-01-29,100.89344
1926-01-30,0.0
1926-01-31,0.0
1926-02-01,0.0
1926-02-02,0.0
1926-02-03,0.0
1926-02-04,0.0
1926-02-05,0.0
1926-02-06,0.0
1926-02-07,0.0
1926-02-08,0.0
1926-02-09,0.0
1926-02-10,0.0
1926-02-11,0.0
1926-02-12,0.0
1926-02-13,0.0
1926-02-14,0.0
1926-02-15,0.0
1926-02-16,0.0
1926-02-17,0.0
1926-02-18,0.0
1926-02-19,0.0
1926-02-20,0.0
1926-02-21,0.0
1926-02-22,0.0
1926-02-23,0.0
1926-02-24,0.0
1926-02-25,0.0
1926-02-26,0.0
1926-02-27,0.0
1926-02-28,0.0
1926-03-01,0.0
1926-03-02,0.0
1926-03-03,0.0
1926-03-04,0.0
1926-03-05,0.0
1926-03-06,0.0
1926-03-07,0.0
1926-03-08,0.0
1926-03-09,0.0
1926-03-10,0.0
1926-03-11,0.0
1926-03-12,0.0
1926-03-13,0.0
1926-03-14,0.0
1926-03-15,0.0
1926-03-16,0.0
1926-03-17,0.0
1926-03-18,0.0
1926-03-19,0.0
1926-03-20,0.0
1926-03-21,0.0
1926-03-22,0.0
1926-03-23,0.0
1926-03-24,0.0
1926-03-25,0.0
1926-03-26,0.0
1926-03-27,0.0
1926-03-28,0.0
1926-03-29,0.0
1926-03-30,0.0
1926-03-31,0.0
1926-04-01,0.0
1926-04-02,0.0
1926-04-03,0.0
1926-04-04,0.0
1926-04-05,0.0
1926-04-06,0.0
1926-04-07,0.0
1926-04-08,0.0
1926-04-09,0.49898165
1926-04-10,1.9508673
1926-04-11,0.0
1926-04-12,1.2996569
1926-04-13,0.0
1926-04-14,0.0
1926-04-15,0.0
1926-04-16,0.0
1926-04-17,0.0
1926-04-18,0.0
1926-04-19,0.0
1926-04-20,0.0
1926-04-21,0.0
1926-04-22,0.0
1926-04-23,0.0
1926-04-24,0.0
1926-04-25,0.0
1926-04-26,0.0
1926-04-27,0.0
1926-04-28,0.0
1926-04-29,0.0
1926-04-30,0.0
1926-05-01,0.0
1926-05-02,0.0
1926-05-03,0.0
1926-05-04,0.0
1926-05-05,0.0
1926-05-06,0.13048325
1926-05-07,0.0
1926-05-08,0.0
1926-05-09,0.0
1926-05-10,0.0
1926-05-11,0.0
1926-05-12,0.0
1926-05-13,0.0
1926-05-14,0.0
1926-05-15,0.0
1926-05-16,2.009908
1926-05-17,0.0
1926-05-18,0.0
1926-05-19,0.0
1926-05-20,0.0
1926-05-21,0.0
1926-05-22,0.0
1926-05-23,7.5716386
1926-05-24,0.0
1926-05-25,0.0
1926-05-26,0.0
1926-05-27,0.0
1926-05-28,0.0
1926-05-29,0.0
1926-05-30,0.0
1926-05-31,0.0
1926-06-01,0.0
1926-06-02,11.231122
1926-06-03,0.0
1926-06-04,0.0
1926-06-05,0.0
1926-06-06,0.0
1926-06-07,0.0
1926-06-08,23.141197
1926-06-09,0.3118635
1926-06-10,0.0
1926-06-11,0.0
1926-06-12,0.0
1926-06-13,0.0
1926-06-14,0.45762566
1926-06-15,0.0
1926-06-16,0.0
1926-06-17,0.0
1926-06-18,0.0
1926-06-19,0.623727
1926-06-20,0.0
1926-06-21,2.8691442
1926-06-22,0.0
1926-06-23,0.0
1926-06-24,1.0865673
1926-06-25,7.9957848
1926-06-26,0.0
1926-06-27,0.0
1926-06-28,0.0
1926-06-29,0.0
1926-06-30,0.0
1926-07-01,0.0
1926-07-02,0.0
1926-07-03,0.9423165
1926-07-04,0.0
1926-07-05,0.0
1926-07-06,0.0
1926-07-07,0.0
1926-07-08,1.1227086
1926-07-09,0.0
1926-07-10,0.0
1926-07-11,0.0
1926-07-12,0.0
1926-07-13,0.15335146
1926-07-14,0.0
1926-07-15,0.0
1926-07-16,0.0
1926-07-17,0.0
1926-07-18,0.0
1926-07-19,0.0
1926-07-20,0.0
1926-07-21,0.0
1926-07-22,0.0
1926-07-23,0.0
1926-07-24,12.924099
1926-07-25,0.0
1926-07-26,1.1881989
1926-07-27,0.0
1926-07-28,0.0
1926-07-29,0.0
1926-07-30,0.0
1926-07-31,2.3326445
1926-08-01,0.0
1926-08-02,5.305608
1926-08-03,0.0
1926-08-04,1.6311816
1926-08-05,0.31746444
1926-08-06,0.8108451
1926-08-07,0.82694596
1926-08-08,0.0
1926-08-09,0.0
1926-08-10,0.0
1926-08-11,0.0
1926-08-12,0.0
1926-08-13,0.0
1926-08-14,1.1715217
1926-08-15,0.0
1926-08-16,0.0
1926-08-17,0.0
1926-08-18,0.0
1926-08-19,25.576548
1926-08-20,6.558539
1926-08-21,25.73474
1926-08-22,0.50335836
1926-08-23,0.0
1926-08-24,5.104085
1926-08-25,0.0
1926-08-26,8.324163
1926-08-27,2.5059755
1926-08-28,10.640716
1926-08-29,0.0
1926-08-30,3.71592
1926-08-31,0.0
1926-09-01,0.0
1926-09-02,0.0
1926-09-03,0.0
1926-09-04,0.0
1926-09-05,0.0
1926-09-06,14.191851
1926-09-07,0.0
1926-09-08,0.0
1926-09-09,0.0
1926-09-10,11.759775
1926-09-11,4.7998824
1926-09-12,0.0
1926-09-13,0.0
1926-09-14,0.0
1926-09-15,0.0
1926-09-16,0.0
1926-09-17,0.0
1926-09-18,8.504056
1926-09-19,3.1667693
1926-09-20,59.57182
1926-09-21,0.0
1926-09-22,0.0
1926-09-23,0.0
1926-09-24,0.0
1926-09-25,0.0
1926-09-26,0.0
1926-09-27,2.661652
1926-09-28,0.0
1926-09-29,0.0
1926-09-30,7.927462
1926-10-01,10.976445
1926-10-02,6.2153826
1926-10-03,0.23370211
1926-10-04,0.0
1926-10-05,0.1438167
1926-10-06,8.563884
1926-10-07,0.0
1926-10-08,0.0
1926-10-09,4.740325
1926-10-10,2.9837725
1926-10-11,32.589336
1926-10-12,46.34866
1926-10-13,31.215221
1926-10-14,0.0
1926-10-15,0.13989958
1926-10-16,3.8866875
1926-10-17,71.75545
1926-10-18,10.375568
1926-10-19,5.6759157
1926-10-20,21.87656
1926-10-21,0.0
1926-10-22,0.0
1926-10-23,0.0
1926-10-24,0.0
1926-10-25,0.0
1926-10-26,0.0
1926-10-27,0.0
1926-10-28,0.0
1926-10-29,0.3737422
1926-10-30,6.9803977
1926-10-31,1.5593175
1926-11-01,0.0
1926-11-02,0.0
1926-11-03,38.09581
1926-11-04,0.0
1926-11-05,29.887041
1926-11-06,128.5891
1926-11-07,48.408787
1926-11-08,11.8071165
1926-11-09,0.0
1926-11-10,0.54458106
1926-11-11,0.20446861
1926-11-12,0.0
1926-11-13,0.0
1926-11-14,0.5950734
1926-11-15,0.0
1926-11-16,0.0
1926-11-17,0.0
1926-11-18,0.0
1926-11-19,0.0
1926-11-20,48.04373
1926-11-21,0.0
1926-11-22,10.817012
1926-11-23,0.0
1926-11-24,0.0
1926-11-25,0.0
1926-11-26,0.0
1926-11-27,0.0
1926-11-28,0.0
1926-11-29,0.0
1926-11-30,0.0
1926-12-01,0.0
1926-12-02,0.0
1926-12-03,0.0
1926-12-04,0.0
1926-12-05,0.0
1926-12-06,0.0
1926-12-07,3.1341257
1926-12-08,20.173647
1926-12-09,2.0582993
1926-12-10,0.0
1926-12-11,0.0
1926-12-12,0.0
1926-12-13,0.0
1926-12-14,0.0
1926-12-15,0.0
1926-12-16,71.49919
1926-12-17,5.724343
1926-12-18,0.0
1926-12-19,0.0
1926-12-20,0.0
1926-12-21,0.0
1926-12-22,0.0
1926-12-23,0.0
1926-12-24,0.0
1926-12-25,0.0
1926-12-26,0.0
1926-12-27,0.0
1926-12-28,0.0
1926-12-29,0.0
1926-12-30,1.8805473
1926-12-31,1.9197472
1927-01-01,0.0
1927-01-02,0.0
1927-01-03,0.8108451
1927-01-04,0.0
1927-01-05,0.0
1927-01-06,0.0
1927-01-07,4.9807167
1927-01-08,0.0
1927-01-09,0.0
1927-01-10,0.0
1927-01-11,0.0
1927-01-12,0.0
1927-01-13,5.079093
1927-01-14,0.0
1927-01-15,6.6163607
1927-01-16,0.60078645
1927-01-17,0.0
1927-01-18,0.0
1927-01-19,0.0
1927-01-20,0.0
1927-01-21,0.0
1927-01-22,2.752025
1927-01-23,8.474788
1927-01-24,0.0
1927-01-25,0.0
1927-01-26,0.0
1927-01-27,0.0
1927-01-28,0.0
1927-01-29,0.0
1927-01-30,0.0
1927-01-31,0.0
1927-02-01,0.0
1927-02-02,0.0
1927-02-03,0.0
1927-02-04,0.0
1927-02-05,0.0
1927-02-06,0.0
1927-02-07,0.0
1927-02-08,0.0
1927-02-09,1.031099
1927-02-10,2.845027
1927-02-11,53.828873
1927-02-12,0.16680335
1927-02-13,0.0
1927-02-14,0.0
1927-02-15,0.0
1927-02-16,0.0
1927-02-17,0.0
1927-02-18,0.0
1927-02-19,0.0
1927-02-20,0.0
1927-02-21,0.0
1927-02-22,0.0
1927-02-23,0.0
1927-02-24,0.0
1927-02-25,0.0
1927-02-26,0.0
1927-02-27,0.0
1927-02-28,0.0
1927-03-01,0.0
1927-03-02,0.0
1927-03-03,0.0
1927-03-04,0.0
1927-03-05,0.0
1927-03-06,0.0
1927-03-07,0.54915076
1927-03-08,0.0
1927-03-09,0.0
1927-03-10,0.0
1927-03-11,0.0
1927-03-12,0.0
1927-03-13,0.0
1927-03-14,0.0
1927-03-15,0.0
1927-03-16,0.0
1927-03-17,0.0
1927-03-18,0.0
1927-03-19,0.0
1927-03-20,0.0
1927-03-21,0.0
1927-03-22,0.0
1927-03-23,0.0
1927-03-24,0.0
1927-03-25,0.0
1927-03-26,0.0
1927-03-27,0.0
1927-03-28,0.0
1927-03-29,0.0
1927-03-30,0.0
1927-03-31,0.0
1927-04-01,0.0
1927-04-02,0.0
1927-04-03,0.0
1927-04-04,0.0
1927-04-05,0.0
1927-04-06,0.0
1927-04-07,0.0
1927-04-08,0.0
1927-04-09,0.0
1927-04-10,0.0
1927-04-11,0.0
1927-04-12,0.0
1927-04-13,0.0
1927-04-14,0.0
1927-04-15,0.0
1927-04-16,0.0
1927-04-17,0.0
1927-04-18,0.0
1927-04-19,0.0
1927-04-20,0.0
1927-04-21,0.0
1927-04-22,0.0
1927-04-23,0.0
1927-04-24,0.0
1927-04-25,0.0
1927-04-26,16.687536
1927-04-27,14.560125
1927-04-28,0.0
1927-04-29,0.0
1927-04-30,0.0
1927-05-01,0.0
1927-05-02,0.0
1927-05-03,0.0
1927-05-04,2.3215451
1927-05-05,0.0
1927-05-06,0.0
1927-05-07,0.0
1927-05-08,0.0
1927-05-09,0.0
1927-05-10,0.0
1927-05-11,0.0
1927-05-12,0.0
1927-05-13,23.033026
1927-05-14,3.6493487
1927-05-15,0.0
1927-05-16,0.0
1927-05-17,0.0
1927-05-18,0.0
1927-05-19,9.706349
1927-05-20,0.0
1927-05-21,0.0
1927-05-22,0.0
1927-05-23,0.0
1927-05-24,0.0
1927-05-25,0.0
1927-05-26,0.0
1927-05-27,0.0
1927-05-28,11.414204
1927-05-29,0.0
1927-05-30,0.0
1927-05-31,0.0
1927-06-01,0.0
1927-06-02,0.0
1927-06-03,0.0
1927-06-04,0.0
1927-06-05,5.6860757
1927-06-06,0.0
1927-06-07,0.0
1927-06-08,0.0
1927-06-09,2.3620265
1927-06-10,17.20876
1927-06-11,40.426117
1927-06-12,0.0
1927-06-13,0.0
1927-06-14,0.0
1927-06-15,0.0
1927-06-16,0.0
1927-06-17,0.0
1927-06-18,0.0
1927-06-19,0.0
1927-06-20,0.0
1927-06-21,0.0
1927-06-22,15.810753
1927-06-23,0.0
1927-06-24,0.0
1927-06-25,0.0
1927-06-26,0.0
1927-06-27,0.0
1927-06-28,1.7464356
1927-06-29,0.0
1927-06-30,13.6577215
1927-07-01,2.3741982
1927-07-02,0.8420312
1927-07-03,0.0
1927-07-04,9.318074
1927-07-05,0.18711811
1927-07-06,2.2962894
1927-07-07,0.0
1927-07-08,1.5902568
1927-07-09,12.970524
1927-07-10,18.510399
1927-07-11,0.0
1927-07-12,0.0
1927-07-13,0.0
1927-07-14,0.18711811
1927-07-15,0.0
1927-07-16,0.49898165
1927-07-17,0.5164691
1927-07-18,2.9913633
1927-07-19,8.882082
1927-07-20,0.0
1927-07-21,0.79221326
1927-07-22,0.0
1927-07-23,0.0
1927-07-24,2.6962218
1927-07-25,0.0
1927-07-26,0.0
1927-07-27,0.0
1927-07-28,0.0
1927-07-29,2.4189758
1927-07-30,0.18711811
1927-07-31,0.3118635
1927-08-01,1.9586377
1927-08-02,0.3457134
1927-08-03,0.0
1927-08-04,18.711811
1927-08-05,1.4632587
1927-08-06,0.32358757
1927-08-07,4.9274435
1927-08-08,8.166746
1927-08-09,0.0
1927-08-10,0.0
1927-08-11,0.0
1927-08-12,0.0
1927-08-13,0.0
1927-08-14,7.6681886
1927-08-15,25.865562
1927-08-16,14.133843
1927-08-17,0.0
1927-08-18,0.0
1927-08-19,0.0
1927-08-20,0.0
1927-08-21,0.0
1927-08-22,0.0
1927-08-23,0.0
1927-08-24,0.0
1927-08-25,0.16680335
1927-08-26,0.0
1927-08-27,0.0
1927-08-28,0.0
1927-08-29,0.0
1927-08-30,0.0
1927-08-31,0.0
1927-09-01,0.0
1927-09-02,0.0
1927-09-03,0.0
1927-09-04,0.0
1927-09-05,0.0
1927-09-06,4.332478
1927-09-07,0.0
1927-09-08,7.4426017
1927-09-09,1.2996569
1927-09-10,2.3247383
1927-09-11,0.0
1927-09-12,0.953078
1927-09-13,0.0
1927-09-14,0.0
1927-09-15,0.0
1927-09-16,0.0
1927-09-17,5.7660832
1927-09-18,1.1821109
1927-09-19,0.0
1927-09-20,0.0
1927-09-21,0.0
1927-09-22,0.0
1927-09-23,0.0
1927-09-24,0.0
1927-09-25,0.695591
1927-09-26,0.0
1927-09-27,0.0
1927-09-28,3.0784945
1927-09-29,0.0
1927-09-30,0.8552363
1927-10-01,36.76504
1927-10-02,0.0
1927-10-03,0.0
1927-10-04,0.0
1927-10-05,0.0
1927-10-06,0.0
1927-10-07,0.0
1927-10-08,0.0
1927-10-09,0.0
1927-10-10,3.1376176
1927-10-11,0.9527857
1927-10-12,1.247454
1927-10-13,0.26965627
1927-10-14,0.45176306
1927-10-15,2.630253
1927-10-16,0.0
1927-10-17,0.0
1927-10-18,0.0
1927-10-19,0.45762566
1927-10-20,0.0
1927-10-21,0.0
1927-10-22,6.819151
1927-10-23,0.0
1927-10-24,0.3118635
1927-10-25,0.0
1927-10-26,1.9418194
1927-10-27,1.3160586
1927-10-28,48.98616
1927-10-29,0.0
1927-10-30,0.0
1927-10-31,0.0
1927-11-01,0.0
1927-11-02,0.0
1927-11-03,0.9692202
1927-11-04,17.095821
1927-11-05,17.728315
1927-11-06,74.39216
1927-11-07,41.67857
1927-11-08,17.786802
1927-11-09,6.035265
1927-11-10,22.026447
1927-11-11,40.815727
1927-11-12,13.834213
1927-11-13,1.6781467
1927-11-14,74.90621
1927-11-15,4.995573
1927-11-16,2.3481333
1927-11-17,0.0
1927-11-18,0.0
1927-11-19,0.0
1927-11-20,0.0
1927-11-21,0.0
1927-11-22,0.0
1927-11-23,0.0
1927-11-24,0.0
1927-11-25,0.0
1927-11-26,0.0
1927-11-27,0.0
1927-11-28,0.0
1927-11-29,0.0
1927-11-30,53.328312
1927-12-01,27.811981
1927-12-02,0.0
1927-12-03,0.6080436
1927-12-04,2.4757638
1927-12-05,0.0
1927-12-06,0.18711811
1927-12-07,36.708637
1927-12-08,2.0582993
1927-12-09,4.649003
1927-12-10,1.8752166
1927-12-11,0.93559057
1927-12-12,12.838479
1927-12-13,0.33607692
1927-12-14,0.0
1927-12-15,0.0
1927-12-16,0.0
1927-12-17,0.0
1927-12-18,0.0
1927-12-19,0.0
1927-12-20,0.0
1927-12-21,0.0
1927-12-22,0.0
1927-12-23,46.558662
1927-12-24,5.592442
1927-12-25,0.0
1927-12-26,0.0
1927-12-27,0.0
1927-12-28,0.0
1927-12-29,0.0
1927-12-30,0.0
1927-12-31,0.0
1928-01-01,0.0
1928-01-02,0.0
1928-01-03,0.0
1928-01-04,6.3863916
1928-01-05,10.749083
1928-01-06,10.024477
1928-01-07,45.761326
1928-01-08,0.8477451
1928-01-09,0.0
1928-01-10,0.0
1928-01-11,0.0
1928-01-12,0.0
1928-01-13,0.0
1928-01-14,0.0
1928-01-15,0.0
1928-01-16,0.0
1928-01-17,0.0
1928-01-18,0.0
1928-01-19,0.0
1928-01-20,0.0
1928-01-21,0.0
1928-01-22,0.0
1928-01-23,0.0
1928-01-24,0.0
1928-01-25,0.0
1928-01-26,0.0
1928-01-27,0.0
1928-01-28,0.0
1928-01-29,0.0
1928-01-30,0.0
1928-01-31,0.0
1928-02-01,0.0
1928-02-02,0.0
1928-02-03,0.0
1928-02-04,11.528268
1928-02-05,21.046642
1928-02-06,9.151672
1928-02-07,0.0
1928-02-08,0.0
1928-02-09,0.0
1928-02-10,0.0
1928-02-11,0.0
1928-02-12,0.0
1928-02-13,0.0
1928-02-14,0.0
1928-02-15,0.0
1928-02-16,0.0
1928-02-17,0.0
1928-02-18,0.0
1928-02-19,0.0
1928-02-20,0.0
1928-02-21,0.0
1928-02-22,0.0
1928-02-23,0.0
1928-02-24,0.0
1928-02-25,0.0
1928-02-26,0.0
1928-02-27,0.0
1928-02-28,0.0
1928-02-29,0.0
1928-03-01,0.0
1928-03-02,0.0
1928-03-03,0.0
1928-03-04,0.0
1928-03-05,0.0
1928-03-06,0.0
1928-03-07,0.0
1928-03-08,0.0
1928-03-09,0.0
1928-03-10,0.0
1928-03-11,0.0
1928-03-12,0.0
1928-03-13,0.0
1928-03-14,0.0
1928-03-15,0.0
1928-03-16,0.0
1928-03-17,0.0
1928-03-18,0.0
1928-03-19,0.0
1928-03-20,0.0
1928-03-21,0.0
1928-03-22,0.0
1928-03-23,0.0
1928-03-24,0.0
1928-03-25,0.0
1928-03-26,0.0
1928-03-27,0.0
1928-03-28,0.0
1928-03-29,0.0
1928-03-30,8.420315
1928-03-31,0.50848114
1928-04-01,0.59324384
1928-04-02,5.739397
1928-04-03,0.0
1928-04-04,0.0
1928-04-05,0.0
1928-04-06,0.0
1928-04-07,0.0
1928-04-08,0.0
1928-04-09,0.0
1928-04-10,0.0
1928-04-11,0.0
1928-04-12,0.0
1928-04-13,0.0
1928-04-14,0.0
1928-04-15,0.0
1928-04-16,0.0
1928-04-17,0.0
1928-04-18,0.0
1928-04-19,0.0
1928-04-20,0.0
1928-04-21,0.0
1928-04-22,0.0
1928-04-23,0.0
1928-04-24,0.0
1928-04-25,0.0
1928-04-26,0.0
1928-04-27,0.0
1928-04-28,0.0
1928-04-29,0.0
1928-04-30,0.0
1928-05-01,0.0
1928-05-02,0.0
1928-05-03,0.0
1928-05-04,0.0
1928-05-05,0.0
1928-05-06,0.0
1928-05-07,0.0
1928-05-08,1.6762217
1928-05-09,0.0
1928-05-10,2.0067086
1928-05-11,0.0
1928-05-12,0.0
1928-05-13,0.0
1928-05-14,0.0
1928-05-15,0.0
1928-05-16,0.0
1928-05-17,0.0
1928-05-18,0.0
1928-05-19,0.0
1928-05-20,0.0
1928-05-21,0.0
1928-05-22,0.0
1928-05-23,0.0
1928-05-24,0.0
1928-05-25,0.0
1928-05-26,0.0
1928-05-27,0.0
1928-05-28,0.0
1928-05-29,0.0
1928-05-30,1.4345721
1928-05-31,0.0
1928-06-01,0.0
1928-06-02,5.319242
1928-06-03,0.0
1928-06-04,0.0
1928-06-05,0.0
1928-06-06,0.0
1928-06-07,0.0
1928-06-08,0.0
1928-06-09,0.0
1928-06-10,0.0
1928-06-11,0.0
1928-06-12,2.6182117
1928-06-13,0.0
1928-06-14,0.0
1928-06-15,0.0
1928-06-16,0.0
1928-06-17,0.3118635
1928-06-18,0.0
1928-06-19,0.0
1928-06-20,0.0
1928-06-21,0.0
1928-06-22,0.0
1928-06-23,0.0
1928-06-24,0.0
1928-06-25,0.0
1928-06-26,10.025391
1928-06-27,0.5164691
1928-06-28,0.0
1928-06-29,0.0
1928-06-30,0.0
1928-07-01,0.0
1928-07-02,9.281782
1928-07-03,1.441298
1928-07-04,0.0
1928-07-05,0.0
1928-07-06,7.754306
1928-07-07,0.0
1928-07-08,0.0
1928-07-09,1.391182
1928-07-10,0.0
1928-07-11,0.0
1928-07-12,7.221027
1928-07-13,18.76204
1928-07-14,14.808383
1928-07-15,2.3837218
1928-07-16,31.920586
1928-07-17,0.0
1928-07-18,0.0
1928-07-19,0.0
1928-07-20,0.0
1928-07-21,0.0
1928-07-22,0.0
1928-07-23,0.0
1928-07-24,0.0
1928-07-25,0.0
1928-07-26,0.0
1928-07-27,0.0
1928-07-28,0.0
1928-07-29,0.0
1928-07-30,2.1844
1928-07-31,0.0
1928-08-01,0.0
1928-08-02,2.9573045
1928-08-03,0.0
1928-08-04,1.5165204
1928-08-05,5.979413
1928-08-06,1.3543844
1928-08-07,26.069643
1928-08-08,0.123515144
1928-08-09,0.695591
1928-08-10,0.0
1928-08-11,0.45762566
1928-08-12,5.645433
1928-08-13,66.63341
1928-08-14,4.1169066
1928-08-15,0.0
1928-08-16,25.684742
1928-08-17,0.0
1928-08-18,0.0
1928-08-19,7.6233206
1928-08-20,16.883944
1928-08-21,3.0601962
1928-08-22,0.93559057
1928-08-23,33.39318
1928-08-24,0.0
1928-08-25,0.0
1928-08-26,0.0
1928-08-27,0.0
1928-08-28,0.0
1928-08-29,0.0
1928-08-30,0.0
1928-08-31,0.0
1928-09-01,0.0
1928-09-02,0.0
1928-09-03,0.0
1928-09-04,0.0
1928-09-05,0.623727
1928-09-06,0.0
1928-09-07,0.0
1928-09-08,0.54915076
1928-09-09,0.0
1928-09-10,7.695569
1928-09-11,2.245417
1928-09-12,18.543077
1928-09-13,14.165454
1928-09-14,5.3572717
1928-09-15,5.728283
1928-09-16,1.8711811
1928-09-17,0.0
1928-09-18,0.0
1928-09-19,0.0
1928-09-20,6.3620152
1928-09-21,0.0
1928-09-22,0.0
1928-09-23,6.1854587
1928-09-24,0.0
1928-09-25,2.6413028
1928-09-26,0.0
1928-09-27,0.0
1928-09-28,0.0
1928-09-29,0.0
1928-09-30,0.0
1928-10-01,0.0
1928-10-02,0.0
1928-10-03,0.0
1928-10-04,0.0
1928-10-05,16.590317
1928-10-06,0.35954174
1928-10-07,0.0
1928-10-08,15.009857
1928-10-09,30.122612
1928-10-10,11.102341
1928-10-11,1.1715217
1928-10-12,50.237934
1928-10-13,0.0
1928-10-14,0.0
1928-10-15,15.012579
1928-10-16,28.881704
1928-10-17,8.882393
1928-10-18,51.022385
1928-10-19,11.86912
1928-10-20,49.009735
1928-10-21,1.2602723
1928-10-22,2.907772
1928-10-23,9.53145
1928-10-24,15.238815
1928-10-25,11.9468155
1928-10-26,0.9530525
1928-10-27,8.901278
1928-10-28,0.0
1928-10-29,0.0
1928-10-30,0.0
1928-10-31,0.0
1928-11-01,0.0
1928-11-02,0.7365824
1928-11-03,7.899128
1928-11-04,68.648674
1928-11-05,37.102165
1928-11-06,35.80495
1928-11-07,45.30299
1928-11-08,28.208054
1928-11-09,7.399168
1928-11-10,72.23864
1928-11-11,46.501713
1928-11-12,83.13807
1928-11-13,150.15433
1928-11-14,107.0966
1928-11-15,0.0
1928-11-16,0.0
1928-11-17,0.0
1928-11-18,0.0
1928-11-19,0.0
1928-11-20,5.0099816
1928-11-21,47.55441
1928-11-22,6.646253
1928-11-23,0.0
1928-11-24,0.0
1928-11-25,0.0
1928-11-26,0.0
1928-11-27,0.0
1928-11-28,0.0
1928-11-29,0.0
1928-11-30,0.0
1928-12-01,0.0
1928-12-02,0.7673944
1928-12-03,14.007345
1928-12-04,56.5963
1928-12-05,0.5388309
1928-12-06,0.0
1928-12-07,3.1803608
1928-12-08,84.52085
1928-12-09,22.808317
1928-12-10,0.95576835
1928-12-11,0.0
1928-12-12,0.0
1928-12-13,0.0
1928-12-14,0.0
1928-12-15,0.0
1928-12-16,0.0
1928-12-17,0.0
1928-12-18,0.0
1928-12-19,0.0
1928-12-20,0.0
1928-12-21,0.0
1928-12-22,0.0
1928-12-23,0.0
1928-12-24,0.0
1928-12-25,32.586952
1928-12-26,105.55998
1928-12-27,78.87513
1928-12-28,100.19665
1928-12-29,1.5007002
1928-12-30,5.063913
1928-12-31,0.0
1929-01-01,0.0
1929-01-02,0.0
1929-01-03,0.0
1929-01-04,0.0
1929-01-05,0.0
1929-01-06,0.0
1929-01-07,0.0
1929-01-08,2.062676
1929-01-09,0.0
1929-01-10,11.283929
1929-01-11,0.0
1929-01-12,0.0
1929-01-13,0.0
1929-01-14,0.0
1929-01-15,0.0
1929-01-16,0.0
1929-01-17,0.0
1929-01-18,0.0
1929-01-19,0.0
1929-01-20,0.0
1929-01-21,0.0
1929-01-22,0.0
1929-01-23,0.0
1929-01-24,0.0
1929-01-25,0.0
1929-01-26,0.0
1929-01-27,0.0
1929-01-28,0.0
1929-01-29,0.0
1929-01-30,0.0
1929-01-31,0.0
1929-02-01,0.0
1929-02-02,0.0
1929-02-03,15.175638
1929-02-04,6.0005975
1929-02-05,0.0
1929-02-06,4.42761
1929-02-07,4.9275975
1929-02-08,0.0
1929-02-09,0.0
1929-02-10,0.0
1929-02-11,0.0
1929-02-12,0.0
1929-02-13,0.0
1929-02-14,0.0
1929-02-15,0.0
1929-02-16,0.0
1929-02-17,0.0
1929-02-18,0.0
1929-02-19,0.0
1929-02-20,0.0
1929-02-21,0.0
1929-02-22,0.0
1929-02-23,0.0
1929-02-24,0.0
1929-02-25,0.0
1929-02-26,0.0
1929-02-27,0.0
1929-02-28,0.0
1929-03-01,0.0
1929-03-02,0.0
1929-03-03,0.0
1929-03-04,0.0
1929-03-05,0.0
1929-03-06,0.0
1929-03-07,0.0
1929-03-08,0.0
1929-03-09,0.0
1929-03-10,0.0
1929-03-11,0.0
1929-03-12,0.0
1929-03-13,0.0
1929-03-14,0.0
1929-03-15,0.0
1929-03-16,0.0
1929-03-17,0.0
1929-03-18,0.0
1929-03-19,0.0
1929-03-20,0.0
1929-03-21,0.0
1929-03-22,0.0
1929-03-23,0.0
1929-03-24,0.0
1929-03-25,0.0
1929-03-26,0.0
1929-03-27,0.0
1929-03-28,0.0
1929-03-29,0.0
1929-03-30,0.0
1929-03-31,0.0
1929-04-01,0.0
1929-04-02,0.0
1929-04-03,0.0
1929-04-04,0.0
1929-04-05,0.0
1929-04-06,0.0
1929-04-07,0.0
1929-04-08,0.0
1929-04-09,0.0
1929-04-10,0.0
1929-04-11,0.0
1929-04-12,0.0
1929-04-13,0.0
1929-04-14,0.0
1929-04-15,1.7599947
1929-04-16,26.628386
1929-04-17,0.0
1929-04-18,0.0
1929-04-19,0.0
1929-04-20,0.0
1929-04-21,0.0
1929-04-22,3.542394
1929-04-23,0.0
1929-04-24,19.800362
1929-04-25,6.498485
1929-04-26,0.0
1929-04-27,0.0
1929-04-28,0.0
1929-04-29,0.0
1929-04-30,0.0
1929-05-01,0.0
1929-05-02,0.0
1929-05-03,0.0
1929-05-04,0.23370211
1929-05-05,6.76892
1929-05-06,0.0
1929-05-07,0.0
1929-05-08,0.0
1929-05-09,0.0
1929-05-10,0.0
1929-05-11,0.0
1929-05-12,0.0
1929-05-13,0.0
1929-05-14,0.0
1929-05-15,0.0
1929-05-16,0.0
1929-05-17,0.0
1929-05-18,0.0
1929-05-19,0.0
1929-05-20,0.0
1929-05-21,0.0
1929-05-22,0.0
1929-05-23,0.0
1929-05-24,0.0
1929-05-25,2.9938898
1929-05-26,0.0
1929-05-27,0.0
1929-05-28,0.0
1929-05-29,0.0
1929-05-30,0.0
1929-05-31,0.0
1929-06-01,0.0
1929-06-02,0.0
1929-06-03,0.0
1929-06-04,0.0
1929-06-05,0.0
1929-06-06,0.0
1929-06-07,0.0
1929-06-08,0.0
1929-06-09,0.0
1929-06-10,0.0
1929-06-11,0.0
1929-06-12,0.0
1929-06-13,0.0
1929-06-14,1.6471688
1929-06-15,14.471923
1929-06-16,4.0457845
1929-06-17,18.851526
1929-06-18,0.0
1929-06-19,0.0
1929-06-20,0.0
1929-06-21,0.0
1929-06-22,0.0
1929-06-23,5.364053
1929-06-24,0.0
1929-06-25,0.0
1929-06-26,0.0
1929-06-27,0.750506
1929-06-28,0.9698606
1929-06-29,0.0
1929-06-30,0.0
1929-07-01,16.55618
1929-07-02,0.23370211
1929-07-03,0.0
1929-07-04,0.0
1929-07-05,0.0
1929-07-06,0.0
1929-07-07,0.64717513
1929-07-08,0.0
1929-07-09,0.0
1929-07-10,0.3118635
1929-07-11,2.0369983
1929-07-12,0.0
1929-07-13,0.0
1929-07-14,0.0
1929-07-15,0.0
1929-07-16,0.0
1929-07-17,0.0
1929-07-18,0.0
1929-07-19,0.0
1929-07-20,0.1438167
1929-07-21,0.0
1929-07-22,0.0
1929-07-23,0.0
1929-07-24,0.0
1929-07-25,0.0
1929-07-26,0.0
1929-07-27,12.218711
1929-07-28,0.0
1929-07-29,4.1950755
1929-07-30,0.623727
1929-07-31,3.1314535
1929-08-01,27.945505
1929-08-02,2.4280572
1929-08-03,0.0
1929-08-04,0.0
1929-08-05,29.170673
1929-08-06,0.0
1929-08-07,2.2946928
1929-08-08,0.0
1929-08-09,0.32358757
1929-08-10,0.0
1929-08-11,4.8787594
1929-08-12,0.0
1929-08-13,9.326075
1929-08-14,12.645414
1929-08-15,55.39715
1929-08-16,0.0
1929-08-17,0.0
1929-08-18,19.905293
1929-08-19,0.0
1929-08-20,0.0
1929-08-21,7.1947904
1929-08-22,0.0
1929-08-23,11.519316
1929-08-24,6.320659
1929-08-25,0.0
1929-08-26,0.0
1929-08-27,0.0
1929-08-28,0.0
1929-08-29,0.0
1929-08-30,0.0
1929-08-31,0.0
1929-09-01,0.0
1929-09-02,0.0
1929-09-03,0.0
1929-09-04,0.0
1929-09-05,0.0
1929-09-06,0.0
1929-09-07,0.0
1929-09-08,0.0
1929-09-09,0.0
1929-09-10,0.0
1929-09-11,0.0
1929-09-12,0.0
1929-09-13,0.0
1929-09-14,10.297932
1929-09-15,30.868658
1929-09-16,35.40755
1929-09-17,0.0
1929-09-18,0.18711811
1929-09-19,1.7503308
1929-09-20,6.3353148
1929-09-21,0.0
1929-09-22,0.0
1929-09-23,0.0
1929-09-24,0.0
1929-09-25,2.9807289
1929-09-26,5.7396436
1929-09-27,0.1438167
1929-09-28,21.278616
1929-09-29,0.0
1929-09-30,0.0
1929-10-01,43.190628
1929-10-02,36.689323
1929-10-03,5.5398173
1929-10-04,4.9351373
1929-10-05,0.0
1929-10-06,0.0
1929-10-07,0.0
1929-10-08,0.0
1929-10-09,0.8108451
1929-10-10,0.41347298
1929-10-11,0.17977087
1929-10-12,0.0
1929-10-13,0.6254046
1929-10-14,0.0
1929-10-15,0.0
1929-10-16,0.0
1929-10-17,0.0
1929-10-18,2.086773
1929-10-19,1.4345721
1929-10-20,0.0
1929-10-21,0.0
1929-10-22,3.8249385
1929-10-23,0.0
1929-10-24,0.0
1929-10-25,0.0
1929-10-26,9.613452
1929-10-27,71.236496
1929-10-28,1.4345721
1929-10-29,5.103174
1929-10-30,49.09203
1929-10-31,52.0144
1929-11-01,29.805132
1929-11-02,20.997654
1929-11-03,6.491833
1929-11-04,32.476326
1929-11-05,117.62153
1929-11-06,1.3266797
1929-11-07,3.9420013
1929-11-08,1.9395757
1929-11-09,0.0
1929-11-10,0.0
1929-11-11,4.318422
1929-11-12,12.679999
1929-11-13,54.47922
1929-11-14,0.3118635
1929-11-15,0.0
1929-11-16,8.044664
1929-11-17,0.0
1929-11-18,0.0
1929-11-19,0.0
1929-11-20,0.0
1929-11-21,26.819344
1929-11-22,0.0
1929-11-23,34.422813
1929-11-24,81.507675
1929-11-25,32.92386
1929-11-26,0.0
1929-11-27,0.0
1929-11-28,0.0
1929-11-29,0.0
1929-11-30,0.0
1929-12-01,0.0
1929-12-02,22.16742
1929-12-03,11.587515
1929-12-04,4.331037
1929-12-05,0.73379034
1929-12-06,3.5602355
1929-12-07,20.985027
1929-12-08,36.857243
1929-12-09,9.371701
1929-12-10,0.4200318
1929-12-11,0.0
1929-12-12,0.0
1929-12-13,0.0
1929-12-14,0.0
1929-12-15,0.0
1929-12-16,0.0
1929-12-17,0.0
1929-12-18,0.0
1929-12-19,0.0
1929-12-20,0.0
1929-12-21,0.0
1929-12-22,15.604352
1929-12-23,7.434075
1929-12-24,2.2291586
1929-12-25,25.137722
1929-12-26,1.0113772
1929-12-27,0.26965627
1929-12-28,0.0
1929-12-29,0.0
1929-12-30,0.0
1929-12-31,0.0
1930-01-01,0.0
1930-01-02,0.0
1930-01-03,0.0
1930-01-04,0.0
1930-01-05,2.7284365
1930-01-06,56.75622
1930-01-07,77.988655
1930-01-08,39.8295
1930-01-09,21.325102
1930-01-10,0.1438167
1930-01-11,0.0
1930-01-12,0.0
1930-01-13,0.0
1930-01-14,0.0
1930-01-15,0.0
1930-01-16,0.0
1930-01-17,0.0
1930-01-18,0.0
1930-01-19,0.0
1930-01-20,0.0
1930-01-21,0.0
1930-01-22,0.0
1930-01-23,0.0
1930-01-24,0.0
1930-01-25,0.0
1930-01-26,0.0
1930-01-27,0.0
1930-01-28,0.0
1930-01-29,0.0
1930-01-30,0.0
1930-01-31,0.0
1930-02-01,0.0
1930-02-02,0.0
1930-02-03,0.0
1930-02-04,0.0
1930-02-05,0.0
1930-02-06,3.9450731
1930-02-07,0.0
1930-02-08,0.0
1930-02-09,58.767902
1930-02-10,16.517485
1930-02-11,0.0
1930-02-12,0.0
1930-02-13,0.26965627
1930-02-14,0.0
1930-02-15,0.0
1930-02-16,0.0
1930-02-17,0.0
1930-02-18,0.0
1930-02-19,0.0
1930-02-20,0.0
1930-02-21,31.82288
1930-02-22,3.8602831
1930-02-23,0.0
1930-02-24,0.0
1930-02-25,0.0
1930-02-26,0.0
1930-02-27,0.0
1930-02-28,0.0
1930-03-01,0.0
1930-03-02,0.0
1930-03-03,0.0
1930-03-04,0.0
1930-03-05,0.0
1930-03-06,0.0
1930-03-07,0.0
1930-03-08,0.0
1930-03-09,0.0
1930-03-10,0.0
1930-03-11,0.0
1930-03-12,0.0
1930-03-13,0.0
1930-03-14,0.0
1930-03-15,0.0
1930-03-16,0.0
1930-03-17,0.0
1930-03-18,0.0
1930-03-19,0.0
1930-03-20,0.0
1930-03-21,0.0
1930-03-22,0.0
1930-03-23,0.0
1930-03-24,0.0
1930-03-25,0.0
1930-03-26,0.0
1930-03-27,0.0
1930-03-28,15.399526
1930-03-29,0.0
1930-03-30,0.0
1930-03-31,0.0
1930-04-01,0.0
1930-04-02,0.0
1930-04-03,0.0
1930-04-04,0.0
1930-04-05,0.0
1930-04-06,0.0
1930-04-07,0.0
1930-04-08,0.0
1930-04-09,0.0
1930-04-10,0.0
1930-04-11,0.0
1930-04-12,0.0
1930-04-13,0.0
1930-04-14,0.0
1930-04-15,0.0
1930-04-16,0.0
1930-04-17,0.0
1930-04-18,0.0
1930-04-19,0.0
1930-04-20,0.0
1930-04-21,0.0
1930-04-22,0.0
1930-04-23,0.0
1930-04-24,0.0
1930-04-25,0.0
1930-04-26,0.0
1930-04-27,0.0
1930-04-28,0.0
1930-04-29,0.0
1930-04-30,0.0
1930-05-01,0.0
1930-05-02,0.0
1930-05-03,0.0
1930-05-04,0.0
1930-05-05,0.0
1930-05-06,0.0
1930-05-07,119.9389
1930-05-08,22.239557
1930-05-09,63.029984
1930-05-10,7.030368
1930-05-11,0.0
1930-05-12,0.0
1930-05-13,0.0
1930-05-14,0.0
1930-05-15,0.0
1930-05-16,0.0
1930-05-17,0.0
1930-05-18,0.0
1930-05-19,0.0
1930-05-20,0.0
1930-05-21,0.0
1930-05-22,0.0
1930-05-23,0.0
1930-05-24,0.0
1930-05-25,0.0
1930-05-26,0.0
1930-05-27,0.0
1930-05-28,0.0
1930-05-29,0.0
1930-05-30,0.0
1930-05-31,0.54915076
1930-06-01,0.0
1930-06-02,2.782364
1930-06-03,0.0
1930-06-04,0.0
1930-06-05,0.0
1930-06-06,0.0
1930-06-07,0.0
1930-06-08,0.0
1930-06-09,0.0
1930-06-10,0.0
1930-06-11,0.0
1930-06-12,0.0
1930-06-13,3.7203202
1930-06-14,0.0
1930-06-15,47.40572
1930-06-16,2.269823
1930-06-17,1.9235482
1930-06-18,0.0
1930-06-19,0.0
1930-06-20,0.5125407
1930-06-21,4.740325
1930-06-22,0.0
1930-06-23,0.0
1930-06-24,4.092774
1930-06-25,1.1227086
1930-06-26,0.0
1930-06-27,0.0
1930-06-28,0.4210156
1930-06-29,0.0
1930-06-30,1.1864877
1930-07-01,0.0
1930-07-02,0.0
1930-07-03,0.0
1930-07-04,0.0
1930-07-05,0.0
1930-07-06,0.0
1930-07-07,0.0
1930-07-08,0.0
1930-07-09,0.0
1930-07-10,0.0
1930-07-11,0.0
1930-07-12,0.0
1930-07-13,0.0
1930-07-14,0.0
1930-07-15,1.6359149
1930-07-16,0.0
1930-07-17,0.0
1930-07-18,0.0
1930-07-19,0.0
1930-07-20,0.0
1930-07-21,0.0
1930-07-22,7.3518434
1930-07-23,0.0
1930-07-24,0.45762566
1930-07-25,0.0
1930-07-26,1.1562749
1930-07-27,18.720316
1930-07-28,0.0
1930-07-29,1.8003669
1930-07-30,0.0
1930-07-31,0.0
1930-08-01,0.0
1930-08-02,0.0
1930-08-03,0.0
1930-08-04,0.13317363
1930-08-05,0.623727
1930-08-06,0.0
1930-08-07,0.0
1930-08-08,0.0
1930-08-09,0.0
1930-08-10,0.0
1930-08-11,0.0
1930-08-12,0.0
1930-08-13,0.0
1930-08-14,0.0
1930-08-15,0.18711811
1930-08-16,39.458977
1930-08-17,0.0
1930-08-18,0.0
1930-08-19,0.0
1930-08-20,0.0
1930-08-21,0.0
1930-08-22,13.210737
1930-08-23,9.823454
1930-08-24,0.0
1930-08-25,0.0
1930-08-26,7.110488
1930-08-27,9.974939
1930-08-28,0.0
1930-08-29,25.982233
1930-08-30,0.0
1930-08-31,0.0
1930-09-01,0.11568619
1930-09-02,7.007314
1930-09-03,5.863034
1930-09-04,3.9538853
1930-09-05,0.0
1930-09-06,0.0
1930-09-07,4.214902
1930-09-08,0.0
1930-09-09,0.0
1930-09-10,0.35954174
1930-09-11,0.0
1930-09-12,0.0
1930-09-13,0.0
1930-09-14,0.0
1930-09-15,0.0
1930-09-16,7.734215
1930-09-17,13.971485
1930-09-18,62.358036
1930-09-19,22.773281
1930-09-20,7.579141
1930-09-21,0.0
1930-09-22,0.0
1930-09-23,0.24885984
1930-09-24,0.0
1930-09-25,0.0
1930-09-26,0.0
1930-09-27,0.0
1930-09-28,0.0
1930-09-29,0.0
1930-09-30,5.247883
1930-10-01,0.0
1930-10-02,0.0
1930-10-03,0.0
1930-10-04,5.0521894
1930-10-05,0.0
1930-10-06,0.0
1930-10-07,17.254519
1930-10-08,2.782364
1930-10-09,8.457163
1930-10-10,0.0
1930-10-11,25.696747
1930-10-12,10.291855
1930-10-13,0.0
1930-10-14,10.265319
1930-10-15,15.329363
1930-10-16,6.334637
1930-10-17,5.753985
1930-10-18,0.0
1930-10-19,26.258661
1930-10-20,37.81022
1930-10-21,36.755264
1930-10-22,81.65898
1930-10-23,173.32614
1930-10-24,73.949104
1930-10-25,42.421444
1930-10-26,34.19633
1930-10-27,11.309096
1930-10-28,15.031821
1930-10-29,2.3604233
1930-10-30,0.0
1930-10-31,11.201798
1930-11-01,11.54691
1930-11-02,0.0
1930-11-03,10.103879
1930-11-04,2.4913564
1930-11-05,13.857141
1930-11-06,3.9304338
1930-11-07,1.7464356
1930-11-08,0.3118635
1930-11-09,1.7159524
1930-11-10,0.0
1930-11-11,0.0
1930-11-12,0.0
1930-11-13,0.0
1930-11-14,0.0
1930-11-15,0.0
1930-11-16,1.9727905
1930-11-17,0.98670775
1930-11-18,0.0
1930-11-19,3.1118546
1930-11-20,0.0
1930-11-21,2.4162767
1930-11-22,0.0
1930-11-23,0.0
1930-11-24,0.0
1930-11-25,21.011625
1930-11-26,33.640327
1930-11-27,8.55441
1930-11-28,1.0620346
1930-11-29,87.73503
1930-11-30,3.3937871
1930-12-01,5.2662992
1930-12-02,5.475329
1930-12-03,1.1692927
1930-12-04,0.0
1930-12-05,0.76754373
1930-12-06,0.0
1930-12-07,0.0
1930-12-08,0.0
1930-12-09,0.0
1930-12-10,0.0
1930-12-11,0.0
1930-12-12,0.0
1930-12-13,0.0
1930-12-14,0.0
1930-12-15,0.0
1930-12-16,0.0
1930-12-17,0.0
1930-12-18,0.0
1930-12-19,0.0
1930-12-20,0.0
1930-12-21,0.0
1930-12-22,0.0
1930-12-23,0.0
1930-12-24,17.229975
1930-12-25,1.291696
1930-12-26,0.18711811
1930-12-27,0.0
1930-12-28,0.0
1930-12-29,4.1315966
1930-12-30,1.1411585
1930-12-31,20.150558
1931-01-01,0.18711811
1931-01-02,0.0
1931-01-03,0.0
1931-01-04,0.0
1931-01-05,6.6419463
1931-01-06,11.841421
1931-01-07,2.0582993
1931-01-08,0.0
1931-01-09,0.0
1931-01-10,0.0
1931-01-11,0.0
1931-01-12,0.0
1931-01-13,9.544245
1931-01-14,0.0
1931-01-15,0.0
1931-01-16,0.0
1931-01-17,0.0
1931-01-18,0.0
1931-01-19,0.0
1931-01-20,0.0
1931-01-21,0.0
1931-01-22,0.0
1931-01-23,0.0
1931-01-24,0.0
1931-01-25,0.0
1931-01-26,0.0
1931-01-27,0.0
1931-01-28,0.0
1931-01-29,0.0
1931-01-30,0.0
1931-01-31,0.0
1931-02-01,0.0
1931-02-02,0.0
1931-02-03,0.0
1931-02-04,0.0
1931-02-05,0.0
1931-02-06,0.0
1931-02-07,0.0
1931-02-08,0.0
1931-02-09,0.0
1931-02-10,0.0
1931-02-11,0.0
1931-02-12,0.0
1931-02-13,0.0
1931-02-14,0.0
1931-02-15,0.0
1931-02-16,0.0
1931-02-17,0.0
1931-02-18,0.0
1931-02-19,0.0
1931-02-20,0.0
1931-02-21,0.0
1931-02-22,0.0
1931-02-23,0.0
1931-02-24,0.0
1931-02-25,0.0
1931-02-26,0.0
1931-02-27,0.0
1931-02-28,0.0
1931-03-01,0.0
1931-03-02,0.0
1931-03-03,0.0
1931-03-04,0.0
1931-03-05,0.0
1931-03-06,0.0
1931-03-07,0.0
1931-03-08,0.0
1931-03-09,0.0
1931-03-10,0.0
1931-03-11,0.0
1931-03-12,0.0
1931-03-13,0.0
1931-03-14,0.0
1931-03-15,0.0
1931-03-16,0.0
1931-03-17,0.0
1931-03-18,0.0
1931-03-19,0.0
1931-03-20,0.0
1931-03-21,0.0
1931-03-22,0.0
1931-03-23,0.0
1931-03-24,0.0
1931-03-25,0.0
1931-03-26,0.0
1931-03-27,0.0
1931-03-28,0.0
1931-03-29,0.0
1931-03-30,0.0
1931-03-31,0.0
1931-04-01,0.49898165
1931-04-02,0.0
1931-04-03,0.0
1931-04-04,0.0
1931-04-05,0.0
1931-04-06,0.0
1931-04-07,0.0
1931-04-08,0.0
1931-04-09,0.0
1931-04-10,0.0
1931-04-11,0.0
1931-04-12,0.0
1931-04-13,84.629524
1931-04-14,332.90305
1931-04-15,6.86195
1931-04-16,4.230152
1931-04-17,0.86101425
1931-04-18,0.0
1931-04-19,0.0
1931-04-20,0.0
1931-04-21,0.0
1931-04-22,0.0
1931-04-23,0.0
1931-04-24,0.0
1931-04-25,0.0
1931-04-26,0.0
1931-04-27,0.0
1931-04-28,0.0
1931-04-29,0.0
1931-04-30,0.0
1931-05-01,0.0
1931-05-02,0.0
1931-05-03,0.0
1931-05-04,0.0
1931-05-05,0.0
1931-05-06,0.0
1931-05-07,0.0
1931-05-08,0.0
1931-05-09,0.0
1931-05-10,0.0
1931-05-11,0.0
1931-05-12,0.0
1931-05-13,1.5742322
1931-05-14,0.9124546
1931-05-15,0.0
1931-05-16,0.0
1931-05-17,0.0
1931-05-18,0.0
1931-05-19,0.0
1931-05-20,0.0
1931-05-21,0.0
1931-05-22,0.0
1931-05-23,0.0
1931-05-24,0.0
1931-05-25,0.0
1931-05-26,0.1950523
1931-05-27,0.0
1931-05-28,0.0
1931-05-29,0.0
1931-05-30,0.46459013
1931-05-31,0.0
1931-06-01,0.0
1931-06-02,0.0
1931-06-03,0.623727
1931-06-04,0.0
1931-06-05,0.0
1931-06-06,0.0
1931-06-07,0.0
1931-06-08,0.0
1931-06-09,0.0
1931-06-10,0.0
1931-06-11,0.0
1931-06-12,0.0
1931-06-13,0.0
1931-06-14,0.750506
1931-06-15,0.0
1931-06-16,0.0
1931-06-17,0.0
1931-06-18,0.0
1931-06-19,0.0
1931-06-20,0.0
1931-06-21,0.1438167
1931-06-22,3.4741123
1931-06-23,0.0
1931-06-24,0.0
1931-06-25,0.0
1931-06-26,0.0
1931-06-27,15.22891
1931-06-28,0.6787525
1931-06-29,0.0
1931-06-30,0.0
1931-07-01,0.23370211
1931-07-02,0.0
1931-07-03,0.0
1931-07-04,0.0
1931-07-05,0.0
1931-07-06,0.0
1931-07-07,0.0
1931-07-08,0.0
1931-07-09,6.1632257
1931-07-10,0.8108451
1931-07-11,7.187658
1931-07-12,1.1703869
1931-07-13,0.38606906
1931-07-14,0.0
1931-07-15,0.0
1931-07-16,0.0
1931-07-17,0.0
1931-07-18,0.1372092
1931-07-19,0.0
1931-07-20,0.0
1931-07-21,0.0
1931-07-22,0.95104367
1931-07-23,7.202084
1931-07-24,0.24885984
1931-07-25,0.0
1931-07-26,0.1438167
1931-07-27,0.0
1931-07-28,0.0
1931-07-29,0.0
1931-07-30,11.68207
1931-07-31,10.603359
1931-08-01,0.35733572
1931-08-02,0.0
1931-08-03,7.6375666
1931-08-04,0.0
1931-08-05,0.0
1931-08-06,0.0
1931-08-07,0.0
1931-08-08,0.6831293
1931-08-09,5.863034
1931-08-10,1.5376221
1931-08-11,0.18711811
1931-08-12,5.709361
1931-08-13,0.0
1931-08-14,0.0
1931-08-15,1.3189472
1931-08-16,0.0
1931-08-17,0.0
1931-08-18,0.0
1931-08-19,0.0
1931-08-20,0.0
1931-08-21,0.48036653
1931-08-22,0.0
1931-08-23,0.0
1931-08-24,7.108924
1931-08-25,1.1022903
1931-08-26,0.0
1931-08-27,15.931353
1931-08-28,1.8369426
1931-08-29,0.0
1931-08-30,0.0
1931-08-31,0.0
1931-09-01,0.0
1931-09-02,0.0
1931-09-03,0.0
1931-09-04,0.0
1931-09-05,0.0
1931-09-06,0.0
1931-09-07,0.0
1931-09-08,0.0
1931-09-09,0.0
1931-09-10,5.0156074
1931-09-11,0.0
1931-09-12,0.0
1931-09-13,0.0
1931-09-14,38.12482
1931-09-15,0.0
1931-09-16,41.77519
1931-09-17,0.76948917
1931-09-18,0.0
1931-09-19,8.544615
1931-09-20,2.5069373
1931-09-21,0.0
1931-09-22,0.0
1931-09-23,0.0
1931-09-24,0.0
1931-09-25,0.0
1931-09-26,0.0
1931-09-27,0.0
1931-09-28,0.0
1931-09-29,8.05557
1931-09-30,0.0
1931-10-01,0.0
1931-10-02,0.0
1931-10-03,1.391182
1931-10-04,0.0
1931-10-05,0.0
1931-10-06,0.0
1931-10-07,0.0
1931-10-08,0.7747194
1931-10-09,1.6291473
1931-10-10,5.374813
1931-10-11,0.0
1931-10-12,0.41347298
1931-10-13,0.0
1931-10-14,0.0
1931-10-15,0.0
1931-10-16,0.0
1931-10-17,0.0
1931-10-18,0.0
1931-10-19,0.0
1931-10-20,0.0
1931-10-21,6.576252
1931-10-22,18.838533
1931-10-23,0.0
1931-10-24,3.0027022
1931-10-25,8.578693
1931-10-26,0.0
1931-10-27,0.0
1931-10-28,0.18711811
1931-10-29,20.050625
1931-10-30,27.90413
1931-10-31,1.8839993
1931-11-01,0.8420312
1931-11-02,2.0582993
1931-11-03,2.1290746
1931-11-04,34.690727
1931-11-05,57.566463
1931-11-06,0.0
1931-11-07,41.454018
1931-11-08,33.076557
1931-11-09,0.0
1931-11-10,14.470347
1931-11-11,4.798743
1931-11-12,2.0388231
1931-11-13,27.284916
1931-11-14,5.0690293
1931-11-15,9.883078
1931-11-16,0.0
1931-11-17,0.0
1931-11-18,0.0
1931-11-19,0.0
1931-11-20,0.0
1931-11-21,0.0
1931-11-22,0.0
1931-11-23,0.0
1931-11-24,0.0
1931-11-25,52.85358
1931-11-26,25.562212
1931-11-27,0.0
1931-11-28,0.0
1931-11-29,60.72734
1931-11-30,0.18711811
1931-12-01,20.493757
1931-12-02,62.352093
1931-12-03,10.2144
1931-12-04,0.0
1931-12-05,0.0
1931-12-06,0.0
1931-12-07,17.180136
1931-12-08,12.424369
1931-12-09,0.0
1931-12-10,5.9162645
1931-12-11,171.78833
1931-12-12,84.12049
1931-12-13,10.344196
1931-12-14,33.332962
1931-12-15,0.0
1931-12-16,0.0
1931-12-17,0.0
1931-12-18,0.0
1931-12-19,0.0
1931-12-20,12.817952
1931-12-21,48.74487
1931-12-22,28.872341
1931-12-23,111.597946
1931-12-24,194.86292
1931-12-25,17.685015
1931-12-26,4.097025
1931-12-27,58.13942
1931-12-28,0.0
1931-12-29,0.0
1931-12-30,0.0
1931-12-31,0.0
1932-01-01,0.0
1932-01-02,0.0
1932-01-03,0.0
1932-01-04,0.0
1932-01-05,0.0
1932-01-06,0.0
1932-01-07,0.0
1932-01-08,0.0
1932-01-09,0.0
1932-01-10,0.0
1932-01-11,0.0
1932-01-12,0.0
1932-01-13,5.4938736
1932-01-14,0.64717513
1932-01-15,0.0
1932-01-16,0.0
1932-01-17,0.0
1932-01-18,0.0
1932-01-19,0.0
1932-01-20,0.0
1932-01-21,0.0
1932-01-22,0.0
1932-01-23,0.0
1932-01-24,0.0
1932-01-25,0.0
1932-01-26,0.0
1932-01-27,0.0
1932-01-28,0.0
1932-01-29,0.0
1932-01-30,0.0
1932-01-31,0.0
1932-02-01,0.0
1932-02-02,0.0
1932-02-03,0.0
1932-02-04,0.0
1932-02-05,0.0
1932-02-06,0.0
1932-02-07,0.0
1932-02-08,0.0
1932-02-09,0.0
1932-02-10,0.0
1932-02-11,0.0
1932-02-12,0.0
1932-02-13,0.0
1932-02-14,0.0
1932-02-15,0.0
1932-02-16,0.0
1932-02-17,0.0
1932-02-18,0.0
1932-02-19,0.0
1932-02-20,0.0
1932-02-21,0.0
1932-02-22,0.0
1932-02-23,0.0
1932-02-24,0.0
1932-02-25,0.0
1932-02-26,0.0
1932-02-27,0.0
1932-02-28,0.0
1932-02-29,0.0
1932-03-01,0.0
1932-03-02,0.0
1932-03-03,0.0
1932-03-04,1.1113834
1932-03-05,1.4325386
1932-03-06,0.0
1932-03-07,0.0
1932-03-08,0.0
1932-03-09,0.0
1932-03-10,0.0
1932-03-11,0.0
1932-03-12,0.0
1932-03-13,0.0
1932-03-14,0.0
1932-03-15,0.0
1932-03-16,0.0
1932-03-17,0.0
1932-03-18,0.0
1932-03-19,0.0
1932-03-20,0.0
1932-03-21,0.0
1932-03-22,0.0
1932-03-23,0.0
1932-03-24,0.0
1932-03-25,0.0
1932-03-26,0.0
1932-03-27,0.0
1932-03-28,0.0
1932-03-29,0.0
1932-03-30,0.0
1932-03-31,0.0
1932-04-01,0.0
1932-04-02,0.0
1932-04-03,0.0
1932-04-04,0.0
1932-04-05,0.0
1932-04-06,0.0
1932-04-07,0.0
1932-04-08,0.0
1932-04-09,0.0
1932-04-10,0.0
1932-04-11,0.0
1932-04-12,19.251122
1932-04-13,65.783424
1932-04-14,21.819971
1932-04-15,0.0
1932-04-16,0.0
1932-04-17,0.0
1932-04-18,0.0
1932-04-19,0.0
1932-04-20,0.0
1932-04-21,6.188572
1932-04-22,0.0
1932-04-23,0.0
1932-04-24,0.0
1932-04-25,0.0
1932-04-26,0.0
1932-04-27,0.0
1932-04-28,0.0
1932-04-29,0.0
1932-04-30,0.0
1932-05-01,0.0
1932-05-02,0.0
1932-05-03,0.0
1932-05-04,0.0
1932-05-05,0.0
1932-05-06,0.0
1932-05-07,0.0
1932-05-08,0.0
1932-05-09,0.0
1932-05-10,0.0
1932-05-11,0.0
1932-05-12,0.0
1932-05-13,0.0
1932-05-14,0.0
1932-05-15,0.0
1932-05-16,3.552531
1932-05-17,24.820894
1932-05-18,0.3118635
1932-05-19,5.4704924
1932-05-20,0.0
1932-05-21,0.0
1932-05-22,0.0
1932-05-23,0.0
1932-05-24,0.0
1932-05-25,0.0
1932-05-26,0.0
1932-05-27,0.0
1932-05-28,0.0
1932-05-29,0.0
1932-05-30,0.0
1932-05-31,0.0
1932-06-01,0.0
1932-06-02,0.0
1932-06-03,0.0
1932-06-04,0.0
1932-06-05,12.725326
1932-06-06,5.5647297
1932-06-07,0.0
1932-06-08,0.0
1932-06-09,0.7730148
1932-06-10,0.0
1932-06-11,0.0
1932-06-12,0.0
1932-06-13,0.0
1932-06-14,0.0
1932-06-15,0.0
1932-06-16,0.0
1932-06-17,2.6820264
1932-06-18,3.941904
1932-06-19,2.8691442
1932-06-20,0.0
1932-06-21,0.0
1932-06-22,2.5795903
1932-06-23,0.0
1932-06-24,0.0
1932-06-25,0.0
1932-06-26,0.0
1932-06-27,0.0
1932-06-28,0.0
1932-06-29,0.0
1932-06-30,0.0
1932-07-01,4.4806643
1932-07-02,4.426765
1932-07-03,0.0
1932-07-04,5.0521894
1932-07-05,1.9899856
1932-07-06,0.0
1932-07-07,0.0
1932-07-08,0.0
1932-07-09,0.0
1932-07-10,0.0
1932-07-11,0.0
1932-07-12,0.0
1932-07-13,0.0
1932-07-14,0.0
1932-07-15,0.0
1932-07-16,0.0
1932-07-17,0.0
1932-07-18,1.2016509
1932-07-19,0.0
1932-07-20,0.0
1932-07-21,0.0
1932-07-22,0.0
1932-07-23,0.0
1932-07-24,0.0
1932-07-25,0.0
1932-07-26,0.0
1932-07-27,1.3545719
1932-07-28,0.0
1932-07-29,0.0
1932-07-30,2.6542287
1932-07-31,0.0
1932-08-01,0.0
1932-08-02,0.0
1932-08-03,0.0
1932-08-04,5.035403
1932-08-05,0.0
1932-08-06,0.62197715
1932-08-07,0.0
1932-08-08,0.23370211
1932-08-09,1.9919206
1932-08-10,17.008566
1932-08-11,0.1438167
1932-08-12,29.010082
1932-08-13,0.695591
1932-08-14,0.0
1932-08-15,0.0
1932-08-16,0.0
1932-08-17,1.6657574
1932-08-18,6.7582736
1932-08-19,0.5045799
1932-08-20,3.2826934
1932-08-21,0.0
1932-08-22,0.523195
1932-08-23,2.1870089
1932-08-24,0.0
1932-08-25,0.0
1932-08-26,0.0
1932-08-27,0.0
1932-08-28,8.588797
1932-08-29,1.3607875
1932-08-30,24.892086
1932-08-31,0.14503816
1932-09-01,0.0
1932-09-02,0.0
1932-09-03,0.0
1932-09-04,0.0
1932-09-05,0.0
1932-09-06,0.0
1932-09-07,0.1438167
1932-09-08,0.0
1932-09-09,0.41347298
1932-09-10,4.151852
1932-09-11,8.430814
1932-09-12,9.384825
1932-09-13,5.044773
1932-09-14,0.22416209
1932-09-15,1.5590335
1932-09-16,0.0
1932-09-17,0.3118635
1932-09-18,0.0
1932-09-19,0.0
1932-09-20,0.3118635
1932-09-21,0.0
1932-09-22,0.0
1932-09-23,0.0
1932-09-24,0.0
1932-09-25,7.834662
1932-09-26,0.1438167
1932-09-27,82.45237
1932-09-28,7.4306107
1932-09-29,0.49898165
1932-09-30,0.0
1932-10-01,0.0
1932-10-02,0.0
1932-10-03,10.1117935
1932-10-04,0.0
1932-10-05,0.41347298
1932-10-06,0.0
1932-10-07,0.0
1932-10-08,5.863034
1932-10-09,16.97848
1932-10-10,34.538944
1932-10-11,61.27772
1932-10-12,10.562852
1932-10-13,3.354282
1932-10-14,1.5912193
1932-10-15,6.0448265
1932-10-16,3.3746867
1932-10-17,0.0
1932-10-18,0.0
1932-10-19,0.0
1932-10-20,0.0
1932-10-21,0.0
1932-10-22,0.0
1932-10-23,1.0067167
1932-10-24,0.0
1932-10-25,3.4413447
1932-10-26,0.0
1932-10-27,0.0
1932-10-28,0.56021696
1932-10-29,24.40439
1932-10-30,42.48133
1932-10-31,0.0
1932-11-01,5.357757
1932-11-02,0.0
1932-11-03,0.0
1932-11-04,0.0
1932-11-05,0.53931254
1932-11-06,5.2436833
1932-11-07,16.196377
1932-11-08,14.281448
1932-11-09,15.467927
1932-11-10,51.578873
1932-11-11,5.5285025
1932-11-12,0.0
1932-11-13,0.0
1932-11-14,0.0
1932-11-15,1.7206724
1932-11-16,0.0
1932-11-17,0.0
1932-11-18,6.6718206
1932-11-19,13.112952
1932-11-20,7.760678
1932-11-21,30.164253
1932-11-22,21.239458
1932-11-23,17.419422
1932-11-24,60.451797
1932-11-25,218.89653
1932-11-26,0.750506
1932-11-27,0.0
1932-11-28,0.0
1932-11-29,0.0
1932-11-30,4.299334
1932-12-01,0.0
1932-12-02,31.179028
1932-12-03,95.497284
1932-12-04,1.3806276
1932-12-05,2.2920015
1932-12-06,0.0
1932-12-07,0.0
1932-12-08,0.0
1932-12-09,0.0
1932-12-10,9.330941
1932-12-11,28.940031
1932-12-12,5.189752
1932-12-13,10.126942
1932-12-14,25.14418
1932-12-15,12.19467
1932-12-16,15.370713
1932-12-17,11.809839
1932-12-18,0.0
1932-12-19,0.0
1932-12-20,0.0
1932-12-21,0.0
1932-12-22,3.6573384
1932-12-23,0.0
1932-12-24,0.0
1932-12-25,0.0
1932-12-26,0.0
1932-12-27,0.0
1932-12-28,0.0
1932-12-29,0.0
1932-12-30,0.0
1932-12-31,0.0
1933-01-01,0.0
1933-01-02,0.0
1933-01-03,0.0
1933-01-04,0.0
1933-01-05,0.0
1933-01-06,0.0
1933-01-07,0.0
1933-01-08,0.0
1933-01-09,0.0
1933-01-10,0.0
1933-01-11,0.0
1933-01-12,0.0
1933-01-13,0.0
1933-01-14,0.0
1933-01-15,0.0
1933-01-16,0.0
1933-01-17,0.0
1933-01-18,0.0
1933-01-19,0.0
1933-01-20,0.0
1933-01-21,0.0
1933-01-22,0.0
1933-01-23,0.0
1933-01-24,0.0
1933-01-25,0.0
1933-01-26,0.0
1933-01-27,0.6831293
1933-01-28,0.0
1933-01-29,0.0
1933-01-30,0.0
1933-01-31,0.0
1933-02-01,0.0
1933-02-02,0.0
1933-02-03,0.0
1933-02-04,0.0
1933-02-05,0.1372092
1933-02-06,0.0
1933-02-07,0.0
1933-02-08,0.0
1933-02-09,0.0
1933-02-10,0.0
1933-02-11,0.0
1933-02-12,0.0
1933-02-13,0.0
1933-02-14,0.0
1933-02-15,0.0
1933-02-16,0.0
1933-02-17,0.0
1933-02-18,0.0
1933-02-19,0.0
1933-02-20,0.0
1933-02-21,0.0
1933-02-22,0.0
1933-02-23,0.0
1933-02-24,0.0
1933-02-25,0.0
1933-02-26,0.0
1933-02-27,0.0
1933-02-28,0.0
1933-03-01,0.0
1933-03-02,0.0
1933-03-03,0.0
1933-03-04,0.0
1933-03-05,0.0
1933-03-06,0.0
1933-03-07,0.0
1933-03-08,0.0
1933-03-09,0.0
1933-03-10,0.0
1933-03-11,4.60931
1933-03-12,104.49548
1933-03-13,64.809654
1933-03-14,0.5124335
1933-03-15,0.0
1933-03-16,0.0
1933-03-17,0.0
1933-03-18,0.0
1933-03-19,0.0
1933-03-20,0.0
1933-03-21,0.0
1933-03-22,0.0
1933-03-23,0.0
1933-03-24,0.0
1933-03-25,0.0
1933-03-26,0.0
1933-03-27,0.0
1933-03-28,0.0
1933-03-29,0.0
1933-03-30,0.0
1933-03-31,0.0
1933-04-01,0.0
1933-04-02,0.0
1933-04-03,0.0
1933-04-04,0.0
1933-04-05,0.0
1933-04-06,0.0
1933-04-07,0.0
1933-04-08,0.0
1933-04-09,0.0
1933-04-10,0.0
1933-04-11,0.0
1933-04-12,19.328754
1933-04-13,0.0
1933-04-14,0.0
1933-04-15,0.0
1933-04-16,0.0
1933-04-17,0.0
1933-04-18,0.0
1933-04-19,0.0
1933-04-20,0.0
1933-04-21,0.0
1933-04-22,0.0
1933-04-23,0.0
1933-04-24,0.0
1933-04-25,0.0
1933-04-26,0.0
1933-04-27,0.0
1933-04-28,0.0
1933-04-29,0.0
1933-04-30,0.0
1933-05-01,0.0
1933-05-02,0.97016644
1933-05-03,0.0
1933-05-04,0.0
1933-05-05,0.0
1933-05-06,0.0
1933-05-07,0.0
1933-05-08,0.0
1933-05-09,0.0
1933-05-10,0.0
1933-05-11,0.0
1933-05-12,0.0
1933-05-13,0.0
1933-05-14,0.0
1933-05-15,0.0
1933-05-16,0.0
1933-05-17,0.0
1933-05-18,0.0
1933-05-19,0.0
1933-05-20,0.0
1933-05-21,0.695591
1933-05-22,4.753777
1933-05-23,10.602528
1933-05-24,14.29394
1933-05-25,0.0
1933-05-26,0.1506611
1933-05-27,0.0
1933-05-28,0.0
1933-05-29,0.0
1933-05-30,0.0
1933-05-31,0.0
1933-06-01,0.0
1933-06-02,0.0
1933-06-03,0.0
1933-06-04,0.0
1933-06-05,0.0
1933-06-06,0.0
1933-06-07,0.0
1933-06-08,0.0
1933-06-09,0.0
1933-06-10,0.0
1933-06-11,0.0
1933-06-12,2.476149
1933-06-13,4.740325
1933-06-14,6.3016763
1933-06-15,0.8108451
1933-06-16,0.0
1933-06-17,0.0
1933-06-18,0.0
1933-06-19,4.486681
1933-06-20,0.0
1933-06-21,0.0
1933-06-22,0.0
1933-06-23,0.0
1933-06-24,1.8696169
1933-06-25,0.0
1933-06-26,0.49898165
1933-06-27,0.0
1933-06-28,0.0
1933-06-29,0.2972866
1933-06-30,0.0
1933-07-01,0.0
1933-07-02,0.0
1933-07-03,0.0
1933-07-04,0.0
1933-07-05,4.1301575
1933-07-06,3.7931654
1933-07-07,2.7790844
1933-07-08,0.41347298
1933-07-09,0.0
1933-07-10,0.0
1933-07-11,0.0
1933-07-12,1.1747637
1933-07-13,0.0
1933-07-14,1.0495287
1933-07-15,0.0
1933-07-16,0.0
1933-07-17,0.0
1933-07-18,0.0
1933-07-19,0.1129958
1933-07-20,0.0
1933-07-21,0.0
1933-07-22,0.0
1933-07-23,0.0
1933-07-24,0.0
1933-07-25,40.380093
1933-07-26,0.0
1933-07-27,0.0
1933-07-28,0.0
1933-07-29,0.0
1933-07-30,0.0
1933-07-31,0.0
1933-08-01,0.0
1933-08-02,0.0
1933-08-03,0.0
1933-08-04,0.0
1933-08-05,0.0
1933-08-06,0.0
1933-08-07,0.0
1933-08-08,15.427038
1933-08-09,0.0
1933-08-10,0.0
1933-08-11,4.3516173
1933-08-12,7.110488
1933-08-13,0.10626987
1933-08-14,18.483164
1933-08-15,21.138672
1933-08-16,3.3965607
1933-08-17,4.1165986
1933-08-18,3.6426802
1933-08-19,0.0
1933-08-20,0.11568619
1933-08-21,0.0
1933-08-22,0.0
1933-08-23,0.0
1933-08-24,2.141688
1933-08-25,0.0
1933-08-26,0.0
1933-08-27,0.0
1933-08-28,0.0
1933-08-29,0.0
1933-08-30,0.0
1933-08-31,0.0
1933-09-01,3.2752945
1933-09-02,0.0
1933-09-03,1.0250814
1933-09-04,0.0
1933-09-05,0.0
1933-09-06,0.0
1933-09-07,0.0
1933-09-08,0.0
1933-09-09,0.0
1933-09-10,0.0
1933-09-11,0.0
1933-09-12,0.0
1933-09-13,0.0
1933-09-14,0.0
1933-09-15,0.0
1933-09-16,0.0
1933-09-17,1.5593175
1933-09-18,0.59324384
1933-09-19,0.35954174
1933-09-20,0.0
1933-09-21,0.0
1933-09-22,0.0
1933-09-23,0.0
1933-09-24,0.0
1933-09-25,0.0
1933-09-26,0.0
1933-09-27,0.0
1933-09-28,2.876334
1933-09-29,24.11092
1933-09-30,10.1749735
1933-10-01,19.263023
1933-10-02,0.0
1933-10-03,8.416616
1933-10-04,0.0
1933-10-05,0.0
1933-10-06,0.0
1933-10-07,0.0
1933-10-08,0.0
1933-10-09,0.23370211
1933-10-10,14.076646
1933-10-11,2.736992
1933-10-12,4.483487
1933-10-13,23.66593
1933-10-14,26.838535
1933-10-15,0.0
1933-10-16,0.0
1933-10-17,0.0
1933-10-18,0.0
1933-10-19,0.0
1933-10-20,0.50335836
1933-10-21,0.0
1933-10-22,0.0
1933-10-23,0.0
1933-10-24,0.0
1933-10-25,3.1667693
1933-10-26,7.193877
1933-10-27,18.535046
1933-10-28,0.0
1933-10-29,0.84443337
1933-10-30,7.48377
1933-10-31,0.0
1933-11-01,1.5099026
1933-11-02,0.0
1933-11-03,0.0
1933-11-04,15.813215
1933-11-05,0.0
1933-11-06,0.0
1933-11-07,0.0
1933-11-08,4.717773
1933-11-09,210.45804
1933-11-10,9.149283
1933-11-11,11.386311
1933-11-12,4.6357574
1933-11-13,1.247454
1933-11-14,3.0203292
1933-11-15,0.0
1933-11-16,0.0
1933-11-17,0.0
1933-11-18,0.0
1933-11-19,0.0
1933-11-20,0.0
1933-11-21,0.0
1933-11-22,0.0
1933-11-23,0.0
1933-11-24,11.102341
1933-11-25,16.206715
1933-11-26,0.58663636
1933-11-27,15.488595
1933-11-28,0.53931254
1933-11-29,0.1438167
1933-11-30,13.205026
1933-12-01,5.3839126
1933-12-02,0.0
1933-12-03,0.0
1933-12-04,0.0
1933-12-05,0.0
1933-12-06,0.0
1933-12-07,0.0
1933-12-08,0.0
1933-12-09,0.0
1933-12-10,0.0
1933-12-11,0.0
1933-12-12,0.0
1933-12-13,0.0
1933-12-14,0.0
1933-12-15,38.95031
1933-12-16,108.00374
1933-12-17,20.664846
1933-12-18,0.0
1933-12-19,0.0
1933-12-20,0.0
1933-12-21,0.0
1933-12-22,14.665412
1933-12-23,18.43402
1933-12-24,0.0
1933-12-25,0.0
1933-12-26,0.0
1933-12-27,0.23370211
1933-12-28,0.0
1933-12-29,0.0
1933-12-30,0.26965627
1933-12-31,0.0
1934-01-01,0.0
1934-01-02,0.0
1934-01-03,0.0
1934-01-04,0.0
1934-01-05,0.0
1934-01-06,0.0
1934-01-07,0.0
1934-01-08,0.0
1934-01-09,1.754415
1934-01-10,3.0144265
1934-01-11,0.0
1934-01-12,0.0
1934-01-13,0.0
1934-01-14,0.0
1934-01-15,0.0
1934-01-16,0.0
1934-01-17,0.0
1934-01-18,0.0
1934-01-19,0.0
1934-01-20,0.0
1934-01-21,0.0
1934-01-22,0.0
1934-01-23,0.10626987
1934-01-24,20.119919
1934-01-25,35.917706
1934-01-26,37.892097
1934-01-27,6.3116674
1934-01-28,1.5100752
1934-01-29,0.0
1934-01-30,0.0
1934-01-31,0.0
1934-02-01,0.0
1934-02-02,0.0
1934-02-03,0.0
1934-02-04,0.0
1934-02-05,0.0
1934-02-06,0.0
1934-02-07,0.0
1934-02-08,0.0
1934-02-09,0.0
1934-02-10,0.0
1934-02-11,0.0
1934-02-12,0.0
1934-02-13,0.0
1934-02-14,0.0
1934-02-15,0.0
1934-02-16,0.0
1934-02-17,0.0
1934-02-18,0.0
1934-02-19,0.0
1934-02-20,0.0
1934-02-21,0.0
1934-02-22,0.0
1934-02-23,0.0
1934-02-24,0.0
1934-02-25,0.0
1934-02-26,0.0
1934-02-27,0.0
1934-02-28,0.0
1934-03-01,0.0
1934-03-02,0.0
1934-03-03,0.0
1934-03-04,0.0
1934-03-05,0.0
1934-03-06,0.0
1934-03-07,0.0
1934-03-08,0.0
1934-03-09,0.0
1934-03-10,0.0
1934-03-11,0.0
1934-03-12,0.0
1934-03-13,0.0
1934-03-14,0.0
1934-03-15,0.0
1934-03-16,0.0
1934-03-17,0.0
1934-03-18,0.0
1934-03-19,0.0
1934-03-20,0.0
1934-03-21,0.0
1934-03-22,0.0
1934-03-23,0.0
1934-03-24,0.0
1934-03-25,0.0
1934-03-26,0.0
1934-03-27,0.0
1934-03-28,0.0
1934-03-29,0.0
1934-03-30,0.0
1934-03-31,0.0
1934-04-01,0.0
1934-04-02,0.0
1934-04-03,0.0
1934-04-04,0.0
1934-04-05,0.0
1934-04-06,0.0
1934-04-07,0.0
1934-04-08,0.0
1934-04-09,0.0
1934-04-10,0.0
1934-04-11,0.0
1934-04-12,0.0
1934-04-13,0.0
1934-04-14,0.0
1934-04-15,0.0
1934-04-16,1.8062947
1934-04-17,0.0
1934-04-18,0.0
1934-04-19,10.697295
1934-04-20,0.46752268
1934-04-21,0.41347298
1934-04-22,0.0
1934-04-23,0.0
1934-04-24,0.0
1934-04-25,0.0
1934-04-26,0.0
1934-04-27,0.0
1934-04-28,0.0
1934-04-29,0.0
1934-04-30,0.0
1934-05-01,0.0
1934-05-02,0.0
1934-05-03,0.0
1934-05-04,0.0
1934-05-05,0.0
1934-05-06,0.0
1934-05-07,0.0
1934-05-08,0.0
1934-05-09,0.0
1934-05-10,0.0
1934-05-11,0.0
1934-05-12,0.0
1934-05-13,0.47926348
1934-05-14,0.0
1934-05-15,0.0
1934-05-16,0.0
1934-05-17,0.0
1934-05-18,0.0
1934-05-19,0.0
1934-05-20,0.0
1934-05-21,0.0
1934-05-22,0.0
1934-05-23,0.0
1934-05-24,0.0
1934-05-25,0.0
1934-05-26,0.0
1934-05-27,0.0
1934-05-28,0.0
1934-05-29,0.0
1934-05-30,0.0
1934-05-31,0.0
1934-06-01,1.2081317
1934-06-02,0.0
1934-06-03,0.0
1934-06-04,0.0
1934-06-05,0.0
1934-06-06,0.0
1934-06-07,0.16007741
1934-06-08,0.0
1934-06-09,0.0
1934-06-10,0.0
1934-06-11,0.0
1934-06-12,0.0
1934-06-13,0.0
1934-06-14,0.0
1934-06-15,0.0
1934-06-16,0.0
1934-06-17,0.0
1934-06-18,1.5593175
1934-06-19,0.0
1934-06-20,0.0
1934-06-21,0.0
1934-06-22,17.24953
1934-06-23,0.0
1934-06-24,32.212788
1934-06-25,0.0
1934-06-26,0.0
1934-06-27,0.0
1934-06-28,0.8629002
1934-06-29,0.0
1934-06-30,0.0
1934-07-01,0.0
1934-07-02,0.0
1934-07-03,0.0
1934-07-04,0.0
1934-07-05,5.137417
1934-07-06,0.12644769
1934-07-07,0.0
1934-07-08,0.0
1934-07-09,0.0
1934-07-10,0.0
1934-07-11,0.0
1934-07-12,0.0
1934-07-13,0.0
1934-07-14,0.0
1934-07-15,0.0
1934-07-16,0.0
1934-07-17,10.756256
1934-07-18,0.695591
1934-07-19,10.342425
1934-07-20,1.3222305
1934-07-21,0.0
1934-07-22,0.0
1934-07-23,0.0
1934-07-24,16.728485
1934-07-25,45.100822
1934-07-26,20.965576
1934-07-27,0.0
1934-07-28,0.0
1934-07-29,1.4201899
1934-07-30,10.0115185
1934-07-31,0.41347298
1934-08-01,0.0
1934-08-02,0.0
1934-08-03,0.0
1934-08-04,0.0
1934-08-05,0.0
1934-08-06,0.0
1934-08-07,0.0
1934-08-08,0.0
1934-08-09,22.873238
1934-08-10,5.8621593
1934-08-11,0.0
1934-08-12,0.0
1934-08-13,0.0
1934-08-14,1.142215
1934-08-15,0.0
1934-08-16,0.0
1934-08-17,0.0
1934-08-18,0.0
1934-08-19,0.0
1934-08-20,0.82694596
1934-08-21,0.0
1934-08-22,6.161253
1934-08-23,0.0
1934-08-24,4.096349
1934-08-25,5.8731747
1934-08-26,1.5999607
1934-08-27,0.0
1934-08-28,26.624113
1934-08-29,7.131286
1934-08-30,0.0
1934-08-31,0.16680335
1934-09-01,0.0
1934-09-02,0.0
1934-09-03,0.0
1934-09-04,16.392586
1934-09-05,42.261913
1934-09-06,0.0
1934-09-07,0.0
1934-09-08,0.0
1934-09-09,0.0
1934-09-10,0.0
1934-09-11,0.0
1934-09-12,0.0
1934-09-13,0.0
1934-09-14,0.0
1934-09-15,2.9621348
1934-09-16,0.0
1934-09-17,16.237919
1934-09-18,0.0
1934-09-19,0.0
1934-09-20,0.0
1934-09-21,0.0
1934-09-22,2.3323324
1934-09-23,0.0
1934-09-24,0.0
1934-09-25,0.0
1934-09-26,0.0
1934-09-27,0.0
1934-09-28,0.60406584
1934-09-29,0.0
1934-09-30,0.0
1934-10-01,0.0
1934-10-02,0.93559057
1934-10-03,15.7434225
1934-10-04,0.73706055
1934-10-05,0.0
1934-10-06,0.0
1934-10-07,0.0
1934-10-08,0.0
1934-10-09,6.608114
1934-10-10,30.740112
1934-10-11,0.37751353
1934-10-12,0.0
1934-10-13,20.39616
1934-10-14,0.0
1934-10-15,38.267494
1934-10-16,0.0
1934-10-17,2.9007928
1934-10-18,0.0
1934-10-19,3.4250345
1934-10-20,4.8810186
1934-10-21,3.755028
1934-10-22,2.729328
1934-10-23,8.666801
1934-10-24,12.82498
1934-10-25,36.29991
1934-10-26,60.965946
1934-10-27,94.543976
1934-10-28,62.424316
1934-10-29,113.27308
1934-10-30,17.159014
1934-10-31,15.567711
1934-11-01,0.0
1934-11-02,0.0
1934-11-03,0.0
1934-11-04,0.0
1934-11-05,0.0
1934-11-06,0.0
1934-11-07,0.0
1934-11-08,1.1140897
1934-11-09,0.0
1934-11-10,0.0
1934-11-11,0.0
1934-11-12,0.0
1934-11-13,0.0
1934-11-14,0.0
1934-11-15,0.0
1934-11-16,1.2305411
1934-11-17,62.31528
1934-11-18,1.1968175
1934-11-19,0.0
1934-11-20,0.0
1934-11-21,0.0
1934-11-22,0.0
1934-11-23,0.30401257
1934-11-24,0.13024108
1934-11-25,0.0
1934-11-26,0.0
1934-11-27,15.957976
1934-11-28,16.725447
1934-11-29,0.8108451
1934-11-30,0.0
1934-12-01,0.0
1934-12-02,0.0
1934-12-03,0.0
1934-12-04,0.0
1934-12-05,10.116069
1934-12-06,0.26965627
1934-12-07,0.0
1934-12-08,2.430954
1934-12-09,0.85192466
1934-12-10,0.0
1934-12-11,0.0
1934-12-12,2.3745396
1934-12-13,16.244553
1934-12-14,5.681699
1934-12-15,0.0
1934-12-16,11.020679
1934-12-17,0.8512007
1934-12-18,0.0
1934-12-19,6.1089163
1934-12-20,0.0
1934-12-21,0.0
1934-12-22,0.0
1934-12-23,0.0
1934-12-24,0.0
1934-12-25,0.0
1934-12-26,0.0
1934-12-27,0.0
1934-12-28,0.0
1934-12-29,0.0
1934-12-30,0.0
1934-12-31,0.0
1935-01-01,0.0
1935-01-02,0.0
1935-01-03,0.0
1935-01-04,0.0
1935-01-05,0.0
1935-01-06,0.0
1935-01-07,40.18872
1935-01-08,2.617046
1935-01-09,0.0
1935-01-10,0.0
1935-01-11,0.0
1935-01-12,0.0
1935-01-13,0.0
1935-01-14,0.0
1935-01-15,0.0
1935-01-16,0.0
1935-01-17,0.0
1935-01-18,0.0
1935-01-19,0.0
1935-01-20,5.735293
1935-01-21,10.220542
1935-01-22,38.81608
1935-01-23,0.0
1935-01-24,0.0
1935-01-25,0.0
1935-01-26,0.0
1935-01-27,0.0
1935-01-28,2.416256
1935-01-29,1.5593175
1935-01-30,0.0
1935-01-31,0.0
1935-02-01,0.0
1935-02-02,0.0
1935-02-03,0.0
1935-02-04,0.0
1935-02-05,0.0
1935-02-06,0.0
1935-02-07,0.0
1935-02-08,0.0
1935-02-09,0.0
1935-02-10,0.0
1935-02-11,0.0
1935-02-12,0.0
1935-02-13,0.0
1935-02-14,0.0
1935-02-15,0.0
1935-02-16,0.0
1935-02-17,0.0
1935-02-18,0.0
1935-02-19,0.0
1935-02-20,0.0
1935-02-21,0.0
1935-02-22,0.0
1935-02-23,0.0
1935-02-24,0.0
1935-02-25,0.0
1935-02-26,0.0
1935-02-27,0.0
1935-02-28,0.0
1935-03-01,0.0
1935-03-02,0.0
1935-03-03,0.0
1935-03-04,0.0
1935-03-05,0.0
1935-03-06,0.0
1935-03-07,0.0
1935-03-08,0.0
1935-03-09,0.623727
1935-03-10,0.0
1935-03-11,0.0
1935-03-12,0.0
1935-03-13,0.0
1935-03-14,0.0
1935-03-15,0.0
1935-03-16,0.0
1935-03-17,0.0
1935-03-18,0.0
1935-03-19,0.0
1935-03-20,0.0
1935-03-21,0.0
1935-03-22,0.0
1935-03-23,0.0
1935-03-24,0.0
1935-03-25,0.0
1935-03-26,0.0
1935-03-27,0.0
1935-03-28,0.0
1935-03-29,0.0
1935-03-30,0.0
1935-03-31,0.0
1935-04-01,0.0
1935-04-02,0.9274692
1935-04-03,23.19148
1935-04-04,0.0
1935-04-05,0.0
1935-04-06,0.0
1935-04-07,0.0
1935-04-08,0.0
1935-04-09,0.0
1935-04-10,0.0
1935-04-11,0.0
1935-04-12,0.0
1935-04-13,0.0
1935-04-14,0.0
1935-04-15,0.0
1935-04-16,0.0
1935-04-17,0.0
1935-04-18,0.0
1935-04-19,0.0
1935-04-20,0.0
1935-04-21,0.0
1935-04-22,0.0
1935-04-23,0.0
1935-04-24,0.0
1935-04-25,0.0
1935-04-26,0.0
1935-04-27,0.0
1935-04-28,0.0
1935-04-29,0.0
1935-04-30,0.0
1935-05-01,0.0
1935-05-02,0.0
1935-05-03,0.0
1935-05-04,0.0
1935-05-05,0.0
1935-05-06,0.0
1935-05-07,0.0
1935-05-08,0.0
1935-05-09,0.0
1935-05-10,0.0
1935-05-11,0.0
1935-05-12,0.0
1935-05-13,0.0
1935-05-14,0.0
1935-05-15,0.0
1935-05-16,0.0
1935-05-17,0.0
1935-05-18,0.0
1935-05-19,3.4928713
1935-05-20,2.782364
1935-05-21,0.0
1935-05-22,0.0
1935-05-23,0.0
1935-05-24,0.0
1935-05-25,1.247454
1935-05-26,0.0
1935-05-27,0.0
1935-05-28,0.0
1935-05-29,0.0
1935-05-30,0.0
1935-05-31,0.0
1935-06-01,0.0
1935-06-02,0.0
1935-06-03,0.0
1935-06-04,0.0
1935-06-05,0.0
1935-06-06,0.0
1935-06-07,0.0
1935-06-08,0.0
1935-06-09,1.4345721
1935-06-10,5.9863696
1935-06-11,13.160641
1935-06-12,7.9819345
1935-06-13,0.0
1935-06-14,0.0
1935-06-15,0.0
1935-06-16,0.0
1935-06-17,0.0
1935-06-18,0.0
1935-06-19,0.0
1935-06-20,0.0
1935-06-21,0.0
1935-06-22,0.0
1935-06-23,0.0
1935-06-24,0.0
1935-06-25,0.0
1935-06-26,0.0
1935-06-27,0.0
1935-06-28,0.0
1935-06-29,0.0
1935-06-30,0.0
1935-07-01,0.0
1935-07-02,1.8671125
1935-07-03,0.0
1935-07-04,0.0
1935-07-05,0.0
1935-07-06,0.0
1935-07-07,0.0
1935-07-08,0.0
1935-07-09,0.0
1935-07-10,0.0
1935-07-11,0.0
1935-07-12,0.0
1935-07-13,18.44511
1935-07-14,0.883078
1935-07-15,0.13989958
1935-07-16,0.0
1935-07-17,9.067333
1935-07-18,0.53931254
1935-07-19,0.0
1935-07-20,0.0
1935-07-21,0.0
1935-07-22,0.0
1935-07-23,0.0
1935-07-24,0.0
1935-07-25,0.0
1935-07-26,0.0
1935-07-27,0.0
1935-07-28,0.0
1935-07-29,0.0
1935-07-30,1.240419
1935-07-31,0.0
1935-08-01,0.0
1935-08-02,0.0
1935-08-03,0.0
1935-08-04,0.5045799
1935-08-05,0.0
1935-08-06,1.1864877
1935-08-07,0.0
1935-08-08,0.0
1935-08-09,10.979312
1935-08-10,0.0
1935-08-11,0.0
1935-08-12,0.0
1935-08-13,1.0234418
1935-08-14,0.0
1935-08-15,0.0
1935-08-16,1.9188592
1935-08-17,5.599003
1935-08-18,5.2295747
1935-08-19,0.0
1935-08-20,2.1116965
1935-08-21,0.0
1935-08-22,8.45828
1935-08-23,2.7457538
1935-08-24,0.93559057
1935-08-25,5.004576
1935-08-26,4.1165986
1935-08-27,1.4195936
1935-08-28,0.0
1935-08-29,0.0
1935-08-30,6.5750823
1935-08-31,1.8033143
1935-09-01,3.291966
1935-09-02,30.711035
1935-09-03,6.4642496
1935-09-04,1.471307
1935-09-05,0.0
1935-09-06,9.48065
1935-09-07,6.1111784
1935-09-08,0.6831293
1935-09-09,0.0
1935-09-10,0.0
1935-09-11,0.41347298
1935-09-12,0.0
1935-09-13,0.0
1935-09-14,0.26965627
1935-09-15,0.0
1935-09-16,0.0
1935-09-17,0.0
1935-09-18,0.23370211
1935-09-19,0.39683056
1935-09-20,0.0
1935-09-21,0.0
1935-09-22,0.0
1935-09-23,0.0
1935-09-24,0.0
1935-09-25,0.0
1935-09-26,0.0
1935-09-27,0.0
1935-09-28,0.0
1935-09-29,0.0
1935-09-30,0.0
1935-10-01,0.0
1935-10-02,0.0
1935-10-03,0.0
1935-10-04,0.0
1935-10-05,0.0
1935-10-06,0.0
1935-10-07,0.0
1935-10-08,0.0
1935-10-09,0.0
1935-10-10,0.0
1935-10-11,0.0
1935-10-12,7.633683
1935-10-13,17.754587
1935-10-14,9.6461735
1935-10-15,21.412209
1935-10-16,15.359639
1935-10-17,74.581764
1935-10-18,75.873055
1935-10-19,8.351313
1935-10-20,0.87864125
1935-10-21,0.0
1935-10-22,0.0
1935-10-23,0.0
1935-10-24,0.0
1935-10-25,0.0
1935-10-26,0.0
1935-10-27,3.4928713
1935-10-28,1.240419
1935-10-29,0.31858945
1935-10-30,6.0494013
1935-10-31,0.34376538
1935-11-01,0.0
1935-11-02,1.5321891
1935-11-03,0.4494272
1935-11-04,0.0
1935-11-05,2.0092585
1935-11-06,0.0
1935-11-07,0.0
1935-11-08,0.0
1935-11-09,14.993027
1935-11-10,30.734394
1935-11-11,0.7310999
1935-11-12,0.0
1935-11-13,0.0
1935-11-14,27.710276
1935-11-15,43.59711
1935-11-16,71.17692
1935-11-17,7.7698092
1935-11-18,38.526127
1935-11-19,0.0
1935-11-20,0.0
1935-11-21,0.0
1935-11-22,23.61259
1935-11-23,17.438414
1935-11-24,12.973406
1935-11-25,0.0
1935-11-26,0.0
1935-11-27,0.0
1935-11-28,0.0
1935-11-29,0.0
1935-11-30,0.0
1935-12-01,0.0
1935-12-02,0.0
1935-12-03,0.0
1935-12-04,0.0
1935-12-05,0.0
1935-12-06,0.0
1935-12-07,0.0
1935-12-08,0.0
1935-12-09,0.0
1935-12-10,0.0
1935-12-11,0.0
1935-12-12,0.0
1935-12-13,0.0
1935-12-14,0.0
1935-12-15,0.0
1935-12-16,0.0
1935-12-17,9.664938
1935-12-18,125.04106
1935-12-19,90.80762
1935-12-20,49.441742
1935-12-21,10.282737
1935-12-22,0.0
1935-12-23,0.0
1935-12-24,28.024492
1935-12-25,6.203769
1935-12-26,1.1995983
1935-12-27,53.7844
1935-12-28,0.25118956
1935-12-29,0.0
1935-12-30,0.0
1935-12-31,0.0
1936-01-01,0.0
1936-01-02,0.0
1936-01-03,0.0
1936-01-04,0.0
1936-01-05,0.0
1936-01-06,0.0
1936-01-07,0.0
1936-01-08,0.0
1936-01-09,0.0
1936-01-10,0.0
1936-01-11,0.0
1936-01-12,0.0
1936-01-13,0.0
1936-01-14,0.0
1936-01-15,0.0
1936-01-16,0.0
1936-01-17,0.0
1936-01-18,0.0
1936-01-19,0.0
1936-01-20,0.0
1936-01-21,0.0
1936-01-22,0.0
1936-01-23,0.0
1936-01-24,0.0
1936-01-25,0.0
1936-01-26,0.0
1936-01-27,0.0
1936-01-28,0.0
1936-01-29,0.0
1936-01-30,0.0
1936-01-31,0.0
1936-02-01,0.0
1936-02-02,0.0
1936-02-03,0.695591
1936-02-04,0.0
1936-02-05,0.0
1936-02-06,0.0
1936-02-07,0.0
1936-02-08,7.365598
1936-02-09,5.2393064
1936-02-10,0.0
1936-02-11,0.0
1936-02-12,0.0
1936-02-13,0.0
1936-02-14,0.0
1936-02-15,0.0
1936-02-16,0.0
1936-02-17,0.0
1936-02-18,0.0
1936-02-19,0.0
1936-02-20,0.0
1936-02-21,0.0
1936-02-22,0.0
1936-02-23,0.0
1936-02-24,4.9274435
1936-02-25,12.835774
1936-02-26,0.8629002
1936-02-27,2.0314786
1936-02-28,0.0
1936-02-29,0.0
1936-03-01,0.0
1936-03-02,0.0
1936-03-03,0.0
1936-03-04,0.0
1936-03-05,0.0
1936-03-06,0.0
1936-03-07,0.0
1936-03-08,0.0
1936-03-09,0.0
1936-03-10,0.0
1936-03-11,0.0
1936-03-12,0.0
1936-03-13,0.0
1936-03-14,0.0
1936-03-15,0.0
1936-03-16,0.0
1936-03-17,0.0
1936-03-18,0.0
1936-03-19,0.0
1936-03-20,0.0
1936-03-21,0.0
1936-03-22,0.0
1936-03-23,0.0
1936-03-24,0.0
1936-03-25,0.0
1936-03-26,0.0
1936-03-27,0.3612528
1936-03-28,11.429227
1936-03-29,6.6649027
1936-03-30,3.3057535
1936-03-31,6.3306694
1936-04-01,36.707996
1936-04-02,0.14393514
1936-04-03,0.0
1936-04-04,0.0
1936-04-05,0.0
1936-04-06,0.0
1936-04-07,0.0
1936-04-08,0.0
1936-04-09,0.0
1936-04-10,0.0
1936-04-11,0.0
1936-04-12,0.0
1936-04-13,0.0
1936-04-14,0.0
1936-04-15,0.0
1936-04-16,0.0
1936-04-17,0.0
1936-04-18,0.0
1936-04-19,0.0
1936-04-20,0.0
1936-04-21,0.0
1936-04-22,0.0
1936-04-23,0.0
1936-04-24,0.0
1936-04-25,0.0
1936-04-26,0.0
1936-04-27,0.0
1936-04-28,0.0
1936-04-29,0.0
1936-04-30,0.0
1936-05-01,0.0
1936-05-02,0.0
1936-05-03,0.0
1936-05-04,0.0
1936-05-05,0.0
1936-05-06,0.0
1936-05-07,0.0
1936-05-08,0.0
1936-05-09,0.0
1936-05-10,0.0
1936-05-11,0.0
1936-05-12,0.0
1936-05-13,0.0
1936-05-14,0.0
1936-05-15,0.0
1936-05-16,0.0
1936-05-17,0.0
1936-05-18,0.0
1936-05-19,0.0
1936-05-20,0.0
1936-05-21,0.0
1936-05-22,8.584427
1936-05-23,20.624859
1936-05-24,9.552945
1936-05-25,0.0
1936-05-26,0.0
1936-05-27,0.0
1936-05-28,0.0
1936-05-29,0.17744641
1936-05-30,0.0
1936-05-31,0.0
1936-06-01,0.0
1936-06-02,0.0
1936-06-03,0.0
1936-06-04,0.0
1936-06-05,8.856923
1936-06-06,0.0
1936-06-07,0.0
1936-06-08,0.0
1936-06-09,0.0
1936-06-10,0.0
1936-06-11,3.8208358
1936-06-12,0.0
1936-06-13,19.79122
1936-06-14,0.0
1936-06-15,0.0
1936-06-16,0.0
1936-06-17,0.0
1936-06-18,0.0
1936-06-19,0.0
1936-06-20,4.0208845
1936-06-21,2.9157286
1936-06-22,21.550983
1936-06-23,0.3049971
1936-06-24,0.0
1936-06-25,0.0
1936-06-26,0.0
1936-06-27,0.6831293
1936-06-28,0.0
1936-06-29,0.0
1936-06-30,0.0
1936-07-01,0.0
1936-07-02,0.0
1936-07-03,0.0
1936-07-04,1.3054209
1936-07-05,1.0426711
1936-07-06,0.0
1936-07-07,2.4836597
1936-07-08,0.0
1936-07-09,0.0
1936-07-10,0.0
1936-07-11,0.40845287
1936-07-12,3.562437
1936-07-13,12.024751
1936-07-14,31.135029
1936-07-15,3.2603288
1936-07-16,0.93355626
1936-07-17,15.299913
1936-07-18,0.0
1936-07-19,0.0
1936-07-20,0.0
1936-07-21,0.0
1936-07-22,0.0
1936-07-23,0.0
1936-07-24,0.0
1936-07-25,0.0
1936-07-26,0.0
1936-07-27,0.0
1936-07-28,2.0581055
1936-07-29,0.0
1936-07-30,15.962568
1936-07-31,10.015082
1936-08-01,0.0
1936-08-02,0.0
1936-08-03,0.0
1936-08-04,0.72262406
1936-08-05,0.0
1936-08-06,14.079961
1936-08-07,0.0
1936-08-08,2.3459775
1936-08-09,0.0
1936-08-10,0.0
1936-08-11,0.0
1936-08-12,0.0
1936-08-13,0.0
1936-08-14,57.16806
1936-08-15,0.27038285
1936-08-16,0.11568619
1936-08-17,3.012961
1936-08-18,0.0
1936-08-19,0.0
1936-08-20,0.0
1936-08-21,48.043697
1936-08-22,0.0
1936-08-23,0.0
1936-08-24,0.0
1936-08-25,0.0
1936-08-26,0.0
1936-08-27,0.0
1936-08-28,0.0
1936-08-29,0.0
1936-08-30,29.920101
1936-08-31,4.5688214
1936-09-01,4.348861
1936-09-02,0.0
1936-09-03,0.0
1936-09-04,7.5088005
1936-09-05,0.0
1936-09-06,0.0
1936-09-07,0.0
1936-09-08,0.0
1936-09-09,0.0
1936-09-10,0.0
1936-09-11,0.0
1936-09-12,0.0
1936-09-13,0.0
1936-09-14,0.0
1936-09-15,0.0
1936-09-16,0.0
1936-09-17,0.35625473
1936-09-18,0.0
1936-09-19,0.0
1936-09-20,0.0
1936-09-21,0.0
1936-09-22,0.0
1936-09-23,0.0
1936-09-24,0.0
1936-09-25,0.0
1936-09-26,0.0
1936-09-27,0.0
1936-09-28,1.7755876
1936-09-29,3.1170957
1936-09-30,4.4139395
1936-10-01,0.74782205
1936-10-02,0.0
1936-10-03,0.0
1936-10-04,0.0
1936-10-05,4.4392233
1936-10-06,0.0
1936-10-07,0.0
1936-10-08,0.0
1936-10-09,0.0
1936-10-10,0.0
1936-10-11,0.0
1936-10-12,0.0
1936-10-13,0.0
1936-10-14,0.0
1936-10-15,0.0
1936-10-16,0.0
1936-10-17,0.0
1936-10-18,0.0
1936-10-19,0.4494272
1936-10-20,0.0
1936-10-21,3.0275195
1936-10-22,13.199677
1936-10-23,0.0
1936-10-24,7.421121
1936-10-25,49.47445
1936-10-26,0.0
1936-10-27,0.0
1936-10-28,0.0
1936-10-29,6.050152
1936-10-30,3.182858
1936-10-31,27.213562
1936-11-01,5.8361497
1936-11-02,105.70506
1936-11-03,30.594326
1936-11-04,2.8473718
1936-11-05,94.06701
1936-11-06,26.305159
1936-11-07,4.0837297
1936-11-08,1.560131
1936-11-09,2.1806588
1936-11-10,0.3118635
1936-11-11,0.750506
1936-11-12,0.0
1936-11-13,1.4662749
1936-11-14,19.16754
1936-11-15,13.97317
1936-11-16,35.730125
1936-11-17,5.2319603
1936-11-18,6.179596
1936-11-19,6.601252
1936-11-20,6.798624
1936-11-21,3.282171
1936-11-22,0.0
1936-11-23,0.6831293
1936-11-24,0.0
1936-11-25,22.92079
1936-11-26,21.93906
1936-11-27,9.597848
1936-11-28,0.0
1936-11-29,0.0
1936-11-30,0.0
1936-12-01,0.0
1936-12-02,0.0
1936-12-03,0.0
1936-12-04,0.0
1936-12-05,0.0
1936-12-06,0.0
1936-12-07,0.0
1936-12-08,2.291371
1936-12-09,13.975164
1936-12-10,14.168512
1936-12-11,14.420543
1936-12-12,4.448475
1936-12-13,0.18711811
1936-12-14,0.8108451
1936-12-15,0.0
1936-12-16,0.0
1936-12-17,13.620165
1936-12-18,50.644802
1936-12-19,16.597813
1936-12-20,0.0
1936-12-21,0.0
1936-12-22,0.0
1936-12-23,0.0
1936-12-24,0.0
1936-12-25,0.0
1936-12-26,0.0
1936-12-27,0.0
1936-12-28,0.0
1936-12-29,0.0
1936-12-30,0.0
1936-12-31,0.6613923
1937-01-01,0.30732155
1937-01-02,0.0
1937-01-03,0.0
1937-01-04,0.0
1937-01-05,1.570079
1937-01-06,1.5818031
1937-01-07,0.0
1937-01-08,0.0
1937-01-09,0.0
1937-01-10,0.0
1937-01-11,0.0
1937-01-12,4.937875
1937-01-13,17.312618
1937-01-14,0.3118635
1937-01-15,1.247454
1937-01-16,0.17977087
1937-01-17,0.0
1937-01-18,0.0
1937-01-19,0.0
1937-01-20,0.0
1937-01-21,0.0
1937-01-22,0.0
1937-01-23,0.0
1937-01-24,0.0
1937-01-25,0.0
1937-01-26,0.0
1937-01-27,0.0
1937-01-28,0.0
1937-01-29,0.0
1937-01-30,0.0
1937-01-31,0.0
1937-02-01,0.0
1937-02-02,0.0
1937-02-03,0.0
1937-02-04,0.0
1937-02-05,0.0
1937-02-06,0.0
1937-02-07,0.0
1937-02-08,0.0
1937-02-09,0.0
1937-02-10,0.0
1937-02-11,0.0
1937-02-12,0.0
1937-02-13,0.0
1937-02-14,0.0
1937-02-15,0.0
1937-02-16,0.0
1937-02-17,0.0
1937-02-18,0.0
1937-02-19,0.0
1937-02-20,0.0
1937-02-21,0.0
1937-02-22,0.0
1937-02-23,0.0
1937-02-24,0.0
1937-02-25,0.0
1937-02-26,0.0
1937-02-27,0.0
1937-02-28,0.0
1937-03-01,0.0
1937-03-02,0.0
1937-03-03,0.0
1937-03-04,0.0
1937-03-05,0.0
1937-03-06,0.0
1937-03-07,0.0
1937-03-08,0.0
1937-03-09,0.0
1937-03-10,0.0
1937-03-11,0.0
1937-03-12,0.0
1937-03-13,0.0
1937-03-14,19.963419
1937-03-15,5.320276
1937-03-16,0.0
1937-03-17,0.0
1937-03-18,0.0
1937-03-19,0.0
1937-03-20,0.0
1937-03-21,0.0
1937-03-22,0.0
1937-03-23,0.0
1937-03-24,0.0
1937-03-25,0.0
1937-03-26,0.0
1937-03-27,0.0
1937-03-28,0.0
1937-03-29,0.0
1937-03-30,0.0
1937-03-31,0.0
1937-04-01,0.0
1937-04-02,0.0
1937-04-03,0.0
1937-04-04,0.0
1937-04-05,0.0
1937-04-06,0.0
1937-04-07,0.0
1937-04-08,0.0
1937-04-09,0.0
1937-04-10,0.0
1937-04-11,0.0
1937-04-12,8.590079
1937-04-13,0.0
1937-04-14,0.0
1937-04-15,0.0
1937-04-16,0.0
1937-04-17,10.067696
1937-04-18,0.49898165
1937-04-19,0.0
1937-04-20,0.0
1937-04-21,0.0
1937-04-22,0.0
1937-04-23,1.3979079
1937-04-24,14.085713
1937-04-25,0.0
1937-04-26,6.687438
1937-04-27,9.845481
1937-04-28,0.0
1937-04-29,0.0
1937-04-30,0.0
1937-05-01,0.0
1937-05-02,0.0
1937-05-03,0.0
1937-05-04,0.0
1937-05-05,0.0
1937-05-06,0.0
1937-05-07,0.0
1937-05-08,0.0
1937-05-09,0.0
1937-05-10,1.6767061
1937-05-11,0.0
1937-05-12,0.0
1937-05-13,0.0
1937-05-14,0.0
1937-05-15,0.0
1937-05-16,0.0
1937-05-17,0.0
1937-05-18,0.0
1937-05-19,0.0
1937-05-20,0.0
1937-05-21,0.0
1937-05-22,0.0
1937-05-23,0.0
1937-05-24,0.0
1937-05-25,0.0
1937-05-26,0.17083892
1937-05-27,0.0
1937-05-28,0.0
1937-05-29,0.0
1937-05-30,0.0
1937-05-31,0.0
1937-06-01,0.0
1937-06-02,0.0
1937-06-03,0.0
1937-06-04,0.0
1937-06-05,0.0
1937-06-06,0.0
1937-06-07,0.0
1937-06-08,0.0
1937-06-09,0.0
1937-06-10,0.23370211
1937-06-11,0.0
1937-06-12,0.0
1937-06-13,0.0
1937-06-14,0.0
1937-06-15,0.0
1937-06-16,0.0
1937-06-17,6.224941
1937-06-18,0.0
1937-06-19,0.0
1937-06-20,0.0
1937-06-21,0.0
1937-06-22,0.0
1937-06-23,0.0
1937-06-24,0.0
1937-06-25,0.0
1937-06-26,1.5593175
1937-06-27,0.0
1937-06-28,0.0
1937-06-29,0.0
1937-06-30,0.0
1937-07-01,0.0
1937-07-02,3.804735
1937-07-03,0.45762566
1937-07-04,0.0
1937-07-05,0.0
1937-07-06,0.0
1937-07-07,0.0
1937-07-08,0.0
1937-07-09,0.0
1937-07-10,5.3613944
1937-07-11,0.0
1937-07-12,0.0
1937-07-13,0.0
1937-07-14,0.0
1937-07-15,0.0
1937-07-16,16.807383
1937-07-17,0.0
1937-07-18,4.3152413
1937-07-19,0.0
1937-07-20,0.42019892
1937-07-21,0.0
1937-07-22,0.0
1937-07-23,0.0
1937-07-24,0.0
1937-07-25,0.0
1937-07-26,0.0
1937-07-27,0.0
1937-07-28,0.0
1937-07-29,6.6128616
1937-07-30,2.3701625
1937-07-31,10.780307
1937-08-01,0.0
1937-08-02,0.0
1937-08-03,0.23370211
1937-08-04,0.0
1937-08-05,0.0
1937-08-06,14.993027
1937-08-07,9.219421
1937-08-08,0.0
1937-08-09,0.0
1937-08-10,11.018272
1937-08-11,0.0
1937-08-12,0.0
1937-08-13,0.0
1937-08-14,0.0
1937-08-15,0.0
1937-08-16,0.0
1937-08-17,0.0
1937-08-18,8.748588
1937-08-19,0.0
1937-08-20,4.438151
1937-08-21,0.0
1937-08-22,0.0
1937-08-23,0.0
1937-08-24,0.0
1937-08-25,0.0
1937-08-26,0.0
1937-08-27,3.565641
1937-08-28,0.0
1937-08-29,0.0
1937-08-30,0.0
1937-08-31,29.220219
1937-09-01,0.0
1937-09-02,5.0521894
1937-09-03,0.0
1937-09-04,0.0
1937-09-05,0.0
1937-09-06,0.0
1937-09-07,0.0
1937-09-08,0.0
1937-09-09,0.0
1937-09-10,0.0
1937-09-11,0.0
1937-09-12,0.0
1937-09-13,0.0
1937-09-14,0.0
1937-09-15,0.0
1937-09-16,3.6207635
1937-09-17,0.4521188
1937-09-18,0.0
1937-09-19,0.0
1937-09-20,0.0
1937-09-21,0.0
1937-09-22,0.0
1937-09-23,1.0213903
1937-09-24,0.0
1937-09-25,0.0
1937-09-26,11.394778
1937-09-27,4.964362
1937-09-28,0.0
1937-09-29,13.09018
1937-09-30,54.15388
1937-10-01,104.82391
1937-10-02,4.4470963
1937-10-03,0.0
1937-10-04,0.0
1937-10-05,0.8661922
1937-10-06,0.0
1937-10-07,5.6510515
1937-10-08,0.0
1937-10-09,11.879388
1937-10-10,0.0
1937-10-11,19.021639
1937-10-12,7.2252073
1937-10-13,0.0
1937-10-14,5.501728
1937-10-15,0.0
1937-10-16,7.0068398
1937-10-17,0.0
1937-10-18,0.0
1937-10-19,1.6657574
1937-10-20,0.0
1937-10-21,0.0
1937-10-22,0.0
1937-10-23,5.0093317
1937-10-24,23.03381
1937-10-25,1.2630467
1937-10-26,1.5593175
1937-10-27,20.165352
1937-10-28,25.168034
1937-10-29,3.1236186
1937-10-30,33.473545
1937-10-31,26.883623
1937-11-01,46.68179
1937-11-02,58.573395
1937-11-03,102.71177
1937-11-04,83.27249
1937-11-05,99.93824
1937-11-06,28.853035
1937-11-07,0.0
1937-11-08,0.0
1937-11-09,0.0
1937-11-10,0.0
1937-11-11,0.98372495
1937-11-12,27.918312
1937-11-13,8.611116
1937-11-14,144.92067
1937-11-15,180.90247
1937-11-16,26.51789
1937-11-17,65.41493
1937-11-18,0.0
1937-11-19,0.0
1937-11-20,1.8961802
1937-11-21,0.0
1937-11-22,0.0
1937-11-23,0.0
1937-11-24,1.7564033
1937-11-25,12.544058
1937-11-26,25.102377
1937-11-27,7.6748405
1937-11-28,4.9780545
1937-11-29,23.014683
1937-11-30,20.09694
1937-12-01,0.0
1937-12-02,0.0
1937-12-03,0.0
1937-12-04,0.0
1937-12-05,0.0
1937-12-06,0.0
1937-12-07,0.0
1937-12-08,0.0
1937-12-09,0.0
1937-12-10,0.8314659
1937-12-11,0.0
1937-12-12,4.167691
1937-12-13,1.448024
1937-12-14,1.8325276
1937-12-15,0.0
1937-12-16,0.0
1937-12-17,0.0
1937-12-18,0.0
1937-12-19,0.0
1937-12-20,0.0
1937-12-21,0.0
1937-12-22,0.0
1937-12-23,0.0
1937-12-24,0.0
1937-12-25,5.118938
1937-12-26,0.0
1937-12-27,0.0
1937-12-28,0.0
1937-12-29,0.0
1937-12-30,0.0
1937-12-31,0.0
1938-01-01,0.0
1938-01-02,1.8935428
1938-01-03,0.0
1938-01-04,0.0
1938-01-05,0.0
1938-01-06,0.0
1938-01-07,0.0
1938-01-08,0.0
1938-01-09,0.0
1938-01-10,0.0
1938-01-11,0.0
1938-01-12,0.0
1938-01-13,0.0
1938-01-14,0.0
1938-01-15,0.12082477
1938-01-16,0.0
1938-01-17,0.0
1938-01-18,0.0
1938-01-19,0.0
1938-01-20,0.0
1938-01-21,0.0
1938-01-22,0.0
1938-01-23,0.0
1938-01-24,0.0
1938-01-25,0.0
1938-01-26,0.0
1938-01-27,0.0
1938-01-28,0.0
1938-01-29,0.0
1938-01-30,0.0
1938-01-31,0.0
1938-02-01,0.0
1938-02-02,0.0
1938-02-03,3.686036
1938-02-04,0.0
1938-02-05,0.0
1938-02-06,9.962499
1938-02-07,24.52281
1938-02-08,4.535858
1938-02-09,15.710477
1938-02-10,0.0
1938-02-11,0.0
1938-02-12,0.0
1938-02-13,0.0
1938-02-14,0.0
1938-02-15,0.0
1938-02-16,0.0
1938-02-17,0.0
1938-02-18,0.0
1938-02-19,0.0
1938-02-20,0.0
1938-02-21,0.0
1938-02-22,0.0
1938-02-23,0.0
1938-02-24,0.0
1938-02-25,0.0
1938-02-26,0.0
1938-02-27,0.0
1938-02-28,0.0
1938-03-01,0.0
1938-03-02,0.0
1938-03-03,0.0
1938-03-04,0.0
1938-03-05,0.0
1938-03-06,0.0
1938-03-07,0.0
1938-03-08,0.0
1938-03-09,0.0
1938-03-10,0.0
1938-03-11,0.0
1938-03-12,0.0
1938-03-13,0.0
1938-03-14,0.0
1938-03-15,0.0
1938-03-16,0.0
1938-03-17,0.0
1938-03-18,0.0
1938-03-19,0.0
1938-03-20,0.0
1938-03-21,0.0
1938-03-22,29.752367
1938-03-23,12.449006
1938-03-24,24.303112
1938-03-25,0.93355626
1938-03-26,0.0
1938-03-27,0.0
1938-03-28,0.0
1938-03-29,0.0
1938-03-30,0.0
1938-03-31,0.0
1938-04-01,0.0
1938-04-02,0.0
1938-04-03,0.0
1938-04-04,0.91964024
1938-04-05,0.0
1938-04-06,0.0
1938-04-07,0.0
1938-04-08,0.0
1938-04-09,0.0
1938-04-10,0.0
1938-04-11,0.0
1938-04-12,0.0
1938-04-13,0.0
1938-04-14,0.0
1938-04-15,0.0
1938-04-16,0.0
1938-04-17,0.0
1938-04-18,0.0
1938-04-19,0.0
1938-04-20,0.0
1938-04-21,0.0
1938-04-22,0.0
1938-04-23,0.0
1938-04-24,0.0
1938-04-25,0.0
1938-04-26,0.0
1938-04-27,0.49898165
1938-04-28,0.0
1938-04-29,0.0
1938-04-30,0.0
1938-05-01,0.0
1938-05-02,0.0
1938-05-03,0.0
1938-05-04,0.0
1938-05-05,0.0
1938-05-06,0.0
1938-05-07,0.0
1938-05-08,0.0
1938-05-09,0.0
1938-05-10,0.0
1938-05-11,0.0
1938-05-12,15.105876
1938-05-13,0.0
1938-05-14,0.0
1938-05-15,0.0
1938-05-16,0.0
1938-05-17,1.2630467
1938-05-18,0.0
1938-05-19,0.0
1938-05-20,0.0
1938-05-21,0.0
1938-05-22,0.0
1938-05-23,0.0
1938-05-24,0.0
1938-05-25,0.0
1938-05-26,5.2493095
1938-05-27,0.0
1938-05-28,0.0
1938-05-29,0.0
1938-05-30,0.0
1938-05-31,0.0
1938-06-01,14.063513
1938-06-02,0.54556566
1938-06-03,16.98679
1938-06-04,0.0
1938-06-05,0.0
1938-06-06,1.0616915
1938-06-07,5.7309413
1938-06-08,0.0
1938-06-09,0.0
1938-06-10,0.0
1938-06-11,0.0
1938-06-12,2.9938898
1938-06-13,0.0
1938-06-14,0.0
1938-06-15,0.0
1938-06-16,0.0
1938-06-17,1.2121996
1938-06-18,0.0
1938-06-19,1.4348632
1938-06-20,0.0
1938-06-21,0.0
1938-06-22,0.0
1938-06-23,0.0
1938-06-24,0.0
1938-06-25,0.0
1938-06-26,0.0
1938-06-27,36.375565
1938-06-28,10.058745
1938-06-29,1.0250814
1938-06-30,0.57294226
1938-07-01,0.0
1938-07-02,0.0
1938-07-03,0.0
1938-07-04,0.26965627
1938-07-05,0.0
1938-07-06,0.0
1938-07-07,0.0
1938-07-08,0.18711811
1938-07-09,0.0
1938-07-10,19.332594
1938-07-11,0.0
1938-07-12,0.0
1938-07-13,0.0
1938-07-14,0.0
1938-07-15,0.0
1938-07-16,0.0
1938-07-17,0.1438167
1938-07-18,0.0
1938-07-19,1.3864363
1938-07-20,0.0
1938-07-21,0.0
1938-07-22,0.0
1938-07-23,0.0
1938-07-24,0.0
1938-07-25,0.122412145
1938-07-26,0.0
1938-07-27,1.2996569
1938-07-28,7.9254165
1938-07-29,0.1438167
1938-07-30,1.1166065
1938-07-31,1.247454
1938-08-01,26.9295
1938-08-02,1.3545719
1938-08-03,0.0
1938-08-04,0.0
1938-08-05,0.0
1938-08-06,0.0
1938-08-07,0.0
1938-08-08,0.17083892
1938-08-09,0.0
1938-08-10,0.0
1938-08-11,0.0
1938-08-12,8.310265
1938-08-13,0.0
1938-08-14,0.0
1938-08-15,0.0
1938-08-16,25.029705
1938-08-17,6.21215
1938-08-18,16.10639
1938-08-19,0.16411297
1938-08-20,1.2081317
1938-08-21,7.832635
1938-08-22,0.0
1938-08-23,0.0
1938-08-24,0.0
1938-08-25,0.0
1938-08-26,5.7125254
1938-08-27,0.0
1938-08-28,0.0
1938-08-29,0.0
1938-08-30,17.548756
1938-08-31,10.375666
1938-09-01,0.0
1938-09-02,0.0
1938-09-03,0.0
1938-09-04,2.7749588
1938-09-05,0.0
1938-09-06,4.0435133
1938-09-07,35.373455
1938-09-08,0.0
1938-09-09,2.728373
1938-09-10,0.7348493
1938-09-11,0.0
1938-09-12,5.7145596
1938-09-13,12.691446
1938-09-14,0.93355626
1938-09-15,0.0
1938-09-16,0.0
1938-09-17,0.0
1938-09-18,8.694887
1938-09-19,6.0252914
1938-09-20,8.43952
1938-09-21,0.0
1938-09-22,1.3545719
1938-09-23,0.0
1938-09-24,0.0
1938-09-25,0.0
1938-09-26,0.750506
1938-09-27,0.0
1938-09-28,0.93559057
1938-09-29,0.0
1938-09-30,0.0
1938-10-01,0.0
1938-10-02,0.0
1938-10-03,0.0
1938-10-04,0.0
1938-10-05,2.2920015
1938-10-06,0.0
1938-10-07,0.0
1938-10-08,0.0
1938-10-09,0.0
1938-10-10,0.0
1938-10-11,0.0
1938-10-12,0.0
1938-10-13,0.0
1938-10-14,0.0
1938-10-15,0.0
1938-10-16,0.0
1938-10-17,0.0
1938-10-18,12.487189
1938-10-19,9.813296
1938-10-20,0.0
1938-10-21,0.0
1938-10-22,0.0
1938-10-23,0.0
1938-10-24,0.0
1938-10-25,0.0
1938-10-26,7.777724
1938-10-27,0.0
1938-10-28,55.19607
1938-10-29,81.302505
1938-10-30,15.206628
1938-10-31,54.231106
1938-11-01,51.10006
1938-11-02,7.633815
1938-11-03,6.935075
1938-11-04,0.0
1938-11-05,0.0
1938-11-06,0.0
1938-11-07,0.0
1938-11-08,0.0
1938-11-09,0.0
1938-11-10,0.0
1938-11-11,0.0
1938-11-12,0.0
1938-11-13,1.4745086
1938-11-14,0.695591
1938-11-15,0.18711811
1938-11-16,0.0
1938-11-17,0.0
1938-11-18,0.0
1938-11-19,0.0
1938-11-20,0.0
1938-11-21,0.0
1938-11-22,0.0
1938-11-23,0.0
1938-11-24,0.0
1938-11-25,0.0
1938-11-26,0.0
1938-11-27,0.0
1938-11-28,0.0
1938-11-29,0.0
1938-11-30,0.0
1938-12-01,0.0
1938-12-02,0.0
1938-12-03,0.0
1938-12-04,0.0
1938-12-05,0.0
1938-12-06,1.0928088
1938-12-07,0.2730732
1938-12-08,2.0769346
1938-12-09,0.0
1938-12-10,0.0
1938-12-11,0.0
1938-12-12,0.0
1938-12-13,0.0
1938-12-14,18.231743
1938-12-15,0.6873912
1938-12-16,0.0
1938-12-17,0.0
1938-12-18,0.0
1938-12-19,0.0
1938-12-20,0.0
1938-12-21,0.0
1938-12-22,0.0
1938-12-23,0.0
1938-12-24,0.0
1938-12-25,0.0
1938-12-26,3.1942506
1938-12-27,24.125845
1938-12-28,0.0
1938-12-29,0.0
1938-12-30,0.0
1938-12-31,0.0
1939-01-01,0.0
1939-01-02,0.0
1939-01-03,0.0
1939-01-04,0.0
1939-01-05,0.0
1939-01-06,0.0
1939-01-07,0.0
1939-01-08,0.0
1939-01-09,0.0
1939-01-10,14.639711
1939-01-11,20.280825
1939-01-12,26.247917
1939-01-13,27.696291
1939-01-14,0.102234304
1939-01-15,0.0
1939-01-16,0.0
1939-01-17,0.0
1939-01-18,0.0
1939-01-19,0.0
1939-01-20,0.0
1939-01-21,0.0
1939-01-22,0.0
1939-01-23,0.0
1939-01-24,0.4494272
1939-01-25,0.0
1939-01-26,0.0
1939-01-27,0.0
1939-01-28,0.0
1939-01-29,0.0
1939-01-30,0.0
1939-01-31,0.0
1939-02-01,0.0
1939-02-02,0.0
1939-02-03,0.0
1939-02-04,0.0
1939-02-05,0.0
1939-02-06,0.0
1939-02-07,0.0
1939-02-08,0.0
1939-02-09,0.0
1939-02-10,0.0
1939-02-11,0.0
1939-02-12,0.0
1939-02-13,0.0
1939-02-14,0.0
1939-02-15,0.0
1939-02-16,0.0
1939-02-17,0.0
1939-02-18,0.32358757
1939-02-19,0.0
1939-02-20,0.0
1939-02-21,0.0
1939-02-22,0.0
1939-02-23,0.0
1939-02-24,0.0
1939-02-25,0.0
1939-02-26,0.0
1939-02-27,0.0
1939-02-28,0.0
1939-03-01,0.0
1939-03-02,0.0
1939-03-03,0.0
1939-03-04,0.0
1939-03-05,0.0
1939-03-06,0.0
1939-03-07,0.0
1939-03-08,0.0
1939-03-09,0.0
1939-03-10,0.0
1939-03-11,0.0
1939-03-12,0.0
1939-03-13,0.0
1939-03-14,0.0
1939-03-15,0.0
1939-03-16,0.0
1939-03-17,0.0
1939-03-18,0.0
1939-03-19,2.6908386
1939-03-20,1.3662586
1939-03-21,4.8956923
1939-03-22,0.0
1939-03-23,0.0
1939-03-24,0.0
1939-03-25,0.0
1939-03-26,0.0
1939-03-27,0.0
1939-03-28,0.0
1939-03-29,0.0
1939-03-30,0.0
1939-03-31,0.0
1939-04-01,0.0
1939-04-02,0.0
1939-04-03,0.0
1939-04-04,0.0
1939-04-05,0.0
1939-04-06,0.0
1939-04-07,0.0
1939-04-08,0.0
1939-04-09,0.0
1939-04-10,0.0
1939-04-11,0.0
1939-04-12,18.93346
1939-04-13,74.173515
1939-04-14,128.83438
1939-04-15,30.909191
1939-04-16,5.9853606
1939-04-17,0.0
1939-04-18,0.0
1939-04-19,0.0
1939-04-20,0.0
1939-04-21,0.0
1939-04-22,0.0
1939-04-23,0.0
1939-04-24,0.0
1939-04-25,0.0
1939-04-26,0.0
1939-04-27,0.0
1939-04-28,0.0
1939-04-29,0.0
1939-04-30,0.0
1939-05-01,0.0
1939-05-02,0.0
1939-05-03,0.0
1939-05-04,0.0
1939-05-05,0.0
1939-05-06,0.0
1939-05-07,63.129417
1939-05-08,0.0
1939-05-09,0.0
1939-05-10,0.0
1939-05-11,0.0
1939-05-12,0.0
1939-05-13,0.0
1939-05-14,0.0
1939-05-15,0.0
1939-05-16,0.0
1939-05-17,0.0
1939-05-18,0.0
1939-05-19,0.0
1939-05-20,0.0
1939-05-21,0.0
1939-05-22,0.0
1939-05-23,0.0
1939-05-24,0.0
1939-05-25,0.0
1939-05-26,0.0
1939-05-27,0.0
1939-05-28,0.0
1939-05-29,0.0
1939-05-30,0.0
1939-05-31,0.0
1939-06-01,0.0
1939-06-02,1.391182
1939-06-03,3.0752442
1939-06-04,0.0
1939-06-05,0.0
1939-06-06,0.0
1939-06-07,0.0
1939-06-08,0.0
1939-06-09,0.0
1939-06-10,0.0
1939-06-11,0.0
1939-06-12,0.0
1939-06-13,0.0
1939-06-14,0.0
1939-06-15,0.0
1939-06-16,4.0353775
1939-06-17,0.0
1939-06-18,0.0
1939-06-19,0.0
1939-06-20,0.0
1939-06-21,0.0
1939-06-22,0.0
1939-06-23,0.0
1939-06-24,0.0
1939-06-25,0.0
1939-06-26,1.3207579
1939-06-27,0.0
1939-06-28,0.0
1939-06-29,0.0
1939-06-30,42.77821
1939-07-01,0.0
1939-07-02,0.0
1939-07-03,0.0
1939-07-04,2.3701625
1939-07-05,0.0
1939-07-06,0.0
1939-07-07,0.0
1939-07-08,0.0
1939-07-09,0.0
1939-07-10,0.49898165
1939-07-11,0.0
1939-07-12,0.0
1939-07-13,0.0
1939-07-14,0.0
1939-07-15,0.0
1939-07-16,0.0
1939-07-17,0.0
1939-07-18,0.0
1939-07-19,0.0
1939-07-20,0.0
1939-07-21,0.0
1939-07-22,0.0
1939-07-23,0.0
1939-07-24,0.635451
1939-07-25,1.1116874
1939-07-26,0.0
1939-07-27,3.3498194
1939-07-28,0.0
1939-07-29,0.7730148
1939-07-30,0.0
1939-07-31,0.0
1939-08-01,0.0
1939-08-02,0.0
1939-08-03,0.0
1939-08-04,0.0
1939-08-05,6.5852475
1939-08-06,3.519775
1939-08-07,15.770529
1939-08-08,0.0
1939-08-09,25.511688
1939-08-10,0.0
1939-08-11,4.60541
1939-08-12,0.0
1939-08-13,2.790983
1939-08-14,0.0
1939-08-15,0.0
1939-08-16,0.0
1939-08-17,0.0
1939-08-18,0.0
1939-08-19,0.0
1939-08-20,0.0
1939-08-21,0.0
1939-08-22,0.0
1939-08-23,1.4561441
1939-08-24,0.0
1939-08-25,0.0
1939-08-26,0.0
1939-08-27,0.0
1939-08-28,0.0
1939-08-29,0.0
1939-08-30,0.0
1939-08-31,1.8671125
1939-09-01,0.0
1939-09-02,0.0
1939-09-03,0.0
1939-09-04,0.0
1939-09-05,2.8164327
1939-09-06,0.0
1939-09-07,0.0
1939-09-08,0.0
1939-09-09,0.0
1939-09-10,0.0
1939-09-11,2.3247383
1939-09-12,0.0
1939-09-13,0.0
1939-09-14,0.0
1939-09-15,0.0
1939-09-16,0.0
1939-09-17,8.141886
1939-09-18,0.0
1939-09-19,0.0
1939-09-20,18.30885
1939-09-21,40.247448
1939-09-22,0.0
1939-09-23,0.0
1939-09-24,5.694987
1939-09-25,3.1040678
1939-09-26,10.239148
1939-09-27,2.202027
1939-09-28,13.111361
1939-09-29,7.7477093
1939-09-30,0.0
1939-10-01,6.879533
1939-10-02,2.5077884
1939-10-03,0.0
1939-10-04,0.0
1939-10-05,10.22225
1939-10-06,12.652581
1939-10-07,0.0
1939-10-08,0.45762566
1939-10-09,0.0
1939-10-10,0.0
1939-10-11,0.0
1939-10-12,23.958508
1939-10-13,1.4345721
1939-10-14,7.1200995
1939-10-15,2.0722523
1939-10-16,15.361489
1939-10-17,0.623727
1939-10-18,0.0
1939-10-19,20.037897
1939-10-20,21.404894
1939-10-21,2.2364035
1939-10-22,0.0
1939-10-23,0.0
1939-10-24,0.0
1939-10-25,0.0
1939-10-26,0.0
1939-10-27,7.110488
1939-10-28,16.65628
1939-10-29,9.206103
1939-10-30,0.41969875
1939-10-31,36.53618
1939-11-01,12.239576
1939-11-02,5.487409
1939-11-03,6.2501235
1939-11-04,6.3506727
1939-11-05,0.0
1939-11-06,1.0173547
1939-11-07,61.984573
1939-11-08,64.169716
1939-11-09,14.437945
1939-11-10,0.0
1939-11-11,0.0
1939-11-12,10.821663
1939-11-13,16.7228
1939-11-14,3.0040357
1939-11-15,100.599884
1939-11-16,82.80156
1939-11-17,0.5724694
1939-11-18,8.730347
1939-11-19,0.0
1939-11-20,1.6149106
1939-11-21,0.0
1939-11-22,4.924785
1939-11-23,0.0
1939-11-24,0.0
1939-11-25,0.0
1939-11-26,0.0
1939-11-27,0.0
1939-11-28,0.0
1939-11-29,0.0
1939-11-30,0.0
1939-12-01,0.119721755
1939-12-02,0.5769778
1939-12-03,0.0
1939-12-04,0.0
1939-12-05,0.0
1939-12-06,0.0
1939-12-07,0.0
1939-12-08,0.0
1939-12-09,0.0
1939-12-10,0.0
1939-12-11,0.0
1939-12-12,0.0
1939-12-13,1.6533606
1939-12-14,0.32358757
1939-12-15,1.917629
1939-12-16,11.8924465
1939-12-17,0.0
1939-12-18,0.0
1939-12-19,0.0
1939-12-20,3.9047215
1939-12-21,0.0
1939-12-22,0.0
1939-12-23,0.0
1939-12-24,0.0
1939-12-25,0.0
1939-12-26,0.0
1939-12-27,0.0
1939-12-28,0.0
1939-12-29,0.0
1939-12-30,11.44203
1939-12-31,0.59324384
1940-01-01,0.0
1940-01-02,0.0
1940-01-03,0.0
1940-01-04,0.0
1940-01-05,2.2309954
1940-01-06,0.0
1940-01-07,0.0
1940-01-08,0.0
1940-01-09,0.0
1940-01-10,0.0
1940-01-11,0.0
1940-01-12,0.0
1940-01-13,0.0
1940-01-14,0.0
1940-01-15,0.0
1940-01-16,0.0
1940-01-17,0.0
1940-01-18,0.0
1940-01-19,0.0
1940-01-20,0.0
1940-01-21,0.0
1940-01-22,0.0
1940-01-23,0.0
1940-01-24,0.49898165
1940-01-25,1.1505336
1940-01-26,0.0
1940-01-27,3.5988576
1940-01-28,0.0
1940-01-29,0.13048325
1940-01-30,0.0
1940-01-31,0.0
1940-02-01,0.0
1940-02-02,0.0
1940-02-03,0.0
1940-02-04,0.0
1940-02-05,0.0
1940-02-06,0.0
1940-02-07,0.0
1940-02-08,0.0
1940-02-09,0.0
1940-02-10,0.0
1940-02-11,0.0
1940-02-12,0.0
1940-02-13,0.0
1940-02-14,0.0
1940-02-15,0.0
1940-02-16,0.0
1940-02-17,0.0
1940-02-18,0.0
1940-02-19,0.0
1940-02-20,0.0
1940-02-21,0.0
1940-02-22,0.0
1940-02-23,0.0
1940-02-24,0.0
1940-02-25,0.0
1940-02-26,0.0
1940-02-27,0.0
1940-02-28,0.0
1940-02-29,0.0
1940-03-01,0.0
1940-03-02,0.0
1940-03-03,0.0
1940-03-04,0.0
1940-03-05,0.0
1940-03-06,0.0
1940-03-07,0.0
1940-03-08,0.0
1940-03-09,0.0
1940-03-10,0.0
1940-03-11,0.0
1940-03-12,0.0
1940-03-13,0.0
1940-03-14,0.0
1940-03-15,0.0
1940-03-16,0.0
1940-03-17,0.0
1940-03-18,0.0
1940-03-19,0.0
1940-03-20,0.0
1940-03-21,0.0
1940-03-22,0.0
1940-03-23,0.0
1940-03-24,0.0
1940-03-25,0.0
1940-03-26,0.0
1940-03-27,2.782364
1940-03-28,0.0
1940-03-29,0.0
1940-03-30,0.0
1940-03-31,0.0
1940-04-01,0.0
1940-04-02,0.0
1940-04-03,0.0
1940-04-04,0.0
1940-04-05,0.0
1940-04-06,0.0
1940-04-07,0.0
1940-04-08,0.0
1940-04-09,0.0
1940-04-10,0.0
1940-04-11,0.0
1940-04-12,0.0
1940-04-13,0.0
1940-04-14,0.0
1940-04-15,0.0
1940-04-16,0.0
1940-04-17,0.0
1940-04-18,0.0
1940-04-19,0.0
1940-04-20,0.0
1940-04-21,0.0
1940-04-22,0.6831293
1940-04-23,1.1505336
1940-04-24,1.829286
1940-04-25,0.0
1940-04-26,0.0
1940-04-27,0.0
1940-04-28,0.0
1940-04-29,0.0
1940-04-30,2.1033192
1940-05-01,2.1033192
1940-05-02,0.0
1940-05-03,0.0
1940-05-04,0.0
1940-05-05,0.0
1940-05-06,0.0
1940-05-07,1.1166065
1940-05-08,0.0
1940-05-09,0.0
1940-05-10,0.0
1940-05-11,0.0
1940-05-12,0.0
1940-05-13,0.0
1940-05-14,0.0
1940-05-15,0.0
1940-05-16,0.0
1940-05-17,0.0
1940-05-18,6.7394695
1940-05-19,3.0275195
1940-05-20,23.649548
1940-05-21,0.0
1940-05-22,0.0
1940-05-23,0.0
1940-05-24,0.0
1940-05-25,1.6851956
1940-05-26,0.0
1940-05-27,2.9938898
1940-05-28,0.0
1940-05-29,12.1095085
1940-05-30,0.0
1940-05-31,0.0
1940-06-01,6.1137767
1940-06-02,0.0
1940-06-03,0.0
1940-06-04,0.0
1940-06-05,0.0
1940-06-06,0.0
1940-06-07,0.0
1940-06-08,0.7871161
1940-06-09,0.0
1940-06-10,0.0
1940-06-11,1.9347941
1940-06-12,0.0
1940-06-13,0.60406584
1940-06-14,0.0
1940-06-15,26.446178
1940-06-16,6.1258225
1940-06-17,3.4928713
1940-06-18,1.9796803
1940-06-19,0.9168314
1940-06-20,0.0
1940-06-21,0.0
1940-06-22,0.0
1940-06-23,0.0
1940-06-24,0.0
1940-06-25,0.0
1940-06-26,2.110502
1940-06-27,0.0
1940-06-28,0.0
1940-06-29,0.23370211
1940-06-30,2.245417
1940-07-01,0.0
1940-07-02,0.0
1940-07-03,0.0
1940-07-04,0.0
1940-07-05,0.93559057
1940-07-06,0.0
1940-07-07,0.0
1940-07-08,0.0
1940-07-09,0.0
1940-07-10,0.0
1940-07-11,0.0
1940-07-12,0.0
1940-07-13,0.0
1940-07-14,0.102234304
1940-07-15,0.0
1940-07-16,0.0
1940-07-17,6.9887447
1940-07-18,0.0
1940-07-19,3.6527872
1940-07-20,1.3131088
1940-07-21,0.8108451
1940-07-22,6.07476
1940-07-23,0.0
1940-07-24,0.0
1940-07-25,0.0
1940-07-26,0.523195
1940-07-27,0.0
1940-07-28,0.0
1940-07-29,0.0
1940-07-30,0.49898165
1940-07-31,0.9910589
1940-08-01,1.1715217
1940-08-02,6.3694725
1940-08-03,3.3366926
1940-08-04,0.93559057
1940-08-05,0.0
1940-08-06,4.2632275
1940-08-07,16.355251
1940-08-08,0.0
1940-08-09,9.25038
1940-08-10,12.8677025
1940-08-11,0.82694596
1940-08-12,0.0
1940-08-13,0.18711811
1940-08-14,0.0
1940-08-15,0.0
1940-08-16,0.0
1940-08-17,15.918633
1940-08-18,18.351252
1940-08-19,0.0
1940-08-20,0.0
1940-08-21,1.5593175
1940-08-22,1.2845715
1940-08-23,5.863034
1940-08-24,0.0
1940-08-25,0.0
1940-08-26,0.0
1940-08-27,0.0
1940-08-28,0.0
1940-08-29,7.3963933
1940-08-30,0.0
1940-08-31,0.0
1940-09-01,0.0
1940-09-02,12.349795
1940-09-03,0.0
1940-09-04,0.0
1940-09-05,2.6632671
1940-09-06,22.244102
1940-09-07,0.0
1940-09-08,14.879434
1940-09-09,2.0931373
1940-09-10,7.995698
1940-09-11,4.2084575
1940-09-12,4.786499
1940-09-13,0.623727
1940-09-14,29.445974
1940-09-15,0.0
1940-09-16,0.0
1940-09-17,0.0
1940-09-18,0.0
1940-09-19,0.0
1940-09-20,0.0
1940-09-21,0.0
1940-09-22,0.0
1940-09-23,0.0
1940-09-24,0.0
1940-09-25,0.0
1940-09-26,0.0
1940-09-27,0.0
1940-09-28,0.23370211
1940-09-29,0.0
1940-09-30,0.0
1940-10-01,0.0
1940-10-02,0.0
1940-10-03,0.0
1940-10-04,0.0
1940-10-05,0.0
1940-10-06,4.162559
1940-10-07,1.777375
1940-10-08,0.750506
1940-10-09,0.0
1940-10-10,2.724499
1940-10-11,0.17977087
1940-10-12,12.661657
1940-10-13,0.0
1940-10-14,0.0
1940-10-15,0.0
1940-10-16,10.1387615
1940-10-17,0.0
1940-10-18,24.161818
1940-10-19,6.3620152
1940-10-20,0.0
1940-10-21,0.0
1940-10-22,0.0
1940-10-23,0.0
1940-10-24,1.1938349
1940-10-25,0.0
1940-10-26,3.0157697
1940-10-27,68.990685
1940-10-28,0.0
1940-10-29,0.0
1940-10-30,35.385914
1940-10-31,101.75102
1940-11-01,89.52953
1940-11-02,106.89038
1940-11-03,132.00331
1940-11-04,127.06755
1940-11-05,62.423893
1940-11-06,12.467066
1940-11-07,15.602596
1940-11-08,3.5274167
1940-11-09,6.5042496
1940-11-10,9.450248
1940-11-11,41.66884
1940-11-12,26.11378
1940-11-13,3.0028865
1940-11-14,70.81415
1940-11-15,0.8108451
1940-11-16,0.45762566
1940-11-17,15.5364275
1940-11-18,1.3689526
1940-11-19,0.0
1940-11-20,0.0
1940-11-21,0.0
1940-11-22,6.9475827
1940-11-23,0.6967131
1940-11-24,16.615244
1940-11-25,3.4313486
1940-11-26,53.98003
1940-11-27,27.306534
1940-11-28,41.108326
1940-11-29,14.675157
1940-11-30,0.0
1940-12-01,0.0
1940-12-02,0.0
1940-12-03,3.0590246
1940-12-04,129.5832
1940-12-05,33.158253
1940-12-06,60.0549
1940-12-07,0.0
1940-12-08,0.0
1940-12-09,0.3118635
1940-12-10,0.0
1940-12-11,15.248443
1940-12-12,36.88361
1940-12-13,0.0
1940-12-14,0.93559057
1940-12-15,0.0
1940-12-16,0.0
1940-12-17,0.0
1940-12-18,0.17977087
1940-12-19,0.0
1940-12-20,0.0
1940-12-21,0.0
1940-12-22,0.0
1940-12-23,0.0
1940-12-24,0.0
1940-12-25,0.0
1940-12-26,0.0
1940-12-27,0.0
1940-12-28,0.0
1940-12-29,0.0
1940-12-30,0.0
1940-12-31,0.0
1941-01-01,0.0
1941-01-02,0.0
1941-01-03,0.0
1941-01-04,0.0
1941-01-05,0.0
1941-01-06,8.5548115
1941-01-07,57.910236
1941-01-08,0.23370211
1941-01-09,0.0
1941-01-10,0.0
1941-01-11,0.0
1941-01-12,0.0
1941-01-13,0.0
1941-01-14,0.0
1941-01-15,0.0
1941-01-16,0.0
1941-01-17,0.8108451
1941-01-18,1.461476
1941-01-19,0.0
1941-01-20,0.0
1941-01-21,0.0
1941-01-22,0.0
1941-01-23,0.0
1941-01-24,0.0
1941-01-25,0.0
1941-01-26,0.0
1941-01-27,0.0
1941-01-28,0.0
1941-01-29,0.0
1941-01-30,0.0
1941-01-31,0.0
1941-02-01,0.0
1941-02-02,0.0
1941-02-03,0.0
1941-02-04,0.0
1941-02-05,0.0
1941-02-06,0.0
1941-02-07,0.0
1941-02-08,0.0
1941-02-09,12.812838
1941-02-10,0.0
1941-02-11,0.0
1941-02-12,0.0
1941-02-13,0.0
1941-02-14,0.0
1941-02-15,0.0
1941-02-16,0.0
1941-02-17,0.0
1941-02-18,0.0
1941-02-19,0.0
1941-02-20,0.0
1941-02-21,0.0
1941-02-22,0.0
1941-02-23,0.0
1941-02-24,0.0
1941-02-25,0.0
1941-02-26,0.0
1941-02-27,0.0
1941-02-28,0.0
1941-03-01,0.0
1941-03-02,0.0
1941-03-03,0.0
1941-03-04,0.0
1941-03-05,0.0
1941-03-06,0.0
1941-03-07,0.0
1941-03-08,0.0
1941-03-09,0.0
1941-03-10,0.0
1941-03-11,0.0
1941-03-12,0.0
1941-03-13,0.0
1941-03-14,0.0
1941-03-15,0.0
1941-03-16,0.0
1941-03-17,0.0
1941-03-18,0.0
1941-03-19,0.0
1941-03-20,0.0
1941-03-21,0.0
1941-03-22,0.0
1941-03-23,0.0
1941-03-24,0.0
1941-03-25,0.0
1941-03-26,0.0
1941-03-27,0.0
1941-03-28,0.0
1941-03-29,0.0
1941-03-30,0.0
1941-03-31,0.0
1941-04-01,1.9586377
1941-04-02,0.0
1941-04-03,0.0
1941-04-04,0.0
1941-04-05,0.0
1941-04-06,0.0
1941-04-07,0.0
1941-04-08,0.0
1941-04-09,0.0
1941-04-10,14.111352
1941-04-11,10.125084
1941-04-12,6.260858
1941-04-13,3.420181
1941-04-14,0.0
1941-04-15,0.0
1941-04-16,0.0
1941-04-17,0.0
1941-04-18,0.0
1941-04-19,0.0
1941-04-20,0.0
1941-04-21,0.0
1941-04-22,0.0
1941-04-23,0.0
1941-04-24,0.0
1941-04-25,0.0
1941-04-26,0.0
1941-04-27,0.0
1941-04-28,0.0
1941-04-29,0.0
1941-04-30,0.0
1941-05-01,0.0
1941-05-02,0.0
1941-05-03,0.0
1941-05-04,0.0
1941-05-05,0.0
1941-05-06,0.0
1941-05-07,0.0
1941-05-08,0.0
1941-05-09,0.0
1941-05-10,0.0
1941-05-11,0.0
1941-05-12,0.0
1941-05-13,0.0
1941-05-14,0.0
1941-05-15,0.0
1941-05-16,0.0
1941-05-17,0.0
1941-05-18,0.0
1941-05-19,0.0
1941-05-20,18.709152
1941-05-21,0.0
1941-05-22,0.0
1941-05-23,0.0
1941-05-24,0.0
1941-05-25,0.0
1941-05-26,0.0
1941-05-27,0.0
1941-05-28,0.0
1941-05-29,0.0
1941-05-30,0.0
1941-05-31,0.0
1941-06-01,0.0
1941-06-02,0.53931254
1941-06-03,1.7870114
1941-06-04,0.0
1941-06-05,0.0
1941-06-06,0.9566073
1941-06-07,0.0
1941-06-08,0.0
1941-06-09,0.0
1941-06-10,0.0
1941-06-11,2.0345702
1941-06-12,0.0
1941-06-13,1.5999607
1941-06-14,0.0
1941-06-15,0.0
1941-06-16,0.0
1941-06-17,0.0
1941-06-18,0.0
1941-06-19,0.0
1941-06-20,0.45762566
1941-06-21,5.6509414
1941-06-22,22.664265
1941-06-23,0.0
1941-06-24,0.0
1941-06-25,0.0
1941-06-26,0.18711811
1941-06-27,0.0
1941-06-28,0.0
1941-06-29,0.0
1941-06-30,0.0
1941-07-01,0.0
1941-07-02,0.0
1941-07-03,0.0
1941-07-04,0.0
1941-07-05,0.0
1941-07-06,0.0
1941-07-07,0.0
1941-07-08,0.0
1941-07-09,0.0
1941-07-10,0.0
1941-07-11,0.0
1941-07-12,1.7930198
1941-07-13,0.0
1941-07-14,0.0
1941-07-15,0.0
1941-07-16,0.0
1941-07-17,0.0
1941-07-18,0.0
1941-07-19,0.0
1941-07-20,0.0
1941-07-21,25.090841
1941-07-22,0.0
1941-07-23,5.699541
1941-07-24,2.178298
1941-07-25,1.0382943
1941-07-26,0.0
1941-07-27,0.0
1941-07-28,0.0
1941-07-29,5.039306
1941-07-30,0.0
1941-07-31,2.1015654
1941-08-01,0.0
1941-08-02,0.0
1941-08-03,6.0584707
1941-08-04,0.0
1941-08-05,0.0
1941-08-06,0.0
1941-08-07,1.2951323
1941-08-08,3.617617
1941-08-09,0.0
1941-08-10,0.0
1941-08-11,0.18711811
1941-08-12,0.0
1941-08-13,1.5572833
1941-08-14,0.0
1941-08-15,1.247454
1941-08-16,1.2763731
1941-08-17,0.0
1941-08-18,0.0
1941-08-19,0.0
1941-08-20,0.623727
1941-08-21,6.262969
1941-08-22,4.690832
1941-08-23,0.0
1941-08-24,29.680365
1941-08-25,0.0
1941-08-26,2.9411643
1941-08-27,13.43441
1941-08-28,4.6494765
1941-08-29,0.0
1941-08-30,0.0
1941-08-31,0.0
1941-09-01,28.22275
1941-09-02,12.495727
1941-09-03,2.1137493
1941-09-04,0.0
1941-09-05,0.0
1941-09-06,0.0
1941-09-07,29.036469
1941-09-08,0.0
1941-09-09,0.0
1941-09-10,0.0
1941-09-11,0.0
1941-09-12,0.0
1941-09-13,0.0
1941-09-14,22.15044
1941-09-15,0.0
1941-09-16,0.0
1941-09-17,0.0
1941-09-18,0.623727
1941-09-19,9.997665
1941-09-20,0.0
1941-09-21,0.0
1941-09-22,0.73706055
1941-09-23,0.0
1941-09-24,2.606094
1941-09-25,8.327416
1941-09-26,31.188313
1941-09-27,0.0
1941-09-28,0.21119456
1941-09-29,0.11568619
1941-09-30,1.9586377
1941-10-01,0.0
1941-10-02,14.125734
1941-10-03,12.275291
1941-10-04,23.651915
1941-10-05,7.962313
1941-10-06,21.712103
1941-10-07,5.8412724
1941-10-08,0.32935095
1941-10-09,0.2259916
1941-10-10,0.0
1941-10-11,0.0
1941-10-12,0.0
1941-10-13,7.9663534
1941-10-14,0.0
1941-10-15,0.9527857
1941-10-16,0.0
1941-10-17,0.0
1941-10-18,0.0
1941-10-19,10.697532
1941-10-20,6.472662
1941-10-21,12.402545
1941-10-22,64.719986
1941-10-23,93.321686
1941-10-24,12.30493
1941-10-25,4.0817385
1941-10-26,0.0
1941-10-27,0.0
1941-10-28,0.0
1941-10-29,0.0
1941-10-30,0.0
1941-10-31,0.0
1941-11-01,100.412094
1941-11-02,15.20689
1941-11-03,1.9718506
1941-11-04,0.46850199
1941-11-05,0.0
1941-11-06,11.294144
1941-11-07,27.377787
1941-11-08,86.740875
1941-11-09,41.61115
1941-11-10,25.50625
1941-11-11,12.664471
1941-11-12,0.0
1941-11-13,4.416309
1941-11-14,65.20529
1941-11-15,2.5758579
1941-11-16,29.804533
1941-11-17,0.0
1941-11-18,3.852413
1941-11-19,1.378434
1941-11-20,1.8671125
1941-11-21,7.0954604
1941-11-22,25.316599
1941-11-23,41.427353
1941-11-24,7.957562
1941-11-25,0.0
1941-11-26,0.0
1941-11-27,0.0
1941-11-28,4.205657
1941-11-29,1.2052468
1941-11-30,0.0
1941-12-01,0.0
1941-12-02,0.0
1941-12-03,276.4117
1941-12-04,0.0
1941-12-05,0.0
1941-12-06,0.0
1941-12-07,0.0
1941-12-08,0.0
1941-12-09,0.0
1941-12-10,0.0
1941-12-11,0.0
1941-12-12,0.0
1941-12-13,0.0
1941-12-14,21.724373
1941-12-15,0.0
1941-12-16,3.9583998
1941-12-17,1.1153615
1941-12-18,0.0
1941-12-19,0.0
1941-12-20,0.0
1941-12-21,0.0
1941-12-22,0.0
1941-12-23,0.0
1941-12-24,0.0
1941-12-25,0.0
1941-12-26,0.0
1941-12-27,0.0
1941-12-28,0.0
1941-12-29,0.0
1941-12-30,0.0
1941-12-31,0.0
1942-01-01,0.0
1942-01-02,0.0
1942-01-03,0.0
1942-01-04,0.0
1942-01-05,0.0
1942-01-06,11.581139
1942-01-07,2.9751308
1942-01-08,0.1438167
1942-01-09,0.0
1942-01-10,0.0
1942-01-11,0.0
1942-01-12,0.0
1942-01-13,0.0
1942-01-14,0.0
1942-01-15,0.0
1942-01-16,0.0
1942-01-17,0.0
1942-01-18,0.0
1942-01-19,0.0
1942-01-20,0.0
1942-01-21,0.0
1942-01-22,0.0
1942-01-23,0.0
1942-01-24,0.0
1942-01-25,0.0
1942-01-26,0.0
1942-01-27,0.0
1942-01-28,0.0
1942-01-29,0.0
1942-01-30,0.0
1942-01-31,0.0
1942-02-01,0.0
1942-02-02,0.0
1942-02-03,0.0
1942-02-04,0.0
1942-02-05,0.0
1942-02-06,0.0
1942-02-07,0.0
1942-02-08,0.0
1942-02-09,0.0
1942-02-10,0.0
1942-02-11,0.0
1942-02-12,0.0
1942-02-13,0.0
1942-02-14,0.0
1942-02-15,0.0
1942-02-16,0.0
1942-02-17,0.0
1942-02-18,0.0
1942-02-19,0.0
1942-02-20,0.0
1942-02-21,0.0
1942-02-22,0.0
1942-02-23,0.0
1942-02-24,0.0
1942-02-25,0.0
1942-02-26,0.0
1942-02-27,0.0
1942-02-28,0.0
1942-03-01,0.0
1942-03-02,0.0
1942-03-03,0.0
1942-03-04,0.0
1942-03-05,0.0
1942-03-06,0.0
1942-03-07,0.0
1942-03-08,0.0
1942-03-09,0.0
1942-03-10,0.0
1942-03-11,0.0
1942-03-12,0.0
1942-03-13,0.0
1942-03-14,0.0
1942-03-15,0.0
1942-03-16,0.0
1942-03-17,0.0
1942-03-18,0.0
1942-03-19,0.0
1942-03-20,0.0
1942-03-21,0.0
1942-03-22,0.0
1942-03-23,0.0
1942-03-24,0.0
1942-03-25,0.0
1942-03-26,0.0
1942-03-27,0.0
1942-03-28,0.0
1942-03-29,0.0
1942-03-30,0.0
1942-03-31,0.0
1942-04-01,0.0
1942-04-02,0.0
1942-04-03,0.0
1942-04-04,1.2485315
1942-04-05,1.277943
1942-04-06,0.0
1942-04-07,0.0
1942-04-08,2.233213
1942-04-09,0.0
1942-04-10,0.0
1942-04-11,0.0
1942-04-12,0.0
1942-04-13,0.0
1942-04-14,0.0
1942-04-15,0.0
1942-04-16,0.0
1942-04-17,0.0
1942-04-18,0.0
1942-04-19,0.0
1942-04-20,0.0
1942-04-21,0.0
1942-04-22,0.0
1942-04-23,1.0586631
1942-04-24,47.25454
1942-04-25,6.8662896
1942-04-26,0.0
1942-04-27,0.0
1942-04-28,0.0
1942-04-29,0.0
1942-04-30,0.0
1942-05-01,0.0
1942-05-02,0.0
1942-05-03,2.062676
1942-05-04,0.0
1942-05-05,0.0
1942-05-06,0.0
1942-05-07,0.0
1942-05-08,0.0
1942-05-09,0.0
1942-05-10,0.0
1942-05-11,0.0
1942-05-12,0.0
1942-05-13,0.0
1942-05-14,0.0
1942-05-15,0.0
1942-05-16,2.0112276
1942-05-17,0.0
1942-05-18,0.0
1942-05-19,0.0
1942-05-20,0.0
1942-05-21,0.0
1942-05-22,0.0
1942-05-23,0.0
1942-05-24,0.0
1942-05-25,0.0
1942-05-26,0.0
1942-05-27,0.0
1942-05-28,0.0
1942-05-29,0.0
1942-05-30,0.0
1942-05-31,0.0
1942-06-01,0.0
1942-06-02,0.0
1942-06-03,0.0
1942-06-04,0.0
1942-06-05,0.0
1942-06-06,0.0
1942-06-07,0.0
1942-06-08,0.0
1942-06-09,0.0
1942-06-10,8.323329
1942-06-11,0.0
1942-06-12,0.0
1942-06-13,0.0
1942-06-14,12.456912
1942-06-15,1.1388094
1942-06-16,0.0
1942-06-17,0.0
1942-06-18,0.0
1942-06-19,0.0
1942-06-20,0.0
1942-06-21,0.0
1942-06-22,0.0
1942-06-23,0.0
1942-06-24,1.8711811
1942-06-25,0.3118635
1942-06-26,0.0
1942-06-27,0.0
1942-06-28,0.0
1942-06-29,0.0
1942-06-30,0.0
1942-07-01,0.0
1942-07-02,0.0
1942-07-03,0.0
1942-07-04,0.0
1942-07-05,1.247454
1942-07-06,0.0
1942-07-07,0.0
1942-07-08,1.7464356
1942-07-09,0.0
1942-07-10,0.0
1942-07-11,2.0582993
1942-07-12,0.0
1942-07-13,0.0
1942-07-14,0.23370211
1942-07-15,0.0
1942-07-16,5.6321816
1942-07-17,3.3518672
1942-07-18,0.0
1942-07-19,0.0
1942-07-20,1.247454
1942-07-21,0.0
1942-07-22,0.102234304
1942-07-23,6.8087845
1942-07-24,0.0
1942-07-25,0.49898165
1942-07-26,0.0
1942-07-27,0.0
1942-07-28,0.0
1942-07-29,0.0
1942-07-30,0.0
1942-07-31,0.0
1942-08-01,0.0
1942-08-02,0.0
1942-08-03,0.0
1942-08-04,0.0
1942-08-05,2.3701625
1942-08-06,0.623727
1942-08-07,0.0
1942-08-08,0.0
1942-08-09,0.0
1942-08-10,0.3080481
1942-08-11,42.936752
1942-08-12,24.043678
1942-08-13,0.0
1942-08-14,0.27979916
1942-08-15,0.27038285
1942-08-16,22.961523
1942-08-17,57.177513
1942-08-18,45.04489
1942-08-19,0.8108451
1942-08-20,2.4162633
1942-08-21,0.0
1942-08-22,0.0
1942-08-23,0.0
1942-08-24,3.7061708
1942-08-25,34.325665
1942-08-26,0.0
1942-08-27,0.0
1942-08-28,0.0
1942-08-29,0.0
1942-08-30,4.171624
1942-08-31,0.0
1942-09-01,0.0
1942-09-02,1.0922254
1942-09-03,0.0
1942-09-04,0.0
1942-09-05,0.108960256
1942-09-06,0.0
1942-09-07,0.0
1942-09-08,0.8108451
1942-09-09,39.21071
1942-09-10,2.9835625
1942-09-11,1.0562586
1942-09-12,1.4201899
1942-09-13,0.0
1942-09-14,0.0
1942-09-15,17.291475
1942-09-16,0.0
1942-09-17,0.0
1942-09-18,2.5572808
1942-09-19,16.457827
1942-09-20,45.79037
1942-09-21,0.0
1942-09-22,0.0
1942-09-23,0.0
1942-09-24,31.168303
1942-09-25,0.0
1942-09-26,17.598274
1942-09-27,14.777078
1942-09-28,11.295586
1942-09-29,59.28419
1942-09-30,20.33123
1942-10-01,14.892819
1942-10-02,4.4284616
1942-10-03,1.5999607
1942-10-04,1.4827071
1942-10-05,0.0
1942-10-06,0.0
1942-10-07,0.0
1942-10-08,0.485613
1942-10-09,8.82902
1942-10-10,36.372128
1942-10-11,9.143104
1942-10-12,0.42411077
1942-10-13,0.0
1942-10-14,34.938133
1942-10-15,0.0
1942-10-16,0.0
1942-10-17,0.0
1942-10-18,0.0
1942-10-19,0.0
1942-10-20,0.0
1942-10-21,0.0
1942-10-22,0.6831293
1942-10-23,6.8196406
1942-10-24,0.0
1942-10-25,0.0
1942-10-26,0.0
1942-10-27,0.0
1942-10-28,0.0
1942-10-29,0.0
1942-10-30,9.284272
1942-10-31,0.102234304
1942-11-01,30.466736
1942-11-02,21.989334
1942-11-03,1.5572753
1942-11-04,0.0
1942-11-05,0.0
1942-11-06,0.0
1942-11-07,0.0
1942-11-08,0.0
1942-11-09,0.0
1942-11-10,5.3624883
1942-11-11,0.0
1942-11-12,1.5999607
1942-11-13,0.0
1942-11-14,0.0
1942-11-15,0.0
1942-11-16,0.0
1942-11-17,0.0
1942-11-18,0.0
1942-11-19,0.0
1942-11-20,0.0
1942-11-21,0.7730148
1942-11-22,0.0
1942-11-23,0.0
1942-11-24,0.0
1942-11-25,2.4253154
1942-11-26,1.9802883
1942-11-27,0.0
1942-11-28,0.0
1942-11-29,0.0
1942-11-30,2.0664437
1942-12-01,0.0
1942-12-02,0.0
1942-12-03,0.0
1942-12-04,0.0
1942-12-05,0.0
1942-12-06,6.7023454
1942-12-07,15.408635
1942-12-08,5.0413604
1942-12-09,36.04452
1942-12-10,72.93586
1942-12-11,3.0712767
1942-12-12,1.4485986
1942-12-13,5.54599
1942-12-14,5.56739
1942-12-15,1.4401704
1942-12-16,3.773191
1942-12-17,4.7159085
1942-12-18,7.3409557
1942-12-19,25.145136
1942-12-20,3.4928713
1942-12-21,4.926926
1942-12-22,0.9636076
1942-12-23,0.0
1942-12-24,0.0
1942-12-25,0.0
1942-12-26,0.0
1942-12-27,0.0
1942-12-28,0.0
1942-12-29,1.4345721
1942-12-30,0.0
1942-12-31,0.0
1943-01-01,0.0
1943-01-02,32.88146
1943-01-03,37.26268
1943-01-04,4.324133
1943-01-05,0.0
1943-01-06,0.0
1943-01-07,0.0
1943-01-08,0.0
1943-01-09,0.0
1943-01-10,20.66313
1943-01-11,3.5295904
1943-01-12,0.21119456
1943-01-13,0.0
1943-01-14,0.0
1943-01-15,0.0
1943-01-16,0.0
1943-01-17,0.0
1943-01-18,0.0
1943-01-19,0.0
1943-01-20,0.0
1943-01-21,0.0
1943-01-22,0.0
1943-01-23,0.0
1943-01-24,0.0
1943-01-25,0.0
1943-01-26,0.0
1943-01-27,0.0
1943-01-28,0.0
1943-01-29,0.0
1943-01-30,0.0
1943-01-31,0.0
1943-02-01,0.0
1943-02-02,6.723268
1943-02-03,0.0
1943-02-04,0.0
1943-02-05,0.0
1943-02-06,0.0
1943-02-07,0.0
1943-02-08,0.0
1943-02-09,0.0
1943-02-10,0.0
1943-02-11,0.0
1943-02-12,21.222757
1943-02-13,4.265886
1943-02-14,0.0
1943-02-15,0.0
1943-02-16,0.0
1943-02-17,0.0
1943-02-18,0.0
1943-02-19,0.0
1943-02-20,0.0
1943-02-21,0.0
1943-02-22,0.0
1943-02-23,0.0
1943-02-24,0.0
1943-02-25,0.0
1943-02-26,0.0
1943-02-27,0.0
1943-02-28,0.0
1943-03-01,0.0
1943-03-02,0.0
1943-03-03,0.0
1943-03-04,0.0
1943-03-05,0.0
1943-03-06,0.0
1943-03-07,0.0
1943-03-08,0.0
1943-03-09,0.0
1943-03-10,0.0
1943-03-11,0.0
1943-03-12,0.0
1943-03-13,0.0
1943-03-14,0.0
1943-03-15,0.0
1943-03-16,0.0
1943-03-17,0.0
1943-03-18,0.0
1943-03-19,0.0
1943-03-20,0.0
1943-03-21,0.0
1943-03-22,0.42776987
1943-03-23,3.2898066
1943-03-24,0.0
1943-03-25,0.0
1943-03-26,0.0
1943-03-27,0.0
1943-03-28,0.0
1943-03-29,0.0
1943-03-30,0.0
1943-03-31,0.0
1943-04-01,0.0
1943-04-02,0.0
1943-04-03,0.0
1943-04-04,0.0
1943-04-05,0.0
1943-04-06,0.0
1943-04-07,1.4201899
1943-04-08,0.0
1943-04-09,30.483477
1943-04-10,63.083485
1943-04-11,1.2649415
1943-04-12,0.0
1943-04-13,0.0
1943-04-14,21.689007
1943-04-15,0.0
1943-04-16,0.0
1943-04-17,0.0
1943-04-18,0.0
1943-04-19,0.0
1943-04-20,0.0
1943-04-21,0.0
1943-04-22,0.0
1943-04-23,0.0
1943-04-24,0.0
1943-04-25,0.0
1943-04-26,0.0
1943-04-27,0.0
1943-04-28,0.0
1943-04-29,0.0
1943-04-30,0.0
1943-05-01,0.0
1943-05-02,0.0
1943-05-03,0.0
1943-05-04,0.0
1943-05-05,0.0
1943-05-06,0.0
1943-05-07,0.0
1943-05-08,0.0
1943-05-09,0.0
1943-05-10,0.0
1943-05-11,0.0
1943-05-12,15.850554
1943-05-13,9.866862
1943-05-14,37.59842
1943-05-15,0.0
1943-05-16,2.927619
1943-05-17,131.99648
1943-05-18,314.48764
1943-05-19,116.131256
1943-05-20,1.8705307
1943-05-21,2.8684027
1943-05-22,0.0
1943-05-23,0.0
1943-05-24,0.0
1943-05-25,0.0
1943-05-26,0.0
1943-05-27,0.0
1943-05-28,12.7742
1943-05-29,0.0
1943-05-30,0.0
1943-05-31,28.12711
1943-06-01,0.0
1943-06-02,0.0
1943-06-03,0.0
1943-06-04,6.7296863
1943-06-05,0.0
1943-06-06,5.6745577
1943-06-07,0.0
1943-06-08,2.782364
1943-06-09,8.181138
1943-06-10,0.0
1943-06-11,0.0
1943-06-12,0.0
1943-06-13,0.0
1943-06-14,0.60406584
1943-06-15,0.0
1943-06-16,0.0
1943-06-17,0.0
1943-06-18,0.0
1943-06-19,0.0
1943-06-20,0.0
1943-06-21,0.0
1943-06-22,0.0
1943-06-23,0.0
1943-06-24,0.0
1943-06-25,0.6831293
1943-06-26,13.990397
1943-06-27,0.0
1943-06-28,0.0
1943-06-29,0.0
1943-06-30,0.0
1943-07-01,4.6731434
1943-07-02,0.0
1943-07-03,0.0
1943-07-04,0.0
1943-07-05,0.0
1943-07-06,1.446097
1943-07-07,0.0
1943-07-08,0.35954174
1943-07-09,0.0
1943-07-10,0.2730732
1943-07-11,0.0
1943-07-12,0.0
1943-07-13,0.0
1943-07-14,0.0
1943-07-15,0.0
1943-07-16,0.0
1943-07-17,0.0
1943-07-18,0.0
1943-07-19,0.0
1943-07-20,0.0
1943-07-21,2.245417
1943-07-22,0.0
1943-07-23,0.0
1943-07-24,0.59324384
1943-07-25,6.3620152
1943-07-26,0.0
1943-07-27,0.93559057
1943-07-28,0.0
1943-07-29,2.3850775
1943-07-30,1.1715217
1943-07-31,11.613661
1943-08-01,0.0
1943-08-02,2.7035983
1943-08-03,1.6291473
1943-08-04,26.762974
1943-08-05,3.4928713
1943-08-06,0.0
1943-08-07,6.41876
1943-08-08,0.50335836
1943-08-09,1.4702455
1943-08-10,0.0
1943-08-11,5.5257025
1943-08-12,2.8962624
1943-08-13,35.15509
1943-08-14,0.0
1943-08-15,0.0
1943-08-16,5.820998
1943-08-17,14.597922
1943-08-18,4.1918507
1943-08-19,0.64717513
1943-08-20,0.0
1943-08-21,0.0
1943-08-22,0.0
1943-08-23,0.0
1943-08-24,0.0
1943-08-25,0.0
1943-08-26,17.861626
1943-08-27,10.602002
1943-08-28,7.8848815
1943-08-29,12.1680975
1943-08-30,6.620728
1943-08-31,2.45748
1943-09-01,22.731375
1943-09-02,0.0
1943-09-03,0.0
1943-09-04,0.19994868
1943-09-05,14.759121
1943-09-06,3.1670072
1943-09-07,0.0
1943-09-08,15.620891
1943-09-09,0.0
1943-09-10,0.0
1943-09-11,0.4494272
1943-09-12,0.102234304
1943-09-13,0.0
1943-09-14,1.0426711
1943-09-15,3.0532918
1943-09-16,11.69125
1943-09-17,0.0
1943-09-18,0.0
1943-09-19,16.84605
1943-09-20,0.0
1943-09-21,0.0
1943-09-22,0.0
1943-09-23,0.0
1943-09-24,0.0
1943-09-25,4.435587
1943-09-26,49.217186
1943-09-27,3.0618522
1943-09-28,0.0
1943-09-29,0.0
1943-09-30,0.0
1943-10-01,0.0
1943-10-02,0.0
1943-10-03,0.0
1943-10-04,20.17416
1943-10-05,42.77199
1943-10-06,69.530045
1943-10-07,13.2620945
1943-10-08,0.0
1943-10-09,19.699192
1943-10-10,2.3206081
1943-10-11,5.1843743
1943-10-12,0.0
1943-10-13,0.0
1943-10-14,0.0
1943-10-15,15.588042
1943-10-16,46.45292
1943-10-17,0.0
1943-10-18,0.0
1943-10-19,0.0
1943-10-20,0.0
1943-10-21,0.0
1943-10-22,0.119721755
1943-10-23,9.574872
1943-10-24,39.78796
1943-10-25,30.555483
1943-10-26,22.579937
1943-10-27,1.5422362
1943-10-28,0.23370211
1943-10-29,0.0
1943-10-30,0.0
1943-10-31,0.0
1943-11-01,0.0
1943-11-02,0.0
1943-11-03,0.0
1943-11-04,0.0
1943-11-05,0.0
1943-11-06,6.974777
1943-11-07,0.0
1943-11-08,57.67867
1943-11-09,63.699303
1943-11-10,7.43767
1943-11-11,14.596573
1943-11-12,0.0
1943-11-13,0.0
1943-11-14,0.0
1943-11-15,0.0
1943-11-16,0.0
1943-11-17,1.7636306
1943-11-18,0.0
1943-11-19,0.0
1943-11-20,0.0
1943-11-21,1.0284085
1943-11-22,46.75836
1943-11-23,0.94731456
1943-11-24,1.5835309
1943-11-25,0.0
1943-11-26,0.0
1943-11-27,0.0
1943-11-28,0.0
1943-11-29,0.0
1943-11-30,0.0
1943-12-01,0.0
1943-12-02,0.93559057
1943-12-03,55.417835
1943-12-04,60.26866
1943-12-05,38.65365
1943-12-06,35.949844
1943-12-07,8.501112
1943-12-08,0.0
1943-12-09,0.0
1943-12-10,0.0
1943-12-11,0.0
1943-12-12,0.0
1943-12-13,27.78054
1943-12-14,16.673342
1943-12-15,0.0
1943-12-16,0.0
1943-12-17,8.475517
1943-12-18,0.1372092
1943-12-19,0.0
1943-12-20,0.0
1943-12-21,12.046294
1943-12-22,4.5558476
1943-12-23,11.388639
1943-12-24,0.0
1943-12-25,0.0
1943-12-26,0.0
1943-12-27,0.0
1943-12-28,3.8974123
1943-12-29,17.337713
1943-12-30,0.0
1943-12-31,0.0
1944-01-01,0.0
1944-01-02,0.0
1944-01-03,0.0
1944-01-04,2.2846541
1944-01-05,0.0
1944-01-06,0.0
1944-01-07,0.0
1944-01-08,4.350301
1944-01-09,5.4829264
1944-01-10,40.25948
1944-01-11,8.113594
1944-01-12,9.363719
1944-01-13,0.0
1944-01-14,0.0
1944-01-15,0.0
1944-01-16,0.0
1944-01-17,0.0
1944-01-18,0.0
1944-01-19,0.0
1944-01-20,0.0
1944-01-21,0.0
1944-01-22,0.0
1944-01-23,0.0
1944-01-24,0.0
1944-01-25,0.0
1944-01-26,0.0
1944-01-27,0.0
1944-01-28,0.0
1944-01-29,0.0
1944-01-30,0.0
1944-01-31,0.0
1944-02-01,0.0
1944-02-02,0.0
1944-02-03,0.0
1944-02-04,0.0
1944-02-05,0.0
1944-02-06,0.0
1944-02-07,0.0
1944-02-08,0.0
1944-02-09,0.0
1944-02-10,0.0
1944-02-11,0.0
1944-02-12,0.0
1944-02-13,0.0
1944-02-14,0.0
1944-02-15,0.0
1944-02-16,0.0
1944-02-17,0.0
1944-02-18,0.0
1944-02-19,0.0
1944-02-20,0.0
1944-02-21,22.553225
1944-02-22,1.0932932
1944-02-23,0.0
1944-02-24,0.0
1944-02-25,0.0
1944-02-26,0.0
1944-02-27,0.0
1944-02-28,0.0
1944-02-29,0.0
1944-03-01,0.0
1944-03-02,0.0
1944-03-03,0.0
1944-03-04,0.4494272
1944-03-05,7.046526
1944-03-06,4.5516253
1944-03-07,0.0
1944-03-08,0.0
1944-03-09,0.0
1944-03-10,0.24213389
1944-03-11,0.0
1944-03-12,0.0
1944-03-13,0.0
1944-03-14,0.0
1944-03-15,0.0
1944-03-16,0.0
1944-03-17,0.0
1944-03-18,0.0
1944-03-19,0.0
1944-03-20,0.0
1944-03-21,0.0
1944-03-22,0.0
1944-03-23,0.0
1944-03-24,0.0
1944-03-25,0.0
1944-03-26,0.0
1944-03-27,0.0
1944-03-28,0.0
1944-03-29,0.0
1944-03-30,7.6931195
1944-03-31,19.989088
1944-04-01,2.7325172
1944-04-02,0.0
1944-04-03,0.0
1944-04-04,0.0
1944-04-05,0.0
1944-04-06,0.0
1944-04-07,0.0
1944-04-08,0.0
1944-04-09,0.0
1944-04-10,0.0
1944-04-11,0.0
1944-04-12,0.0
1944-04-13,0.0
1944-04-14,0.0
1944-04-15,0.0
1944-04-16,0.0
1944-04-17,0.0
1944-04-18,0.0
1944-04-19,0.0
1944-04-20,0.0
1944-04-21,0.0
1944-04-22,0.0
1944-04-23,0.0
1944-04-24,0.0
1944-04-25,0.0
1944-04-26,0.0
1944-04-27,0.0
1944-04-28,0.0
1944-04-29,0.0
1944-04-30,0.0
1944-05-01,0.0
1944-05-02,0.0
1944-05-03,0.0
1944-05-04,0.0
1944-05-05,0.0
1944-05-06,0.0
1944-05-07,0.0
1944-05-08,0.0
1944-05-09,0.0
1944-05-10,0.0
1944-05-11,0.0
1944-05-12,0.0
1944-05-13,0.0
1944-05-14,0.0
1944-05-15,0.0
1944-05-16,0.0
1944-05-17,0.0
1944-05-18,0.0
1944-05-19,0.0
1944-05-20,6.320983
1944-05-21,0.0
1944-05-22,0.0
1944-05-23,0.0
1944-05-24,0.0
1944-05-25,0.0
1944-05-26,0.0
1944-05-27,0.0
1944-05-28,0.0
1944-05-29,0.0
1944-05-30,0.0
1944-05-31,0.0
1944-06-01,0.0
1944-06-02,1.0492002
1944-06-03,0.0
1944-06-04,0.0
1944-06-05,0.0
1944-06-06,0.0
1944-06-07,2.6426315
1944-06-08,0.0
1944-06-09,0.0
1944-06-10,0.0
1944-06-11,0.0
1944-06-12,1.9880041
1944-06-13,0.0
1944-06-14,0.0
1944-06-15,0.0
1944-06-16,0.0
1944-06-17,0.0
1944-06-18,0.0
1944-06-19,0.0
1944-06-20,0.0
1944-06-21,5.0749035
1944-06-22,0.0
1944-06-23,0.0
1944-06-24,0.17977087
1944-06-25,0.0
1944-06-26,0.0
1944-06-27,0.0
1944-06-28,1.0067167
1944-06-29,0.49898165
1944-06-30,31.35314
1944-07-01,0.0
1944-07-02,2.906817
1944-07-03,2.782364
1944-07-04,4.1828675
1944-07-05,5.1689587
1944-07-06,8.044883
1944-07-07,9.316447
1944-07-08,0.0
1944-07-09,0.0
1944-07-10,0.0
1944-07-11,0.0
1944-07-12,0.0
1944-07-13,0.0
1944-07-14,0.0
1944-07-15,0.0
1944-07-16,0.0
1944-07-17,0.0
1944-07-18,0.0
1944-07-19,0.0
1944-07-20,0.0
1944-07-21,0.0
1944-07-22,0.0
1944-07-23,6.7918506
1944-07-24,0.0
1944-07-25,0.0
1944-07-26,0.0
1944-07-27,0.0
1944-07-28,0.0
1944-07-29,0.17083892
1944-07-30,0.0
1944-07-31,0.0
1944-08-01,0.0
1944-08-02,0.0
1944-08-03,3.2582946
1944-08-04,0.0
1944-08-05,0.0
1944-08-06,0.0
1944-08-07,0.0
1944-08-08,0.0
1944-08-09,0.18832636
1944-08-10,6.3998427
1944-08-11,0.0
1944-08-12,2.2830899
1944-08-13,2.930265
1944-08-14,0.982127
1944-08-15,0.26634726
1944-08-16,0.7730148
1944-08-17,0.0
1944-08-18,0.0
1944-08-19,0.0
1944-08-20,0.0
1944-08-21,0.0
1944-08-22,0.0
1944-08-23,0.0
1944-08-24,0.0
1944-08-25,0.0
1944-08-26,0.0
1944-08-27,8.308954
1944-08-28,0.0
1944-08-29,0.0
1944-08-30,6.2182236
1944-08-31,0.5125407
1944-09-01,0.0
1944-09-02,0.0
1944-09-03,0.0
1944-09-04,9.1843405
1944-09-05,2.4628608
1944-09-06,0.0
1944-09-07,0.0
1944-09-08,0.17977087
1944-09-09,4.512249
1944-09-10,0.33091635
1944-09-11,1.4836559
1944-09-12,0.0
1944-09-13,0.5528964
1944-09-14,1.5100752
1944-09-15,0.0
1944-09-16,0.0
1944-09-17,0.0
1944-09-18,0.0
1944-09-19,0.0
1944-09-20,0.0
1944-09-21,0.0
1944-09-22,1.8696169
1944-09-23,0.0
1944-09-24,4.5661798
1944-09-25,0.0
1944-09-26,2.4269068
1944-09-27,0.0
1944-09-28,0.0
1944-09-29,0.0
1944-09-30,0.0
1944-10-01,0.0
1944-10-02,5.8964844
1944-10-03,1.391182
1944-10-04,0.0
1944-10-05,0.0
1944-10-06,0.0
1944-10-07,0.0
1944-10-08,0.0
1944-10-09,0.0
1944-10-10,0.0
1944-10-11,0.0
1944-10-12,0.0
1944-10-13,0.0
1944-10-14,0.0
1944-10-15,0.0
1944-10-16,0.0
1944-10-17,0.0
1944-10-18,0.0
1944-10-19,0.0
1944-10-20,0.0
1944-10-21,9.905375
1944-10-22,3.260197
1944-10-23,0.0
1944-10-24,2.3758554
1944-10-25,5.083072
1944-10-26,0.0
1944-10-27,0.0
1944-10-28,5.425287
1944-10-29,7.3409534
1944-10-30,0.695591
1944-10-31,0.0
1944-11-01,0.0
1944-11-02,0.0
1944-11-03,0.0
1944-11-04,0.0
1944-11-05,6.9857426
1944-11-06,1.4353114
1944-11-07,0.25693095
1944-11-08,0.3118635
1944-11-09,0.0
1944-11-10,0.0
1944-11-11,40.06487
1944-11-12,64.95962
1944-11-13,46.165462
1944-11-14,8.371519
1944-11-15,190.20595
1944-11-16,16.228024
1944-11-17,32.63916
1944-11-18,17.975483
1944-11-19,15.870162
1944-11-20,41.015217
1944-11-21,26.938631
1944-11-22,99.131836
1944-11-23,26.032318
1944-11-24,12.116401
1944-11-25,0.1438167
1944-11-26,5.5488997
1944-11-27,2.3018177
1944-11-28,0.0
1944-11-29,56.518105
1944-11-30,31.053253
1944-12-01,10.939361
1944-12-02,18.88093
1944-12-03,13.710204
1944-12-04,20.571917
1944-12-05,11.691968
1944-12-06,9.126871
1944-12-07,10.533131
1944-12-08,2.8896925
1944-12-09,0.0
1944-12-10,0.0
1944-12-11,0.0
1944-12-12,40.23769
1944-12-13,11.708494
1944-12-14,0.0
1944-12-15,0.0
1944-12-16,0.0
1944-12-17,0.0
1944-12-18,0.0
1944-12-19,0.0
1944-12-20,4.977289
1944-12-21,18.251083
1944-12-22,56.340466
1944-12-23,0.0
1944-12-24,0.0
1944-12-25,0.0
1944-12-26,0.0
1944-12-27,0.0
1944-12-28,0.0
1944-12-29,0.0
1944-12-30,0.0
1944-12-31,0.0
1945-01-01,0.0
1945-01-02,0.0
1945-01-03,0.0
1945-01-04,0.0
1945-01-05,0.0
1945-01-06,0.0
1945-01-07,0.0
1945-01-08,0.0
1945-01-09,0.0
1945-01-10,0.0
1945-01-11,0.0
1945-01-12,0.0
1945-01-13,0.0
1945-01-14,0.0
1945-01-15,0.0
1945-01-16,0.0
1945-01-17,0.0
1945-01-18,0.0
1945-01-19,0.0
1945-01-20,0.0
1945-01-21,0.0
1945-01-22,0.0
1945-01-23,0.0
1945-01-24,0.0
1945-01-25,0.0
1945-01-26,0.0
1945-01-27,1.1864877
1945-01-28,0.0
1945-01-29,0.1372092
1945-01-30,0.0
1945-01-31,0.0
1945-02-01,0.0
1945-02-02,0.0
1945-02-03,0.0
1945-02-04,0.0
1945-02-05,0.0
1945-02-06,0.0
1945-02-07,0.0
1945-02-08,0.0
1945-02-09,0.0
1945-02-10,0.0
1945-02-11,0.0
1945-02-12,0.0
1945-02-13,0.0
1945-02-14,0.0
1945-02-15,0.0
1945-02-16,0.0
1945-02-17,0.0
1945-02-18,0.0
1945-02-19,0.0
1945-02-20,0.0
1945-02-21,0.0
1945-02-22,0.0
1945-02-23,0.0
1945-02-24,0.0
1945-02-25,0.0
1945-02-26,2.7934835
1945-02-27,1.404089
1945-02-28,0.0
1945-03-01,0.0
1945-03-02,0.0
1945-03-03,0.0
1945-03-04,0.0
1945-03-05,0.0
1945-03-06,0.0
1945-03-07,0.0
1945-03-08,0.0
1945-03-09,0.0
1945-03-10,0.0
1945-03-11,0.0
1945-03-12,0.0
1945-03-13,0.0
1945-03-14,0.0
1945-03-15,0.0
1945-03-16,0.0
1945-03-17,0.0
1945-03-18,0.0
1945-03-19,0.0
1945-03-20,0.0
1945-03-21,0.0
1945-03-22,0.0
1945-03-23,0.0
1945-03-24,0.0
1945-03-25,0.0
1945-03-26,0.0
1945-03-27,0.0
1945-03-28,0.0
1945-03-29,0.0
1945-03-30,0.0
1945-03-31,6.749254
1945-04-01,13.758193
1945-04-02,1.1864877
1945-04-03,0.0
1945-04-04,0.0
1945-04-05,0.0
1945-04-06,0.0
1945-04-07,0.0
1945-04-08,0.0
1945-04-09,0.0
1945-04-10,0.0
1945-04-11,0.0
1945-04-12,0.0
1945-04-13,0.0
1945-04-14,0.0
1945-04-15,0.0
1945-04-16,0.0
1945-04-17,0.0
1945-04-18,0.0
1945-04-19,0.0
1945-04-20,0.0
1945-04-21,0.0
1945-04-22,0.0
1945-04-23,0.0
1945-04-24,0.0
1945-04-25,0.0
1945-04-26,0.0
1945-04-27,0.0
1945-04-28,0.0
1945-04-29,0.0
1945-04-30,0.0
1945-05-01,0.0
1945-05-02,0.0
1945-05-03,0.0
1945-05-04,0.0
1945-05-05,0.0
1945-05-06,0.0
1945-05-07,0.0
1945-05-08,0.0
1945-05-09,0.0
1945-05-10,0.0
1945-05-11,0.0
1945-05-12,0.0
1945-05-13,0.0
1945-05-14,0.0
1945-05-15,0.0
1945-05-16,0.0
1945-05-17,0.0
1945-05-18,0.0
1945-05-19,0.0
1945-05-20,0.0
1945-05-21,0.0
1945-05-22,0.0
1945-05-23,0.0
1945-05-24,0.0
1945-05-25,0.0
1945-05-26,0.0
1945-05-27,0.0
1945-05-28,0.0
1945-05-29,5.782996
1945-05-30,0.0
1945-05-31,0.0
1945-06-01,0.0
1945-06-02,0.0
1945-06-03,5.436593
1945-06-04,0.3080481
1945-06-05,0.0
1945-06-06,0.0
1945-06-07,0.0
1945-06-08,0.0
1945-06-09,0.0
1945-06-10,0.0
1945-06-11,0.0
1945-06-12,0.0
1945-06-13,0.0
1945-06-14,0.0
1945-06-15,0.0
1945-06-16,0.0
1945-06-17,0.0
1945-06-18,0.0
1945-06-19,0.0
1945-06-20,0.0
1945-06-21,12.719339
1945-06-22,0.0
1945-06-23,0.0
1945-06-24,0.0
1945-06-25,0.0
1945-06-26,0.0
1945-06-27,0.0
1945-06-28,0.0
1945-06-29,0.0
1945-06-30,0.0
1945-07-01,0.0
1945-07-02,0.0
1945-07-03,0.0
1945-07-04,0.0
1945-07-05,0.0
1945-07-06,0.0
1945-07-07,0.0
1945-07-08,0.0
1945-07-09,0.0
1945-07-10,0.0
1945-07-11,0.0
1945-07-12,0.0
1945-07-13,0.0
1945-07-14,7.8097053
1945-07-15,0.0
1945-07-16,0.623727
1945-07-17,0.0
1945-07-18,0.0
1945-07-19,15.12809
1945-07-20,24.511045
1945-07-21,0.9124546
1945-07-22,0.0
1945-07-23,0.0
1945-07-24,0.0
1945-07-25,0.0
1945-07-26,0.53931254
1945-07-27,3.3057535
1945-07-28,11.103608
1945-07-29,0.0
1945-07-30,0.0
1945-07-31,0.0
1945-08-01,5.1071024
1945-08-02,2.086773
1945-08-03,3.1247094
1945-08-04,1.5716444
1945-08-05,0.0
1945-08-06,1.6068052
1945-08-07,0.53931254
1945-08-08,0.0
1945-08-09,0.0
1945-08-10,11.345891
1945-08-11,1.1227086
1945-08-12,0.0
1945-08-13,0.0
1945-08-14,0.0
1945-08-15,0.0
1945-08-16,0.0
1945-08-17,0.0
1945-08-18,0.0
1945-08-19,0.0
1945-08-20,0.0
1945-08-21,0.0
1945-08-22,2.261518
1945-08-23,0.0
1945-08-24,0.0
1945-08-25,0.0
1945-08-26,0.0
1945-08-27,2.9288042
1945-08-28,0.39392
1945-08-29,28.3657
1945-08-30,0.0
1945-08-31,0.0
1945-09-01,0.0
1945-09-02,0.0
1945-09-03,8.856923
1945-09-04,7.3612394
1945-09-05,2.242759
1945-09-06,0.0
1945-09-07,0.0
1945-09-08,0.0
1945-09-09,0.0
1945-09-10,0.0
1945-09-11,0.0
1945-09-12,0.0
1945-09-13,0.0
1945-09-14,0.0
1945-09-15,17.622128
1945-09-16,0.8420312
1945-09-17,10.849213
1945-09-18,0.0
1945-09-19,0.0
1945-09-20,0.0
1945-09-21,0.0
1945-09-22,1.9801414
1945-09-23,0.0
1945-09-24,0.0
1945-09-25,0.0
1945-09-26,0.0
1945-09-27,0.0
1945-09-28,19.948133
1945-09-29,6.974299
1945-09-30,0.5432324
1945-10-01,0.0
1945-10-02,0.0
1945-10-03,0.17977087
1945-10-04,4.738259
1945-10-05,20.287159
1945-10-06,8.887314
1945-10-07,2.086773
1945-10-08,4.61558
1945-10-09,0.0
1945-10-10,0.0
1945-10-11,3.7171607
1945-10-12,1.9263338
1945-10-13,23.582668
1945-10-14,30.371252
1945-10-15,12.966958
1945-10-16,0.9787101
1945-10-17,1.3303044
1945-10-18,0.0
1945-10-19,0.0
1945-10-20,0.0
1945-10-21,0.0
1945-10-22,0.0
1945-10-23,0.0
1945-10-24,0.0
1945-10-25,0.0
1945-10-26,0.0
1945-10-27,1.7437774
1945-10-28,0.15726858
1945-10-29,0.0
1945-10-30,0.0
1945-10-31,0.0
1945-11-01,14.349421
1945-11-02,0.49898165
1945-11-03,2.2238562
1945-11-04,10.139679
1945-11-05,0.0
1945-11-06,0.0
1945-11-07,5.3991055
1945-11-08,14.408093
1945-11-09,25.2694
1945-11-10,107.0366
1945-11-11,86.64585
1945-11-12,60.046047
1945-11-13,50.312695
1945-11-14,29.820932
1945-11-15,2.5572808
1945-11-16,0.0
1945-11-17,0.0
1945-11-18,24.133722
1945-11-19,7.2427583
1945-11-20,2.1570947
1945-11-21,0.0
1945-11-22,0.0
1945-11-23,0.0
1945-11-24,0.0
1945-11-25,0.0
1945-11-26,0.0
1945-11-27,0.0
1945-11-28,0.0
1945-11-29,0.0
1945-11-30,0.0
1945-12-01,0.0
1945-12-02,0.0
1945-12-03,0.0
1945-12-04,0.0
1945-12-05,6.1302934
1945-12-06,0.0
1945-12-07,0.0
1945-12-08,3.3898494
1945-12-09,0.25387993
1945-12-10,0.0
1945-12-11,0.0
1945-12-12,0.0
1945-12-13,0.0
1945-12-14,0.0
1945-12-15,0.0
1945-12-16,0.0
1945-12-17,0.0
1945-12-18,9.481422
1945-12-19,0.0
1945-12-20,0.1372092
1945-12-21,0.0
1945-12-22,0.0
1945-12-23,0.0
1945-12-24,0.0
1945-12-25,0.0
1945-12-26,0.0
1945-12-27,0.0
1945-12-28,0.0
1945-12-29,0.0
1945-12-30,0.0
1945-12-31,0.0
1946-01-01,0.0
1946-01-02,0.0
1946-01-03,0.0
1946-01-04,0.0
1946-01-05,0.0
1946-01-06,0.0
1946-01-07,0.0
1946-01-08,0.0
1946-01-09,0.0
1946-01-10,0.0
1946-01-11,0.0
1946-01-12,0.0
1946-01-13,0.0
1946-01-14,0.0
1946-01-15,0.0
1946-01-16,0.0
1946-01-17,0.0
1946-01-18,0.0
1946-01-19,0.0
1946-01-20,14.742951
1946-01-21,3.4185133
1946-01-22,0.0
1946-01-23,0.0
1946-01-24,0.0
1946-01-25,0.0
1946-01-26,0.0
1946-01-27,0.0
1946-01-28,0.0
1946-01-29,0.0
1946-01-30,0.0
1946-01-31,0.0
1946-02-01,0.0
1946-02-02,0.0
1946-02-03,0.0
1946-02-04,0.0
1946-02-05,0.0
1946-02-06,0.0
1946-02-07,0.0
1946-02-08,0.0
1946-02-09,0.0
1946-02-10,0.0
1946-02-11,0.0
1946-02-12,0.0
1946-02-13,0.0
1946-02-14,0.0
1946-02-15,0.0
1946-02-16,0.0
1946-02-17,0.0
1946-02-18,0.0
1946-02-19,0.0
1946-02-20,0.0
1946-02-21,0.0
1946-02-22,0.0
1946-02-23,0.0
1946-02-24,0.0
1946-02-25,0.0
1946-02-26,0.0
1946-02-27,0.0
1946-02-28,0.0
1946-03-01,0.0
1946-03-02,0.0
1946-03-03,0.0
1946-03-04,0.0
1946-03-05,0.0
1946-03-06,0.0
1946-03-07,0.0
1946-03-08,0.0
1946-03-09,0.0
1946-03-10,0.0
1946-03-11,0.0
1946-03-12,0.0
1946-03-13,0.0
1946-03-14,0.0
1946-03-15,0.21523012
1946-03-16,0.0
1946-03-17,0.119721755
1946-03-18,0.0
1946-03-19,0.0
1946-03-20,0.0
1946-03-21,0.0
1946-03-22,0.0
1946-03-23,0.0
1946-03-24,0.0
1946-03-25,0.0
1946-03-26,0.0
1946-03-27,0.0
1946-03-28,0.0
1946-03-29,0.0
1946-03-30,0.0
1946-03-31,0.0
1946-04-01,0.0
1946-04-02,0.0
1946-04-03,0.0
1946-04-04,0.0
1946-04-05,0.0
1946-04-06,0.0
1946-04-07,0.0
1946-04-08,0.0
1946-04-09,0.0
1946-04-10,0.0
1946-04-11,0.0
1946-04-12,0.0
1946-04-13,0.0
1946-04-14,0.0
1946-04-15,0.0
1946-04-16,0.0
1946-04-17,0.0
1946-04-18,0.0
1946-04-19,0.0
1946-04-20,0.0
1946-04-21,0.0
1946-04-22,0.0
1946-04-23,0.0
1946-04-24,0.0
1946-04-25,0.0
1946-04-26,0.0
1946-04-27,0.0
1946-04-28,0.0
1946-04-29,0.0
1946-04-30,0.0
1946-05-01,0.0
1946-05-02,0.0
1946-05-03,0.0
1946-05-04,0.0
1946-05-05,3.4928713
1946-05-06,0.0
1946-05-07,0.0
1946-05-08,2.8576944
1946-05-09,0.0
1946-05-10,22.122444
1946-05-11,0.0
1946-05-12,0.0
1946-05-13,1.0250814
1946-05-14,0.0
1946-05-15,0.0
1946-05-16,2.2573617
1946-05-17,0.0
1946-05-18,0.0
1946-05-19,0.0
1946-05-20,0.0
1946-05-21,0.0
1946-05-22,1.0426711
1946-05-23,0.0
1946-05-24,0.0
1946-05-25,0.0
1946-05-26,0.0
1946-05-27,0.0
1946-05-28,0.0
1946-05-29,0.0
1946-05-30,0.1438167
1946-05-31,0.0
1946-06-01,0.0
1946-06-02,0.0
1946-06-03,0.0
1946-06-04,0.0
1946-06-05,0.0
1946-06-06,0.0
1946-06-07,0.0
1946-06-08,0.12644769
1946-06-09,0.0
1946-06-10,0.0
1946-06-11,0.0
1946-06-12,5.6619177
1946-06-13,0.0
1946-06-14,4.445474
1946-06-15,0.0
1946-06-16,0.45762566
1946-06-17,0.0
1946-06-18,0.7730148
1946-06-19,0.17977087
1946-06-20,0.0
1946-06-21,0.0
1946-06-22,0.0
1946-06-23,0.0
1946-06-24,0.0
1946-06-25,0.0
1946-06-26,0.0
1946-06-27,0.0
1946-06-28,0.0
1946-06-29,0.0
1946-06-30,0.0
1946-07-01,0.0
1946-07-02,8.685398
1946-07-03,0.0
1946-07-04,0.0
1946-07-05,0.0
1946-07-06,0.0
1946-07-07,7.254216
1946-07-08,0.0
1946-07-09,0.0
1946-07-10,0.0
1946-07-11,5.339195
1946-07-12,0.0
1946-07-13,0.0
1946-07-14,0.0
1946-07-15,0.0
1946-07-16,0.0
1946-07-17,20.665955
1946-07-18,3.688876
1946-07-19,0.695591
1946-07-20,0.0
1946-07-21,0.0
1946-07-22,0.0
1946-07-23,0.0
1946-07-24,0.70922816
1946-07-25,0.0
1946-07-26,0.0
1946-07-27,0.0
1946-07-28,0.0
1946-07-29,0.0
1946-07-30,5.3071027
1946-07-31,0.695591
1946-08-01,5.7128468
1946-08-02,0.0
1946-08-03,0.0
1946-08-04,0.0
1946-08-05,0.0
1946-08-06,1.6537188
1946-08-07,5.362058
1946-08-08,0.0
1946-08-09,2.278945
1946-08-10,0.0
1946-08-11,1.3642685
1946-08-12,1.6546496
1946-08-13,8.769721
1946-08-14,2.154846
1946-08-15,5.677538
1946-08-16,3.2953475
1946-08-17,1.144123
1946-08-18,7.740016
1946-08-19,0.0
1946-08-20,0.0
1946-08-21,1.5033808
1946-08-22,0.0
1946-08-23,0.0
1946-08-24,0.0
1946-08-25,0.0
1946-08-26,0.0
1946-08-27,13.9814415
1946-08-28,11.562232
1946-08-29,0.0
1946-08-30,0.0
1946-08-31,0.0
1946-09-01,0.15738703
1946-09-02,1.7797315
1946-09-03,0.0
1946-09-04,6.343407
1946-09-05,0.0
1946-09-06,0.0
1946-09-07,7.21218
1946-09-08,0.0
1946-09-09,0.0
1946-09-10,0.0
1946-09-11,0.0
1946-09-12,0.0
1946-09-13,0.0
1946-09-14,0.0
1946-09-15,0.0
1946-09-16,0.0
1946-09-17,0.0
1946-09-18,9.373401
1946-09-19,0.16411297
1946-09-20,1.391182
1946-09-21,0.0
1946-09-22,0.0
1946-09-23,0.0
1946-09-24,0.0
1946-09-25,6.7362494
1946-09-26,3.4695776
1946-09-27,4.4948606
1946-09-28,0.0
1946-09-29,0.0
1946-09-30,0.0
1946-10-01,0.0
1946-10-02,6.8826895
1946-10-03,9.258517
1946-10-04,18.507015
1946-10-05,5.1161146
1946-10-06,0.0
1946-10-07,0.0
1946-10-08,0.0
1946-10-09,0.0
1946-10-10,0.0
1946-10-11,0.0
1946-10-12,0.0
1946-10-13,0.0
1946-10-14,0.0
1946-10-15,0.26464143
1946-10-16,11.833049
1946-10-17,0.49898165
1946-10-18,0.0
1946-10-19,0.0
1946-10-20,0.19101673
1946-10-21,0.0
1946-10-22,0.0
1946-10-23,0.0
1946-10-24,0.0
1946-10-25,3.5366158
1946-10-26,7.5398836
1946-10-27,45.79324
1946-10-28,50.8555
1946-10-29,10.965051
1946-10-30,30.261047
1946-10-31,11.796568
1946-11-01,30.376213
1946-11-02,83.21645
1946-11-03,6.696034
1946-11-04,0.0
1946-11-05,0.0
1946-11-06,0.0
1946-11-07,6.7230124
1946-11-08,2.1225123
1946-11-09,2.235864
1946-11-10,0.0
1946-11-11,0.0
1946-11-12,2.516792
1946-11-13,5.5537953
1946-11-14,7.6689906
1946-11-15,15.730711
1946-11-16,109.16772
1946-11-17,0.9168314
1946-11-18,0.0
1946-11-19,0.0
1946-11-20,0.0
1946-11-21,0.623727
1946-11-22,0.0
1946-11-23,22.605846
1946-11-24,14.38006
1946-11-25,37.36229
1946-11-26,96.86914
1946-11-27,37.833065
1946-11-28,33.409847
1946-11-29,23.96041
1946-11-30,53.14462
1946-12-01,58.16445
1946-12-02,26.916246
1946-12-03,55.41278
1946-12-04,120.91898
1946-12-05,5.2153506
1946-12-06,2.0986547
1946-12-07,7.9429293
1946-12-08,44.33273
1946-12-09,10.803554
1946-12-10,0.0
1946-12-11,3.001693
1946-12-12,0.0
1946-12-13,0.9168314
1946-12-14,0.0
1946-12-15,33.661
1946-12-16,0.4208202
1946-12-17,28.881443
1946-12-18,22.430367
1946-12-19,0.0
1946-12-20,0.0
1946-12-21,0.0
1946-12-22,0.0
1946-12-23,0.0
1946-12-24,0.0
1946-12-25,0.0
1946-12-26,0.0
1946-12-27,4.9384737
1946-12-28,0.0
1946-12-29,0.0
1946-12-30,0.0
1946-12-31,34.848663
1947-01-01,63.467064
1947-01-02,17.384808
1947-01-03,29.086155
1947-01-04,12.416324
1947-01-05,59.667942
1947-01-06,14.384826
1947-01-07,15.179743
1947-01-08,0.0
1947-01-09,0.0
1947-01-10,0.0
1947-01-11,0.0
1947-01-12,0.0
1947-01-13,0.0
1947-01-14,0.0
1947-01-15,0.0
1947-01-16,0.0
1947-01-17,0.0
1947-01-18,0.0
1947-01-19,0.0
1947-01-20,0.0
1947-01-21,0.0
1947-01-22,0.0
1947-01-23,0.0
1947-01-24,0.0
1947-01-25,0.0
1947-01-26,0.0
1947-01-27,23.779236
1947-01-28,3.1001596
1947-01-29,1.8671125
1947-01-30,0.0
1947-01-31,0.0
1947-02-01,0.0
1947-02-02,0.0
1947-02-03,0.0
1947-02-04,0.0
1947-02-05,0.0
1947-02-06,0.0
1947-02-07,0.0
1947-02-08,0.0
1947-02-09,0.0
1947-02-10,0.0
1947-02-11,0.0
1947-02-12,0.0
1947-02-13,0.0
1947-02-14,5.1959167
1947-02-15,0.0
1947-02-16,0.0
1947-02-17,0.0
1947-02-18,0.0
1947-02-19,0.0
1947-02-20,9.071716
1947-02-21,0.0
1947-02-22,0.0
1947-02-23,0.0
1947-02-24,0.0
1947-02-25,0.0
1947-02-26,0.0
1947-02-27,0.0
1947-02-28,0.0
1947-03-01,0.8629002
1947-03-02,17.68378
1947-03-03,0.0
1947-03-04,0.0
1947-03-05,0.0
1947-03-06,0.0
1947-03-07,0.0
1947-03-08,0.0
1947-03-09,0.0
1947-03-10,0.0
1947-03-11,0.0
1947-03-12,0.0
1947-03-13,0.0
1947-03-14,0.0
1947-03-15,0.0
1947-03-16,0.0
1947-03-17,0.0
1947-03-18,0.0
1947-03-19,0.0
1947-03-20,0.0
1947-03-21,0.0
1947-03-22,0.0
1947-03-23,0.0
1947-03-24,0.0
1947-03-25,0.0
1947-03-26,1.6291473
1947-03-27,4.2199974
1947-03-28,0.0
1947-03-29,0.0
1947-03-30,2.7809439
1947-03-31,0.0
1947-04-01,0.0
1947-04-02,0.0
1947-04-03,10.549909
1947-04-04,0.0
1947-04-05,0.0
1947-04-06,0.0
1947-04-07,0.0
1947-04-08,0.0
1947-04-09,0.0
1947-04-10,0.0
1947-04-11,0.0
1947-04-12,4.2367654
1947-04-13,1.7378582
1947-04-14,5.6190095
1947-04-15,0.16411297
1947-04-16,0.0
1947-04-17,0.0
1947-04-18,0.0
1947-04-19,0.0
1947-04-20,0.0
1947-04-21,0.0
1947-04-22,0.0
1947-04-23,0.0
1947-04-24,0.0
1947-04-25,0.0
1947-04-26,0.0
1947-04-27,0.0
1947-04-28,0.0
1947-04-29,0.0
1947-04-30,0.0
1947-05-01,0.0
1947-05-02,0.0
1947-05-03,0.0
1947-05-04,0.0
1947-05-05,0.0
1947-05-06,0.0
1947-05-07,0.0
1947-05-08,0.0
1947-05-09,0.0
1947-05-10,0.0
1947-05-11,0.0
1947-05-12,0.0
1947-05-13,0.0
1947-05-14,0.0
1947-05-15,0.0
1947-05-16,0.0
1947-05-17,5.8548975
1947-05-18,0.0
1947-05-19,0.0
1947-05-20,0.0
1947-05-21,0.0
1947-05-22,0.0
1947-05-23,0.0
1947-05-24,0.0
1947-05-25,0.0
1947-05-26,0.0
1947-05-27,0.0
1947-05-28,0.0
1947-05-29,0.0
1947-05-30,0.0
1947-05-31,0.0
1947-06-01,0.0
1947-06-02,0.0
1947-06-03,0.0
1947-06-04,0.0
1947-06-05,0.0
1947-06-06,3.4336236
1947-06-07,0.0
1947-06-08,0.0
1947-06-09,0.0
1947-06-10,0.0
1947-06-11,0.0
1947-06-12,0.0
1947-06-13,0.0
1947-06-14,0.0
1947-06-15,0.0
1947-06-16,1.7755876
1947-06-17,0.9168314
1947-06-18,2.3701625
1947-06-19,2.1392732
1947-06-20,0.0
1947-06-21,7.2821984
1947-06-22,5.7083426
1947-06-23,0.0
1947-06-24,0.7871161
1947-06-25,0.0
1947-06-26,0.0
1947-06-27,0.0
1947-06-28,0.0
1947-06-29,0.9168314
1947-06-30,0.0
1947-07-01,0.0
1947-07-02,0.0
1947-07-03,0.0
1947-07-04,0.0
1947-07-05,3.410591
1947-07-06,0.0
1947-07-07,0.0
1947-07-08,14.420975
1947-07-09,8.205459
1947-07-10,57.002605
1947-07-11,0.49898165
1947-07-12,0.0
1947-07-13,0.0
1947-07-14,0.0
1947-07-15,0.0
1947-07-16,0.0
1947-07-17,0.0
1947-07-18,0.0
1947-07-19,0.0
1947-07-20,0.0
1947-07-21,0.0
1947-07-22,0.0
1947-07-23,0.0
1947-07-24,1.2630467
1947-07-25,1.5100752
1947-07-26,0.0
1947-07-27,0.0
1947-07-28,0.0
1947-07-29,0.0
1947-07-30,0.0
1947-07-31,0.0
1947-08-01,7.764977
1947-08-02,5.264187
1947-08-03,0.0
1947-08-04,0.0
1947-08-05,0.0
1947-08-06,0.0
1947-08-07,0.0
1947-08-08,0.0
1947-08-09,0.0
1947-08-10,0.0
1947-08-11,0.0
1947-08-12,0.0
1947-08-13,0.0
1947-08-14,0.0
1947-08-15,29.027977
1947-08-16,0.0
1947-08-17,0.0
1947-08-18,1.2996569
1947-08-19,0.0
1947-08-20,0.0
1947-08-21,0.0
1947-08-22,1.2577827
1947-08-23,0.0
1947-08-24,0.0
1947-08-25,0.0
1947-08-26,0.0
1947-08-27,1.2151026
1947-08-28,3.10285
1947-08-29,0.0
1947-08-30,0.0
1947-08-31,0.0
1947-09-01,0.0
1947-09-02,0.0
1947-09-03,0.0
1947-09-04,0.0
1947-09-05,0.0
1947-09-06,0.0
1947-09-07,0.0
1947-09-08,3.0489151
1947-09-09,12.581602
1947-09-10,19.780003
1947-09-11,0.0
1947-09-12,64.192474
1947-09-13,8.362023
1947-09-14,2.5993137
1947-09-15,31.994349
1947-09-16,4.241296
1947-09-17,0.0
1947-09-18,10.665568
1947-09-19,5.339585
1947-09-20,26.588217
1947-09-21,0.0
1947-09-22,10.603359
1947-09-23,11.911781
1947-09-24,0.0
1947-09-25,0.0
1947-09-26,2.0582993
1947-09-27,5.732187
1947-09-28,0.0
1947-09-29,2.1775465
1947-09-30,3.9918532
1947-10-01,5.2392216
1947-10-02,0.0
1947-10-03,0.0
1947-10-04,0.0
1947-10-05,6.8169723
1947-10-06,2.245417
1947-10-07,2.3247383
1947-10-08,8.763678
1947-10-09,8.224619
1947-10-10,7.83839
1947-10-11,7.388582
1947-10-12,5.7341957
1947-10-13,17.778841
1947-10-14,0.0
1947-10-15,16.51912
1947-10-16,0.0
1947-10-17,5.5113926
1947-10-18,2.9938898
1947-10-19,1.0250814
1947-10-20,60.05818
1947-10-21,23.971401
1947-10-22,2.4099731
1947-10-23,2.1673427
1947-10-24,2.9938898
1947-10-25,0.0
1947-10-26,0.0
1947-10-27,0.0
1947-10-28,0.0
1947-10-29,0.0
1947-10-30,0.0
1947-10-31,0.0
1947-11-01,0.0
1947-11-02,0.0
1947-11-03,0.0
1947-11-04,0.0
1947-11-05,0.0
1947-11-06,0.0
1947-11-07,0.0
1947-11-08,0.0
1947-11-09,0.0
1947-11-10,0.0
1947-11-11,0.0
1947-11-12,0.0
1947-11-13,0.0
1947-11-14,0.0
1947-11-15,0.0
1947-11-16,0.0
1947-11-17,0.0
1947-11-18,21.386898
1947-11-19,21.39371
1947-11-20,1.8419439
1947-11-21,29.919039
1947-11-22,0.0
1947-11-23,11.759964
1947-11-24,0.623727
1947-11-25,2.5851092
1947-11-26,5.83176
1947-11-27,8.802474
1947-11-28,0.0
1947-11-29,0.0
1947-11-30,0.0
1947-12-01,1.0067167
1947-12-02,0.0
1947-12-03,0.17756486
1947-12-04,0.102234304
1947-12-05,0.0
1947-12-06,0.0
1947-12-07,0.0
1947-12-08,0.0
1947-12-09,0.0
1947-12-10,0.0
1947-12-11,0.0
1947-12-12,0.0
1947-12-13,0.0
1947-12-14,0.0
1947-12-15,29.846016
1947-12-16,0.0
1947-12-17,0.0
1947-12-18,0.0
1947-12-19,0.0
1947-12-20,0.0
1947-12-21,1.0751433
1947-12-22,0.0
1947-12-23,0.0
1947-12-24,0.0
1947-12-25,0.0
1947-12-26,0.0
1947-12-27,0.0
1947-12-28,0.0
1947-12-29,0.0
1947-12-30,0.0
1947-12-31,0.0
1948-01-01,16.471745
1948-01-02,0.0
1948-01-03,0.0
1948-01-04,0.0
1948-01-05,0.0
1948-01-06,0.0
1948-01-07,0.0
1948-01-08,0.0
1948-01-09,0.0
1948-01-10,0.1506611
1948-01-11,0.0
1948-01-12,0.0
1948-01-13,0.0
1948-01-14,0.0
1948-01-15,0.0
1948-01-16,0.0
1948-01-17,88.484146
1948-01-18,72.52595
1948-01-19,0.0
1948-01-20,0.0
1948-01-21,0.0
1948-01-22,0.0
1948-01-23,0.0
1948-01-24,0.0
1948-01-25,0.0
1948-01-26,0.0
1948-01-27,0.0
1948-01-28,0.0
1948-01-29,0.0
1948-01-30,0.0
1948-01-31,0.0
1948-02-01,0.0
1948-02-02,0.0
1948-02-03,0.0
1948-02-04,0.0
1948-02-05,0.0
1948-02-06,0.0
1948-02-07,0.0
1948-02-08,0.0
1948-02-09,0.0
1948-02-10,0.0
1948-02-11,0.0
1948-02-12,0.0
1948-02-13,0.0
1948-02-14,0.0
1948-02-15,0.0
1948-02-16,0.0
1948-02-17,0.0
1948-02-18,0.0
1948-02-19,0.0
1948-02-20,0.0
1948-02-21,0.0
1948-02-22,0.0
1948-02-23,0.0
1948-02-24,0.0
1948-02-25,0.0
1948-02-26,0.0
1948-02-27,0.0
1948-02-28,0.0
1948-02-29,0.0
1948-03-01,0.0
1948-03-02,0.0
1948-03-03,0.0
1948-03-04,0.0
1948-03-05,0.0
1948-03-06,0.0
1948-03-07,0.0
1948-03-08,0.0
1948-03-09,0.0
1948-03-10,0.0
1948-03-11,0.0
1948-03-12,0.0
1948-03-13,0.0
1948-03-14,0.0
1948-03-15,0.0
1948-03-16,0.0
1948-03-17,0.0
1948-03-18,0.0
1948-03-19,0.0
1948-03-20,0.0
1948-03-21,0.0
1948-03-22,0.0
1948-03-23,0.0
1948-03-24,0.0
1948-03-25,3.804735
1948-03-26,0.0
1948-03-27,0.0
1948-03-28,0.0
1948-03-29,0.0
1948-03-30,0.0
1948-03-31,0.0
1948-04-01,0.0
1948-04-02,0.0
1948-04-03,0.0
1948-04-04,0.0
1948-04-05,0.0
1948-04-06,0.0
1948-04-07,0.0
1948-04-08,0.0
1948-04-09,0.0
1948-04-10,0.0
1948-04-11,0.0
1948-04-12,0.0
1948-04-13,0.0
1948-04-14,0.0
1948-04-15,0.0
1948-04-16,0.0
1948-04-17,0.0
1948-04-18,0.0
1948-04-19,0.0
1948-04-20,0.0
1948-04-21,0.0
1948-04-22,0.0
1948-04-23,0.0
1948-04-24,0.0
1948-04-25,0.0
1948-04-26,0.0
1948-04-27,0.0
1948-04-28,1.6359149
1948-04-29,0.0
1948-04-30,0.0
1948-05-01,0.0
1948-05-02,0.0
1948-05-03,0.0
1948-05-04,0.0
1948-05-05,0.0
1948-05-06,0.0
1948-05-07,0.0
1948-05-08,0.0
1948-05-09,0.0
1948-05-10,0.0
1948-05-11,0.4214204
1948-05-12,0.0
1948-05-13,1.5460296
1948-05-14,0.0
1948-05-15,0.0
1948-05-16,0.0
1948-05-17,0.0
1948-05-18,0.0
1948-05-19,0.0
1948-05-20,0.0
1948-05-21,0.0
1948-05-22,0.0
1948-05-23,0.0
1948-05-24,0.0
1948-05-25,0.0
1948-05-26,0.0
1948-05-27,0.0
1948-05-28,0.0
1948-05-29,0.0
1948-05-30,3.0203292
1948-05-31,0.0
1948-06-01,0.0
1948-06-02,0.25693095
1948-06-03,4.1356697
1948-06-04,0.0
1948-06-05,0.0
1948-06-06,0.0
1948-06-07,0.0
1948-06-08,0.0
1948-06-09,12.345572
1948-06-10,4.4726796
1948-06-11,0.0
1948-06-12,1.391182
1948-06-13,0.0
1948-06-14,0.0
1948-06-15,0.0
1948-06-16,0.0
1948-06-17,0.0
1948-06-18,0.0
1948-06-19,0.0
1948-06-20,0.0
1948-06-21,0.0
1948-06-22,0.0
1948-06-23,0.0
1948-06-24,0.0
1948-06-25,0.0
1948-06-26,0.0
1948-06-27,0.0
1948-06-28,0.0
1948-06-29,0.0
1948-06-30,0.0
1948-07-01,0.0
1948-07-02,0.0
1948-07-03,0.0
1948-07-04,8.356378
1948-07-05,0.17083892
1948-07-06,0.0
1948-07-07,0.0
1948-07-08,1.5593175
1948-07-09,1.993132
1948-07-10,0.0
1948-07-11,0.0
1948-07-12,0.0
1948-07-13,1.4827071
1948-07-14,4.5030365
1948-07-15,0.0
1948-07-16,0.0
1948-07-17,0.0
1948-07-18,5.017329
1948-07-19,0.0
1948-07-20,0.0
1948-07-21,0.0
1948-07-22,0.0
1948-07-23,7.2422905
1948-07-24,0.0
1948-07-25,7.910616
1948-07-26,10.195902
1948-07-27,0.0
1948-07-28,0.0
1948-07-29,0.0
1948-07-30,0.0
1948-07-31,1.4774603
1948-08-01,0.26965627
1948-08-02,3.1810076
1948-08-03,0.0
1948-08-04,0.0
1948-08-05,0.0
1948-08-06,24.592302
1948-08-07,0.0
1948-08-08,0.0
1948-08-09,0.0
1948-08-10,0.0
1948-08-11,0.0
1948-08-12,0.0
1948-08-13,0.0
1948-08-14,0.0
1948-08-15,0.0
1948-08-16,0.0
1948-08-17,0.0
1948-08-18,0.0
1948-08-19,0.0
1948-08-20,0.0
1948-08-21,0.5280562
1948-08-22,7.7666874
1948-08-23,10.52488
1948-08-24,0.94899225
1948-08-25,10.420009
1948-08-26,1.8711811
1948-08-27,1.6133453
1948-08-28,0.0
1948-08-29,8.591174
1948-08-30,5.538966
1948-08-31,0.0
1948-09-01,0.0
1948-09-02,0.0
1948-09-03,0.0
1948-09-04,0.0
1948-09-05,0.0
1948-09-06,0.0
1948-09-07,4.860047
1948-09-08,2.5077884
1948-09-09,0.0
1948-09-10,0.0
1948-09-11,23.226368
1948-09-12,0.0
1948-09-13,0.0
1948-09-14,0.0
1948-09-15,3.2582946
1948-09-16,45.392147
1948-09-17,0.0
1948-09-18,10.457175
1948-09-19,0.0
1948-09-20,10.298849
1948-09-21,0.0
1948-09-22,3.9670398
1948-09-23,0.0
1948-09-24,0.0
1948-09-25,0.0
1948-09-26,0.0
1948-09-27,0.0
1948-09-28,0.0
1948-09-29,0.0
1948-09-30,0.0
1948-10-01,0.0
1948-10-02,0.0
1948-10-03,3.096769
1948-10-04,0.0
1948-10-05,0.0
1948-10-06,0.0
1948-10-07,0.0
1948-10-08,0.0
1948-10-09,0.0
1948-10-10,0.0
1948-10-11,0.0
1948-10-12,0.0
1948-10-13,0.0
1948-10-14,0.28652507
1948-10-15,1.2190144
1948-10-16,8.665993
1948-10-17,17.087618
1948-10-18,64.04337
1948-10-19,25.820105
1948-10-20,35.079693
1948-10-21,0.0
1948-10-22,0.0
1948-10-23,0.0
1948-10-24,0.0
1948-10-25,0.0
1948-10-26,0.0
1948-10-27,0.0
1948-10-28,0.0
1948-10-29,0.0
1948-10-30,0.0
1948-10-31,0.0
1948-11-01,0.0
1948-11-02,0.0
1948-11-03,0.7730148
1948-11-04,0.0
1948-11-05,0.0
1948-11-06,2.0582993
1948-11-07,6.7953386
1948-11-08,3.1999214
1948-11-09,1.9841769
1948-11-10,1.7617239
1948-11-11,3.450664
1948-11-12,0.0
1948-11-13,0.0
1948-11-14,9.91967
1948-11-15,2.601158
1948-11-16,151.75644
1948-11-17,42.39564
1948-11-18,41.46048
1948-11-19,19.355001
1948-11-20,0.0
1948-11-21,0.0
1948-11-22,0.0
1948-11-23,0.0
1948-11-24,0.0
1948-11-25,19.710724
1948-11-26,4.3987436
1948-11-27,0.0
1948-11-28,10.26006
1948-11-29,2.512103
1948-11-30,5.5232334
1948-12-01,1.0213903
1948-12-02,18.79046
1948-12-03,0.16411297
1948-12-04,0.0
1948-12-05,0.0
1948-12-06,0.0
1948-12-07,0.0
1948-12-08,16.821754
1948-12-09,18.414278
1948-12-10,0.0
1948-12-11,0.0
1948-12-12,0.0
1948-12-13,0.0
1948-12-14,0.0
1948-12-15,0.0
1948-12-16,0.0
1948-12-17,0.0
1948-12-18,3.0292218
1948-12-19,0.476939
1948-12-20,27.426235
1948-12-21,20.170097
1948-12-22,0.0
1948-12-23,0.0
1948-12-24,0.0
1948-12-25,0.0
1948-12-26,0.0
1948-12-27,0.0
1948-12-28,0.0
1948-12-29,8.261974
1948-12-30,0.0
1948-12-31,0.0
1949-01-01,0.0
1949-01-02,0.0
1949-01-03,0.0
1949-01-04,0.0
1949-01-05,0.0
1949-01-06,0.0
1949-01-07,0.0
1949-01-08,0.0
1949-01-09,0.0
1949-01-10,1.7814426
1949-01-11,0.0
1949-01-12,0.0
1949-01-13,0.0
1949-01-14,0.0
1949-01-15,0.0
1949-01-16,0.0
1949-01-17,0.0
1949-01-18,0.0
1949-01-19,0.0
1949-01-20,0.0
1949-01-21,0.0
1949-01-22,0.0
1949-01-23,0.0
1949-01-24,0.0
1949-01-25,0.0
1949-01-26,0.0
1949-01-27,0.0
1949-01-28,0.0
1949-01-29,0.0
1949-01-30,0.0
1949-01-31,0.0
1949-02-01,0.0
1949-02-02,0.0
1949-02-03,0.0
1949-02-04,0.0
1949-02-05,0.0
1949-02-06,0.0
1949-02-07,0.0
1949-02-08,0.0
1949-02-09,0.0
1949-02-10,0.0
1949-02-11,0.0
1949-02-12,0.0
1949-02-13,0.0
1949-02-14,0.0
1949-02-15,0.0
1949-02-16,0.0
1949-02-17,0.0
1949-02-18,0.0
1949-02-19,0.0
1949-02-20,0.0
1949-02-21,0.0
1949-02-22,0.0
1949-02-23,0.0
1949-02-24,0.0
1949-02-25,0.0
1949-02-26,0.0
1949-02-27,0.0
1949-02-28,0.0
1949-03-01,0.0
1949-03-02,0.0
1949-03-03,0.0
1949-03-04,0.0
1949-03-05,0.0
1949-03-06,0.0
1949-03-07,0.0
1949-03-08,0.0
1949-03-09,0.0
1949-03-10,0.0
1949-03-11,0.0
1949-03-12,0.0
1949-03-13,0.0
1949-03-14,0.0
1949-03-15,0.0
1949-03-16,0.0
1949-03-17,0.0
1949-03-18,0.0
1949-03-19,0.0
1949-03-20,0.0
1949-03-21,0.0
1949-03-22,0.0
1949-03-23,0.0
1949-03-24,0.0
1949-03-25,0.0
1949-03-26,0.0
1949-03-27,0.0
1949-03-28,0.0
1949-03-29,0.0
1949-03-30,0.0
1949-03-31,0.0
1949-04-01,0.0
1949-04-02,0.0
1949-04-03,0.0
1949-04-04,9.168787
1949-04-05,0.0
1949-04-06,0.0
1949-04-07,0.10626987
1949-04-08,0.0
1949-04-09,0.0
1949-04-10,0.0
1949-04-11,0.0
1949-04-12,0.1372092
1949-04-13,0.0
1949-04-14,0.0
1949-04-15,0.0
1949-04-16,0.0
1949-04-17,0.0
1949-04-18,0.0
1949-04-19,0.0
1949-04-20,0.0
1949-04-21,0.0
1949-04-22,0.0
1949-04-23,0.0
1949-04-24,0.0
1949-04-25,0.0
1949-04-26,0.0
1949-04-27,0.0
1949-04-28,0.0
1949-04-29,0.0
1949-04-30,0.0
1949-05-01,0.0
1949-05-02,0.0
1949-05-03,0.0
1949-05-04,0.0
1949-05-05,0.0
1949-05-06,0.0
1949-05-07,0.0
1949-05-08,0.0
1949-05-09,0.0
1949-05-10,0.0
1949-05-11,0.0
1949-05-12,0.0
1949-05-13,6.7749143
1949-05-14,4.120186
1949-05-15,0.0
1949-05-16,0.0
1949-05-17,0.0
1949-05-18,0.14662552
1949-05-19,0.0
1949-05-20,0.0
1949-05-21,1.3900404
1949-05-22,8.497818
1949-05-23,0.0
1949-05-24,0.0
1949-05-25,0.0
1949-05-26,0.0
1949-05-27,0.0
1949-05-28,0.0
1949-05-29,0.0
1949-05-30,0.0
1949-05-31,0.0
1949-06-01,4.303716
1949-06-02,1.7797315
1949-06-03,26.59999
1949-06-04,49.530807
1949-06-05,2.178298
1949-06-06,2.0582993
1949-06-07,0.0
1949-06-08,0.0
1949-06-09,0.0
1949-06-10,0.0
1949-06-11,0.0
1949-06-12,0.0
1949-06-13,0.0
1949-06-14,0.0
1949-06-15,0.0
1949-06-16,0.2636569
1949-06-17,0.0
1949-06-18,24.754896
1949-06-19,2.9288042
1949-06-20,4.3864093
1949-06-21,0.0
1949-06-22,0.60406584
1949-06-23,0.0
1949-06-24,2.2843113
1949-06-25,0.0
1949-06-26,0.0
1949-06-27,0.0
1949-06-28,0.0
1949-06-29,0.0
1949-06-30,3.4695776
1949-07-01,0.6831293
1949-07-02,0.0
1949-07-03,20.952515
1949-07-04,1.8453583
1949-07-05,0.0
1949-07-06,3.3203697
1949-07-07,7.5420623
1949-07-08,39.444386
1949-07-09,1.8363211
1949-07-10,1.7508007
1949-07-11,0.0
1949-07-12,0.0
1949-07-13,1.7733394
1949-07-14,0.0
1949-07-15,0.0
1949-07-16,0.0
1949-07-17,0.0
1949-07-18,0.3118635
1949-07-19,0.0
1949-07-20,3.71592
1949-07-21,6.533135
1949-07-22,0.0
1949-07-23,37.746544
1949-07-24,30.615984
1949-07-25,1.2763731
1949-07-26,0.8420312
1949-07-27,0.0
1949-07-28,14.806923
1949-07-29,15.786231
1949-07-30,0.0
1949-07-31,0.0
1949-08-01,0.0
1949-08-02,0.0
1949-08-03,0.0
1949-08-04,0.0
1949-08-05,0.0
1949-08-06,6.4969797
1949-08-07,13.861514
1949-08-08,20.985504
1949-08-09,0.0
1949-08-10,0.8629002
1949-08-11,0.0
1949-08-12,0.0
1949-08-13,0.0
1949-08-14,0.0
1949-08-15,0.0
1949-08-16,0.0
1949-08-17,0.0
1949-08-18,0.0
1949-08-19,1.5625218
1949-08-20,3.6376078
1949-08-21,0.0
1949-08-22,0.0
1949-08-23,0.0
1949-08-24,0.0
1949-08-25,10.188238
1949-08-26,19.14842
1949-08-27,20.421156
1949-08-28,3.6361465
1949-08-29,2.4162633
1949-08-30,0.5975776
1949-08-31,0.0
1949-09-01,0.0
1949-09-02,0.0
1949-09-03,9.298953
1949-09-04,4.7613416
1949-09-05,3.294341
1949-09-06,0.0
1949-09-07,0.26965627
1949-09-08,0.51251674
1949-09-09,0.0
1949-09-10,5.054222
1949-09-11,5.301001
1949-09-12,18.311487
1949-09-13,0.0
1949-09-14,0.0
1949-09-15,0.0
1949-09-16,0.0
1949-09-17,10.291496
1949-09-18,1.9761132
1949-09-19,16.895021
1949-09-20,21.283125
1949-09-21,0.0
1949-09-22,0.0
1949-09-23,0.0
1949-09-24,0.0
1949-09-25,0.0
1949-09-26,0.0
1949-09-27,4.083053
1949-09-28,0.0
1949-09-29,0.4506381
1949-09-30,0.0
1949-10-01,6.9715314
1949-10-02,0.0
1949-10-03,0.0
1949-10-04,0.0
1949-10-05,9.281782
1949-10-06,3.6728215
1949-10-07,8.225266
1949-10-08,1.2777597
1949-10-09,0.0
1949-10-10,0.0
1949-10-11,0.0
1949-10-12,0.0
1949-10-13,0.0
1949-10-14,0.0
1949-10-15,0.0
1949-10-16,0.0
1949-10-17,1.6359149
1949-10-18,1.1227086
1949-10-19,0.695591
1949-10-20,0.0
1949-10-21,0.79893917
1949-10-22,23.740587
1949-10-23,0.0
1949-10-24,1.6304438
1949-10-25,0.0
1949-10-26,4.7173166
1949-10-27,0.0
1949-10-28,0.0
1949-10-29,0.0
1949-10-30,0.0
1949-10-31,0.0
1949-11-01,0.0
1949-11-02,0.0
1949-11-03,0.0
1949-11-04,0.0
1949-11-05,0.0
1949-11-06,0.0
1949-11-07,0.0
1949-11-08,0.0
1949-11-09,0.0
1949-11-10,0.0
1949-11-11,0.0
1949-11-12,0.0
1949-11-13,0.0
1949-11-14,0.0
1949-11-15,0.0
1949-11-16,3.776197
1949-11-17,2.086773
1949-11-18,10.747613
1949-11-19,3.9566698
1949-11-20,5.8252482
1949-11-21,8.780449
1949-11-22,5.1776586
1949-11-23,0.0
1949-11-24,0.0
1949-11-25,0.0
1949-11-26,0.0
1949-11-27,56.52554
1949-11-28,10.557359
1949-11-29,0.0
1949-11-30,0.0
1949-12-01,0.0
1949-12-02,0.0
1949-12-03,0.0
1949-12-04,0.0
1949-12-05,0.0
1949-12-06,0.0
1949-12-07,0.0
1949-12-08,0.0
1949-12-09,0.0
1949-12-10,0.0
1949-12-11,0.0
1949-12-12,0.0
1949-12-13,0.0
1949-12-14,0.0
1949-12-15,0.0
1949-12-16,0.0
1949-12-17,0.0
1949-12-18,0.0
1949-12-19,0.0
1949-12-20,0.0
1949-12-21,0.0
1949-12-22,0.0
1949-12-23,0.0
1949-12-24,0.0
1949-12-25,0.0
1949-12-26,0.0
1949-12-27,4.087362
1949-12-28,0.0
1949-12-29,0.0
1949-12-30,0.0
1949-12-31,0.0
1950-01-01,0.0
1950-01-02,0.0
1950-01-03,0.0
1950-01-04,0.0
1950-01-05,0.0
1950-01-06,0.0
1950-01-07,0.0
1950-01-08,0.0
1950-01-09,0.1438167
1950-01-10,10.539084
1950-01-11,0.0
1950-01-12,0.0
1950-01-13,0.0
1950-01-14,0.0
1950-01-15,0.0
1950-01-16,0.0
1950-01-17,0.0
1950-01-18,0.0
1950-01-19,0.0
1950-01-20,0.0
1950-01-21,0.0
1950-01-22,0.0
1950-01-23,0.0
1950-01-24,0.0
1950-01-25,0.0
1950-01-26,0.0
1950-01-27,0.0
1950-01-28,0.0
1950-01-29,0.0
1950-01-30,0.0
1950-01-31,0.0
1950-02-01,0.0
1950-02-02,0.0
1950-02-03,0.0
1950-02-04,0.0
1950-02-05,0.0
1950-02-06,0.0
1950-02-07,0.0
1950-02-08,0.0
1950-02-09,0.0
1950-02-10,0.0
1950-02-11,0.0
1950-02-12,0.0
1950-02-13,0.0
1950-02-14,0.0
1950-02-15,0.0
1950-02-16,0.0
1950-02-17,0.0
1950-02-18,0.0
1950-02-19,24.883457
1950-02-20,18.027283
1950-02-21,0.15335146
1950-02-22,0.0
1950-02-23,0.0
1950-02-24,0.32358757
1950-02-25,0.0
1950-02-26,0.0
1950-02-27,0.0
1950-02-28,0.0
1950-03-01,0.0
1950-03-02,0.0
1950-03-03,0.0
1950-03-04,0.0
1950-03-05,0.0
1950-03-06,0.0
1950-03-07,0.0
1950-03-08,0.0
1950-03-09,0.0
1950-03-10,0.0
1950-03-11,0.0
1950-03-12,0.0
1950-03-13,0.0
1950-03-14,0.0
1950-03-15,0.0
1950-03-16,0.0
1950-03-17,0.0
1950-03-18,0.0
1950-03-19,0.0
1950-03-20,0.0
1950-03-21,0.0
1950-03-22,0.0
1950-03-23,0.0
1950-03-24,0.0
1950-03-25,0.0
1950-03-26,0.0
1950-03-27,0.0
1950-03-28,0.0
1950-03-29,0.0
1950-03-30,0.0
1950-03-31,0.0
1950-04-01,0.0
1950-04-02,0.0
1950-04-03,0.0
1950-04-04,0.0
1950-04-05,0.0
1950-04-06,0.0
1950-04-07,0.0
1950-04-08,0.0
1950-04-09,0.15335146
1950-04-10,0.0
1950-04-11,0.0
1950-04-12,0.0
1950-04-13,0.0
1950-04-14,0.0
1950-04-15,0.0
1950-04-16,0.0
1950-04-17,0.0
1950-04-18,0.0
1950-04-19,0.0
1950-04-20,0.0
1950-04-21,0.0
1950-04-22,0.0
1950-04-23,0.0
1950-04-24,0.0
1950-04-25,0.0
1950-04-26,0.0
1950-04-27,0.0
1950-04-28,0.0
1950-04-29,0.0
1950-04-30,0.0
1950-05-01,0.0
1950-05-02,0.0
1950-05-03,0.0
1950-05-04,0.0
1950-05-05,0.0
1950-05-06,0.0
1950-05-07,0.0
1950-05-08,0.0
1950-05-09,0.0
1950-05-10,0.0
1950-05-11,0.0
1950-05-12,0.0
1950-05-13,0.0
1950-05-14,0.0
1950-05-15,7.0688167
1950-05-16,0.0
1950-05-17,0.0
1950-05-18,3.7708354
1950-05-19,0.0
1950-05-20,5.6662154
1950-05-21,0.0
1950-05-22,0.0
1950-05-23,0.0
1950-05-24,0.0
1950-05-25,1.5979613
1950-05-26,43.63472
1950-05-27,17.384703
1950-05-28,1.4212333
1950-05-29,0.0
1950-05-30,0.0
1950-05-31,0.0
1950-06-01,0.0
1950-06-02,0.0
1950-06-03,0.0
1950-06-04,0.0
1950-06-05,0.0
1950-06-06,0.0
1950-06-07,0.0
1950-06-08,0.0
1950-06-09,0.0
1950-06-10,0.0
1950-06-11,0.0
1950-06-12,0.0
1950-06-13,0.0
1950-06-14,0.0
1950-06-15,5.466095
1950-06-16,28.401442
1950-06-17,1.391182
1950-06-18,0.0
1950-06-19,4.4126425
1950-06-20,0.0
1950-06-21,0.0
1950-06-22,0.0
1950-06-23,4.1165986
1950-06-24,3.6456985
1950-06-25,0.0
1950-06-26,0.0
1950-06-27,34.979057
1950-06-28,0.0
1950-06-29,0.0
1950-06-30,0.0
1950-07-01,0.0
1950-07-02,0.0
1950-07-03,0.0
1950-07-04,0.0
1950-07-05,0.0
1950-07-06,0.0
1950-07-07,0.7730148
1950-07-08,0.0
1950-07-09,0.0
1950-07-10,0.59324384
1950-07-11,0.0
1950-07-12,0.0
1950-07-13,0.0
1950-07-14,0.0
1950-07-15,0.0
1950-07-16,0.0
1950-07-17,1.3662586
1950-07-18,0.0
1950-07-19,0.0
1950-07-20,0.0
1950-07-21,0.0
1950-07-22,0.1438167
1950-07-23,0.0
1950-07-24,0.0
1950-07-25,11.6288595
1950-07-26,0.0
1950-07-27,0.0
1950-07-28,0.0
1950-07-29,0.0
1950-07-30,38.722996
1950-07-31,1.2360421
1950-08-01,0.0
1950-08-02,1.8529745
1950-08-03,0.750506
1950-08-04,0.9527857
1950-08-05,0.0
1950-08-06,1.1864877
1950-08-07,0.0
1950-08-08,6.433658
1950-08-09,0.0
1950-08-10,0.0
1950-08-11,0.0
1950-08-12,0.0
1950-08-13,17.508425
1950-08-14,0.0
1950-08-15,0.9527857
1950-08-16,9.979632
1950-08-17,0.0
1950-08-18,6.430171
1950-08-19,0.0
1950-08-20,0.0
1950-08-21,18.553616
1950-08-22,9.63694
1950-08-23,3.49626
1950-08-24,0.50335836
1950-08-25,5.2535424
1950-08-26,8.233645
1950-08-27,1.6402278
1950-08-28,0.0
1950-08-29,8.342855
1950-08-30,0.82694596
1950-08-31,5.103051
1950-09-01,0.0
1950-09-02,1.240419
1950-09-03,0.0
1950-09-04,5.274145
1950-09-05,0.0
1950-09-06,10.720587
1950-09-07,5.8508806
1950-09-08,41.261333
1950-09-09,0.0
1950-09-10,0.0
1950-09-11,0.0
1950-09-12,6.65466
1950-09-13,0.0
1950-09-14,0.0
1950-09-15,0.0
1950-09-16,0.0
1950-09-17,0.0
1950-09-18,0.17977087
1950-09-19,0.0
1950-09-20,0.0
1950-09-21,0.0
1950-09-22,18.393847
1950-09-23,3.2603288
1950-09-24,13.19407
1950-09-25,0.567551
1950-09-26,31.2758
1950-09-27,0.34379396
1950-09-28,39.49458
1950-09-29,0.0
1950-09-30,0.0
1950-10-01,10.324035
1950-10-02,5.591526
1950-10-03,4.4963007
1950-10-04,1.1153615
1950-10-05,0.0
1950-10-06,0.0
1950-10-07,0.0
1950-10-08,0.0
1950-10-09,18.14024
1950-10-10,1.025476
1950-10-11,2.4162633
1950-10-12,0.0
1950-10-13,8.545059
1950-10-14,0.35954174
1950-10-15,23.677238
1950-10-16,30.03219
1950-10-17,11.888479
1950-10-18,3.9937406
1950-10-19,2.039639
1950-10-20,4.3576474
1950-10-21,0.0
1950-10-22,0.5291592
1950-10-23,0.0
1950-10-24,0.0
1950-10-25,0.0
1950-10-26,0.0
1950-10-27,0.0
1950-10-28,0.0
1950-10-29,0.0
1950-10-30,0.0
1950-10-31,0.0
1950-11-01,4.3404512
1950-11-02,1.453938
1950-11-03,0.1372092
1950-11-04,1.8846
1950-11-05,0.16680335
1950-11-06,1.2630467
1950-11-07,0.9168314
1950-11-08,0.0
1950-11-09,7.1001325
1950-11-10,10.261064
1950-11-11,0.0
1950-11-12,17.042246
1950-11-13,30.303034
1950-11-14,25.917534
1950-11-15,115.53312
1950-11-16,7.249904
1950-11-17,0.0
1950-11-18,0.0
1950-11-19,0.0
1950-11-20,0.0
1950-11-21,0.0
1950-11-22,12.966612
1950-11-23,0.0
1950-11-24,0.0
1950-11-25,0.0
1950-11-26,0.0
1950-11-27,0.0
1950-11-28,0.0
1950-11-29,0.0
1950-11-30,0.0
1950-12-01,0.0
1950-12-02,0.0
1950-12-03,0.0
1950-12-04,0.0
1950-12-05,0.0
1950-12-06,0.0
1950-12-07,0.0
1950-12-08,0.0
1950-12-09,0.0
1950-12-10,0.0
1950-12-11,0.0
1950-12-12,0.0
1950-12-13,71.19014
1950-12-14,173.43666
1950-12-15,2.5022373
1950-12-16,0.0
1950-12-17,0.0
1950-12-18,0.0
1950-12-19,0.0
1950-12-20,0.0
1950-12-21,0.50335836
1950-12-22,0.0
1950-12-23,0.0
1950-12-24,0.0
1950-12-25,0.0
1950-12-26,0.0
1950-12-27,0.0
1950-12-28,0.0
1950-12-29,0.0
1950-12-30,1.0966023
1950-12-31,2.1718
1951-01-01,0.0
1951-01-02,0.0
1951-01-03,0.0
1951-01-04,0.0
1951-01-05,0.0
1951-01-06,0.0
1951-01-07,0.0
1951-01-08,3.4822242
1951-01-09,3.1004708
1951-01-10,0.0
1951-01-11,0.0
1951-01-12,0.0
1951-01-13,0.0
1951-01-14,0.0
1951-01-15,0.0
1951-01-16,0.23097248
1951-01-17,0.0
1951-01-18,0.0
1951-01-19,0.0
1951-01-20,0.0
1951-01-21,0.0
1951-01-22,0.0
1951-01-23,0.0
1951-01-24,0.0
1951-01-25,0.0
1951-01-26,0.0
1951-01-27,0.0
1951-01-28,0.0
1951-01-29,0.0
1951-01-30,0.0
1951-01-31,0.0
1951-02-01,0.0
1951-02-02,0.0
1951-02-03,0.0
1951-02-04,0.0
1951-02-05,0.0
1951-02-06,0.0
1951-02-07,0.0
1951-02-08,0.0
1951-02-09,0.0
1951-02-10,0.0
1951-02-11,0.0
1951-02-12,0.0
1951-02-13,0.0
1951-02-14,0.0
1951-02-15,0.0
1951-02-16,0.0
1951-02-17,0.0
1951-02-18,0.0
1951-02-19,0.0
1951-02-20,0.0
1951-02-21,0.0
1951-02-22,0.0
1951-02-23,0.0
1951-02-24,0.0
1951-02-25,0.0
1951-02-26,0.0
1951-02-27,0.0
1951-02-28,0.0
1951-03-01,0.0
1951-03-02,0.0
1951-03-03,0.0
1951-03-04,0.0
1951-03-05,0.0
1951-03-06,0.0
1951-03-07,0.0
1951-03-08,0.0
1951-03-09,0.0
1951-03-10,0.0
1951-03-11,0.0
1951-03-12,0.0
1951-03-13,0.0
1951-03-14,0.0
1951-03-15,0.0
1951-03-16,0.0
1951-03-17,0.0
1951-03-18,0.0
1951-03-19,0.0
1951-03-20,0.0
1951-03-21,0.0
1951-03-22,0.0
1951-03-23,0.0
1951-03-24,0.0
1951-03-25,0.0
1951-03-26,0.0
1951-03-27,0.0
1951-03-28,0.0
1951-03-29,0.0
1951-03-30,0.0
1951-03-31,32.35858
1951-04-01,2.1502478
1951-04-02,0.0
1951-04-03,0.0
1951-04-04,0.0
1951-04-05,0.0
1951-04-06,0.0
1951-04-07,0.0
1951-04-08,0.0
1951-04-09,0.0
1951-04-10,0.0
1951-04-11,9.148049
1951-04-12,6.522688
1951-04-13,3.6862185
1951-04-14,5.0533566
1951-04-15,0.0
1951-04-16,0.0
1951-04-17,0.0
1951-04-18,0.0
1951-04-19,0.0
1951-04-20,0.0
1951-04-21,22.814634
1951-04-22,0.0
1951-04-23,0.0
1951-04-24,0.0
1951-04-25,0.0
1951-04-26,0.0
1951-04-27,0.0
1951-04-28,0.0
1951-04-29,0.0
1951-04-30,0.0
1951-05-01,0.0
1951-05-02,0.0
1951-05-03,0.0
1951-05-04,0.0
1951-05-05,0.0
1951-05-06,0.0
1951-05-07,0.0
1951-05-08,0.0
1951-05-09,0.0
1951-05-10,0.0
1951-05-11,0.0
1951-05-12,0.0
1951-05-13,0.0
1951-05-14,0.0
1951-05-15,0.0
1951-05-16,0.0
1951-05-17,0.0
1951-05-18,0.0
1951-05-19,0.0
1951-05-20,0.0
1951-05-21,0.0
1951-05-22,5.438036
1951-05-23,6.5711675
1951-05-24,6.160473
1951-05-25,0.9436598
1951-05-26,0.0
1951-05-27,3.279982
1951-05-28,0.0
1951-05-29,0.0
1951-05-30,0.0
1951-05-31,0.0
1951-06-01,0.0
1951-06-02,0.0
1951-06-03,0.0
1951-06-04,1.0855707
1951-06-05,0.0
1951-06-06,3.9896977
1951-06-07,0.0
1951-06-08,0.5072137
1951-06-09,0.0
1951-06-10,0.0
1951-06-11,0.0
1951-06-12,0.0
1951-06-13,0.43884772
1951-06-14,0.0
1951-06-15,0.0
1951-06-16,0.0
1951-06-17,11.68072
1951-06-18,2.1021326
1951-06-19,0.0
1951-06-20,0.0
1951-06-21,0.0
1951-06-22,0.0
1951-06-23,0.0
1951-06-24,0.0
1951-06-25,0.0
1951-06-26,0.0
1951-06-27,0.0
1951-06-28,0.0
1951-06-29,0.0
1951-06-30,0.0
1951-07-01,0.0
1951-07-02,0.0
1951-07-03,0.0
1951-07-04,0.0
1951-07-05,0.0
1951-07-06,0.20169827
1951-07-07,16.364641
1951-07-08,8.042064
1951-07-09,0.0
1951-07-10,0.0
1951-07-11,0.0
1951-07-12,16.581484
1951-07-13,0.0
1951-07-14,0.0
1951-07-15,0.0
1951-07-16,4.1922555
1951-07-17,2.7389543
1951-07-18,6.349967
1951-07-19,0.0
1951-07-20,0.0
1951-07-21,0.0
1951-07-22,0.0
1951-07-23,3.2242856
1951-07-24,4.9384546
1951-07-25,1.312385
1951-07-26,0.0
1951-07-27,0.0
1951-07-28,0.367379
1951-07-29,0.0
1951-07-30,0.0
1951-07-31,0.0
1951-08-01,0.0
1951-08-02,0.0
1951-08-03,0.0
1951-08-04,0.0
1951-08-05,0.0
1951-08-06,0.0
1951-08-07,0.0
1951-08-08,0.0
1951-08-09,0.0
1951-08-10,0.0
1951-08-11,2.3952467
1951-08-12,14.178021
1951-08-13,18.661467
1951-08-14,4.5502334
1951-08-15,8.654214
1951-08-16,0.0
1951-08-17,0.0
1951-08-18,0.0
1951-08-19,0.0
1951-08-20,0.0
1951-08-21,0.0
1951-08-22,0.41575047
1951-08-23,5.4998126
1951-08-24,49.77023
1951-08-25,0.0
1951-08-26,0.0
1951-08-27,15.671256
1951-08-28,0.9123413
1951-08-29,34.17159
1951-08-30,14.385427
1951-08-31,0.0
1951-09-01,0.0
1951-09-02,0.0
1951-09-03,0.0
1951-09-04,0.0
1951-09-05,0.0
1951-09-06,0.0
1951-09-07,0.0
1951-09-08,0.0
1951-09-09,0.0
1951-09-10,0.0
1951-09-11,4.7483883
1951-09-12,9.376586
1951-09-13,0.0
1951-09-14,0.0
1951-09-15,0.0
1951-09-16,0.0
1951-09-17,0.0
1951-09-18,0.0
1951-09-19,0.0
1951-09-20,0.0
1951-09-21,0.0
1951-09-22,0.0
1951-09-23,0.0
1951-09-24,0.0
1951-09-25,0.0
1951-09-26,14.356368
1951-09-27,9.084296
1951-09-28,0.0
1951-09-29,34.667362
1951-09-30,41.109325
1951-10-01,4.2944093
1951-10-02,0.0
1951-10-03,0.0
1951-10-04,0.0
1951-10-05,0.0
1951-10-06,10.039614
1951-10-07,0.0
1951-10-08,0.0
1951-10-09,6.970305
1951-10-10,1.312385
1951-10-11,5.6078386
1951-10-12,0.0
1951-10-13,0.0
1951-10-14,0.0
1951-10-15,0.0
1951-10-16,0.0
1951-10-17,0.0
1951-10-18,0.0
1951-10-19,0.0
1951-10-20,1.5310613
1951-10-21,8.142689
1951-10-22,14.54541
1951-10-23,10.42529
1951-10-24,0.0
1951-10-25,0.0
1951-10-26,0.0
1951-10-27,0.0
1951-10-28,0.0
1951-10-29,51.125004
1951-10-30,9.227722
1951-10-31,0.0
1951-11-01,0.0
1951-11-02,2.1945212
1951-11-03,3.009468
1951-11-04,0.0
1951-11-05,0.0
1951-11-06,32.608776
1951-11-07,16.262945
1951-11-08,68.44187
1951-11-09,7.637125
1951-11-10,51.57196
1951-11-11,15.548472
1951-11-12,0.0
1951-11-13,0.0
1951-11-14,0.0
1951-11-15,0.0
1951-11-16,0.0
1951-11-17,0.0
1951-11-18,142.6142
1951-11-19,56.15131
1951-11-20,19.50762
1951-11-21,30.098783
1951-11-22,1.623084
1951-11-23,0.0
1951-11-24,0.0
1951-11-25,0.0
1951-11-26,0.0
1951-11-27,0.0
1951-11-28,15.357641
1951-11-29,64.865814
1951-11-30,50.570858
1951-12-01,0.0
1951-12-02,0.0
1951-12-03,0.0
1951-12-04,0.0
1951-12-05,0.0
1951-12-06,0.0
1951-12-07,0.0
1951-12-08,2.651649
1951-12-09,0.0
1951-12-10,0.0
1951-12-11,0.0
1951-12-12,0.0
1951-12-13,0.0
1951-12-14,0.0
1951-12-15,0.0
1951-12-16,0.0
1951-12-17,2.1580245
1951-12-18,13.65035
1951-12-19,0.0
1951-12-20,0.0
1951-12-21,0.0
1951-12-22,0.0
1951-12-23,0.0
1951-12-24,0.0
1951-12-25,0.0
1951-12-26,0.0
1951-12-27,0.0
1951-12-28,0.0
1951-12-29,0.0
1951-12-30,0.0
1951-12-31,0.0
1952-01-01,0.0
1952-01-02,0.0
1952-01-03,0.17322937
1952-01-04,0.0
1952-01-05,0.0
1952-01-06,0.0
1952-01-07,0.0
1952-01-08,0.0
1952-01-09,0.0
1952-01-10,0.0
1952-01-11,0.0
1952-01-12,0.0
1952-01-13,0.0
1952-01-14,0.0
1952-01-15,0.0
1952-01-16,0.0
1952-01-17,0.0
1952-01-18,0.0
1952-01-19,0.0
1952-01-20,0.0
1952-01-21,0.0
1952-01-22,0.0
1952-01-23,0.0
1952-01-24,1.3863841
1952-01-25,4.7902627
1952-01-26,0.0
1952-01-27,0.0
1952-01-28,14.045357
1952-01-29,18.645576
1952-01-30,3.4016733
1952-01-31,0.0
1952-02-01,0.0
1952-02-02,0.0
1952-02-03,0.0
1952-02-04,0.0
1952-02-05,0.0
1952-02-06,0.0
1952-02-07,0.0
1952-02-08,0.0
1952-02-09,0.0
1952-02-10,0.0
1952-02-11,0.0
1952-02-12,0.0
1952-02-13,0.0
1952-02-14,0.0
1952-02-15,0.0
1952-02-16,0.0
1952-02-17,0.0
1952-02-18,0.0
1952-02-19,0.0
1952-02-20,0.0
1952-02-21,20.372383
1952-02-22,26.152397
1952-02-23,6.3097034
1952-02-24,0.41060007
1952-02-25,0.0
1952-02-26,0.0
1952-02-27,0.0
1952-02-28,0.0
1952-02-29,0.0
1952-03-01,0.0
1952-03-02,0.0
1952-03-03,0.0
1952-03-04,0.0
1952-03-05,0.0
1952-03-06,0.0
1952-03-07,0.0
1952-03-08,0.0
1952-03-09,0.0
1952-03-10,0.0
1952-03-11,0.0
1952-03-12,0.0
1952-03-13,0.0
1952-03-14,0.0
1952-03-15,0.0
1952-03-16,0.0
1952-03-17,0.0
1952-03-18,0.0
1952-03-19,0.0
1952-03-20,0.0
1952-03-21,0.0
1952-03-22,0.0
1952-03-23,0.0
1952-03-24,0.0
1952-03-25,0.0
1952-03-26,0.0
1952-03-27,0.0
1952-03-28,0.0
1952-03-29,0.0
1952-03-30,0.0
1952-03-31,0.0
1952-04-01,0.0
1952-04-02,0.0
1952-04-03,0.0
1952-04-04,0.0
1952-04-05,0.0
1952-04-06,0.0
1952-04-07,0.0
1952-04-08,0.0
1952-04-09,0.0
1952-04-10,0.0
1952-04-11,0.0
1952-04-12,0.0
1952-04-13,0.0
1952-04-14,0.0
1952-04-15,0.0
1952-04-16,0.0
1952-04-17,9.750795
1952-04-18,0.0
1952-04-19,0.0
1952-04-20,0.0
1952-04-21,0.0
1952-04-22,0.0
1952-04-23,0.0
1952-04-24,0.0
1952-04-25,0.0
1952-04-26,0.0
1952-04-27,0.0
1952-04-28,0.0
1952-04-29,0.0
1952-04-30,0.0
1952-05-01,0.0
1952-05-02,0.0
1952-05-03,0.0
1952-05-04,0.0
1952-05-05,0.0
1952-05-06,0.0
1952-05-07,0.0
1952-05-08,0.0
1952-05-09,0.0
1952-05-10,0.0
1952-05-11,0.0
1952-05-12,0.0
1952-05-13,0.0
1952-05-14,0.7622092
1952-05-15,0.0
1952-05-16,0.0
1952-05-17,0.0
1952-05-18,0.0
1952-05-19,0.0
1952-05-20,0.0
1952-05-21,7.731007
1952-05-22,9.216715
1952-05-23,0.0
1952-05-24,0.0
1952-05-25,0.0
1952-05-26,0.0
1952-05-27,0.0
1952-05-28,0.0
1952-05-29,0.0
1952-05-30,0.0
1952-05-31,0.0
1952-06-01,1.8824257
1952-06-02,0.0
1952-06-03,4.1929665
1952-06-04,0.0
1952-06-05,0.0
1952-06-06,0.0
1952-06-07,0.0
1952-06-08,0.0
1952-06-09,0.0
1952-06-10,0.0
1952-06-11,0.0
1952-06-12,0.0
1952-06-13,0.0
1952-06-14,0.0
1952-06-15,0.87769544
1952-06-16,0.0
1952-06-17,0.1836895
1952-06-18,0.0
1952-06-19,0.0
1952-06-20,0.0
1952-06-21,0.0
1952-06-22,0.15013212
1952-06-23,0.0
1952-06-24,0.0
1952-06-25,0.0
1952-06-26,0.0
1952-06-27,0.0
1952-06-28,0.0
1952-06-29,0.0
1952-06-30,0.28871563
1952-07-01,1.8978332
1952-07-02,3.3687778
1952-07-03,0.8239569
1952-07-04,2.976526
1952-07-05,0.0
1952-07-06,0.0
1952-07-07,0.0
1952-07-08,0.11548624
1952-07-09,5.102925
1952-07-10,1.5976801
1952-07-11,5.7374706
1952-07-12,11.108401
1952-07-13,0.0
1952-07-14,0.0
1952-07-15,0.0
1952-07-16,0.0
1952-07-17,0.0
1952-07-18,0.0
1952-07-19,0.0
1952-07-20,0.0
1952-07-21,0.0
1952-07-22,0.0
1952-07-23,0.0
1952-07-24,0.0
1952-07-25,0.0
1952-07-26,0.0
1952-07-27,0.0
1952-07-28,0.0
1952-07-29,0.0
1952-07-30,0.0
1952-07-31,0.0
1952-08-01,0.0
1952-08-02,0.0
1952-08-03,1.1158702
1952-08-04,0.0
1952-08-05,0.0
1952-08-06,11.242161
1952-08-07,0.0
1952-08-08,0.66982025
1952-08-09,0.7340281
1952-08-10,2.857981
1952-08-11,3.0433764
1952-08-12,0.0
1952-08-13,1.0334524
1952-08-14,4.170457
1952-08-15,0.0
1952-08-16,0.0
1952-08-17,0.0
1952-08-18,0.27051398
1952-08-19,26.94496
1952-08-20,14.050612
1952-08-21,40.932194
1952-08-22,0.0
1952-08-23,1.0969311
1952-08-24,6.9657354
1952-08-25,0.0
1952-08-26,0.0
1952-08-27,0.0
1952-08-28,3.4490533
1952-08-29,22.796995
1952-08-30,0.0
1952-08-31,0.0
1952-09-01,0.0
1952-09-02,0.0
1952-09-03,0.0
1952-09-04,0.0
1952-09-05,0.0
1952-09-06,0.1836895
1952-09-07,0.0
1952-09-08,0.0
1952-09-09,0.0
1952-09-10,14.979685
1952-09-11,0.0
1952-09-12,0.0
1952-09-13,0.0
1952-09-14,0.0
1952-09-15,0.0
1952-09-16,0.0
1952-09-17,0.0
1952-09-18,0.0
1952-09-19,0.0
1952-09-20,0.0
1952-09-21,0.0
1952-09-22,0.0
1952-09-23,0.0
1952-09-24,0.0
1952-09-25,0.0
1952-09-26,0.0
1952-09-27,0.0
1952-09-28,0.0
1952-09-29,0.0
1952-09-30,0.0
1952-10-01,0.0
1952-10-02,0.0
1952-10-03,0.0
1952-10-04,16.085558
1952-10-05,0.0
1952-10-06,0.0
1952-10-07,0.60865647
1952-10-08,0.0
1952-10-09,0.0
1952-10-10,0.0
1952-10-11,0.0
1952-10-12,0.0
1952-10-13,7.375355
1952-10-14,15.548858
1952-10-15,12.636549
1952-10-16,2.2317405
1952-10-17,2.8178644
1952-10-18,14.007236
1952-10-19,24.382135
1952-10-20,0.0
1952-10-21,0.0
1952-10-22,0.3025474
1952-10-23,0.0
1952-10-24,0.0
1952-10-25,0.58897984
1952-10-26,0.0
1952-10-27,0.0
1952-10-28,0.0
1952-10-29,0.0
1952-10-30,0.0
1952-10-31,0.0
1952-11-01,0.0
1952-11-02,0.0
1952-11-03,0.0
1952-11-04,0.0
1952-11-05,0.0
1952-11-06,0.0
1952-11-07,0.0
1952-11-08,0.0
1952-11-09,0.0
1952-11-10,0.0
1952-11-11,0.0
1952-11-12,0.0
1952-11-13,0.0
1952-11-14,0.0
1952-11-15,0.0
1952-11-16,0.0
1952-11-17,0.0
1952-11-18,0.0
1952-11-19,0.4734936
1952-11-20,0.0
1952-11-21,0.0
1952-11-22,4.767631
1952-11-23,13.296346
1952-11-24,1.7245266
1952-11-25,0.0
1952-11-26,0.0
1952-11-27,0.0
1952-11-28,0.0
1952-11-29,0.0
1952-11-30,19.85649
1952-12-01,68.0648
1952-12-02,0.0
1952-12-03,0.0
1952-12-04,28.256927
1952-12-05,0.0
1952-12-06,0.0
1952-12-07,214.20453
1952-12-08,0.893214
1952-12-09,0.0
1952-12-10,4.382587
1952-12-11,0.0
1952-12-12,13.851311
1952-12-13,10.845625
1952-12-14,0.4734936
1952-12-15,0.15013212
1952-12-16,0.0
1952-12-17,0.0
1952-12-18,0.0
1952-12-19,0.0
1952-12-20,0.0
1952-12-21,0.26561835
1952-12-22,0.0
1952-12-23,0.0
1952-12-24,14.734301
1952-12-25,0.8924765
1952-12-26,0.5072137
1952-12-27,0.0
1952-12-28,0.0
1952-12-29,0.0
1952-12-30,0.0
1952-12-31,0.0
1953-01-01,0.0
1953-01-02,0.0
1953-01-03,0.0
1953-01-04,0.0
1953-01-05,0.0
1953-01-06,0.6120771
1953-01-07,8.258863
1953-01-08,0.0
1953-01-09,29.665752
1953-01-10,0.0
1953-01-11,1.8197769
1953-01-12,0.0
1953-01-13,0.0
1953-01-14,0.0
1953-01-15,0.0
1953-01-16,2.5242429
1953-01-17,0.27051398
1953-01-18,0.0
1953-01-19,0.0
1953-01-20,0.0
1953-01-21,0.0
1953-01-22,0.0
1953-01-23,0.0
1953-01-24,0.0
1953-01-25,0.0
1953-01-26,0.0
1953-01-27,0.0
1953-01-28,0.0
1953-01-29,0.0
1953-01-30,0.0
1953-01-31,0.0
1953-02-01,0.0
1953-02-02,0.0
1953-02-03,0.0
1953-02-04,0.0
1953-02-05,0.0
1953-02-06,0.0
1953-02-07,0.0
1953-02-08,0.0
1953-02-09,0.0
1953-02-10,0.0
1953-02-11,0.0
1953-02-12,0.0
1953-02-13,0.0
1953-02-14,0.0
1953-02-15,0.0
1953-02-16,0.0
1953-02-17,0.0
1953-02-18,0.0
1953-02-19,0.0
1953-02-20,0.0
1953-02-21,2.5011458
1953-02-22,0.0
1953-02-23,0.0
1953-02-24,0.0
1953-02-25,0.0
1953-02-26,0.0
1953-02-27,0.0
1953-02-28,0.0
1953-03-01,0.0
1953-03-02,0.0
1953-03-03,0.0
1953-03-04,0.0
1953-03-05,0.0
1953-03-06,0.0
1953-03-07,0.0
1953-03-08,0.0
1953-03-09,0.0
1953-03-10,0.0
1953-03-11,0.0
1953-03-12,0.0
1953-03-13,0.0
1953-03-14,0.0
1953-03-15,0.0
1953-03-16,0.0
1953-03-17,0.0
1953-03-18,0.0
1953-03-19,0.0
1953-03-20,0.0
1953-03-21,0.0
1953-03-22,0.0
1953-03-23,0.0
1953-03-24,0.0
1953-03-25,0.0
1953-03-26,0.0
1953-03-27,0.0
1953-03-28,0.0
1953-03-29,0.0
1953-03-30,0.0
1953-03-31,0.0
1953-04-01,0.0
1953-04-02,0.0
1953-04-03,0.43884772
1953-04-04,0.0
1953-04-05,0.0
1953-04-06,0.0
1953-04-07,0.984016
1953-04-08,0.0
1953-04-09,0.0
1953-04-10,0.0
1953-04-11,45.82848
1953-04-12,0.0
1953-04-13,0.0
1953-04-14,0.0
1953-04-15,0.0
1953-04-16,0.0
1953-04-17,0.0
1953-04-18,0.91863674
1953-04-19,0.0
1953-04-20,5.205608
1953-04-21,0.0
1953-04-22,8.318766
1953-04-23,0.0
1953-04-24,0.0
1953-04-25,0.0
1953-04-26,0.0
1953-04-27,0.0
1953-04-28,0.0
1953-04-29,0.0
1953-04-30,0.0
1953-05-01,0.0
1953-05-02,0.0
1953-05-03,0.0
1953-05-04,0.0
1953-05-05,0.0
1953-05-06,0.0
1953-05-07,0.0
1953-05-08,0.0
1953-05-09,0.0
1953-05-10,0.0
1953-05-11,0.0
1953-05-12,0.0
1953-05-13,0.0
1953-05-14,0.0
1953-05-15,0.0
1953-05-16,0.0
1953-05-17,0.0
1953-05-18,0.0
1953-05-19,0.0
1953-05-20,0.0
1953-05-21,0.0
1953-05-22,0.0
1953-05-23,0.0
1953-05-24,0.0
1953-05-25,0.0
1953-05-26,0.0
1953-05-27,0.0
1953-05-28,0.0
1953-05-29,0.0
1953-05-30,0.0
1953-05-31,0.0
1953-06-01,0.0
1953-06-02,0.0
1953-06-03,0.0
1953-06-04,0.0
1953-06-05,0.0
1953-06-06,2.3790166
1953-06-07,0.0
1953-06-08,0.0
1953-06-09,0.0
1953-06-10,0.0
1953-06-11,0.0
1953-06-12,0.0
1953-06-13,0.66982025
1953-06-14,0.67628497
1953-06-15,0.0
1953-06-16,0.0
1953-06-17,0.5312367
1953-06-18,0.0
1953-06-19,0.0
1953-06-20,0.0
1953-06-21,0.0
1953-06-22,0.0
1953-06-23,0.0
1953-06-24,1.4089322
1953-06-25,8.730696
1953-06-26,0.73911196
1953-06-27,4.9344916
1953-06-28,1.8696263
1953-06-29,0.0
1953-06-30,0.0
1953-07-01,0.0
1953-07-02,0.0
1953-07-03,0.0
1953-07-04,0.0
1953-07-05,0.0
1953-07-06,0.0
1953-07-07,2.1641119
1953-07-08,0.0
1953-07-09,0.0
1953-07-10,0.0
1953-07-11,0.0
1953-07-12,0.0
1953-07-13,0.0
1953-07-14,0.0
1953-07-15,0.0
1953-07-16,0.0
1953-07-17,0.0
1953-07-18,0.35657376
1953-07-19,0.0
1953-07-20,5.100563
1953-07-21,1.623084
1953-07-22,2.7437055
1953-07-23,1.8372735
1953-07-24,4.250176
1953-07-25,0.0
1953-07-26,0.0
1953-07-27,0.0
1953-07-28,0.27373338
1953-07-29,0.3233615
1953-07-30,0.0
1953-07-31,0.0
1953-08-01,0.0
1953-08-02,0.0
1953-08-03,0.23097248
1953-08-04,0.0
1953-08-05,0.0
1953-08-06,0.0
1953-08-07,0.0
1953-08-08,0.0
1953-08-09,0.66345984
1953-08-10,0.19089302
1953-08-11,0.0
1953-08-12,0.0
1953-08-13,0.0
1953-08-14,0.0
1953-08-15,0.0
1953-08-16,0.0
1953-08-17,0.0
1953-08-18,0.0
1953-08-19,0.0
1953-08-20,0.0
1953-08-21,0.0
1953-08-22,0.0
1953-08-23,0.0
1953-08-24,0.0
1953-08-25,0.5942896
1953-08-26,10.4817705
1953-08-27,27.92455
1953-08-28,0.10805265
1953-08-29,0.0
1953-08-30,0.0
1953-08-31,0.0
1953-09-01,4.918103
1953-09-02,0.0
1953-09-03,0.0
1953-09-04,0.0
1953-09-05,10.994408
1953-09-06,0.0
1953-09-07,0.0
1953-09-08,0.0
1953-09-09,0.0
1953-09-10,1.9055231
1953-09-11,27.083004
1953-09-12,20.048256
1953-09-13,0.0
1953-09-14,0.0
1953-09-15,0.0
1953-09-16,18.539528
1953-09-17,34.285755
1953-09-18,1.9055231
1953-09-19,89.58455
1953-09-20,0.0
1953-09-21,0.41575047
1953-09-22,20.489119
1953-09-23,0.0
1953-09-24,0.0
1953-09-25,0.0
1953-09-26,0.0
1953-09-27,0.0
1953-09-28,0.0
1953-09-29,0.6483159
1953-09-30,0.0
1953-10-01,0.0
1953-10-02,0.0
1953-10-03,0.0
1953-10-04,0.0
1953-10-05,0.0
1953-10-06,0.0
1953-10-07,0.0
1953-10-08,0.4395852
1953-10-09,0.0
1953-10-10,0.0
1953-10-11,0.93543863
1953-10-12,0.0
1953-10-13,0.0
1953-10-14,5.0876904
1953-10-15,26.206045
1953-10-16,27.400433
1953-10-17,6.386323
1953-10-18,4.8792315
1953-10-19,5.800948
1953-10-20,13.6629505
1953-10-21,44.91376
1953-10-22,3.6892664
1953-10-23,0.0
1953-10-24,0.34645873
1953-10-25,5.3699203
1953-10-26,46.73576
1953-10-27,0.0
1953-10-28,28.543825
1953-10-29,0.0
1953-10-30,15.4883
1953-10-31,6.5786757
1953-11-01,0.0
1953-11-02,0.0
1953-11-03,0.0
1953-11-04,0.0
1953-11-05,0.0
1953-11-06,0.0
1953-11-07,0.0
1953-11-08,0.0
1953-11-09,0.0
1953-11-10,0.0
1953-11-11,0.0
1953-11-12,0.0
1953-11-13,0.0
1953-11-14,16.818354
1953-11-15,27.093124
1953-11-16,2.4479318
1953-11-17,19.422052
1953-11-18,2.0924504
1953-11-19,0.0
1953-11-20,0.0
1953-11-21,0.0
1953-11-22,0.0
1953-11-23,1.351189
1953-11-24,11.3222275
1953-11-25,0.554334
1953-11-26,17.890781
1953-11-27,40.371876
1953-11-28,1.8006048
1953-11-29,0.0
1953-11-30,0.4568565
1953-12-01,0.11548624
1953-12-02,0.0
1953-12-03,0.0
1953-12-04,0.0
1953-12-05,0.0
1953-12-06,0.0
1953-12-07,0.0
1953-12-08,0.0
1953-12-09,0.0
1953-12-10,0.0
1953-12-11,0.0
1953-12-12,0.0
1953-12-13,0.0
1953-12-14,24.0057
1953-12-15,8.925706
1953-12-16,6.631624
1953-12-17,1.3097019
1953-12-18,0.0
1953-12-19,0.0
1953-12-20,0.0
1953-12-21,0.0
1953-12-22,0.0
1953-12-23,0.0
1953-12-24,0.0
1953-12-25,0.0
1953-12-26,7.476902
1953-12-27,1.9393443
1953-12-28,14.03913
1953-12-29,2.8708062
1953-12-30,0.0
1953-12-31,0.0
1954-01-01,0.0
1954-01-02,0.0
1954-01-03,0.91863674
1954-01-04,25.179916
1954-01-05,53.141926
1954-01-06,15.07812
1954-01-07,1.8591402
1954-01-08,0.0
1954-01-09,0.0
1954-01-10,0.554334
1954-01-11,21.463346
1954-01-12,51.202713
1954-01-13,0.0
1954-01-14,0.0
1954-01-15,0.0
1954-01-16,0.0
1954-01-17,0.0
1954-01-18,0.0
1954-01-19,0.0
1954-01-20,0.0
1954-01-21,0.0
1954-01-22,0.0
1954-01-23,0.0
1954-01-24,0.0
1954-01-25,0.0
1954-01-26,0.0
1954-01-27,0.0
1954-01-28,0.0
1954-01-29,0.0
1954-01-30,0.0
1954-01-31,0.0
1954-02-01,3.1011198
1954-02-02,0.0
1954-02-03,0.0
1954-02-04,0.0
1954-02-05,0.0
1954-02-06,0.0
1954-02-07,0.0
1954-02-08,0.0
1954-02-09,0.0
1954-02-10,0.0
1954-02-11,0.0
1954-02-12,0.0
1954-02-13,0.0
1954-02-14,0.0
1954-02-15,0.0
1954-02-16,0.0
1954-02-17,0.0
1954-02-18,0.0
1954-02-19,0.0
1954-02-20,0.0
1954-02-21,0.0
1954-02-22,0.0
1954-02-23,0.0
1954-02-24,0.0
1954-02-25,0.0
1954-02-26,0.0
1954-02-27,0.0
1954-02-28,0.0
1954-03-01,0.0
1954-03-02,0.0
1954-03-03,0.0
1954-03-04,0.0
1954-03-05,0.0
1954-03-06,0.0
1954-03-07,0.0
1954-03-08,0.0
1954-03-09,0.0
1954-03-10,0.0
1954-03-11,0.0
1954-03-12,0.0
1954-03-13,86.61571
1954-03-14,37.067936
1954-03-15,5.1216955
1954-03-16,0.54746675
1954-03-17,0.0
1954-03-18,0.0
1954-03-19,0.0
1954-03-20,0.0
1954-03-21,0.0
1954-03-22,0.0
1954-03-23,0.0
1954-03-24,0.0
1954-03-25,0.0
1954-03-26,0.0
1954-03-27,0.0
1954-03-28,0.0
1954-03-29,0.0
1954-03-30,0.0
1954-03-31,0.0
1954-04-01,0.0
1954-04-02,0.0
1954-04-03,0.0
1954-04-04,2.7389543
1954-04-05,0.0
1954-04-06,0.0
1954-04-07,0.0
1954-04-08,0.0
1954-04-09,0.0
1954-04-10,0.0
1954-04-11,0.0
1954-04-12,0.0
1954-04-13,0.0
1954-04-14,0.0
1954-04-15,0.0
1954-04-16,0.0
1954-04-17,0.0
1954-04-18,0.0
1954-04-19,0.0
1954-04-20,0.0
1954-04-21,0.0
1954-04-22,0.34645873
1954-04-23,7.8377843
1954-04-24,0.0
1954-04-25,0.0
1954-04-26,0.0
1954-04-27,0.0
1954-04-28,0.0
1954-04-29,0.0
1954-04-30,0.0
1954-05-01,0.0
1954-05-02,0.0
1954-05-03,0.0
1954-05-04,0.0
1954-05-05,0.0
1954-05-06,0.0
1954-05-07,0.0
1954-05-08,0.0
1954-05-09,0.0
1954-05-10,0.0
1954-05-11,0.0
1954-05-12,0.0
1954-05-13,0.0
1954-05-14,0.0
1954-05-15,0.0
1954-05-16,0.0
1954-05-17,0.367379
1954-05-18,0.0
1954-05-19,0.0
1954-05-20,0.0
1954-05-21,0.0
1954-05-22,0.0
1954-05-23,0.0
1954-05-24,0.0
1954-05-25,0.0
1954-05-26,0.0
1954-05-27,10.36018
1954-05-28,0.0
1954-05-29,0.99318177
1954-05-30,3.3683345
1954-05-31,2.8403966
1954-06-01,0.0
1954-06-02,0.0
1954-06-03,0.0
1954-06-04,0.0
1954-06-05,0.0
1954-06-06,0.0
1954-06-07,0.0
1954-06-08,0.0
1954-06-09,0.0
1954-06-10,0.0
1954-06-11,0.0
1954-06-12,0.0
1954-06-13,7.83314
1954-06-14,0.0
1954-06-15,0.0
1954-06-16,0.0
1954-06-17,0.0
1954-06-18,0.2485211
1954-06-19,0.0
1954-06-20,0.0
1954-06-21,0.0
1954-06-22,0.0
1954-06-23,0.0
1954-06-24,0.0
1954-06-25,0.0
1954-06-26,0.0
1954-06-27,0.0
1954-06-28,0.0
1954-06-29,0.0
1954-06-30,0.367379
1954-07-01,20.031988
1954-07-02,16.800055
1954-07-03,5.8009744
1954-07-04,0.0
1954-07-05,0.0
1954-07-06,0.0
1954-07-07,0.0
1954-07-08,0.7951429
1954-07-09,0.0
1954-07-10,0.0
1954-07-11,0.0
1954-07-12,0.0
1954-07-13,0.0
1954-07-14,0.0
1954-07-15,0.0
1954-07-16,0.0
1954-07-17,0.0
1954-07-18,1.5951148
1954-07-19,0.0
1954-07-20,0.28871563
1954-07-21,0.0
1954-07-22,0.0
1954-07-23,9.329096
1954-07-24,11.619041
1954-07-25,0.0
1954-07-26,0.0
1954-07-27,0.0
1954-07-28,0.87769544
1954-07-29,8.154918
1954-07-30,0.0
1954-07-31,2.1633744
1954-08-01,0.0
1954-08-02,0.7777277
1954-08-03,0.0
1954-08-04,0.0
1954-08-05,0.0
1954-08-06,0.27051398
1954-08-07,0.0
1954-08-08,0.0
1954-08-09,0.0
1954-08-10,0.0
1954-08-11,0.0
1954-08-12,8.637029
1954-08-13,4.2267966
1954-08-14,0.0
1954-08-15,0.0
1954-08-16,0.0
1954-08-17,5.5396037
1954-08-18,0.0
1954-08-19,0.0
1954-08-20,0.0
1954-08-21,0.0
1954-08-22,15.208692
1954-08-23,8.953441
1954-08-24,1.6841673
1954-08-25,0.0
1954-08-26,0.0
1954-08-27,0.42860883
1954-08-28,30.279942
1954-08-29,0.0
1954-08-30,0.0
1954-08-31,5.579351
1954-09-01,0.0
1954-09-02,0.0
1954-09-03,0.0
1954-09-04,0.0
1954-09-05,0.0
1954-09-06,0.0
1954-09-07,18.332878
1954-09-08,0.0
1954-09-09,3.2014575
1954-09-10,0.15013212
1954-09-11,2.2064219
1954-09-12,0.0
1954-09-13,0.0
1954-09-14,0.0
1954-09-15,0.0
1954-09-16,0.0
1954-09-17,0.0
1954-09-18,0.0
1954-09-19,0.0
1954-09-20,0.0
1954-09-21,0.0
1954-09-22,0.0
1954-09-23,0.0
1954-09-24,0.0
1954-09-25,1.9399807
1954-09-26,0.0
1954-09-27,0.0
1954-09-28,0.0
1954-09-29,0.0
1954-09-30,0.0
1954-10-01,0.0
1954-10-02,0.0
1954-10-03,0.0
1954-10-04,0.0
1954-10-05,54.297585
1954-10-06,0.0
1954-10-07,0.0
1954-10-08,22.371204
1954-10-09,0.0
1954-10-10,0.0
1954-10-11,0.0
1954-10-12,15.670582
1954-10-13,0.0
1954-10-14,0.0
1954-10-15,35.602432
1954-10-16,36.391964
1954-10-17,4.6226664
1954-10-18,22.503466
1954-10-19,28.539242
1954-10-20,41.02031
1954-10-21,200.3004
1954-10-22,30.899427
1954-10-23,3.6871564
1954-10-24,0.0
1954-10-25,0.0
1954-10-26,0.0
1954-10-27,0.0
1954-10-28,12.60774
1954-10-29,0.0
1954-10-30,0.0
1954-10-31,0.0
1954-11-01,0.0
1954-11-02,0.0
1954-11-03,0.0
1954-11-04,0.0
1954-11-05,0.20787524
1954-11-06,0.0
1954-11-07,0.0
1954-11-08,0.0
1954-11-09,0.0
1954-11-10,0.0
1954-11-11,0.0
1954-11-12,0.0
1954-11-13,0.0
1954-11-14,0.0
1954-11-15,0.0
1954-11-16,0.0
1954-11-17,0.0
1954-11-18,8.032188
1954-11-19,1.7553909
1954-11-20,24.679018
1954-11-21,1.9979119
1954-11-22,28.30202
1954-11-23,3.0361743
1954-11-24,0.0
1954-11-25,0.0
1954-11-26,0.0
1954-11-27,0.0
1954-11-28,0.0
1954-11-29,0.0
1954-11-30,0.0
1954-12-01,0.0
1954-12-02,0.0
1954-12-03,0.0
1954-12-04,0.0
1954-12-05,0.0
1954-12-06,0.0
1954-12-07,0.0
1954-12-08,0.0
1954-12-09,0.7968551
1954-12-10,99.77382
1954-12-11,43.78713
1954-12-12,5.439463
1954-12-13,4.0137076
1954-12-14,0.0
1954-12-15,7.8452864
1954-12-16,0.17322937
1954-12-17,0.0
1954-12-18,0.0
1954-12-19,0.0
1954-12-20,0.49732834
1954-12-21,0.0
1954-12-22,0.0
1954-12-23,0.0
1954-12-24,3.2220662
1954-12-25,2.7530918
1954-12-26,0.0
1954-12-27,0.20787524
1954-12-28,0.0
1954-12-29,0.0
1954-12-30,0.0
1954-12-31,0.0
1955-01-01,0.0
1955-01-02,0.0
1955-01-03,0.0
1955-01-04,0.0
1955-01-05,0.0
1955-01-06,0.0
1955-01-07,0.0
1955-01-08,3.209995
1955-01-09,11.407047
1955-01-10,2.2894835
1955-01-11,0.0
1955-01-12,0.0
1955-01-13,0.0
1955-01-14,0.0
1955-01-15,0.0
1955-01-16,0.0
1955-01-17,0.15013212
1955-01-18,0.0
1955-01-19,0.0
1955-01-20,0.0
1955-01-21,0.15013212
1955-01-22,0.0
1955-01-23,0.0
1955-01-24,0.0
1955-01-25,0.0
1955-01-26,0.0
1955-01-27,0.0
1955-01-28,0.0
1955-01-29,0.0
1955-01-30,0.0
1955-01-31,0.0
1955-02-01,0.0
1955-02-02,0.0
1955-02-03,0.0
1955-02-04,0.0
1955-02-05,0.0
1955-02-06,0.0
1955-02-07,0.0
1955-02-08,0.0
1955-02-09,0.0
1955-02-10,0.0
1955-02-11,1.7900368
1955-02-12,0.0
1955-02-13,0.0
1955-02-14,0.0
1955-02-15,0.0
1955-02-16,0.0
1955-02-17,0.0
1955-02-18,0.0
1955-02-19,0.0
1955-02-20,0.0
1955-02-21,0.0
1955-02-22,0.0
1955-02-23,0.0
1955-02-24,0.0
1955-02-25,0.0
1955-02-26,0.0
1955-02-27,0.0
1955-02-28,0.0
1955-03-01,0.0
1955-03-02,0.0
1955-03-03,0.0
1955-03-04,0.0
1955-03-05,0.0
1955-03-06,0.0
1955-03-07,0.0
1955-03-08,0.0
1955-03-09,0.0
1955-03-10,0.0
1955-03-11,0.0
1955-03-12,0.0
1955-03-13,0.0
1955-03-14,0.0
1955-03-15,0.0
1955-03-16,0.0
1955-03-17,0.0
1955-03-18,0.0
1955-03-19,0.0
1955-03-20,0.0
1955-03-21,0.0
1955-03-22,0.0
1955-03-23,0.0
1955-03-24,0.0
1955-03-25,0.0
1955-03-26,0.0
1955-03-27,0.0
1955-03-28,0.0
1955-03-29,0.0
1955-03-30,0.0
1955-03-31,0.0
1955-04-01,0.0
1955-04-02,0.0
1955-04-03,0.0
1955-04-04,0.0
1955-04-05,0.0
1955-04-06,0.0
1955-04-07,0.0
1955-04-08,0.0
1955-04-09,0.0
1955-04-10,0.0
1955-04-11,0.0
1955-04-12,0.0
1955-04-13,0.0
1955-04-14,0.0
1955-04-15,0.0
1955-04-16,0.0
1955-04-17,0.0
1955-04-18,0.0
1955-04-19,0.14767195
1955-04-20,24.074373
1955-04-21,19.440601
1955-04-22,10.967968
1955-04-23,1.5456641
1955-04-24,0.0
1955-04-25,2.0210092
1955-04-26,0.0
1955-04-27,0.0
1955-04-28,0.0
1955-04-29,0.0
1955-04-30,0.0
1955-05-01,0.0
1955-05-02,1.2572017
1955-05-03,0.0
1955-05-04,0.0
1955-05-05,3.811219
1955-05-06,2.5387843
1955-05-07,0.9763799
1955-05-08,16.77335
1955-05-09,8.420837
1955-05-10,19.293688
1955-05-11,0.373671
1955-05-12,0.0
1955-05-13,0.0
1955-05-14,0.0
1955-05-15,0.0
1955-05-16,0.15013212
1955-05-17,80.40288
1955-05-18,98.60434
1955-05-19,4.3017464
1955-05-20,0.0
1955-05-21,0.0
1955-05-22,0.0
1955-05-23,0.0
1955-05-24,0.0
1955-05-25,0.0
1955-05-26,0.0
1955-05-27,0.0
1955-05-28,0.0
1955-05-29,0.0
1955-05-30,0.0
1955-05-31,0.0
1955-06-01,0.0
1955-06-02,0.0
1955-06-03,0.0
1955-06-04,0.0
1955-06-05,0.0
1955-06-06,0.0
1955-06-07,0.0
1955-06-08,0.0
1955-06-09,0.0
1955-06-10,0.0
1955-06-11,0.0
1955-06-12,0.5042457
1955-06-13,0.58897984
1955-06-14,10.153131
1955-06-15,0.0
1955-06-16,0.0
1955-06-17,0.0
1955-06-18,0.0
1955-06-19,0.0
1955-06-20,0.0
1955-06-21,0.0
1955-06-22,0.15013212
1955-06-23,0.0
1955-06-24,0.0
1955-06-25,0.0
1955-06-26,0.0
1955-06-27,0.0
1955-06-28,0.0
1955-06-29,0.0
1955-06-30,0.0
1955-07-01,0.0
1955-07-02,0.0
1955-07-03,8.36724
1955-07-04,2.237566
1955-07-05,2.1133983
1955-07-06,0.0
1955-07-07,0.0
1955-07-08,0.0
1955-07-09,0.0
1955-07-10,0.0
1955-07-11,0.0
1955-07-12,0.0
1955-07-13,0.0
1955-07-14,0.0
1955-07-15,21.459902
1955-07-16,3.266264
1955-07-17,23.694254
1955-07-18,24.185373
1955-07-19,4.0383096
1955-07-20,0.0
1955-07-21,0.87769544
1955-07-22,0.0
1955-07-23,0.0
1955-07-24,0.0
1955-07-25,0.3811046
1955-07-26,0.0
1955-07-27,0.3811046
1955-07-28,3.2529175
1955-07-29,2.3331833
1955-07-30,7.072203
1955-07-31,3.6235116
1955-08-01,10.685689
1955-08-02,0.0
1955-08-03,0.0
1955-08-04,0.0
1955-08-05,0.0
1955-08-06,0.0
1955-08-07,20.624699
1955-08-08,1.7966797
1955-08-09,24.85999
1955-08-10,0.0
1955-08-11,9.027808
1955-08-12,0.0
1955-08-13,0.0
1955-08-14,8.970662
1955-08-15,10.393615
1955-08-16,2.425494
1955-08-17,7.215641
1955-08-18,7.045868
1955-08-19,0.0
1955-08-20,0.26699004
1955-08-21,1.3872066
1955-08-22,0.0
1955-08-23,0.0
1955-08-24,6.3565497
1955-08-25,0.0
1955-08-26,0.0
1955-08-27,0.0
1955-08-28,0.0
1955-08-29,0.0
1955-08-30,0.0
1955-08-31,0.0
1955-09-01,0.0
1955-09-02,0.15013212
1955-09-03,0.0
1955-09-04,0.4466176
1955-09-05,0.0
1955-09-06,2.92932
1955-09-07,10.437299
1955-09-08,0.10805265
1955-09-09,4.6325517
1955-09-10,11.791493
1955-09-11,2.4000742
1955-09-12,0.0
1955-09-13,0.0
1955-09-14,0.0
1955-09-15,0.0
1955-09-16,0.0
1955-09-17,0.0
1955-09-18,0.0
1955-09-19,0.0
1955-09-20,0.0
1955-09-21,0.0
1955-09-22,12.962985
1955-09-23,0.0
1955-09-24,0.0
1955-09-25,0.0
1955-09-26,0.7622092
1955-09-27,0.0
1955-09-28,20.527308
1955-09-29,1.4787731
1955-09-30,0.0
1955-10-01,0.0
1955-10-02,0.0
1955-10-03,0.0
1955-10-04,0.0
1955-10-05,0.0
1955-10-06,0.41575047
1955-10-07,0.0
1955-10-08,12.883228
1955-10-09,1.1202165
1955-10-10,0.23051234
1955-10-11,0.0
1955-10-12,0.0
1955-10-13,0.0
1955-10-14,0.0
1955-10-15,0.0
1955-10-16,0.6120771
1955-10-17,0.0
1955-10-18,0.0
1955-10-19,7.407802
1955-10-20,23.182135
1955-10-21,0.0
1955-10-22,0.3205562
1955-10-23,0.27373338
1955-10-24,0.0
1955-10-25,8.232902
1955-10-26,1.6330633
1955-10-27,28.55191
1955-10-28,23.4112
1955-10-29,10.517063
1955-10-30,25.936571
1955-10-31,19.080193
1955-11-01,23.229921
1955-11-02,3.2181716
1955-11-03,5.214067
1955-11-04,0.0
1955-11-05,2.5665438
1955-11-06,0.0
1955-11-07,0.0
1955-11-08,0.0
1955-11-09,0.0
1955-11-10,0.0
1955-11-11,2.3331833
1955-11-12,0.0
1955-11-13,0.11548624
1955-11-14,0.0
1955-11-15,0.0
1955-11-16,0.0
1955-11-17,0.0
1955-11-18,0.0
1955-11-19,0.26561835
1955-11-20,0.15013212
1955-11-21,0.0
1955-11-22,0.0
1955-11-23,0.0
1955-11-24,12.051848
1955-11-25,61.959064
1955-11-26,0.35566223
1955-11-27,0.0
1955-11-28,0.0
1955-11-29,0.0
1955-11-30,12.137234
1955-12-01,92.27308
1955-12-02,62.339592
1955-12-03,23.65076
1955-12-04,15.225258
1955-12-05,3.7965283
1955-12-06,10.029427
1955-12-07,2.9142137
1955-12-08,19.585129
1955-12-09,5.400657
1955-12-10,0.0
1955-12-11,0.0
1955-12-12,0.0
1955-12-13,0.0
1955-12-14,0.0
1955-12-15,0.0
1955-12-16,0.0
1955-12-17,0.0
1955-12-18,0.0
1955-12-19,0.0
1955-12-20,0.0
1955-12-21,0.0
1955-12-22,0.0
1955-12-23,0.0
1955-12-24,0.0
1955-12-25,0.0
1955-12-26,0.0
1955-12-27,0.0
1955-12-28,0.0
1955-12-29,0.0
1955-12-30,0.0
1955-12-31,0.0
1956-01-01,0.0
1956-01-02,0.0
1956-01-03,0.0
1956-01-04,0.0
1956-01-05,0.0
1956-01-06,0.0
1956-01-07,0.0
1956-01-08,0.0
1956-01-09,0.0
1956-01-10,0.0
1956-01-11,0.3811046
1956-01-12,14.202476
1956-01-13,7.5642576
1956-01-14,0.0
1956-01-15,0.0
1956-01-16,0.0
1956-01-17,0.0
1956-01-18,0.0
1956-01-19,0.0
1956-01-20,0.0
1956-01-21,0.0
1956-01-22,0.0
1956-01-23,0.0
1956-01-24,0.17322937
1956-01-25,0.0
1956-01-26,0.0
1956-01-27,0.0
1956-01-28,0.17322937
1956-01-29,7.509295
1956-01-30,3.0705514
1956-01-31,0.0
1956-02-01,0.0
1956-02-02,0.0
1956-02-03,0.0
1956-02-04,0.0
1956-02-05,0.0
1956-02-06,0.0
1956-02-07,0.26561835
1956-02-08,0.0
1956-02-09,0.0
1956-02-10,0.0
1956-02-11,0.0
1956-02-12,0.0
1956-02-13,0.0
1956-02-14,0.0
1956-02-15,0.0
1956-02-16,0.0
1956-02-17,0.0
1956-02-18,0.0
1956-02-19,0.0
1956-02-20,0.0
1956-02-21,0.0
1956-02-22,0.0
1956-02-23,0.0
1956-02-24,0.0
1956-02-25,0.0
1956-02-26,0.0
1956-02-27,0.0
1956-02-28,0.0
1956-02-29,0.0
1956-03-01,0.0
1956-03-02,0.0
1956-03-03,0.0
1956-03-04,0.0
1956-03-05,0.0
1956-03-06,0.0
1956-03-07,0.0
1956-03-08,0.0
1956-03-09,0.0
1956-03-10,0.0
1956-03-11,0.0
1956-03-12,0.0
1956-03-13,0.0
1956-03-14,0.0
1956-03-15,0.0
1956-03-16,0.0
1956-03-17,0.0
1956-03-18,0.0
1956-03-19,0.0
1956-03-20,0.0
1956-03-21,0.0
1956-03-22,0.0
1956-03-23,0.0
1956-03-24,0.0
1956-03-25,0.0
1956-03-26,0.0
1956-03-27,0.0
1956-03-28,0.0
1956-03-29,0.0
1956-03-30,0.0
1956-03-31,0.0
1956-04-01,0.0
1956-04-02,0.0
1956-04-03,0.0
1956-04-04,0.0
1956-04-05,0.0
1956-04-06,0.0
1956-04-07,0.0
1956-04-08,0.0
1956-04-09,0.0
1956-04-10,0.0
1956-04-11,0.1836895
1956-04-12,0.0
1956-04-13,0.0
1956-04-14,0.0
1956-04-15,0.0
1956-04-16,0.0
1956-04-17,0.0
1956-04-18,0.0
1956-04-19,0.0
1956-04-20,0.0
1956-04-21,0.0
1956-04-22,0.0
1956-04-23,0.0
1956-04-24,0.0
1956-04-25,0.0
1956-04-26,0.25517687
1956-04-27,0.0
1956-04-28,0.0
1956-04-29,0.0
1956-04-30,56.4326
1956-05-01,4.772053
1956-05-02,0.0
1956-05-03,0.0
1956-05-04,0.0
1956-05-05,0.0
1956-05-06,0.0
1956-05-07,0.0
1956-05-08,0.0
1956-05-09,0.0
1956-05-10,0.0
1956-05-11,0.0
1956-05-12,0.0
1956-05-13,0.0
1956-05-14,0.0
1956-05-15,0.0
1956-05-16,0.0
1956-05-17,0.0
1956-05-18,0.0
1956-05-19,0.0
1956-05-20,0.0
1956-05-21,0.0
1956-05-22,0.0
1956-05-23,0.0
1956-05-24,0.0
1956-05-25,0.0
1956-05-26,1.2849414
1956-05-27,0.0
1956-05-28,0.0
1956-05-29,0.0
1956-05-30,0.0
1956-05-31,0.367379
1956-06-01,1.7245266
1956-06-02,0.0
1956-06-03,0.0
1956-06-04,0.0
1956-06-05,5.0721374
1956-06-06,3.53405
1956-06-07,0.7968551
1956-06-08,0.0
1956-06-09,0.3233615
1956-06-10,0.28453866
1956-06-11,7.8187475
1956-06-12,7.400129
1956-06-13,0.0
1956-06-14,0.0
1956-06-15,26.31623
1956-06-16,0.0
1956-06-17,66.87928
1956-06-18,3.6724627
1956-06-19,16.842321
1956-06-20,0.0
1956-06-21,0.0
1956-06-22,0.0
1956-06-23,22.776243
1956-06-24,0.0
1956-06-25,0.0
1956-06-26,0.0
1956-06-27,0.0
1956-06-28,0.1836895
1956-06-29,4.417361
1956-06-30,0.0
1956-07-01,0.0
1956-07-02,0.0
1956-07-03,0.0
1956-07-04,0.0
1956-07-05,0.0
1956-07-06,0.0
1956-07-07,0.0
1956-07-08,0.0
1956-07-09,0.0
1956-07-10,3.095959
1956-07-11,3.0362573
1956-07-12,0.0
1956-07-13,0.0
1956-07-14,0.0
1956-07-15,0.4395852
1956-07-16,0.0
1956-07-17,0.9798485
1956-07-18,15.0550165
1956-07-19,0.15013212
1956-07-20,0.0
1956-07-21,0.0
1956-07-22,0.0
1956-07-23,0.0
1956-07-24,2.3284876
1956-07-25,0.9996464
1956-07-26,0.0
1956-07-27,2.5320356
1956-07-28,0.81653166
1956-07-29,0.28871563
1956-07-30,0.0
1956-07-31,0.0
1956-08-01,0.0
1956-08-02,0.0
1956-08-03,0.0
1956-08-04,0.0
1956-08-05,0.0
1956-08-06,0.0
1956-08-07,0.3233615
1956-08-08,13.23955
1956-08-09,1.9579006
1956-08-10,25.1254
1956-08-11,0.0
1956-08-12,8.286286
1956-08-13,0.99318177
1956-08-14,1.4320294
1956-08-15,0.0
1956-08-16,0.28871563
1956-08-17,0.6120771
1956-08-18,2.8275614
1956-08-19,0.58897984
1956-08-20,12.458936
1956-08-21,2.3443708
1956-08-22,20.26234
1956-08-23,8.042759
1956-08-24,0.0
1956-08-25,0.23097248
1956-08-26,3.544967
1956-08-27,0.0
1956-08-28,4.1921506
1956-08-29,22.937332
1956-08-30,6.4340463
1956-08-31,0.0
1956-09-01,0.21970706
1956-09-02,0.0
1956-09-03,2.1364956
1956-09-04,0.0
1956-09-05,6.8452168
1956-09-06,0.3811046
1956-09-07,0.0
1956-09-08,0.0
1956-09-09,5.1397657
1956-09-10,0.0
1956-09-11,14.193941
1956-09-12,37.007782
1956-09-13,36.009182
1956-09-14,2.1259892
1956-09-15,0.0
1956-09-16,15.768321
1956-09-17,20.021206
1956-09-18,4.121112
1956-09-19,41.8888
1956-09-20,9.31289
1956-09-21,43.55253
1956-09-22,7.336217
1956-09-23,21.025959
1956-09-24,0.0
1956-09-25,0.0
1956-09-26,0.0
1956-09-27,0.17322937
1956-09-28,0.23097248
1956-09-29,22.817886
1956-09-30,13.770334
1956-10-01,4.4752812
1956-10-02,7.2140484
1956-10-03,5.8439994
1956-10-04,1.5554554
1956-10-05,15.88551
1956-10-06,18.948801
1956-10-07,15.942453
1956-10-08,1.7963133
1956-10-09,0.0
1956-10-10,19.374498
1956-10-11,0.0
1956-10-12,0.0
1956-10-13,0.0
1956-10-14,0.0
1956-10-15,4.2208276
1956-10-16,0.0
1956-10-17,0.0
1956-10-18,2.249942
1956-10-19,35.056076
1956-10-20,0.41575047
1956-10-21,0.0
1956-10-22,0.0
1956-10-23,0.0
1956-10-24,0.0
1956-10-25,0.0
1956-10-26,85.62281
1956-10-27,0.9123413
1956-10-28,5.2681804
1956-10-29,0.0
1956-10-30,0.0
1956-10-31,4.280676
1956-11-01,14.581485
1956-11-02,3.0995505
1956-11-03,2.9509873
1956-11-04,0.0
1956-11-05,0.0
1956-11-06,7.6100454
1956-11-07,30.696789
1956-11-08,1.2173129
1956-11-09,0.0
1956-11-10,10.018997
1956-11-11,9.3182125
1956-11-12,28.557735
1956-11-13,5.3375883
1956-11-14,0.0
1956-11-15,14.151399
1956-11-16,1.8991311
1956-11-17,17.50439
1956-11-18,0.0
1956-11-19,6.067622
1956-11-20,85.912094
1956-11-21,0.0
1956-11-22,0.15013212
1956-11-23,6.9592247
1956-11-24,0.0
1956-11-25,0.0
1956-11-26,1.2357028
1956-11-27,17.446756
1956-11-28,1.3426845
1956-11-29,0.0
1956-11-30,0.0
1956-12-01,0.0
1956-12-02,0.0
1956-12-03,8.496141
1956-12-04,15.785176
1956-12-05,12.900389
1956-12-06,0.32101637
1956-12-07,0.0
1956-12-08,0.0
1956-12-09,0.0
1956-12-10,0.0
1956-12-11,0.0
1956-12-12,0.0
1956-12-13,0.0
1956-12-14,0.0
1956-12-15,0.0
1956-12-16,0.0
1956-12-17,0.0
1956-12-18,0.0
1956-12-19,0.0
1956-12-20,0.0
1956-12-21,0.0
1956-12-22,0.0
1956-12-23,0.0
1956-12-24,0.0
1956-12-25,3.278507
1956-12-26,16.315546
1956-12-27,14.724264
1956-12-28,0.7917712
1956-12-29,0.0
1956-12-30,0.0
1956-12-31,0.0
1957-01-01,0.0
1957-01-02,0.0
1957-01-03,3.4490533
1957-01-04,0.0
1957-01-05,0.0
1957-01-06,0.0
1957-01-07,0.0
1957-01-08,0.0
1957-01-09,0.0
1957-01-10,0.0
1957-01-11,0.0
1957-01-12,0.0
1957-01-13,0.0
1957-01-14,0.26561835
1957-01-15,0.0
1957-01-16,0.0
1957-01-17,0.0
1957-01-18,0.0
1957-01-19,0.0
1957-01-20,0.0
1957-01-21,0.0
1957-01-22,0.0
1957-01-23,0.0
1957-01-24,0.0
1957-01-25,0.0
1957-01-26,0.0
1957-01-27,0.0
1957-01-28,0.0
1957-01-29,0.0
1957-01-30,0.0
1957-01-31,0.0
1957-02-01,0.0
1957-02-02,2.552246
1957-02-03,5.539411
1957-02-04,0.0
1957-02-05,0.0
1957-02-06,0.0
1957-02-07,0.0
1957-02-08,0.0
1957-02-09,0.0
1957-02-10,0.0
1957-02-11,0.0
1957-02-12,0.0
1957-02-13,0.0
1957-02-14,0.0
1957-02-15,0.0
1957-02-16,0.0
1957-02-17,0.0
1957-02-18,0.0
1957-02-19,0.0
1957-02-20,0.0
1957-02-21,0.0
1957-02-22,0.0
1957-02-23,0.0
1957-02-24,0.0
1957-02-25,0.0
1957-02-26,0.0
1957-02-27,0.0
1957-02-28,0.0
1957-03-01,0.0
1957-03-02,0.0
1957-03-03,0.0
1957-03-04,0.0
1957-03-05,0.0
1957-03-06,0.0
1957-03-07,0.0
1957-03-08,0.0
1957-03-09,0.0
1957-03-10,0.0
1957-03-11,0.0
1957-03-12,0.0
1957-03-13,0.0
1957-03-14,0.0
1957-03-15,0.0
1957-03-16,0.0
1957-03-17,0.0
1957-03-18,0.0
1957-03-19,0.0
1957-03-20,0.0
1957-03-21,0.0
1957-03-22,0.0
1957-03-23,0.0
1957-03-24,0.0
1957-03-25,0.0
1957-03-26,0.0
1957-03-27,0.0
1957-03-28,0.0
1957-03-29,0.0
1957-03-30,0.0
1957-03-31,0.0
1957-04-01,0.0
1957-04-02,0.0
1957-04-03,0.0
1957-04-04,0.0
1957-04-05,0.0
1957-04-06,0.0
1957-04-07,0.0
1957-04-08,0.0
1957-04-09,0.0
1957-04-10,0.0
1957-04-11,0.0
1957-04-12,0.0
1957-04-13,0.0
1957-04-14,0.0
1957-04-15,0.0
1957-04-16,0.0
1957-04-17,0.0
1957-04-18,0.0
1957-04-19,0.0
1957-04-20,0.0
1957-04-21,0.0
1957-04-22,0.0
1957-04-23,0.0
1957-04-24,0.0
1957-04-25,0.0
1957-04-26,0.0
1957-04-27,0.0
1957-04-28,0.0
1957-04-29,0.0
1957-04-30,0.0
1957-05-01,0.0
1957-05-02,0.0
1957-05-03,0.0
1957-05-04,0.0
1957-05-05,0.0
1957-05-06,0.0
1957-05-07,0.0
1957-05-08,0.0
1957-05-09,0.0
1957-05-10,0.0
1957-05-11,0.0
1957-05-12,0.0
1957-05-13,0.0
1957-05-14,0.0
1957-05-15,0.0
1957-05-16,0.0
1957-05-17,0.0
1957-05-18,0.0
1957-05-19,0.0
1957-05-20,0.0
1957-05-21,0.0
1957-05-22,0.0
1957-05-23,0.0
1957-05-24,0.0
1957-05-25,0.0
1957-05-26,16.709131
1957-05-27,10.424943
1957-05-28,0.0
1957-05-29,0.0
1957-05-30,0.0
1957-05-31,0.47543165
1957-06-01,0.17322937
1957-06-02,0.0
1957-06-03,27.040089
1957-06-04,0.0
1957-06-05,0.7622092
1957-06-06,0.0
1957-06-07,0.4734936
1957-06-08,0.0
1957-06-09,0.4734936
1957-06-10,0.0
1957-06-11,0.0
1957-06-12,0.0
1957-06-13,0.32775974
1957-06-14,0.28871563
1957-06-15,1.5821615
1957-06-16,0.0
1957-06-17,0.34937024
1957-06-18,0.0
1957-06-19,0.13686669
1957-06-20,0.0
1957-06-21,0.0
1957-06-22,0.20787524
1957-06-23,0.0
1957-06-24,0.0
1957-06-25,0.0
1957-06-26,0.0
1957-06-27,0.20787524
1957-06-28,0.26561835
1957-06-29,0.0
1957-06-30,0.0
1957-07-01,0.0
1957-07-02,0.26561835
1957-07-03,5.4717207
1957-07-04,0.0
1957-07-05,0.0
1957-07-06,0.0
1957-07-07,0.0
1957-07-08,2.4285326
1957-07-09,0.8545982
1957-07-10,0.0
1957-07-11,6.5747724
1957-07-12,2.3435655
1957-07-13,0.0
1957-07-14,0.0
1957-07-15,0.0
1957-07-16,0.0
1957-07-17,1.5013212
1957-07-18,0.0
1957-07-19,0.0
1957-07-20,0.0
1957-07-21,0.0
1957-07-22,0.0
1957-07-23,2.0461326
1957-07-24,11.391166
1957-07-25,0.8599079
1957-07-26,0.0
1957-07-27,0.66982025
1957-07-28,11.321044
1957-07-29,4.453898
1957-07-30,0.0
1957-07-31,0.0
1957-08-01,1.5244184
1957-08-02,8.161143
1957-08-03,0.20787524
1957-08-04,0.0
1957-08-05,0.0
1957-08-06,0.19089302
1957-08-07,0.0
1957-08-08,0.0
1957-08-09,0.0
1957-08-10,0.0
1957-08-11,2.5175998
1957-08-12,0.35320207
1957-08-13,0.82480186
1957-08-14,0.0
1957-08-15,0.0
1957-08-16,0.0
1957-08-17,0.0
1957-08-18,0.54060835
1957-08-19,0.0
1957-08-20,0.0
1957-08-21,0.0
1957-08-22,0.0
1957-08-23,0.0
1957-08-24,0.0
1957-08-25,0.0
1957-08-26,0.0
1957-08-27,0.0
1957-08-28,0.0
1957-08-29,7.5072784
1957-08-30,0.34645873
1957-08-31,0.73911196
1957-09-01,0.0
1957-09-02,0.0
1957-09-03,0.0
1957-09-04,0.0
1957-09-05,0.0
1957-09-06,3.5961316
1957-09-07,15.421996
1957-09-08,0.2920873
1957-09-09,3.134514
1957-09-10,0.0
1957-09-11,0.0
1957-09-12,0.0
1957-09-13,0.0
1957-09-14,0.0
1957-09-15,0.0
1957-09-16,0.0
1957-09-17,0.0
1957-09-18,2.5740411
1957-09-19,0.17322937
1957-09-20,0.0
1957-09-21,0.0
1957-09-22,3.349101
1957-09-23,5.9174933
1957-09-24,0.0
1957-09-25,0.0
1957-09-26,0.0
1957-09-27,0.0
1957-09-28,0.0
1957-09-29,0.0
1957-09-30,0.0
1957-10-01,0.0
1957-10-02,15.385147
1957-10-03,12.027137
1957-10-04,7.445991
1957-10-05,1.5013212
1957-10-06,0.60865647
1957-10-07,0.0
1957-10-08,0.0
1957-10-09,1.9952661
1957-10-10,7.122477
1957-10-11,0.0
1957-10-12,0.0
1957-10-13,0.0
1957-10-14,0.0
1957-10-15,0.3233615
1957-10-16,0.0
1957-10-17,21.08622
1957-10-18,8.104729
1957-10-19,13.903757
1957-10-20,18.74945
1957-10-21,3.8649256
1957-10-22,0.6120771
1957-10-23,0.0
1957-10-24,0.11548624
1957-10-25,44.810776
1957-10-26,0.15013212
1957-10-27,22.10629
1957-10-28,41.7591
1957-10-29,13.090828
1957-10-30,0.11548624
1957-10-31,0.40339655
1957-11-01,0.0
1957-11-02,0.8199523
1957-11-03,9.49096
1957-11-04,11.276496
1957-11-05,10.980171
1957-11-06,20.090431
1957-11-07,29.189754
1957-11-08,5.10909
1957-11-09,0.0
1957-11-10,0.0
1957-11-11,30.442635
1957-11-12,15.696193
1957-11-13,26.969547
1957-11-14,4.977036
1957-11-15,4.370354
1957-11-16,0.0
1957-11-17,0.0
1957-11-18,0.0
1957-11-19,0.0
1957-11-20,0.0
1957-11-21,40.27473
1957-11-22,0.11548624
1957-11-23,0.0
1957-11-24,0.0
1957-11-25,70.449646
1957-11-26,0.646723
1957-11-27,2.062669
1957-11-28,3.5803814
1957-11-29,7.7339325
1957-11-30,0.0
1957-12-01,0.0
1957-12-02,21.900707
1957-12-03,31.000624
1957-12-04,33.595497
1957-12-05,0.0
1957-12-06,0.0
1957-12-07,0.0
1957-12-08,0.0
1957-12-09,0.0
1957-12-10,0.0
1957-12-11,0.0
1957-12-12,0.0
1957-12-13,0.0
1957-12-14,0.0
1957-12-15,0.0
1957-12-16,0.0
1957-12-17,0.0
1957-12-18,0.0
1957-12-19,28.527275
1957-12-20,35.020714
1957-12-21,28.62271
1957-12-22,0.0
1957-12-23,0.0
1957-12-24,0.0
1957-12-25,0.0
1957-12-26,10.542291
1957-12-27,2.9163418
1957-12-28,5.6899414
1957-12-29,14.71607
1957-12-30,22.824167
1957-12-31,0.0
1958-01-01,0.0
1958-01-02,1.82939
1958-01-03,1.047093
1958-01-04,0.0
1958-01-05,0.0
1958-01-06,0.0
1958-01-07,0.0
1958-01-08,0.0
1958-01-09,0.0
1958-01-10,0.0
1958-01-11,0.0
1958-01-12,0.0
1958-01-13,0.0
1958-01-14,0.0
1958-01-15,0.0
1958-01-16,0.0
1958-01-17,0.0
1958-01-18,0.0
1958-01-19,0.0
1958-01-20,0.0
1958-01-21,0.0
1958-01-22,0.0
1958-01-23,0.0
1958-01-24,0.0
1958-01-25,0.0
1958-01-26,0.11548624
1958-01-27,0.0
1958-01-28,0.0
1958-01-29,0.0
1958-01-30,0.0
1958-01-31,0.0
1958-02-01,0.0
1958-02-02,0.0
1958-02-03,0.0
1958-02-04,0.0
1958-02-05,0.0
1958-02-06,0.0
1958-02-07,0.0
1958-02-08,0.0
1958-02-09,0.0
1958-02-10,0.0
1958-02-11,0.0
1958-02-12,0.0
1958-02-13,0.0
1958-02-14,0.0
1958-02-15,0.0
1958-02-16,0.0
1958-02-17,0.0
1958-02-18,0.0
1958-02-19,0.0
1958-02-20,0.0
1958-02-21,0.0
1958-02-22,0.0
1958-02-23,0.0
1958-02-24,0.0
1958-02-25,0.0
1958-02-26,0.0
1958-02-27,0.0
1958-02-28,0.0
1958-03-01,0.0
1958-03-02,0.0
1958-03-03,0.0
1958-03-04,0.0
1958-03-05,0.0
1958-03-06,0.0
1958-03-07,0.0
1958-03-08,0.0
1958-03-09,0.0
1958-03-10,0.0
1958-03-11,0.0
1958-03-12,0.0
1958-03-13,0.0
1958-03-14,0.0
1958-03-15,0.0
1958-03-16,0.0
1958-03-17,0.0
1958-03-18,0.0
1958-03-19,0.0
1958-03-20,0.0
1958-03-21,0.0
1958-03-22,0.0
1958-03-23,0.0
1958-03-24,0.0
1958-03-25,0.0
1958-03-26,0.0
1958-03-27,0.0
1958-03-28,0.0
1958-03-29,0.0
1958-03-30,0.0
1958-03-31,0.0
1958-04-01,0.0
1958-04-02,0.0
1958-04-03,0.0
1958-04-04,0.0
1958-04-05,0.0
1958-04-06,0.0
1958-04-07,0.0
1958-04-08,0.0
1958-04-09,2.2317405
1958-04-10,0.0
1958-04-11,0.0
1958-04-12,0.0
1958-04-13,5.8180323
1958-04-14,0.35800734
1958-04-15,0.0
1958-04-16,0.0
1958-04-17,0.0
1958-04-18,0.0
1958-04-19,0.0
1958-04-20,0.0
1958-04-21,0.0
1958-04-22,0.0
1958-04-23,0.0
1958-04-24,0.0
1958-04-25,2.2626047
1958-04-26,0.0
1958-04-27,0.0
1958-04-28,0.0
1958-04-29,0.0
1958-04-30,0.0
1958-05-01,0.0
1958-05-02,0.0
1958-05-03,0.0
1958-05-04,0.0
1958-05-05,2.596696
1958-05-06,29.926699
1958-05-07,0.0
1958-05-08,0.0
1958-05-09,0.0
1958-05-10,0.0
1958-05-11,0.0
1958-05-12,0.0
1958-05-13,0.0
1958-05-14,25.801495
1958-05-15,10.935901
1958-05-16,0.0
1958-05-17,0.0
1958-05-18,3.109348
1958-05-19,0.0
1958-05-20,0.0
1958-05-21,0.0
1958-05-22,0.0
1958-05-23,0.0
1958-05-24,0.0
1958-05-25,0.0
1958-05-26,0.0
1958-05-27,0.0
1958-05-28,0.0
1958-05-29,0.0
1958-05-30,0.0
1958-05-31,0.0
1958-06-01,0.0
1958-06-02,0.0
1958-06-03,0.0
1958-06-04,0.0
1958-06-05,0.0
1958-06-06,0.0
1958-06-07,0.0
1958-06-08,0.0
1958-06-09,0.0
1958-06-10,0.0
1958-06-11,0.0
1958-06-12,0.0
1958-06-13,0.0
1958-06-14,0.0
1958-06-15,0.0
1958-06-16,0.0
1958-06-17,0.0
1958-06-18,0.0
1958-06-19,0.0
1958-06-20,0.0
1958-06-21,0.0
1958-06-22,0.0
1958-06-23,0.0
1958-06-24,0.0
1958-06-25,0.0
1958-06-26,0.0
1958-06-27,0.0
1958-06-28,0.0
1958-06-29,0.0
1958-06-30,0.0
1958-07-01,0.0
1958-07-02,0.0
1958-07-03,0.0
1958-07-04,0.0
1958-07-05,0.15013212
1958-07-06,0.0
1958-07-07,0.0
1958-07-08,0.0
1958-07-09,0.0
1958-07-10,0.0
1958-07-11,0.7025723
1958-07-12,2.4190133
1958-07-13,0.0
1958-07-14,0.0
1958-07-15,0.0
1958-07-16,0.9123413
1958-07-17,2.1945212
1958-07-18,0.0
1958-07-19,0.11548624
1958-07-20,0.0
1958-07-21,0.0
1958-07-22,0.0
1958-07-23,0.0
1958-07-24,0.0
1958-07-25,0.0
1958-07-26,0.0
1958-07-27,0.7131475
1958-07-28,4.8108616
1958-07-29,0.0
1958-07-30,0.15013212
1958-07-31,0.8199523
1958-08-01,0.0
1958-08-02,0.0
1958-08-03,0.554334
1958-08-04,1.7245266
1958-08-05,0.6122983
1958-08-06,0.0
1958-08-07,0.9040405
1958-08-08,3.6181245
1958-08-09,0.27373338
1958-08-10,34.41104
1958-08-11,1.8935978
1958-08-12,0.0
1958-08-13,0.0
1958-08-14,0.0
1958-08-15,6.491934
1958-08-16,0.0
1958-08-17,0.0
1958-08-18,0.0
1958-08-19,37.801006
1958-08-20,0.31581283
1958-08-21,20.259726
1958-08-22,1.5821615
1958-08-23,15.617206
1958-08-24,0.0
1958-08-25,18.539703
1958-08-26,1.2173129
1958-08-27,8.836557
1958-08-28,0.0
1958-08-29,0.0
1958-08-30,0.23097248
1958-08-31,0.0
1958-09-01,0.0
1958-09-02,0.0
1958-09-03,0.0
1958-09-04,0.0
1958-09-05,0.0
1958-09-06,0.0
1958-09-07,0.0
1958-09-08,0.0
1958-09-09,0.0
1958-09-10,0.0
1958-09-11,0.0
1958-09-12,0.0
1958-09-13,0.0
1958-09-14,0.0
1958-09-15,0.0
1958-09-16,0.0
1958-09-17,0.0
1958-09-18,0.0
1958-09-19,0.0
1958-09-20,0.0
1958-09-21,0.0
1958-09-22,0.0
1958-09-23,7.0178413
1958-09-24,0.0
1958-09-25,0.0
1958-09-26,1.0445089
1958-09-27,0.0
1958-09-28,0.0
1958-09-29,0.23097248
1958-09-30,16.629307
1958-10-01,0.0
1958-10-02,0.0
1958-10-03,0.0
1958-10-04,0.0
1958-10-05,0.0
1958-10-06,24.986654
1958-10-07,50.73358
1958-10-08,0.0
1958-10-09,0.11548624
1958-10-10,0.0
1958-10-11,0.8453562
1958-10-12,5.938834
1958-10-13,0.0
1958-10-14,0.0
1958-10-15,11.131511
1958-10-16,31.057678
1958-10-17,7.455003
1958-10-18,5.711156
1958-10-19,2.2008815
1958-10-20,0.0
1958-10-21,0.0
1958-10-22,0.0
1958-10-23,6.633923
1958-10-24,0.0
1958-10-25,0.0
1958-10-26,0.0
1958-10-27,0.9123413
1958-10-28,0.0
1958-10-29,3.5137136
1958-10-30,19.310575
1958-10-31,11.078296
1958-11-01,6.188007
1958-11-02,0.17322937
1958-11-03,3.9795523
1958-11-04,0.0
1958-11-05,0.0
1958-11-06,0.0
1958-11-07,0.0
1958-11-08,0.0
1958-11-09,0.0
1958-11-10,0.0
1958-11-11,0.0
1958-11-12,0.0
1958-11-13,0.0
1958-11-14,4.9994307
1958-11-15,0.0
1958-11-16,3.8786886
1958-11-17,0.0
1958-11-18,14.868025
1958-11-19,20.581423
1958-11-20,95.576996
1958-11-21,76.554756
1958-11-22,6.6947684
1958-11-23,0.0
1958-11-24,0.0
1958-11-25,0.0
1958-11-26,1.8477799
1958-11-27,0.28871563
1958-11-28,0.0
1958-11-29,2.9080255
1958-11-30,0.0
1958-12-01,0.0
1958-12-02,0.0
1958-12-03,0.0
1958-12-04,0.15013212
1958-12-05,6.169042
1958-12-06,0.0
1958-12-07,2.1302977
1958-12-08,5.3840714
1958-12-09,0.8199523
1958-12-10,0.0
1958-12-11,0.0
1958-12-12,0.0
1958-12-13,0.0
1958-12-14,19.512663
1958-12-15,4.3770156
1958-12-16,0.0
1958-12-17,3.1269941
1958-12-18,2.0282116
1958-12-19,0.58897984
1958-12-20,0.0
1958-12-21,0.20787524
1958-12-22,0.0
1958-12-23,0.0
1958-12-24,0.0
1958-12-25,0.0
1958-12-26,0.0
1958-12-27,0.0
1958-12-28,0.0
1958-12-29,0.0
1958-12-30,0.0
1958-12-31,0.0
1959-01-01,0.0
1959-01-02,0.0
1959-01-03,0.0
1959-01-04,0.0
1959-01-05,0.0
1959-01-06,0.0
1959-01-07,0.0
1959-01-08,0.0
1959-01-09,0.0
1959-01-10,0.0
1959-01-11,0.0
1959-01-12,0.0
1959-01-13,0.0
1959-01-14,0.0
1959-01-15,0.0
1959-01-16,1.9632661
1959-01-17,0.0
1959-01-18,0.0
1959-01-19,0.0
1959-01-20,0.0
1959-01-21,0.0
1959-01-22,0.0
1959-01-23,0.0
1959-01-24,0.0
1959-01-25,0.0
1959-01-26,0.0
1959-01-27,0.0
1959-01-28,0.0
1959-01-29,0.0
1959-01-30,0.0
1959-01-31,0.0
1959-02-01,0.0
1959-02-02,0.15013212
1959-02-03,18.31143
1959-02-04,1.6168073
1959-02-05,1.235402
1959-02-06,0.0
1959-02-07,0.0
1959-02-08,0.0
1959-02-09,0.0
1959-02-10,0.0
1959-02-11,0.0
1959-02-12,0.0
1959-02-13,0.0
1959-02-14,0.0
1959-02-15,0.0
1959-02-16,0.0
1959-02-17,0.0
1959-02-18,0.0
1959-02-19,0.0
1959-02-20,0.0
1959-02-21,0.0
1959-02-22,0.0
1959-02-23,0.0
1959-02-24,0.0
1959-02-25,0.0
1959-02-26,0.0
1959-02-27,0.0
1959-02-28,0.0
1959-03-01,0.0
1959-03-02,0.0
1959-03-03,0.0
1959-03-04,0.0
1959-03-05,0.0
1959-03-06,0.0
1959-03-07,0.0
1959-03-08,0.0
1959-03-09,0.0
1959-03-10,0.0
1959-03-11,0.0
1959-03-12,0.0
1959-03-13,0.0
1959-03-14,0.0
1959-03-15,0.0
1959-03-16,0.0
1959-03-17,0.0
1959-03-18,0.0
1959-03-19,0.0
1959-03-20,0.0
1959-03-21,0.0
1959-03-22,0.0
1959-03-23,0.0
1959-03-24,0.0
1959-03-25,0.0
1959-03-26,0.0
1959-03-27,0.0
1959-03-28,0.0
1959-03-29,0.0
1959-03-30,0.0
1959-03-31,0.0
1959-04-01,0.0
1959-04-02,0.0
1959-04-03,0.0
1959-04-04,0.0
1959-04-05,0.0
1959-04-06,0.0
1959-04-07,0.0
1959-04-08,0.0
1959-04-09,0.0
1959-04-10,0.0
1959-04-11,0.0
1959-04-12,0.0
1959-04-13,0.0
1959-04-14,0.0
1959-04-15,0.0
1959-04-16,0.0
1959-04-17,0.0
1959-04-18,0.0
1959-04-19,3.2152288
1959-04-20,1.8372735
1959-04-21,0.0
1959-04-22,0.0
1959-04-23,0.0
1959-04-24,0.0
1959-04-25,0.0
1959-04-26,0.0
1959-04-27,0.0
1959-04-28,0.0
1959-04-29,0.0
1959-04-30,0.0
1959-05-01,0.0
1959-05-02,0.0
1959-05-03,0.0
1959-05-04,0.0
1959-05-05,0.0
1959-05-06,0.0
1959-05-07,0.0
1959-05-08,0.0
1959-05-09,0.0
1959-05-10,0.0
1959-05-11,0.0
1959-05-12,0.0
1959-05-13,0.0
1959-05-14,0.0
1959-05-15,0.0
1959-05-16,0.0
1959-05-17,0.0
1959-05-18,0.0
1959-05-19,0.0
1959-05-20,0.0
1959-05-21,0.0
1959-05-22,0.0
1959-05-23,0.0
1959-05-24,0.0
1959-05-25,0.0
1959-05-26,0.0
1959-05-27,0.0
1959-05-28,0.0
1959-05-29,0.0
1959-05-30,6.798246
1959-05-31,25.093765
1959-06-01,0.0
1959-06-02,0.0
1959-06-03,0.0
1959-06-04,0.0
1959-06-05,0.0
1959-06-06,0.0
1959-06-07,0.0
1959-06-08,0.0
1959-06-09,0.0
1959-06-10,0.0
1959-06-11,0.0
1959-06-12,0.0
1959-06-13,0.0
1959-06-14,0.0
1959-06-15,0.0
1959-06-16,0.0
1959-06-17,0.0
1959-06-18,0.0
1959-06-19,0.0
1959-06-20,0.0
1959-06-21,0.20787524
1959-06-22,4.542148
1959-06-23,6.3570786
1959-06-24,0.0
1959-06-25,0.0
1959-06-26,0.0
1959-06-27,0.0
1959-06-28,0.0
1959-06-29,0.0
1959-06-30,0.0
1959-07-01,0.0
1959-07-02,0.0
1959-07-03,0.0
1959-07-04,0.0
1959-07-05,0.0
1959-07-06,0.0
1959-07-07,0.0
1959-07-08,0.0
1959-07-09,0.0
1959-07-10,0.0
1959-07-11,0.0
1959-07-12,0.0
1959-07-13,0.0
1959-07-14,0.0
1959-07-15,1.3742863
1959-07-16,6.5261493
1959-07-17,0.0
1959-07-18,0.0
1959-07-19,0.0
1959-07-20,0.0
1959-07-21,0.0
1959-07-22,0.0
1959-07-23,0.0
1959-07-24,0.0
1959-07-25,0.0
1959-07-26,0.0
1959-07-27,0.0
1959-07-28,0.0
1959-07-29,0.0
1959-07-30,0.0
1959-07-31,0.0
1959-08-01,0.0
1959-08-02,0.0
1959-08-03,0.0
1959-08-04,0.0
1959-08-05,0.0
1959-08-06,0.0
1959-08-07,0.0
1959-08-08,0.0
1959-08-09,4.5649233
1959-08-10,7.9921665
1959-08-11,0.3205562
1959-08-12,10.312978
1959-08-13,0.58897984
1959-08-14,1.6841673
1959-08-15,0.0
1959-08-16,0.0
1959-08-17,0.0
1959-08-18,0.0
1959-08-19,0.0
1959-08-20,0.0
1959-08-21,0.0
1959-08-22,26.366905
1959-08-23,0.10207075
1959-08-24,0.3025474
1959-08-25,4.699999
1959-08-26,3.685753
1959-08-27,0.0
1959-08-28,0.0
1959-08-29,0.0
1959-08-30,3.7235143
1959-08-31,0.0
1959-09-01,0.0
1959-09-02,14.178512
1959-09-03,0.0
1959-09-04,1.6027007
1959-09-05,9.122769
1959-09-06,0.0
1959-09-07,0.0
1959-09-08,0.0
1959-09-09,0.0
1959-09-10,0.0
1959-09-11,0.0
1959-09-12,0.0
1959-09-13,10.719117
1959-09-14,0.0
1959-09-15,0.5942896
1959-09-16,0.0
1959-09-17,0.0
1959-09-18,0.0
1959-09-19,0.0
1959-09-20,0.0
1959-09-21,0.0
1959-09-22,0.0
1959-09-23,0.0
1959-09-24,0.0
1959-09-25,15.727131
1959-09-26,0.0
1959-09-27,13.071486
1959-09-28,6.215447
1959-09-29,0.0
1959-09-30,0.5072137
1959-10-01,0.0
1959-10-02,0.0
1959-10-03,0.0
1959-10-04,0.0
1959-10-05,8.978428
1959-10-06,0.0
1959-10-07,2.1302977
1959-10-08,0.0
1959-10-09,0.0
1959-10-10,0.0
1959-10-11,0.0
1959-10-12,0.0
1959-10-13,0.0
1959-10-14,0.0
1959-10-15,0.0
1959-10-16,0.0
1959-10-17,0.0
1959-10-18,0.0
1959-10-19,10.034437
1959-10-20,1.969731
1959-10-21,2.552246
1959-10-22,10.131439
1959-10-23,42.608543
1959-10-24,7.48922
1959-10-25,6.4487233
1959-10-26,11.345331
1959-10-27,71.46376
1959-10-28,12.76338
1959-10-29,12.821945
1959-10-30,0.7622092
1959-10-31,0.0
1959-11-01,2.702378
1959-11-02,0.91484576
1959-11-03,0.0
1959-11-04,0.0
1959-11-05,34.53291
1959-11-06,41.62813
1959-11-07,9.598614
1959-11-08,17.071775
1959-11-09,0.46780565
1959-11-10,1.1158702
1959-11-11,1.5114982
1959-11-12,20.833681
1959-11-13,0.35724762
1959-11-14,0.0
1959-11-15,0.0
1959-11-16,0.0
1959-11-17,0.0
1959-11-18,0.0
1959-11-19,0.0
1959-11-20,0.0
1959-11-21,0.0
1959-11-22,0.0
1959-11-23,0.0
1959-11-24,0.0
1959-11-25,5.779873
1959-11-26,2.82277
1959-11-27,2.3771584
1959-11-28,81.81551
1959-11-29,46.110413
1959-11-30,0.0
1959-12-01,67.61555
1959-12-02,44.669415
1959-12-03,0.0
1959-12-04,0.0
1959-12-05,0.0
1959-12-06,0.0
1959-12-07,0.0
1959-12-08,0.0
1959-12-09,0.0
1959-12-10,20.782515
1959-12-11,17.209055
1959-12-12,0.0
1959-12-13,0.0
1959-12-14,0.0
1959-12-15,0.0
1959-12-16,0.0
1959-12-17,0.0
1959-12-18,0.0
1959-12-19,66.416435
1959-12-20,20.566996
1959-12-21,0.0
1959-12-22,0.0
1959-12-23,0.0
1959-12-24,0.0
1959-12-25,0.0
1959-12-26,0.0
1959-12-27,0.0
1959-12-28,0.0
1959-12-29,0.0
1959-12-30,0.0
1959-12-31,0.0
1960-01-01,0.0
1960-01-02,0.0
1960-01-03,0.0
1960-01-04,0.0
1960-01-05,0.0
1960-01-06,0.0
1960-01-07,0.0
1960-01-08,0.93543863
1960-01-09,0.0
1960-01-10,0.0
1960-01-11,0.0
1960-01-12,0.0
1960-01-13,0.0
1960-01-14,0.0
1960-01-15,0.0
1960-01-16,0.0
1960-01-17,0.0
1960-01-18,0.0
1960-01-19,0.0
1960-01-20,0.0
1960-01-21,15.680193
1960-01-22,9.32812
1960-01-23,0.15310614
1960-01-24,0.0
1960-01-25,0.0
1960-01-26,0.0
1960-01-27,0.0
1960-01-28,0.0
1960-01-29,0.0
1960-01-30,0.0
1960-01-31,0.0
1960-02-01,0.0
1960-02-02,0.0
1960-02-03,0.0
1960-02-04,0.0
1960-02-05,0.0
1960-02-06,0.0
1960-02-07,0.0
1960-02-08,0.0
1960-02-09,0.0
1960-02-10,0.0
1960-02-11,0.0
1960-02-12,0.0
1960-02-13,0.0
1960-02-14,0.0
1960-02-15,0.0
1960-02-16,0.0
1960-02-17,0.0
1960-02-18,0.0
1960-02-19,0.0
1960-02-20,0.23097248
1960-02-21,0.0
1960-02-22,0.0
1960-02-23,0.0
1960-02-24,0.0
1960-02-25,0.0
1960-02-26,0.0
1960-02-27,0.0
1960-02-28,0.0
1960-02-29,0.0
1960-03-01,0.0
1960-03-02,0.0
1960-03-03,0.0
1960-03-04,0.0
1960-03-05,0.0
1960-03-06,0.0
1960-03-07,0.0
1960-03-08,0.0
1960-03-09,0.0
1960-03-10,0.0
1960-03-11,0.0
1960-03-12,0.0
1960-03-13,0.0
1960-03-14,0.0
1960-03-15,0.0
1960-03-16,0.0
1960-03-17,0.0
1960-03-18,0.0
1960-03-19,0.0
1960-03-20,0.0
1960-03-21,0.0
1960-03-22,0.0
1960-03-23,0.0
1960-03-24,0.0
1960-03-25,0.0
1960-03-26,0.0
1960-03-27,0.0
1960-03-28,0.0
1960-03-29,0.0
1960-03-30,0.0
1960-03-31,0.0
1960-04-01,0.0
1960-04-02,0.1836895
1960-04-03,0.0
1960-04-04,0.0
1960-04-05,6.488892
1960-04-06,0.0
1960-04-07,0.0
1960-04-08,0.0
1960-04-09,0.0
1960-04-10,0.0
1960-04-11,0.0
1960-04-12,3.381425
1960-04-13,0.0
1960-04-14,0.0
1960-04-15,0.0
1960-04-16,0.0
1960-04-17,0.0
1960-04-18,0.0
1960-04-19,0.0
1960-04-20,0.0
1960-04-21,0.0
1960-04-22,0.0
1960-04-23,0.0
1960-04-24,0.0
1960-04-25,0.0
1960-04-26,0.0
1960-04-27,0.0
1960-04-28,0.0
1960-04-29,0.0
1960-04-30,0.0
1960-05-01,0.0
1960-05-02,0.0
1960-05-03,0.0
1960-05-04,0.0
1960-05-05,0.0
1960-05-06,0.0
1960-05-07,0.0
1960-05-08,0.0
1960-05-09,0.0
1960-05-10,0.0
1960-05-11,0.0
1960-05-12,0.0
1960-05-13,0.0
1960-05-14,0.0
1960-05-15,0.0
1960-05-16,0.0
1960-05-17,0.0
1960-05-18,0.0
1960-05-19,0.0
1960-05-20,0.0
1960-05-21,0.0
1960-05-22,0.0
1960-05-23,0.0
1960-05-24,0.0
1960-05-25,0.0
1960-05-26,0.0
1960-05-27,0.0
1960-05-28,0.0
1960-05-29,0.0
1960-05-30,0.0
1960-05-31,0.0
1960-06-01,0.0
1960-06-02,0.3530351
1960-06-03,0.0
1960-06-04,0.0
1960-06-05,0.0
1960-06-06,0.0
1960-06-07,0.0
1960-06-08,6.9987984
1960-06-09,0.90923643
1960-06-10,0.0
1960-06-11,0.0
1960-06-12,13.070561
1960-06-13,0.0
1960-06-14,0.0
1960-06-15,0.0
1960-06-16,2.0924504
1960-06-17,0.0
1960-06-18,0.0
1960-06-19,0.0
1960-06-20,0.0
1960-06-21,0.0
1960-06-22,11.333218
1960-06-23,0.0
1960-06-24,4.8692517
1960-06-25,0.0
1960-06-26,5.4341435
1960-06-27,4.293516
1960-06-28,0.0
1960-06-29,0.0
1960-06-30,2.9820926
1960-07-01,0.0
1960-07-02,0.0
1960-07-03,0.0
1960-07-04,0.0
1960-07-05,0.0
1960-07-06,59.353844
1960-07-07,5.3031607
1960-07-08,0.0
1960-07-09,6.056717
1960-07-10,0.0
1960-07-11,0.0
1960-07-12,0.0
1960-07-13,0.0
1960-07-14,1.6168073
1960-07-15,0.3426269
1960-07-16,0.0
1960-07-17,0.0
1960-07-18,0.67628497
1960-07-19,115.22546
1960-07-20,0.10084914
1960-07-21,0.1116544
1960-07-22,0.0
1960-07-23,0.0
1960-07-24,4.2305937
1960-07-25,0.0
1960-07-26,0.0
1960-07-27,0.0
1960-07-28,0.0
1960-07-29,0.0
1960-07-30,0.0
1960-07-31,0.0
1960-08-01,0.0
1960-08-02,0.0
1960-08-03,0.0
1960-08-04,0.0
1960-08-05,6.8901787
1960-08-06,1.0144274
1960-08-07,0.0
1960-08-08,0.0
1960-08-09,0.0
1960-08-10,0.0
1960-08-11,0.0
1960-08-12,0.0
1960-08-13,0.6122983
1960-08-14,2.0288548
1960-08-15,12.455633
1960-08-16,0.32101637
1960-08-17,0.0
1960-08-18,0.0
1960-08-19,0.0
1960-08-20,0.0
1960-08-21,0.0
1960-08-22,0.0
1960-08-23,21.114603
1960-08-24,0.0
1960-08-25,0.0
1960-08-26,0.0
1960-08-27,0.0
1960-08-28,0.0
1960-08-29,1.8628318
1960-08-30,12.428427
1960-08-31,0.0
1960-09-01,0.0
1960-09-02,0.0
1960-09-03,0.0
1960-09-04,0.0
1960-09-05,0.0
1960-09-06,0.0
1960-09-07,0.0
1960-09-08,0.0
1960-09-09,0.0
1960-09-10,0.0
1960-09-11,0.19632661
1960-09-12,0.0
1960-09-13,0.16168074
1960-09-14,6.866373
1960-09-15,2.470935
1960-09-16,0.0
1960-09-17,5.1651373
1960-09-18,2.6029732
1960-09-19,18.445202
1960-09-20,1.0393763
1960-09-21,15.75856
1960-09-22,0.217557
1960-09-23,38.65897
1960-09-24,0.19632661
1960-09-25,0.11548624
1960-09-26,0.0
1960-09-27,3.9620883
1960-09-28,0.8754566
1960-09-29,0.80342144
1960-09-30,0.10393762
1960-10-01,0.0
1960-10-02,2.1945212
1960-10-03,0.0
1960-10-04,0.0
1960-10-05,0.0
1960-10-06,0.0
1960-10-07,1.3525699
1960-10-08,0.0
1960-10-09,0.0
1960-10-10,0.0
1960-10-11,0.0
1960-10-12,0.0
1960-10-13,0.0
1960-10-14,0.0
1960-10-15,0.0
1960-10-16,0.0
1960-10-17,0.71449524
1960-10-18,0.0
1960-10-19,3.0661461
1960-10-20,4.097258
1960-10-21,10.163215
1960-10-22,31.272562
1960-10-23,4.124922
1960-10-24,58.131855
1960-10-25,0.45039636
1960-10-26,14.307937
1960-10-27,2.8123288
1960-10-28,1.3525699
1960-10-29,0.0
1960-10-30,0.0
1960-10-31,13.03967
1960-11-01,12.677078
1960-11-02,0.3030076
1960-11-03,13.3051815
1960-11-04,2.2590704
1960-11-05,48.469555
1960-11-06,12.292527
1960-11-07,43.508923
1960-11-08,82.79668
1960-11-09,138.74982
1960-11-10,72.80604
1960-11-11,106.1075
1960-11-12,79.23076
1960-11-13,33.335415
1960-11-14,140.5686
1960-11-15,26.479393
1960-11-16,115.93205
1960-11-17,51.623585
1960-11-18,24.382101
1960-11-19,0.11525617
1960-11-20,0.0
1960-11-21,1.4141887
1960-11-22,9.704591
1960-11-23,4.5256267
1960-11-24,0.0
1960-11-25,0.0
1960-11-26,0.0
1960-11-27,0.0
1960-11-28,0.0
1960-11-29,0.0
1960-11-30,0.0
1960-12-01,0.0
1960-12-02,0.0
1960-12-03,0.0
1960-12-04,0.0
1960-12-05,0.0
1960-12-06,0.0
1960-12-07,0.0
1960-12-08,2.9600518
1960-12-09,1.2893825
1960-12-10,18.044853
1960-12-11,0.0
1960-12-12,8.453562
1960-12-13,3.2305734
1960-12-14,0.0
1960-12-15,0.0
1960-12-16,0.0
1960-12-17,0.0
1960-12-18,0.0
1960-12-19,0.0
1960-12-20,0.0
1960-12-21,0.0
1960-12-22,0.0
1960-12-23,0.0
1960-12-24,0.0
1960-12-25,0.0
1960-12-26,0.0
1960-12-27,0.0
1960-12-28,0.0
1960-12-29,0.0
1960-12-30,0.67628497
1960-12-31,0.0
1961-01-01,0.0
1961-01-02,0.0
1961-01-03,0.0
1961-01-04,0.0
1961-01-05,3.0104415
1961-01-06,14.93729
1961-01-07,1.7564267
1961-01-08,0.0
1961-01-09,0.0
1961-01-10,2.051952
1961-01-11,53.058826
1961-01-12,17.68213
1961-01-13,0.0
1961-01-14,0.0
1961-01-15,0.0
1961-01-16,28.59971
1961-01-17,0.0
1961-01-18,0.0
1961-01-19,0.0
1961-01-20,0.0
1961-01-21,1.3641185
1961-01-22,0.0
1961-01-23,0.0
1961-01-24,0.0
1961-01-25,0.0
1961-01-26,0.0
1961-01-27,0.0
1961-01-28,0.0
1961-01-29,0.0
1961-01-30,0.0
1961-01-31,0.0
1961-02-01,0.0
1961-02-02,0.0
1961-02-03,0.0
1961-02-04,0.0
1961-02-05,0.0
1961-02-06,0.0
1961-02-07,0.0
1961-02-08,0.0
1961-02-09,0.0
1961-02-10,0.0
1961-02-11,0.0
1961-02-12,0.0
1961-02-13,0.0
1961-02-14,0.0
1961-02-15,0.0
1961-02-16,5.083686
1961-02-17,0.0
1961-02-18,0.0
1961-02-19,0.0
1961-02-20,0.0
1961-02-21,0.0
1961-02-22,0.0
1961-02-23,0.0
1961-02-24,0.0
1961-02-25,0.0
1961-02-26,0.0
1961-02-27,0.0
1961-02-28,0.0
1961-03-01,0.0
1961-03-02,0.0
1961-03-03,0.0
1961-03-04,0.0
1961-03-05,0.0
1961-03-06,0.0
1961-03-07,0.0
1961-03-08,0.0
1961-03-09,0.0
1961-03-10,0.0
1961-03-11,0.0
1961-03-12,0.0
1961-03-13,0.0
1961-03-14,0.0
1961-03-15,0.0
1961-03-16,0.0
1961-03-17,0.0
1961-03-18,0.0
1961-03-19,0.0
1961-03-20,0.0
1961-03-21,0.0
1961-03-22,0.0
1961-03-23,0.0
1961-03-24,0.0
1961-03-25,0.0
1961-03-26,0.0
1961-03-27,0.0
1961-03-28,0.0
1961-03-29,0.0
1961-03-30,0.0
1961-03-31,0.0
1961-04-01,0.0
1961-04-02,0.0
1961-04-03,0.0
1961-04-04,0.0
1961-04-05,0.0
1961-04-06,0.0
1961-04-07,0.0
1961-04-08,0.0
1961-04-09,0.0
1961-04-10,0.0
1961-04-11,0.0
1961-04-12,0.0
1961-04-13,0.0
1961-04-14,0.0
1961-04-15,0.0
1961-04-16,0.0
1961-04-17,0.0
1961-04-18,0.0
1961-04-19,0.0
1961-04-20,0.0
1961-04-21,0.0
1961-04-22,0.0
1961-04-23,0.0
1961-04-24,0.0
1961-04-25,0.0
1961-04-26,0.0
1961-04-27,0.0
1961-04-28,0.0
1961-04-29,0.0
1961-04-30,0.0
1961-05-01,0.0
1961-05-02,0.0
1961-05-03,0.0
1961-05-04,0.0
1961-05-05,0.0
1961-05-06,0.0
1961-05-07,0.0
1961-05-08,0.0
1961-05-09,26.565987
1961-05-10,0.0
1961-05-11,0.0
1961-05-12,0.0
1961-05-13,0.0
1961-05-14,0.0
1961-05-15,0.0
1961-05-16,0.0
1961-05-17,1.4540128
1961-05-18,2.9600518
1961-05-19,0.0
1961-05-20,0.0
1961-05-21,2.8726416
1961-05-22,0.0
1961-05-23,0.0
1961-05-24,0.0
1961-05-25,0.0
1961-05-26,0.0
1961-05-27,2.248035
1961-05-28,0.0
1961-05-29,8.089141
1961-05-30,0.0
1961-05-31,0.0
1961-06-01,0.0
1961-06-02,0.0
1961-06-03,0.0
1961-06-04,0.0
1961-06-05,0.0
1961-06-06,0.0
1961-06-07,1.3525699
1961-06-08,0.0
1961-06-09,0.4972133
1961-06-10,2.0288548
1961-06-11,0.0
1961-06-12,0.0
1961-06-13,2.5639658
1961-06-14,0.0
1961-06-15,0.0
1961-06-16,4.618834
1961-06-17,0.0
1961-06-18,2.7843168
1961-06-19,0.0
1961-06-20,0.0
1961-06-21,0.0
1961-06-22,0.0
1961-06-23,0.0
1961-06-24,0.0
1961-06-25,0.0
1961-06-26,8.216862
1961-06-27,0.0
1961-06-28,0.0
1961-06-29,1.1158702
1961-06-30,1.6907125
1961-07-01,1.4540128
1961-07-02,0.0
1961-07-03,0.0
1961-07-04,0.0
1961-07-05,0.0
1961-07-06,0.0
1961-07-07,0.0
1961-07-08,0.0
1961-07-09,0.0
1961-07-10,0.0
1961-07-11,0.0
1961-07-12,0.0
1961-07-13,9.135456
1961-07-14,0.0
1961-07-15,0.0
1961-07-16,0.0
1961-07-17,0.0
1961-07-18,0.0
1961-07-19,1.4800259
1961-07-20,0.0
1961-07-21,0.0
1961-07-22,0.0
1961-07-23,0.0
1961-07-24,0.0
1961-07-25,0.6276257
1961-07-26,19.120201
1961-07-27,38.020164
1961-07-28,26.33673
1961-07-29,0.0
1961-07-30,0.0
1961-07-31,0.0
1961-08-01,0.0
1961-08-02,19.519316
1961-08-03,0.0
1961-08-04,0.0
1961-08-05,0.0
1961-08-06,0.0
1961-08-07,21.300316
1961-08-08,0.36423743
1961-08-09,0.10144275
1961-08-10,8.275154
1961-08-11,0.0
1961-08-12,0.0
1961-08-13,0.0
1961-08-14,5.656667
1961-08-15,3.3172994
1961-08-16,0.0
1961-08-17,0.0
1961-08-18,0.0
1961-08-19,16.356468
1961-08-20,0.0
1961-08-21,0.0
1961-08-22,1.685326
1961-08-23,23.587465
1961-08-24,0.0
1961-08-25,5.132956
1961-08-26,1.3468853
1961-08-27,0.0
1961-08-28,0.0
1961-08-29,3.3196795
1961-08-30,8.088441
1961-08-31,6.607652
1961-09-01,39.092842
1961-09-02,3.2336147
1961-09-03,0.0
1961-09-04,0.0
1961-09-05,0.0
1961-09-06,0.34645873
1961-09-07,0.87769544
1961-09-08,1.8837178
1961-09-09,0.0
1961-09-10,0.0
1961-09-11,0.14046845
1961-09-12,0.72310776
1961-09-13,0.0
1961-09-14,0.0
1961-09-15,0.3853878
1961-09-16,4.9659085
1961-09-17,19.531918
1961-09-18,2.7436943
1961-09-19,0.26699004
1961-09-20,6.0073805
1961-09-21,53.788116
1961-09-22,0.0
1961-09-23,5.765924
1961-09-24,0.0
1961-09-25,1.1313096
1961-09-26,6.6818013
1961-09-27,0.0
1961-09-28,0.0
1961-09-29,0.0
1961-09-30,0.0
1961-10-01,1.6907125
1961-10-02,19.051764
1961-10-03,0.0
1961-10-04,0.0
1961-10-05,0.0
1961-10-06,17.21251
1961-10-07,0.12606142
1961-10-08,0.0
1961-10-09,1.6841673
1961-10-10,0.0
1961-10-11,0.0
1961-10-12,0.0
1961-10-13,0.0
1961-10-14,0.0
1961-10-15,0.0
1961-10-16,0.0
1961-10-17,16.957912
1961-10-18,0.0
1961-10-19,0.0
1961-10-20,0.0
1961-10-21,0.0
1961-10-22,0.0
1961-10-23,0.352972
1961-10-24,28.100954
1961-10-25,3.2306736
1961-10-26,4.7270565
1961-10-27,0.34645873
1961-10-28,0.0
1961-10-29,0.0
1961-10-30,0.9733942
1961-10-31,2.0287592
1961-11-01,1.0482416
1961-11-02,8.403557
1961-11-03,48.678585
1961-11-04,0.59904176
1961-11-05,27.662363
1961-11-06,0.5081395
1961-11-07,0.0
1961-11-08,1.0144274
1961-11-09,0.86139965
1961-11-10,8.992766
1961-11-11,1.7600042
1961-11-12,6.3426437
1961-11-13,43.284286
1961-11-14,2.8530483
1961-11-15,64.32232
1961-11-16,20.92811
1961-11-17,0.0
1961-11-18,0.0
1961-11-19,0.0
1961-11-20,0.0
1961-11-21,0.0
1961-11-22,0.0
1961-11-23,0.0
1961-11-24,0.0
1961-11-25,0.0
1961-11-26,0.0
1961-11-27,0.0
1961-11-28,0.0
1961-11-29,0.0
1961-11-30,12.896183
1961-12-01,37.535328
1961-12-02,0.0
1961-12-03,0.30026424
1961-12-04,54.010372
1961-12-05,57.925472
1961-12-06,0.0
1961-12-07,0.0
1961-12-08,0.0
1961-12-09,0.0
1961-12-10,1.7091964
1961-12-11,51.30659
1961-12-12,17.801998
1961-12-13,16.828222
1961-12-14,7.839249
1961-12-15,0.0
1961-12-16,0.0
1961-12-17,0.0
1961-12-18,0.0
1961-12-19,0.0
1961-12-20,0.0
1961-12-21,0.0
1961-12-22,0.0
1961-12-23,0.0
1961-12-24,0.0
1961-12-25,0.0
1961-12-26,0.0
1961-12-27,0.0
1961-12-28,0.0
1961-12-29,0.0
1961-12-30,0.0
1961-12-31,0.0
1962-01-01,0.0
1962-01-02,0.0
1962-01-03,0.0
1962-01-04,0.0
1962-01-05,0.0
1962-01-06,0.0
1962-01-07,0.0
1962-01-08,0.0
1962-01-09,0.0
1962-01-10,0.0
1962-01-11,0.0
1962-01-12,0.0
1962-01-13,0.0
1962-01-14,0.0
1962-01-15,0.0
1962-01-16,0.0
1962-01-17,0.0
1962-01-18,0.0
1962-01-19,0.0
1962-01-20,0.0
1962-01-21,0.0
1962-01-22,0.0
1962-01-23,0.0
1962-01-24,0.0
1962-01-25,4.159152
1962-01-26,0.0
1962-01-27,0.0
1962-01-28,0.0
1962-01-29,0.0
1962-01-30,0.20288548
1962-01-31,0.0
1962-02-01,0.0
1962-02-02,0.0
1962-02-03,0.0
1962-02-04,1.0706956
1962-02-05,0.0
1962-02-06,0.0
1962-02-07,0.0
1962-02-08,0.0
1962-02-09,0.0
1962-02-10,0.0
1962-02-11,0.0
1962-02-12,0.0
1962-02-13,0.0
1962-02-14,0.0
1962-02-15,0.0
1962-02-16,0.0
1962-02-17,0.0
1962-02-18,0.7439134
1962-02-19,0.0
1962-02-20,1.6841675
1962-02-21,0.0
1962-02-22,1.1548625
1962-02-23,0.0
1962-02-24,0.0
1962-02-25,0.0
1962-02-26,0.0
1962-02-27,0.0
1962-02-28,0.0
1962-03-01,0.0
1962-03-02,0.0
1962-03-03,0.0
1962-03-04,0.0
1962-03-05,0.0
1962-03-06,0.0
1962-03-07,0.0
1962-03-08,0.0
1962-03-09,0.0
1962-03-10,0.0
1962-03-11,0.0
1962-03-12,0.0
1962-03-13,0.0
1962-03-14,0.0
1962-03-15,0.0
1962-03-16,0.0
1962-03-17,0.0
1962-03-18,0.0
1962-03-19,0.0
1962-03-20,0.0
1962-03-21,0.0
1962-03-22,26.362022
1962-03-23,0.0
1962-03-24,0.0
1962-03-25,0.0
1962-03-26,0.0
1962-03-27,0.0
1962-03-28,0.0
1962-03-29,0.0
1962-03-30,0.0
1962-03-31,0.0
1962-04-01,0.0
1962-04-02,0.0
1962-04-03,0.0
1962-04-04,19.882776
1962-04-05,3.2799819
1962-04-06,0.0
1962-04-07,0.0
1962-04-08,0.0
1962-04-09,3.8210099
1962-04-10,0.0
1962-04-11,0.0
1962-04-12,1.6907122
1962-04-13,0.0
1962-04-14,2.7051396
1962-04-15,0.32415795
1962-04-16,13.593327
1962-04-17,6.8642917
1962-04-18,2.2057874
1962-04-19,1.521641
1962-04-20,0.0
1962-04-21,0.0
1962-04-22,0.0
1962-04-23,0.0
1962-04-24,0.0
1962-04-25,0.0
1962-04-26,0.0
1962-04-27,11.091072
1962-04-28,0.0
1962-04-29,0.0
1962-04-30,0.0
1962-05-01,0.0
1962-05-02,1.0207076
1962-05-03,0.0
1962-05-04,0.0
1962-05-05,0.0
1962-05-06,0.0
1962-05-07,7.8110905
1962-05-08,0.0
1962-05-09,6.086564
1962-05-10,13.525698
1962-05-11,28.848122
1962-05-12,0.0
1962-05-13,3.035154
1962-05-14,0.0
1962-05-15,0.0
1962-05-16,21.009563
1962-05-17,47.617847
1962-05-18,16.509878
1962-05-19,3.9562666
1962-05-20,0.0
1962-05-21,20.10794
1962-05-22,14.889046
1962-05-23,0.0
1962-05-24,0.3719567
1962-05-25,0.0
1962-05-26,0.0
1962-05-27,1.7669396
1962-05-28,0.0
1962-05-29,2.6538396
1962-05-30,0.0
1962-05-31,4.0828304
1962-06-01,0.0
1962-06-02,2.921245
1962-06-03,0.0
1962-06-04,0.0
1962-06-05,1.4201982
1962-06-06,1.0820559
1962-06-07,1.3525698
1962-06-08,0.6762849
1962-06-09,1.3525698
1962-06-10,0.0
1962-06-11,0.0
1962-06-12,1.3525698
1962-06-13,0.0
1962-06-14,0.8545982
1962-06-15,4.593184
1962-06-16,0.0
1962-06-17,6.1242456
1962-06-18,0.0
1962-06-19,0.0
1962-06-20,0.0
1962-06-21,0.0
1962-06-22,0.0
1962-06-23,0.0
1962-06-24,10.207075
1962-06-25,0.6005285
1962-06-26,1.4878268
1962-06-27,0.0
1962-06-28,0.0
1962-06-29,0.0
1962-06-30,0.0
1962-07-01,0.0
1962-07-02,3.710737
1962-07-03,12.308386
1962-07-04,2.9756536
1962-07-05,3.1447248
1962-07-06,3.8210099
1962-07-07,4.9030657
1962-07-08,4.5987377
1962-07-09,4.666366
1962-07-10,4.970694
1962-07-11,11.091072
1962-07-12,7.270063
1962-07-13,2.062669
1962-07-14,2.1302974
1962-07-15,1.521641
1962-07-16,1.1738137
1962-07-17,0.6086564
1962-07-18,0.0
1962-07-19,0.0
1962-07-20,3.3442814
1962-07-21,0.0
1962-07-22,0.0
1962-07-23,1.0144274
1962-07-24,0.0
1962-07-25,0.0
1962-07-26,2.2993689
1962-07-27,0.0
1962-07-28,0.0
1962-07-29,1.1000133
1962-07-30,34.35268
1962-07-31,0.5658826
1962-08-01,0.0
1962-08-02,0.0
1962-08-03,0.44301587
1962-08-04,0.0
1962-08-05,0.0
1962-08-06,6.1203785
1962-08-07,3.8210099
1962-08-08,3.1225207
1962-08-09,7.5231953
1962-08-10,0.0
1962-08-11,0.0
1962-08-12,1.735203
1962-08-13,1.521641
1962-08-14,0.0
1962-08-15,0.0
1962-08-16,0.57743126
1962-08-17,2.6460254
1962-08-18,0.12245968
1962-08-19,2.0842881
1962-08-20,0.69268745
1962-08-21,55.29575
1962-08-22,0.0
1962-08-23,0.0
1962-08-24,0.0
1962-08-25,5.822182
1962-08-26,0.7777276
1962-08-27,9.335336
1962-08-28,2.0232055
1962-08-29,74.818565
1962-08-30,7.6042714
1962-08-31,1.521641
1962-09-01,0.0
1962-09-02,1.7935236
1962-09-03,0.1836895
1962-09-04,0.0
1962-09-05,0.0
1962-09-06,0.0
1962-09-07,9.084297
1962-09-08,0.0
1962-09-09,0.0
1962-09-10,1.7779593
1962-09-11,0.0
1962-09-12,0.0
1962-09-13,23.350227
1962-09-14,0.5306452
1962-09-15,8.707327
1962-09-16,13.340521
1962-09-17,0.0
1962-09-18,0.0
1962-09-19,0.0
1962-09-20,0.0
1962-09-21,0.0
1962-09-22,0.0
1962-09-23,4.5421486
1962-09-24,1.4201982
1962-09-25,2.0924506
1962-09-26,12.3859625
1962-09-27,0.27051398
1962-09-28,3.0900416
1962-09-29,0.0
1962-09-30,10.592857
1962-10-01,8.267732
1962-10-02,19.473883
1962-10-03,7.497631
1962-10-04,10.651487
1962-10-05,1.9950404
1962-10-06,6.103165
1962-10-07,0.0
1962-10-08,9.451801
1962-10-09,13.701939
1962-10-10,20.239756
1962-10-11,16.98709
1962-10-12,7.912718
1962-10-13,2.466937
1962-10-14,10.498563
1962-10-15,13.585854
1962-10-16,16.603788
1962-10-17,15.494061
1962-10-18,53.35668
1962-10-19,16.806866
1962-10-20,18.783241
1962-10-21,8.988164
1962-10-22,6.431617
1962-10-23,3.4732928
1962-10-24,0.33814245
1962-10-25,2.8172166
1962-10-26,0.0
1962-10-27,4.761557
1962-10-28,3.8210099
1962-10-29,4.1846056
1962-10-30,0.8788282
1962-10-31,0.0
1962-11-01,0.0
1962-11-02,0.0
1962-11-03,0.48504218
1962-11-04,13.27811
1962-11-05,0.72035104
1962-11-06,0.0
1962-11-07,4.965779
1962-11-08,0.54278535
1962-11-09,0.31181288
1962-11-10,0.0
1962-11-11,0.0
1962-11-12,0.0
1962-11-13,0.0
1962-11-14,0.0
1962-11-15,0.0
1962-11-16,0.0
1962-11-17,0.0
1962-11-18,0.0
1962-11-19,0.0
1962-11-20,0.0
1962-11-21,0.0
1962-11-22,0.0
1962-11-23,6.255228
1962-11-24,12.494182
1962-11-25,35.98886
1962-11-26,14.354614
1962-11-27,0.0
1962-11-28,0.0
1962-11-29,0.0
1962-11-30,0.0
1962-12-01,7.992444
1962-12-02,18.29378
1962-12-03,11.351711
1962-12-04,1.0144274
1962-12-05,0.0
1962-12-06,0.0
1962-12-07,0.0
1962-12-08,1.0144274
1962-12-09,0.0
1962-12-10,0.0
1962-12-11,0.0
1962-12-12,0.0
1962-12-13,0.0
1962-12-14,0.0
1962-12-15,0.0
1962-12-16,0.0
1962-12-17,0.0
1962-12-18,0.0
1962-12-19,0.0
1962-12-20,0.0
1962-12-21,0.0
1962-12-22,0.0
1962-12-23,0.0
1962-12-24,0.0
1962-12-25,0.0
1962-12-26,15.873302
1962-12-27,11.260051
1962-12-28,7.3115473
1962-12-29,0.0
1962-12-30,0.0
1962-12-31,0.0
1963-01-01,0.0
1963-01-02,0.0
1963-01-03,0.0
1963-01-04,0.0
1963-01-05,0.0
1963-01-06,0.0
1963-01-07,3.514746
1963-01-08,19.912336
1963-01-09,78.274956
1963-01-10,18.68857
1963-01-11,1.4673702
1963-01-12,29.72785
1963-01-13,4.7462897
1963-01-14,1.0717429
1963-01-15,0.67628497
1963-01-16,0.0
1963-01-17,0.0
1963-01-18,0.0
1963-01-19,0.0
1963-01-20,0.0
1963-01-21,0.0
1963-01-22,0.0
1963-01-23,0.0
1963-01-24,0.0
1963-01-25,0.67628497
1963-01-26,0.0
1963-01-27,0.0
1963-01-28,0.0
1963-01-29,0.0
1963-01-30,0.0
1963-01-31,0.0
1963-02-01,0.0
1963-02-02,0.0
1963-02-03,0.0
1963-02-04,0.0
1963-02-05,0.0
1963-02-06,0.0
1963-02-07,0.0
1963-02-08,0.0
1963-02-09,0.0
1963-02-10,0.0
1963-02-11,0.0
1963-02-12,0.0
1963-02-13,0.0
1963-02-14,0.0
1963-02-15,0.0
1963-02-16,0.0
1963-02-17,0.0
1963-02-18,0.0
1963-02-19,0.0
1963-02-20,0.0
1963-02-21,0.0
1963-02-22,0.0
1963-02-23,0.0
1963-02-24,0.0
1963-02-25,0.0
1963-02-26,0.0
1963-02-27,0.0
1963-02-28,0.0
1963-03-01,0.0
1963-03-02,0.0
1963-03-03,5.600323
1963-03-04,0.45931837
1963-03-05,0.0
1963-03-06,0.0
1963-03-07,0.0
1963-03-08,0.0
1963-03-09,0.0
1963-03-10,0.0
1963-03-11,0.0
1963-03-12,0.0
1963-03-13,0.0
1963-03-14,0.0
1963-03-15,0.0
1963-03-16,0.0
1963-03-17,0.0
1963-03-18,0.0
1963-03-19,0.0
1963-03-20,0.0
1963-03-21,0.0
1963-03-22,0.0
1963-03-23,0.0
1963-03-24,0.0
1963-03-25,16.121012
1963-03-26,14.61637
1963-03-27,0.0
1963-03-28,0.0
1963-03-29,0.0
1963-03-30,0.0
1963-03-31,0.0
1963-04-01,0.0
1963-04-02,0.0
1963-04-03,0.0
1963-04-04,0.0
1963-04-05,0.0
1963-04-06,0.0
1963-04-07,0.0
1963-04-08,0.0
1963-04-09,0.0
1963-04-10,0.0
1963-04-11,0.0
1963-04-12,0.0
1963-04-13,0.14407021
1963-04-14,0.0
1963-04-15,0.10805265
1963-04-16,0.0
1963-04-17,0.0
1963-04-18,0.0
1963-04-19,0.0
1963-04-20,0.0
1963-04-21,0.0
1963-04-22,0.0
1963-04-23,0.0
1963-04-24,0.0
1963-04-25,0.0
1963-04-26,0.0
1963-04-27,0.0
1963-04-28,0.0
1963-04-29,0.0
1963-04-30,0.0
1963-05-01,0.0
1963-05-02,0.0
1963-05-03,0.0
1963-05-04,0.0
1963-05-05,0.0
1963-05-06,0.0
1963-05-07,0.0
1963-05-08,0.0
1963-05-09,0.0
1963-05-10,22.150414
1963-05-11,1.4767196
1963-05-12,0.0
1963-05-13,0.0
1963-05-14,0.0
1963-05-15,0.0
1963-05-16,0.0
1963-05-17,0.0
1963-05-18,0.0
1963-05-19,0.0
1963-05-20,0.0
1963-05-21,0.0
1963-05-22,0.0
1963-05-23,0.0
1963-05-24,0.0
1963-05-25,0.0
1963-05-26,0.0
1963-05-27,0.0
1963-05-28,4.733995
1963-05-29,0.0
1963-05-30,0.0
1963-05-31,0.0
1963-06-01,0.0
1963-06-02,0.0
1963-06-03,0.0
1963-06-04,0.0
1963-06-05,0.0
1963-06-06,0.0
1963-06-07,0.0
1963-06-08,0.0
1963-06-09,0.0
1963-06-10,0.0
1963-06-11,0.0
1963-06-12,0.0
1963-06-13,8.564326
1963-06-14,0.0
1963-06-15,0.0
1963-06-16,0.0
1963-06-17,0.0
1963-06-18,0.0
1963-06-19,0.0
1963-06-20,0.0
1963-06-21,0.0
1963-06-22,0.0
1963-06-23,0.0
1963-06-24,0.0
1963-06-25,0.0
1963-06-26,0.0
1963-06-27,0.0
1963-06-28,0.0
1963-06-29,4.46009
1963-06-30,8.982225
1963-07-01,0.0
1963-07-02,0.0
1963-07-03,0.0
1963-07-04,0.0
1963-07-05,0.0
1963-07-06,0.0
1963-07-07,0.0
1963-07-08,0.0
1963-07-09,0.0
1963-07-10,0.0
1963-07-11,0.0
1963-07-12,0.0
1963-07-13,0.2161053
1963-07-14,0.14407021
1963-07-15,18.40524
1963-07-16,0.33814248
1963-07-17,35.11717
1963-07-18,6.226317
1963-07-19,1.9154083
1963-07-20,0.0
1963-07-21,0.23097248
1963-07-22,0.0
1963-07-23,0.0
1963-07-24,0.0
1963-07-25,22.232506
1963-07-26,0.0
1963-07-27,0.0
1963-07-28,4.655788
1963-07-29,1.3525699
1963-07-30,0.0
1963-07-31,0.0
1963-08-01,0.0
1963-08-02,0.0
1963-08-03,1.487921
1963-08-04,22.226799
1963-08-05,7.4240565
1963-08-06,0.816566
1963-08-07,0.0
1963-08-08,0.0
1963-08-09,0.0
1963-08-10,0.0
1963-08-11,0.0
1963-08-12,1.3525699
1963-08-13,0.0
1963-08-14,5.0316014
1963-08-15,1.3525699
1963-08-16,0.96500057
1963-08-17,1.4540128
1963-08-18,2.9000144
1963-08-19,0.0
1963-08-20,0.0
1963-08-21,5.472831
1963-08-22,2.0257797
1963-08-23,0.5748422
1963-08-24,2.702378
1963-08-25,1.3165431
1963-08-26,12.263123
1963-08-27,11.176485
1963-08-28,0.8600849
1963-08-29,0.0
1963-08-30,7.8378177
1963-08-31,21.92168
1963-09-01,10.183283
1963-09-02,0.0
1963-09-03,0.66345984
1963-09-04,0.0
1963-09-05,5.253387
1963-09-06,0.0
1963-09-07,1.5475156
1963-09-08,24.803953
1963-09-09,0.0
1963-09-10,0.0
1963-09-11,0.0
1963-09-12,1.4320294
1963-09-13,0.0
1963-09-14,0.0
1963-09-15,0.0
1963-09-16,0.0
1963-09-17,0.14407021
1963-09-18,0.0
1963-09-19,18.320198
1963-09-20,0.0
1963-09-21,0.0
1963-09-22,0.0
1963-09-23,0.0
1963-09-24,0.5402633
1963-09-25,0.58348435
1963-09-26,18.791403
1963-09-27,17.873114
1963-09-28,50.562973
1963-09-29,6.2391076
1963-09-30,0.5042457
1963-10-01,6.2757616
1963-10-02,0.0
1963-10-03,0.0
1963-10-04,0.0
1963-10-05,1.8259695
1963-10-06,16.535461
1963-10-07,0.0
1963-10-08,4.977665
1963-10-09,2.1514695
1963-10-10,0.6483159
1963-10-11,29.057856
1963-10-12,3.7055826
1963-10-13,5.9734187
1963-10-14,0.0
1963-10-15,0.36955598
1963-10-16,0.62911236
1963-10-17,0.0
1963-10-18,10.0029335
1963-10-19,0.0
1963-10-20,17.313097
1963-10-21,86.2987
1963-10-22,39.34298
1963-10-23,9.270366
1963-10-24,0.0
1963-10-25,0.0
1963-10-26,0.0
1963-10-27,0.0
1963-10-28,0.0
1963-10-29,0.0
1963-10-30,0.0
1963-10-31,3.5250921
1963-11-01,0.0
1963-11-02,4.318587
1963-11-03,13.835227
1963-11-04,61.769367
1963-11-05,24.351404
1963-11-06,0.0
1963-11-07,0.0
1963-11-08,0.0
1963-11-09,0.0
1963-11-10,0.0
1963-11-11,9.061046
1963-11-12,0.0
1963-11-13,33.704018
1963-11-14,19.24052
1963-11-15,2.3986626
1963-11-16,60.19937
1963-11-17,100.613686
1963-11-18,32.370586
1963-11-19,48.26986
1963-11-20,19.45652
1963-11-21,54.37151
1963-11-22,33.21025
1963-11-23,0.0
1963-11-24,0.0
1963-11-25,0.0
1963-11-26,0.0
1963-11-27,0.0
1963-11-28,0.0
1963-11-29,43.70892
1963-11-30,85.76441
1963-12-01,12.181542
1963-12-02,3.5636842
1963-12-03,126.73031
1963-12-04,86.53761
1963-12-05,68.56102
1963-12-06,0.0
1963-12-07,8.805826
1963-12-08,2.744706
1963-12-09,38.591106
1963-12-10,4.2869716
1963-12-11,0.0
1963-12-12,0.0
1963-12-13,0.0
1963-12-14,0.0
1963-12-15,0.0
1963-12-16,0.0
1963-12-17,0.0
1963-12-18,0.0
1963-12-19,0.0
1963-12-20,0.0
1963-12-21,5.921008
1963-12-22,5.820312
1963-12-23,0.0
1963-12-24,0.0
1963-12-25,9.06911
1963-12-26,0.0
1963-12-27,0.0
1963-12-28,0.0
1963-12-29,0.0
1963-12-30,0.0
1963-12-31,0.0
1964-01-01,0.0
1964-01-02,0.0
1964-01-03,0.0
1964-01-04,0.0
1964-01-05,0.0
1964-01-06,0.0
1964-01-07,0.0
1964-01-08,0.0
1964-01-09,0.0
1964-01-10,0.0
1964-01-11,0.0
1964-01-12,0.0
1964-01-13,0.0
1964-01-14,0.0
1964-01-15,0.0
1964-01-16,0.0
1964-01-17,0.0
1964-01-18,0.0
1964-01-19,0.0
1964-01-20,0.0
1964-01-21,0.0
1964-01-22,0.0
1964-01-23,0.0
1964-01-24,0.0
1964-01-25,0.0
1964-01-26,0.0
1964-01-27,0.0
1964-01-28,0.0
1964-01-29,0.0
1964-01-30,0.0
1964-01-31,0.0
1964-02-01,0.0
1964-02-02,0.0
1964-02-03,0.0
1964-02-04,0.0
1964-02-05,0.0
1964-02-06,0.0
1964-02-07,0.0
1964-02-08,0.0
1964-02-09,0.0
1964-02-10,0.0
1964-02-11,0.0
1964-02-12,0.0
1964-02-13,0.0
1964-02-14,0.0
1964-02-15,0.0
1964-02-16,0.0
1964-02-17,0.0
1964-02-18,0.0
1964-02-19,0.0
1964-02-20,0.0
1964-02-21,0.0
1964-02-22,0.0
1964-02-23,0.0
1964-02-24,0.0
1964-02-25,0.0
1964-02-26,0.0
1964-02-27,0.0
1964-02-28,0.0
1964-02-29,0.0
1964-03-01,0.0
1964-03-02,0.0
1964-03-03,0.0
1964-03-04,0.0
1964-03-05,0.0
1964-03-06,0.0
1964-03-07,0.0
1964-03-08,0.0
1964-03-09,0.0
1964-03-10,0.0
1964-03-11,0.0
1964-03-12,0.0
1964-03-13,0.0
1964-03-14,0.0
1964-03-15,0.0
1964-03-16,0.0
1964-03-17,0.0
1964-03-18,0.0
1964-03-19,0.0
1964-03-20,0.0
1964-03-21,2.1133983
1964-03-22,1.3562119
1964-03-23,0.0
1964-03-24,0.0
1964-03-25,0.0
1964-03-26,0.0
1964-03-27,0.0
1964-03-28,0.0
1964-03-29,0.0
1964-03-30,0.0
1964-03-31,0.0
1964-04-01,0.0
1964-04-02,0.0
1964-04-03,0.0
1964-04-04,0.0
1964-04-05,0.0
1964-04-06,0.0
1964-04-07,0.0
1964-04-08,0.0
1964-04-09,0.0
1964-04-10,0.0
1964-04-11,0.0
1964-04-12,0.0
1964-04-13,0.0
1964-04-14,0.0
1964-04-15,0.0
1964-04-16,0.0
1964-04-17,0.0
1964-04-18,0.0
1964-04-19,0.0
1964-04-20,0.0
1964-04-21,0.0
1964-04-22,0.0
1964-04-23,0.0
1964-04-24,0.0
1964-04-25,0.0
1964-04-26,0.0
1964-04-27,0.0
1964-04-28,0.0
1964-04-29,0.0
1964-04-30,0.0
1964-05-01,0.0
1964-05-02,0.0
1964-05-03,0.0
1964-05-04,0.0
1964-05-05,0.0
1964-05-06,0.0
1964-05-07,0.0
1964-05-08,0.0
1964-05-09,0.0
1964-05-10,0.0
1964-05-11,0.0
1964-05-12,0.0
1964-05-13,0.0
1964-05-14,0.0
1964-05-15,0.0
1964-05-16,0.0
1964-05-17,0.0
1964-05-18,0.0
1964-05-19,0.0
1964-05-20,0.0
1964-05-21,0.0
1964-05-22,0.0
1964-05-23,0.0
1964-05-24,6.3892555
1964-05-25,0.0
1964-05-26,0.0
1964-05-27,0.0
1964-05-28,0.0
1964-05-29,0.0
1964-05-30,0.0
1964-05-31,1.4320294
1964-06-01,0.0
1964-06-02,0.0
1964-06-03,0.0
1964-06-04,0.0
1964-06-05,0.0
1964-06-06,0.0
1964-06-07,0.0
1964-06-08,0.0
1964-06-09,0.0
1964-06-10,0.0
1964-06-11,0.0
1964-06-12,0.0
1964-06-13,0.0
1964-06-14,1.4204808
1964-06-15,0.57628083
1964-06-16,0.0
1964-06-17,0.0
1964-06-18,0.0
1964-06-19,0.0
1964-06-20,0.0
1964-06-21,0.0
1964-06-22,0.0
1964-06-23,0.0
1964-06-24,0.0
1964-06-25,0.0
1964-06-26,0.0
1964-06-27,0.0
1964-06-28,0.0
1964-06-29,0.0
1964-06-30,0.0
1964-07-01,0.0
1964-07-02,0.0
1964-07-03,0.0
1964-07-04,1.1779597
1964-07-05,0.0
1964-07-06,0.0
1964-07-07,0.0
1964-07-08,0.0
1964-07-09,0.0
1964-07-10,0.0
1964-07-11,0.0
1964-07-12,0.0
1964-07-13,0.0
1964-07-14,0.0
1964-07-15,6.151226
1964-07-16,0.0
1964-07-17,0.0
1964-07-18,0.0
1964-07-19,0.0
1964-07-20,0.2161053
1964-07-21,0.0
1964-07-22,3.0488367
1964-07-23,17.994104
1964-07-24,0.5312367
1964-07-25,0.7275634
1964-07-26,3.266264
1964-07-27,21.475515
1964-07-28,0.9004387
1964-07-29,0.0
1964-07-30,0.0
1964-07-31,0.28814042
1964-08-01,0.0
1964-08-02,0.0
1964-08-03,0.0
1964-08-04,0.0
1964-08-05,0.0
1964-08-06,0.0
1964-08-07,0.0
1964-08-08,0.0
1964-08-09,0.0
1964-08-10,0.0
1964-08-11,0.0
1964-08-12,0.0
1964-08-13,0.31181288
1964-08-14,0.0
1964-08-15,0.32415795
1964-08-16,15.251647
1964-08-17,0.18008776
1964-08-18,1.7648599
1964-08-19,40.332623
1964-08-20,0.0
1964-08-21,0.0
1964-08-22,0.0
1964-08-23,0.2041415
1964-08-24,0.0
1964-08-25,0.0
1964-08-26,6.596783
1964-08-27,19.94245
1964-08-28,5.8648496
1964-08-29,57.52638
1964-08-30,26.057491
1964-08-31,9.531419
1964-09-01,0.0
1964-09-02,0.0
1964-09-03,2.6886919
1964-09-04,0.0
1964-09-05,0.0
1964-09-06,0.27807227
1964-09-07,0.0
1964-09-08,0.0
1964-09-09,9.337952
1964-09-10,24.542385
1964-09-11,38.225685
1964-09-12,0.0
1964-09-13,0.67217296
1964-09-14,3.7986133
1964-09-15,0.0
1964-09-16,2.6856904
1964-09-17,0.0
1964-09-18,0.0
1964-09-19,0.0
1964-09-20,8.647001
1964-09-21,0.0
1964-09-22,1.0739967
1964-09-23,0.0
1964-09-24,0.0
1964-09-25,0.0
1964-09-26,0.0
1964-09-27,9.249139
1964-09-28,0.0
1964-09-29,0.0
1964-09-30,0.0
1964-10-01,0.0
1964-10-02,0.0
1964-10-03,0.0
1964-10-04,0.0
1964-10-05,0.0
1964-10-06,0.0
1964-10-07,6.95392
1964-10-08,0.0
1964-10-09,0.0
1964-10-10,0.0
1964-10-11,16.473415
1964-10-12,8.551506
1964-10-13,3.8649943
1964-10-14,0.0
1964-10-15,22.018295
1964-10-16,1.4263629
1964-10-17,1.4849125
1964-10-18,0.0
1964-10-19,0.0
1964-10-20,0.2208221
1964-10-21,0.0
1964-10-22,0.0
1964-10-23,0.0
1964-10-24,0.0
1964-10-25,0.8402161
1964-10-26,0.0
1964-10-27,1.0359855
1964-10-28,13.129267
1964-10-29,11.126384
1964-10-30,0.0
1964-10-31,0.15130404
1964-11-01,97.092896
1964-11-02,27.496748
1964-11-03,4.819383
1964-11-04,8.297005
1964-11-05,0.0
1964-11-06,0.0
1964-11-07,19.488516
1964-11-08,31.857048
1964-11-09,5.4803276
1964-11-10,0.0
1964-11-11,0.0
1964-11-12,7.7363496
1964-11-13,0.0
1964-11-14,1.2818973
1964-11-15,0.0
1964-11-16,0.0
1964-11-17,0.0
1964-11-18,0.0
1964-11-19,4.8387284
1964-11-20,2.976666
1964-11-21,0.0
1964-11-22,0.0
1964-11-23,9.770554
1964-11-24,0.0
1964-11-25,0.0
1964-11-26,0.0
1964-11-27,0.0
1964-11-28,0.0
1964-11-29,0.0
1964-11-30,0.0
1964-12-01,0.0
1964-12-02,0.0
1964-12-03,0.0
1964-12-04,0.0
1964-12-05,0.0
1964-12-06,0.0
1964-12-07,0.0
1964-12-08,0.0
1964-12-09,0.0
1964-12-10,0.0
1964-12-11,0.0
1964-12-12,0.0
1964-12-13,0.0
1964-12-14,0.0
1964-12-15,0.0
1964-12-16,0.0
1964-12-17,0.0
1964-12-18,0.0
1964-12-19,0.0
1964-12-20,0.0
1964-12-21,0.0
1964-12-22,0.0
1964-12-23,43.291924
1964-12-24,98.049805
1964-12-25,1.7330902
1964-12-26,0.0
1964-12-27,0.0
1964-12-28,0.0
1964-12-29,0.0
1964-12-30,0.0
1964-12-31,0.0
1965-01-01,0.0
1965-01-02,8.950451
1965-01-03,0.0
1965-01-04,0.0
1965-01-05,0.0
1965-01-06,0.0
1965-01-07,0.0
1965-01-08,0.0
1965-01-09,0.0
1965-01-10,2.0582993
1965-01-11,0.0
1965-01-12,0.0
1965-01-13,0.0
1965-01-14,0.0
1965-01-15,0.0
1965-01-16,0.0
1965-01-17,0.0
1965-01-18,0.0
1965-01-19,0.0
1965-01-20,0.0
1965-01-21,0.0
1965-01-22,0.0
1965-01-23,0.0
1965-01-24,0.0
1965-01-25,0.0
1965-01-26,0.0
1965-01-27,0.0
1965-01-28,0.0
1965-01-29,0.0
1965-01-30,0.0
1965-01-31,0.0
1965-02-01,0.0
1965-02-02,0.0
1965-02-03,0.0
1965-02-04,0.0
1965-02-05,0.0
1965-02-06,0.0
1965-02-07,0.0
1965-02-08,0.0
1965-02-09,0.0
1965-02-10,0.0
1965-02-11,0.0
1965-02-12,0.0
1965-02-13,0.0
1965-02-14,3.2944975
1965-02-15,0.0
1965-02-16,5.3084574
1965-02-17,0.0
1965-02-18,0.0
1965-02-19,0.0
1965-02-20,0.0
1965-02-21,0.0
1965-02-22,0.0
1965-02-23,0.0
1965-02-24,0.0
1965-02-25,0.0
1965-02-26,0.0
1965-02-27,0.0
1965-02-28,0.0
1965-03-01,0.0
1965-03-02,0.0
1965-03-03,0.0
1965-03-04,4.0131674
1965-03-05,0.0
1965-03-06,0.0
1965-03-07,0.0
1965-03-08,0.0
1965-03-09,0.0
1965-03-10,0.0
1965-03-11,0.0
1965-03-12,0.0
1965-03-13,0.0
1965-03-14,0.0
1965-03-15,0.0
1965-03-16,0.0
1965-03-17,0.0
1965-03-18,0.0
1965-03-19,0.0
1965-03-20,0.0
1965-03-21,0.0
1965-03-22,0.0
1965-03-23,0.0
1965-03-24,0.0
1965-03-25,0.0
1965-03-26,0.0
1965-03-27,0.0
1965-03-28,0.0
1965-03-29,0.0
1965-03-30,0.0
1965-03-31,0.0
1965-04-01,0.0
1965-04-02,5.1769342
1965-04-03,0.0
1965-04-04,0.0
1965-04-05,0.0
1965-04-06,0.0
1965-04-07,0.0
1965-04-08,0.0
1965-04-09,0.0
1965-04-10,0.0
1965-04-11,0.0
1965-04-12,0.0
1965-04-13,0.0
1965-04-14,0.0
1965-04-15,0.0
1965-04-16,5.2850857
1965-04-17,20.542313
1965-04-18,0.0
1965-04-19,0.0
1965-04-20,8.777915
1965-04-21,0.0
1965-04-22,0.0
1965-04-23,0.0
1965-04-24,0.0
1965-04-25,0.0
1965-04-26,0.0
1965-04-27,0.0
1965-04-28,0.0
1965-04-29,0.0
1965-04-30,0.0
1965-05-01,0.0
1965-05-02,0.0
1965-05-03,0.0
1965-05-04,0.0
1965-05-05,0.0
1965-05-06,0.0
1965-05-07,0.0
1965-05-08,0.0
1965-05-09,0.0
1965-05-10,1.2813518
1965-05-11,0.0
1965-05-12,0.0
1965-05-13,0.0
1965-05-14,0.0
1965-05-15,0.0
1965-05-16,0.0
1965-05-17,0.0
1965-05-18,0.0
1965-05-19,0.0
1965-05-20,0.0
1965-05-21,0.0
1965-05-22,0.0
1965-05-23,0.0
1965-05-24,0.0
1965-05-25,0.0
1965-05-26,0.0
1965-05-27,0.0
1965-05-28,0.0
1965-05-29,1.8305026
1965-05-30,0.0
1965-05-31,0.0
1965-06-01,0.0
1965-06-02,0.0
1965-06-03,0.0
1965-06-04,0.0
1965-06-05,0.0
1965-06-06,2.6196532
1965-06-07,2.1686046
1965-06-08,0.0
1965-06-09,0.0
1965-06-10,0.0
1965-06-11,0.0
1965-06-12,3.3338215
1965-06-13,0.0
1965-06-14,0.0
1965-06-15,3.2949047
1965-06-16,0.0
1965-06-17,3.32746
1965-06-18,0.0
1965-06-19,3.316042
1965-06-20,0.0
1965-06-21,0.0
1965-06-22,0.0
1965-06-23,0.0
1965-06-24,0.0
1965-06-25,0.0
1965-06-26,0.2555858
1965-06-27,1.6915454
1965-06-28,0.0
1965-06-29,3.4603288
1965-06-30,0.0
1965-07-01,0.0
1965-07-02,6.23727
1965-07-03,0.0
1965-07-04,0.0
1965-07-05,0.73220104
1965-07-06,0.0
1965-07-07,0.0
1965-07-08,14.496328
1965-07-09,0.35954174
1965-07-10,0.0
1965-07-11,0.0
1965-07-12,0.0
1965-07-13,0.0
1965-07-14,0.0
1965-07-15,0.0
1965-07-16,0.0
1965-07-17,0.0
1965-07-18,3.1810076
1965-07-19,1.7941139
1965-07-20,0.0
1965-07-21,1.4644021
1965-07-22,0.0
1965-07-23,0.0
1965-07-24,4.932879
1965-07-25,9.848692
1965-07-26,6.0690126
1965-07-27,0.0
1965-07-28,0.0
1965-07-29,0.0
1965-07-30,22.206038
1965-07-31,5.9718575
1965-08-01,7.3220105
1965-08-02,0.0
1965-08-03,32.785336
1965-08-04,0.0
1965-08-05,3.9306886
1965-08-06,2.7457538
1965-08-07,13.00963
1965-08-08,0.6029583
1965-08-09,0.0
1965-08-10,3.8736494
1965-08-11,9.098279
1965-08-12,40.15798
1965-08-13,1.9774795
1965-08-14,0.0
1965-08-15,0.0
1965-08-16,41.869045
1965-08-17,0.0
1965-08-18,0.0
1965-08-19,35.69519
1965-08-20,0.0
1965-08-21,2.091283
1965-08-22,0.0
1965-08-23,0.0
1965-08-24,0.0
1965-08-25,0.0
1965-08-26,26.270428
1965-08-27,2.0582993
1965-08-28,0.0
1965-08-29,4.366089
1965-08-30,0.0
1965-08-31,3.4779549
1965-09-01,0.0
1965-09-02,0.0
1965-09-03,0.0
1965-09-04,0.0
1965-09-05,0.0
1965-09-06,0.0
1965-09-07,0.0
1965-09-08,0.0
1965-09-09,0.0
1965-09-10,0.0
1965-09-11,5.608851
1965-09-12,2.696563
1965-09-13,28.589638
1965-09-14,0.0
1965-09-15,1.6082188
1965-09-16,0.0
1965-09-17,0.0
1965-09-18,36.475475
1965-09-19,0.0
1965-09-20,0.0
1965-09-21,0.0
1965-09-22,2.286502
1965-09-23,0.0
1965-09-24,0.49650347
1965-09-25,9.884714
1965-09-26,29.938898
1965-09-27,0.0
1965-09-28,0.0
1965-09-29,0.0
1965-09-30,0.0
1965-10-01,0.0
1965-10-02,0.0
1965-10-03,0.0
1965-10-04,0.0
1965-10-05,0.0
1965-10-06,0.0
1965-10-07,0.0
1965-10-08,0.0
1965-10-09,0.0
1965-10-10,0.0
1965-10-11,0.0
1965-10-12,0.0
1965-10-13,0.0
1965-10-14,4.9237633
1965-10-15,11.8892565
1965-10-16,33.601948
1965-10-17,0.5626027
1965-10-18,12.624575
1965-10-19,90.48611
1965-10-20,0.0
1965-10-21,0.0
1965-10-22,0.0
1965-10-23,0.0
1965-10-24,1.7977087
1965-10-25,0.0
1965-10-26,0.0
1965-10-27,0.0
1965-10-28,0.0
1965-10-29,0.0
1965-10-30,0.0
1965-10-31,0.0
1965-11-01,0.79099184
1965-11-02,2.5679991
1965-11-03,1.8336627
1965-11-04,17.56928
1965-11-05,0.0
1965-11-06,3.2213633
1965-11-07,0.54915076
1965-11-08,0.0
1965-11-09,62.940437
1965-11-10,39.07806
1965-11-11,4.16083
1965-11-12,0.0
1965-11-13,0.0
1965-11-14,9.355906
1965-11-15,0.0
1965-11-16,0.8988544
1965-11-17,0.0
1965-11-18,8.9885435
1965-11-19,35.547993
1965-11-20,0.0
1965-11-21,0.0
1965-11-22,0.54915076
1965-11-23,11.810135
1965-11-24,39.541794
1965-11-25,36.460075
1965-11-26,19.878408
1965-11-27,2.1632159
1965-11-28,0.0
1965-11-29,36.96223
1965-11-30,17.548615
1965-12-01,55.541676
1965-12-02,38.146656
1965-12-03,44.40343
1965-12-04,65.49983
1965-12-05,226.52449
1965-12-06,38.27676
1965-12-07,150.96214
1965-12-08,32.622738
1965-12-09,2.0135527
1965-12-10,14.121993
1965-12-11,0.13451883
1965-12-12,0.0
1965-12-13,0.0
1965-12-14,0.0
1965-12-15,0.0
1965-12-16,0.8732178
1965-12-17,0.0
1965-12-18,0.0
1965-12-19,0.0
1965-12-20,0.0
1965-12-21,0.0
1965-12-22,0.0
1965-12-23,0.0
1965-12-24,0.0
1965-12-25,0.0
1965-12-26,0.0
1965-12-27,11.00417
1965-12-28,25.47389
1965-12-29,11.913186
1965-12-30,0.0
1965-12-31,0.0
1966-01-01,0.0
1966-01-02,0.0
1966-01-03,1.104976
1966-01-04,0.0
1966-01-05,0.0
1966-01-06,0.0
1966-01-07,0.0
1966-01-08,0.0
1966-01-09,0.0
1966-01-10,0.0
1966-01-11,3.8125255
1966-01-12,4.5147786
1966-01-13,3.5995512
1966-01-14,0.18695949
1966-01-15,2.4021156
1966-01-16,0.0
1966-01-17,0.0
1966-01-18,0.0
1966-01-19,0.0
1966-01-20,0.0
1966-01-21,0.0
1966-01-22,0.73084164
1966-01-23,4.462352
1966-01-24,0.0
1966-01-25,0.8061931
1966-01-26,0.0
1966-01-27,0.0
1966-01-28,0.0
1966-01-29,0.0
1966-01-30,0.0
1966-01-31,3.3469512
1966-02-01,0.0
1966-02-02,0.0
1966-02-03,0.0
1966-02-04,0.0
1966-02-05,0.0
1966-02-06,0.0
1966-02-07,0.0
1966-02-08,0.0
1966-02-09,0.0
1966-02-10,0.0
1966-02-11,0.0
1966-02-12,0.0
1966-02-13,0.0
1966-02-14,0.0
1966-02-15,0.0
1966-02-16,0.0
1966-02-17,0.0
1966-02-18,0.0
1966-02-19,0.0
1966-02-20,0.0
1966-02-21,0.0
1966-02-22,0.0
1966-02-23,0.0
1966-02-24,0.0
1966-02-25,0.0
1966-02-26,0.0
1966-02-27,0.0
1966-02-28,0.0
1966-03-01,0.0
1966-03-02,0.0
1966-03-03,0.0
1966-03-04,0.0
1966-03-05,0.0
1966-03-06,0.0
1966-03-07,0.0
1966-03-08,0.0
1966-03-09,0.0
1966-03-10,0.0
1966-03-11,0.0
1966-03-12,1.3682036
1966-03-13,0.0
1966-03-14,0.0
1966-03-15,0.0
1966-03-16,0.0
1966-03-17,0.0
1966-03-18,0.0
1966-03-19,0.0
1966-03-20,0.0
1966-03-21,0.0
1966-03-22,0.0
1966-03-23,0.0
1966-03-24,0.0
1966-03-25,0.0
1966-03-26,0.0
1966-03-27,0.0
1966-03-28,0.0
1966-03-29,0.0
1966-03-30,0.0
1966-03-31,0.0
1966-04-01,0.0
1966-04-02,0.0
1966-04-03,0.0
1966-04-04,0.0
1966-04-05,0.0
1966-04-06,0.0
1966-04-07,0.0
1966-04-08,0.0
1966-04-09,0.0
1966-04-10,0.0
1966-04-11,0.0
1966-04-12,0.0
1966-04-13,0.0
1966-04-14,0.0
1966-04-15,0.0
1966-04-16,0.0
1966-04-17,0.0
1966-04-18,0.0
1966-04-19,0.0
1966-04-20,0.0
1966-04-21,0.0
1966-04-22,0.0
1966-04-23,0.0
1966-04-24,0.0
1966-04-25,0.0
1966-04-26,0.0
1966-04-27,0.0
1966-04-28,0.0
1966-04-29,0.0
1966-04-30,8.544018
1966-05-01,89.08128
1966-05-02,11.502213
1966-05-03,0.34835503
1966-05-04,0.0
1966-05-05,0.0
1966-05-06,0.0
1966-05-07,0.0
1966-05-08,0.0
1966-05-09,0.0
1966-05-10,0.0
1966-05-11,0.0
1966-05-12,0.0
1966-05-13,0.0
1966-05-14,0.0
1966-05-15,0.0
1966-05-16,0.0
1966-05-17,0.0
1966-05-18,0.0
1966-05-19,0.0
1966-05-20,0.0
1966-05-21,0.0
1966-05-22,0.0
1966-05-23,0.0
1966-05-24,0.0
1966-05-25,0.0
1966-05-26,0.0
1966-05-27,0.0
1966-05-28,0.0
1966-05-29,0.0
1966-05-30,0.0
1966-05-31,0.0
1966-06-01,0.0
1966-06-02,0.0
1966-06-03,0.0
1966-06-04,0.0
1966-06-05,1.0367754
1966-06-06,0.517556
1966-06-07,0.0
1966-06-08,0.0
1966-06-09,0.0
1966-06-10,0.552488
1966-06-11,0.0
1966-06-12,0.0
1966-06-13,2.184027
1966-06-14,31.971485
1966-06-15,0.9008048
1966-06-16,11.927386
1966-06-17,0.0
1966-06-18,0.0
1966-06-19,0.0
1966-06-20,0.0
1966-06-21,0.0
1966-06-22,0.0
1966-06-23,0.8839809
1966-06-24,0.0
1966-06-25,0.0
1966-06-26,0.0
1966-06-27,0.0
1966-06-28,0.0
1966-06-29,1.4640934
1966-06-30,0.0
1966-07-01,0.0
1966-07-02,0.0
1966-07-03,0.0
1966-07-04,0.0
1966-07-05,0.0
1966-07-06,1.5030961
1966-07-07,0.0
1966-07-08,0.0
1966-07-09,0.0
1966-07-10,0.0
1966-07-11,6.0624022
1966-07-12,0.0
1966-07-13,0.0
1966-07-14,0.0
1966-07-15,0.0
1966-07-16,0.0
1966-07-17,0.0
1966-07-18,0.0
1966-07-19,0.0
1966-07-20,0.0
1966-07-21,9.142743
1966-07-22,24.831871
1966-07-23,0.0
1966-07-24,0.0
1966-07-25,0.0
1966-07-26,0.0
1966-07-27,0.0
1966-07-28,0.0
1966-07-29,0.0
1966-07-30,0.110476054
1966-07-31,0.0
1966-08-01,0.16996317
1966-08-02,0.60085195
1966-08-03,1.134467
1966-08-04,28.83832
1966-08-05,0.0
1966-08-06,0.0
1966-08-07,9.345785
1966-08-08,0.0
1966-08-09,0.0
1966-08-10,0.0
1966-08-11,1.5806576
1966-08-12,27.141878
1966-08-13,72.27869
1966-08-14,13.730361
1966-08-15,6.0859947
1966-08-16,91.747025
1966-08-17,0.0
1966-08-18,0.5778748
1966-08-19,8.549486
1966-08-20,5.2200546
1966-08-21,48.542732
1966-08-22,6.946502
1966-08-23,1.2237349
1966-08-24,26.454922
1966-08-25,0.0
1966-08-26,5.999252
1966-08-27,1.0877644
1966-08-28,7.2043924
1966-08-29,0.91160524
1966-08-30,0.0
1966-08-31,0.0
1966-09-01,9.827081
1966-09-02,1.218839
1966-09-03,1.7037197
1966-09-04,9.543436
1966-09-05,0.0
1966-09-06,0.0
1966-09-07,0.0
1966-09-08,0.0
1966-09-09,0.0
1966-09-10,0.0
1966-09-11,4.9523683
1966-09-12,0.0
1966-09-13,0.0
1966-09-14,0.0
1966-09-15,0.0
1966-09-16,0.0
1966-09-17,0.0
1966-09-18,1.5171907
1966-09-19,7.6854267
1966-09-20,0.0
1966-09-21,0.0
1966-09-22,0.29859003
1966-09-23,0.0
1966-09-24,0.47460347
1966-09-25,0.43340608
1966-09-26,12.234726
1966-09-27,49.620018
1966-09-28,51.40186
1966-09-29,6.789657
1966-09-30,0.0
1966-10-01,0.0
1966-10-02,0.12747239
1966-10-03,0.4164098
1966-10-04,18.479689
1966-10-05,10.105523
1966-10-06,37.930927
1966-10-07,48.805817
1966-10-08,22.247694
1966-10-09,25.673777
1966-10-10,0.0
1966-10-11,0.0
1966-10-12,0.0
1966-10-13,0.0
1966-10-14,0.0
1966-10-15,1.7365526
1966-10-16,20.318483
1966-10-17,3.9293828
1966-10-18,27.172962
1966-10-19,83.19533
1966-10-20,102.64301
1966-10-21,2.629441
1966-10-22,0.7004514
1966-10-23,0.0
1966-10-24,0.0
1966-10-25,0.0
1966-10-26,0.0
1966-10-27,0.0
1966-10-28,0.0
1966-10-29,0.0
1966-10-30,0.0
1966-10-31,0.0
1966-11-01,1.0537716
1966-11-02,9.902786
1966-11-03,10.273398
1966-11-04,50.46298
1966-11-05,4.555719
1966-11-06,21.892653
1966-11-07,11.301585
1966-11-08,5.108424
1966-11-09,79.93322
1966-11-10,121.43271
1966-11-11,1.5079919
1966-11-12,1.7403374
1966-11-13,5.1899447
1966-11-14,5.430902
1966-11-15,0.0
1966-11-16,0.0
1966-11-17,0.0
1966-11-18,0.0
1966-11-19,0.0
1966-11-20,0.0
1966-11-21,0.0
1966-11-22,0.0
1966-11-23,0.0
1966-11-24,0.0
1966-11-25,0.0
1966-11-26,0.0
1966-11-27,0.0
1966-11-28,0.0
1966-11-29,0.0
1966-11-30,3.314928
1966-12-01,0.0
1966-12-02,0.0
1966-12-03,0.13597055
1966-12-04,5.375812
1966-12-05,45.232998
1966-12-06,29.768162
1966-12-07,38.642693
1966-12-08,0.0
1966-12-09,0.0
1966-12-10,0.0
1966-12-11,0.0
1966-12-12,0.0
1966-12-13,0.0
1966-12-14,0.0
1966-12-15,0.0
1966-12-16,0.0
1966-12-17,0.0
1966-12-18,0.0
1966-12-19,1.075017
1966-12-20,42.733707
1966-12-21,29.791708
1966-12-22,0.0
1966-12-23,0.0
1966-12-24,0.0
1966-12-25,0.0
1966-12-26,0.0
1966-12-27,0.0
1966-12-28,0.0
1966-12-29,0.0
1966-12-30,0.0
1966-12-31,0.0
1967-01-01,0.0
1967-01-02,0.0
1967-01-03,0.0
1967-01-04,0.0
1967-01-05,0.0
1967-01-06,0.0
1967-01-07,0.0
1967-01-08,0.0
1967-01-09,0.0
1967-01-10,1.6907125
1967-01-11,9.840367
1967-01-12,30.17169
1967-01-13,5.193266
1967-01-14,3.0026424
1967-01-15,1.2703487
1967-01-16,4.733995
1967-01-17,0.68433344
1967-01-18,0.0
1967-01-19,0.0
1967-01-20,0.0
1967-01-21,0.0
1967-01-22,0.0
1967-01-23,0.0
1967-01-24,0.0
1967-01-25,0.0
1967-01-26,0.0
1967-01-27,0.0
1967-01-28,0.0
1967-01-29,0.0
1967-01-30,0.0
1967-01-31,0.0
1967-02-01,0.0
1967-02-02,0.0
1967-02-03,0.0
1967-02-04,0.0
1967-02-05,0.0
1967-02-06,0.0
1967-02-07,0.0
1967-02-08,0.0
1967-02-09,0.0
1967-02-10,0.0
1967-02-11,0.0
1967-02-12,0.0
1967-02-13,0.0
1967-02-14,0.0
1967-02-15,0.0
1967-02-16,0.0
1967-02-17,0.0
1967-02-18,0.0
1967-02-19,0.0
1967-02-20,0.0
1967-02-21,0.0
1967-02-22,0.0
1967-02-23,0.0
1967-02-24,0.0
1967-02-25,0.0
1967-02-26,0.0
1967-02-27,0.0
1967-02-28,0.0
1967-03-01,0.0
1967-03-02,0.0
1967-03-03,0.0
1967-03-04,0.0
1967-03-05,0.0
1967-03-06,0.0
1967-03-07,0.0
1967-03-08,0.0
1967-03-09,0.0
1967-03-10,0.0
1967-03-11,0.0
1967-03-12,0.0
1967-03-13,0.0
1967-03-14,0.0
1967-03-15,0.0
1967-03-16,0.0
1967-03-17,0.0
1967-03-18,0.0
1967-03-19,0.0
1967-03-20,1.0839399
1967-03-21,0.0
1967-03-22,0.0
1967-03-23,0.0
1967-03-24,0.0
1967-03-25,4.7462897
1967-03-26,0.0
1967-03-27,0.0
1967-03-28,0.0
1967-03-29,0.0
1967-03-30,0.0
1967-03-31,0.0
1967-04-01,0.0
1967-04-02,0.0
1967-04-03,0.0
1967-04-04,0.0
1967-04-05,0.0
1967-04-06,0.0
1967-04-07,0.0
1967-04-08,0.0
1967-04-09,0.0
1967-04-10,0.0
1967-04-11,0.0
1967-04-12,0.0
1967-04-13,0.0
1967-04-14,0.0
1967-04-15,0.0
1967-04-16,0.0
1967-04-17,0.0
1967-04-18,0.0
1967-04-19,0.0
1967-04-20,0.0
1967-04-21,15.622183
1967-04-22,13.560266
1967-04-23,0.0
1967-04-24,0.0
1967-04-25,0.0
1967-04-26,0.0
1967-04-27,0.0
1967-04-28,0.0
1967-04-29,0.0
1967-04-30,0.0
1967-05-01,0.0
1967-05-02,0.0
1967-05-03,0.0
1967-05-04,0.0
1967-05-05,0.0
1967-05-06,0.0
1967-05-07,0.0
1967-05-08,0.0
1967-05-09,0.0
1967-05-10,0.0
1967-05-11,0.0
1967-05-12,0.0
1967-05-13,0.0
1967-05-14,0.0
1967-05-15,8.471872
1967-05-16,3.7255824
1967-05-17,6.02722
1967-05-18,0.18008776
1967-05-19,0.0
1967-05-20,0.0
1967-05-21,0.0
1967-05-22,0.0
1967-05-23,0.0
1967-05-24,0.0
1967-05-25,0.0
1967-05-26,0.0
1967-05-27,0.0
1967-05-28,0.0
1967-05-29,0.0
1967-05-30,0.0
1967-05-31,0.0
1967-06-01,0.0
1967-06-02,0.0
1967-06-03,0.0
1967-06-04,0.0
1967-06-05,0.14407021
1967-06-06,0.61967295
1967-06-07,0.0
1967-06-08,6.940811
1967-06-09,3.674547
1967-06-10,7.5532355
1967-06-11,0.0
1967-06-12,0.0
1967-06-13,0.0
1967-06-14,0.0
1967-06-15,0.0
1967-06-16,0.0
1967-06-17,5.0119734
1967-06-18,0.0
1967-06-19,4.5931835
1967-06-20,3.0449429
1967-06-21,0.11548624
1967-06-22,0.0
1967-06-23,0.0
1967-06-24,3.4152393
1967-06-25,0.0
1967-06-26,0.0
1967-06-27,0.0
1967-06-28,0.0
1967-06-29,0.0
1967-06-30,0.0
1967-07-01,0.0
1967-07-02,0.0
1967-07-03,0.33814248
1967-07-04,0.0
1967-07-05,4.5804577
1967-07-06,0.0
1967-07-07,0.0
1967-07-08,0.0
1967-07-09,0.0
1967-07-10,3.8786886
1967-07-11,0.0
1967-07-12,0.0
1967-07-13,0.7777277
1967-07-14,0.0
1967-07-15,0.0
1967-07-16,0.0
1967-07-17,1.0445089
1967-07-18,4.9413953
1967-07-19,12.226417
1967-07-20,0.0
1967-07-21,7.831285
1967-07-22,1.6963874
1967-07-23,9.670973
1967-07-24,2.766492
1967-07-25,1.8228312
1967-07-26,0.0
1967-07-27,0.0
1967-07-28,0.0
1967-07-29,0.0
1967-07-30,0.0
1967-07-31,0.0
1967-08-01,0.0
1967-08-02,0.0
1967-08-03,0.0
1967-08-04,1.5046886
1967-08-05,4.850422
1967-08-06,11.588787
1967-08-07,26.030687
1967-08-08,0.0
1967-08-09,10.31557
1967-08-10,10.588436
1967-08-11,0.18008776
1967-08-12,15.036484
1967-08-13,2.5406973
1967-08-14,15.00655
1967-08-15,18.517282
1967-08-16,0.0
1967-08-17,5.7607174
1967-08-18,0.92388994
1967-08-19,36.70941
1967-08-20,0.0
1967-08-21,9.20511
1967-08-22,0.0
1967-08-23,0.0
1967-08-24,0.0
1967-08-25,0.34645873
1967-08-26,0.0
1967-08-27,15.418259
1967-08-28,6.6345987
1967-08-29,6.681201
1967-08-30,0.14407021
1967-08-31,0.0
1967-09-01,0.0
1967-09-02,0.0
1967-09-03,1.1158702
1967-09-04,0.0
1967-09-05,0.0
1967-09-06,0.0
1967-09-07,0.0
1967-09-08,0.0
1967-09-09,0.0
1967-09-10,0.0
1967-09-11,0.0
1967-09-12,1.3779552
1967-09-13,0.0
1967-09-14,0.0
1967-09-15,0.0
1967-09-16,0.0
1967-09-17,0.0
1967-09-18,0.0
1967-09-19,0.0
1967-09-20,0.0
1967-09-21,9.29252
1967-09-22,5.237539
1967-09-23,0.0
1967-09-24,0.0
1967-09-25,0.0
1967-09-26,0.0
1967-09-27,23.920732
1967-09-28,1.8821433
1967-09-29,5.9582243
1967-09-30,0.0
1967-10-01,8.907745
1967-10-02,21.84765
1967-10-03,0.0
1967-10-04,0.0
1967-10-05,0.0
1967-10-06,8.5069895
1967-10-07,30.558638
1967-10-08,4.7053585
1967-10-09,0.23097248
1967-10-10,0.0
1967-10-11,0.0
1967-10-12,0.0
1967-10-13,0.0
1967-10-14,0.0
1967-10-15,6.9596815
1967-10-16,13.078146
1967-10-17,1.9632661
1967-10-18,38.09555
1967-10-19,27.462141
1967-10-20,25.476984
1967-10-21,71.55126
1967-10-22,2.7693257
1967-10-23,0.0
1967-10-24,0.0
1967-10-25,0.0
1967-10-26,0.0
1967-10-27,2.3905003
1967-10-28,2.5007334
1967-10-29,0.0
1967-10-30,11.658169
1967-10-31,38.37115
1967-11-01,0.0
1967-11-02,65.01105
1967-11-03,29.048658
1967-11-04,73.200516
1967-11-05,16.336575
1967-11-06,0.0
1967-11-07,0.0
1967-11-08,0.0
1967-11-09,0.0
1967-11-10,0.0
1967-11-11,2.8871562
1967-11-12,2.4346259
1967-11-13,0.0
1967-11-14,0.0
1967-11-15,0.0
1967-11-16,0.0
1967-11-17,0.0
1967-11-18,0.0
1967-11-19,0.0
1967-11-20,0.0
1967-11-21,0.0
1967-11-22,0.0
1967-11-23,0.0
1967-11-24,0.0
1967-11-25,0.0
1967-11-26,0.0
1967-11-27,0.0
1967-11-28,0.0
1967-11-29,0.0
1967-11-30,0.0
1967-12-01,0.0
1967-12-02,0.0
1967-12-03,0.0
1967-12-04,0.0
1967-12-05,8.29831
1967-12-06,0.0
1967-12-07,57.767647
1967-12-08,88.59957
1967-12-09,20.08467
1967-12-10,12.452631
1967-12-11,22.833683
1967-12-12,40.32822
1967-12-13,26.707108
1967-12-14,14.091026
1967-12-15,17.678356
1967-12-16,8.260678
1967-12-17,0.0
1967-12-18,0.0
1967-12-19,0.0
1967-12-20,0.0
1967-12-21,1.0820559
1967-12-22,0.0
1967-12-23,0.57743126
1967-12-24,0.0
1967-12-25,0.0
1967-12-26,0.0
1967-12-27,6.705974
1967-12-28,0.0
1967-12-29,0.0
1967-12-30,0.0
1967-12-31,0.0
1968-01-01,0.0
1968-01-02,0.0
1968-01-03,0.0
1968-01-04,0.0
1968-01-05,0.0
1968-01-06,0.0
1968-01-07,0.0
1968-01-08,0.0
1968-01-09,0.0
1968-01-10,0.0
1968-01-11,0.0
1968-01-12,0.0
1968-01-13,0.0
1968-01-14,0.0
1968-01-15,0.0
1968-01-16,0.0
1968-01-17,0.0
1968-01-18,0.0
1968-01-19,0.0
1968-01-20,0.0
1968-01-21,0.0
1968-01-22,0.0
1968-01-23,0.0
1968-01-24,0.0
1968-01-25,0.0
1968-01-26,0.0
1968-01-27,0.0
1968-01-28,0.0
1968-01-29,0.0
1968-01-30,0.0
1968-01-31,0.0
1968-02-01,0.0
1968-02-02,0.0
1968-02-03,0.0
1968-02-04,0.0
1968-02-05,0.0
1968-02-06,0.0
1968-02-07,0.0
1968-02-08,0.0
1968-02-09,0.0
1968-02-10,0.0
1968-02-11,0.0
1968-02-12,0.0
1968-02-13,0.0
1968-02-14,0.0
1968-02-15,0.0
1968-02-16,0.0
1968-02-17,0.0
1968-02-18,0.0
1968-02-19,0.0
1968-02-20,4.032141
1968-02-21,0.0
1968-02-22,0.0
1968-02-23,0.0
1968-02-24,0.0
1968-02-25,0.0
1968-02-26,0.0
1968-02-27,0.0
1968-02-28,0.0
1968-02-29,0.0
1968-03-01,0.0
1968-03-02,0.0
1968-03-03,0.0
1968-03-04,0.0
1968-03-05,0.0
1968-03-06,0.0
1968-03-07,0.0
1968-03-08,0.0
1968-03-09,0.0
1968-03-10,0.0
1968-03-11,0.0
1968-03-12,0.0
1968-03-13,0.0
1968-03-14,0.0
1968-03-15,0.0
1968-03-16,0.0
1968-03-17,2.1621628
1968-03-18,0.0
1968-03-19,0.0
1968-03-20,0.0
1968-03-21,0.0
1968-03-22,0.0
1968-03-23,0.0
1968-03-24,0.0
1968-03-25,0.0
1968-03-26,0.0
1968-03-27,0.0
1968-03-28,0.0
1968-03-29,0.0
1968-03-30,0.0
1968-03-31,0.0
1968-04-01,0.0
1968-04-02,0.0
1968-04-03,0.0
1968-04-04,0.0
1968-04-05,0.0
1968-04-06,0.0
1968-04-07,0.0
1968-04-08,0.0
1968-04-09,0.0
1968-04-10,0.0
1968-04-11,0.0
1968-04-12,0.0
1968-04-13,0.0
1968-04-14,0.0
1968-04-15,0.0
1968-04-16,0.0
1968-04-17,0.0
1968-04-18,0.0
1968-04-19,0.0
1968-04-20,0.0
1968-04-21,30.09765
1968-04-22,0.0
1968-04-23,0.41876993
1968-04-24,0.0
1968-04-25,8.587572
1968-04-26,0.0
1968-04-27,28.268686
1968-04-28,0.0
1968-04-29,0.0
1968-04-30,9.329839
1968-05-01,0.0
1968-05-02,23.179054
1968-05-03,1.0008843
1968-05-04,0.0
1968-05-05,0.0
1968-05-06,0.0
1968-05-07,0.0
1968-05-08,0.0
1968-05-09,0.0
1968-05-10,0.0
1968-05-11,0.0
1968-05-12,0.0
1968-05-13,0.0
1968-05-14,0.0
1968-05-15,0.0
1968-05-16,0.0
1968-05-17,0.0
1968-05-18,0.0
1968-05-19,0.0
1968-05-20,0.0
1968-05-21,0.0
1968-05-22,0.0
1968-05-23,0.0
1968-05-24,0.0
1968-05-25,0.0
1968-05-26,0.0
1968-05-27,0.0
1968-05-28,0.0
1968-05-29,0.0
1968-05-30,0.0
1968-05-31,0.0
1968-06-01,0.0
1968-06-02,0.0
1968-06-03,0.0
1968-06-04,0.0
1968-06-05,0.0
1968-06-06,0.0
1968-06-07,0.0
1968-06-08,0.0
1968-06-09,35.588028
1968-06-10,0.0
1968-06-11,0.0
1968-06-12,0.0
1968-06-13,0.0
1968-06-14,0.0
1968-06-15,0.0
1968-06-16,0.0
1968-06-17,0.34126866
1968-06-18,12.690555
1968-06-19,2.0903437
1968-06-20,0.0
1968-06-21,0.0
1968-06-22,0.0
1968-06-23,0.0
1968-06-24,0.0
1968-06-25,0.0
1968-06-26,1.1666394
1968-06-27,0.30131042
1968-06-28,0.0
1968-06-29,8.005845
1968-06-30,0.0
1968-07-01,8.765525
1968-07-02,0.0
1968-07-03,0.0
1968-07-04,0.0
1968-07-05,0.0
1968-07-06,0.0
1968-07-07,0.0
1968-07-08,0.0
1968-07-09,0.188319
1968-07-10,0.0
1968-07-11,0.0
1968-07-12,1.1375623
1968-07-13,2.9063947
1968-07-14,0.0
1968-07-15,0.0
1968-07-16,0.3791874
1968-07-17,11.152983
1968-07-18,0.0
1968-07-19,0.0
1968-07-20,0.0
1968-07-21,5.168458
1968-07-22,0.0
1968-07-23,0.0
1968-07-24,1.396388
1968-07-25,0.0
1968-07-26,0.0
1968-07-27,0.0
1968-07-28,2.6880941
1968-07-29,0.0
1968-07-30,0.0
1968-07-31,0.0
1968-08-01,0.0
1968-08-02,6.64627
1968-08-03,4.772906
1968-08-04,0.0
1968-08-05,0.0
1968-08-06,0.0
1968-08-07,6.369614
1968-08-08,0.0
1968-08-09,0.0
1968-08-10,0.0
1968-08-11,0.0
1968-08-12,0.8005067
1968-08-13,18.604084
1968-08-14,8.142372
1968-08-15,12.308725
1968-08-16,0.0
1968-08-17,0.0
1968-08-18,0.0
1968-08-19,0.0
1968-08-20,0.0
1968-08-21,3.7945116
1968-08-22,0.0
1968-08-23,0.92904246
1968-08-24,0.0
1968-08-25,7.6008735
1968-08-26,0.0
1968-08-27,0.0
1968-08-28,0.92690253
1968-08-29,32.24791
1968-08-30,34.02214
1968-08-31,0.0
1968-09-01,0.30131042
1968-09-02,0.0
1968-09-03,0.0
1968-09-04,0.0
1968-09-05,0.0
1968-09-06,0.50558317
1968-09-07,12.550041
1968-09-08,0.0
1968-09-09,5.313262
1968-09-10,0.0
1968-09-11,0.0
1968-09-12,0.0
1968-09-13,0.0
1968-09-14,14.053724
1968-09-15,0.30182028
1968-09-16,0.0
1968-09-17,2.2001972
1968-09-18,4.881724
1968-09-19,8.7524
1968-09-20,37.626976
1968-09-21,9.796764
1968-09-22,0.0
1968-09-23,0.0
1968-09-24,0.0
1968-09-25,0.0
1968-09-26,50.383972
1968-09-27,0.376638
1968-09-28,0.0
1968-09-29,13.455093
1968-09-30,2.022515
1968-10-01,0.0
1968-10-02,0.0
1968-10-03,0.0
1968-10-04,0.0
1968-10-05,0.0
1968-10-06,0.0
1968-10-07,0.0
1968-10-08,0.0
1968-10-09,2.9060845
1968-10-10,0.0
1968-10-11,37.919014
1968-10-12,0.0
1968-10-13,5.843683
1968-10-14,31.546764
1968-10-15,0.2259828
1968-10-16,1.760816
1968-10-17,4.132163
1968-10-18,3.176884
1968-10-19,0.0
1968-10-20,0.0
1968-10-21,0.0
1968-10-22,1.2805692
1968-10-23,0.28228396
1968-10-24,0.9259042
1968-10-25,0.0
1968-10-26,0.0
1968-10-27,0.0
1968-10-28,0.0
1968-10-29,0.0
1968-10-30,0.0
1968-10-31,20.228695
1968-11-01,0.0
1968-11-02,0.0
1968-11-03,5.2008777
1968-11-04,1.4867477
1968-11-05,0.0
1968-11-06,76.5506
1968-11-07,0.0
1968-11-08,38.382767
1968-11-09,29.142775
1968-11-10,11.596868
1968-11-11,0.0
1968-11-12,0.0
1968-11-13,0.0
1968-11-14,0.0
1968-11-15,0.0
1968-11-16,0.0
1968-11-17,0.0
1968-11-18,8.143541
1968-11-19,37.56788
1968-11-20,23.309917
1968-11-21,8.958235
1968-11-22,0.6482328
1968-11-23,0.0
1968-11-24,0.0
1968-11-25,0.0
1968-11-26,0.0
1968-11-27,0.0
1968-11-28,0.0
1968-11-29,1.6490406
1968-11-30,1.9649204
1968-12-01,0.0
1968-12-02,0.0
1968-12-03,0.0
1968-12-04,0.0
1968-12-05,0.0
1968-12-06,14.373104
1968-12-07,108.64748
1968-12-08,10.412332
1968-12-09,0.0
1968-12-10,0.0
1968-12-11,0.0
1968-12-12,0.0
1968-12-13,0.0
1968-12-14,0.0
1968-12-15,0.0
1968-12-16,0.0
1968-12-17,21.8676
1968-12-18,18.587236
1968-12-19,1.437833
1968-12-20,0.0
1968-12-21,0.0
1968-12-22,0.0
1968-12-23,0.0
1968-12-24,0.0
1968-12-25,0.0
1968-12-26,0.0
1968-12-27,0.0
1968-12-28,0.0
1968-12-29,0.0
1968-12-30,0.0
1968-12-31,0.0
1969-01-01,0.0
1969-01-02,0.0
1969-01-03,0.0
1969-01-04,0.0
1969-01-05,0.0
1969-01-06,0.0
1969-01-07,0.0
1969-01-08,0.0
1969-01-09,0.0
1969-01-10,0.0
1969-01-11,0.0
1969-01-12,0.0
1969-01-13,0.0
1969-01-14,0.0
1969-01-15,0.0
1969-01-16,0.0
1969-01-17,0.0
1969-01-18,0.0
1969-01-19,0.0
1969-01-20,0.0
1969-01-21,0.0
1969-01-22,0.0
1969-01-23,0.0
1969-01-24,0.0
1969-01-25,0.0
1969-01-26,0.0
1969-01-27,0.0
1969-01-28,0.0
1969-01-29,0.0
1969-01-30,0.0
1969-01-31,0.0
1969-02-01,0.0
1969-02-02,0.0
1969-02-03,0.0
1969-02-04,0.0
1969-02-05,0.0
1969-02-06,0.0
1969-02-07,0.0
1969-02-08,0.0
1969-02-09,21.443216
1969-02-10,0.0
1969-02-11,0.0
1969-02-12,0.0
1969-02-13,0.0
1969-02-14,0.0
1969-02-15,0.0
1969-02-16,1.0922502
1969-02-17,0.0
1969-02-18,3.057449
1969-02-19,0.0
1969-02-20,0.0
1969-02-21,0.0
1969-02-22,0.0
1969-02-23,0.0
1969-02-24,0.0
1969-02-25,0.0
1969-02-26,0.0
1969-02-27,0.0
1969-02-28,0.0
1969-03-01,0.0
1969-03-02,0.0
1969-03-03,0.0
1969-03-04,0.0
1969-03-05,0.0
1969-03-06,0.0
1969-03-07,0.0
1969-03-08,0.0
1969-03-09,0.0
1969-03-10,0.0
1969-03-11,0.0
1969-03-12,0.0
1969-03-13,0.0
1969-03-14,0.0
1969-03-15,0.0
1969-03-16,0.0
1969-03-17,0.0
1969-03-18,0.0
1969-03-19,0.0
1969-03-20,0.0
1969-03-21,0.0
1969-03-22,0.0
1969-03-23,0.0
1969-03-24,0.0
1969-03-25,0.0
1969-03-26,0.0
1969-03-27,0.0
1969-03-28,0.0
1969-03-29,0.0
1969-03-30,0.0
1969-03-31,0.0
1969-04-01,0.0
1969-04-02,0.0
1969-04-03,0.0
1969-04-04,0.0
1969-04-05,0.0
1969-04-06,0.0
1969-04-07,0.0
1969-04-08,0.0
1969-04-09,0.0
1969-04-10,0.0
1969-04-11,0.0
1969-04-12,0.0
1969-04-13,0.0
1969-04-14,0.0
1969-04-15,0.0
1969-04-16,0.0
1969-04-17,0.0
1969-04-18,0.0
1969-04-19,0.0
1969-04-20,0.0
1969-04-21,0.0
1969-04-22,0.0
1969-04-23,0.0
1969-04-24,0.0
1969-04-25,0.0
1969-04-26,0.0
1969-04-27,0.0
1969-04-28,0.0
1969-04-29,0.0
1969-04-30,0.0
1969-05-01,0.0
1969-05-02,0.0
1969-05-03,0.0
1969-05-04,0.0
1969-05-05,0.0
1969-05-06,0.0
1969-05-07,0.0
1969-05-08,0.0
1969-05-09,0.0
1969-05-10,0.0
1969-05-11,0.0
1969-05-12,0.0
1969-05-13,0.0
1969-05-14,9.936453
1969-05-15,0.0
1969-05-16,0.0
1969-05-17,0.0
1969-05-18,1.4609207
1969-05-19,0.0
1969-05-20,0.0
1969-05-21,0.0
1969-05-22,0.0
1969-05-23,0.0
1969-05-24,1.8034796
1969-05-25,0.0
1969-05-26,0.0
1969-05-27,0.0
1969-05-28,0.0
1969-05-29,0.0
1969-05-30,0.0
1969-05-31,0.0
1969-06-01,0.0
1969-06-02,0.0
1969-06-03,29.571564
1969-06-04,0.0
1969-06-05,2.1900158
1969-06-06,0.0
1969-06-07,0.0
1969-06-08,0.0
1969-06-09,0.0
1969-06-10,0.0
1969-06-11,0.0
1969-06-12,0.0
1969-06-13,0.0
1969-06-14,1.0954303
1969-06-15,0.0
1969-06-16,0.0
1969-06-17,2.2205994
1969-06-18,0.0
1969-06-19,0.0
1969-06-20,0.0
1969-06-21,0.0
1969-06-22,0.0
1969-06-23,0.0
1969-06-24,0.0
1969-06-25,0.0
1969-06-26,0.0
1969-06-27,0.0
1969-06-28,0.0
1969-06-29,0.0
1969-06-30,0.0
1969-07-01,2.068168
1969-07-02,0.0
1969-07-03,0.0
1969-07-04,0.0
1969-07-05,1.518483
1969-07-06,1.4312243
1969-07-07,0.0
1969-07-08,1.781063
1969-07-09,15.444213
1969-07-10,0.72848314
1969-07-11,0.30131042
1969-07-12,0.0
1969-07-13,0.10954302
1969-07-14,0.0
1969-07-15,0.0
1969-07-16,0.0
1969-07-17,0.0
1969-07-18,0.0
1969-07-19,0.0
1969-07-20,0.0
1969-07-21,0.0
1969-07-22,0.0
1969-07-23,1.2706765
1969-07-24,14.243884
1969-07-25,0.0
1969-07-26,0.0
1969-07-27,0.0
1969-07-28,0.0
1969-07-29,0.0
1969-07-30,0.0
1969-07-31,0.0
1969-08-01,0.0
1969-08-02,0.0
1969-08-03,0.0
1969-08-04,0.37076104
1969-08-05,4.103092
1969-08-06,1.5740372
1969-08-07,9.934132
1969-08-08,2.071509
1969-08-09,0.188319
1969-08-10,0.0
1969-08-11,0.0
1969-08-12,0.0
1969-08-13,2.8049679
1969-08-14,3.077691
1969-08-15,0.0
1969-08-16,0.0
1969-08-17,7.713661
1969-08-18,4.875346
1969-08-19,0.0
1969-08-20,0.0
1969-08-21,0.1129914
1969-08-22,24.039091
1969-08-23,1.3803556
1969-08-24,0.15065521
1969-08-25,4.275163
1969-08-26,0.0
1969-08-27,0.0
1969-08-28,0.0
1969-08-29,6.341153
1969-08-30,12.245111
1969-08-31,1.3518202
1969-09-01,9.273901
1969-09-02,4.1173067
1969-09-03,0.0
1969-09-04,0.2522817
1969-09-05,0.0
1969-09-06,0.0
1969-09-07,0.0
1969-09-08,0.0
1969-09-09,0.0
1969-09-10,0.0
1969-09-11,1.5193574
1969-09-12,0.0
1969-09-13,0.0
1969-09-14,0.0
1969-09-15,0.0
1969-09-16,34.53793
1969-09-17,0.0
1969-09-18,0.0
1969-09-19,0.0
1969-09-20,0.0
1969-09-21,0.63087016
1969-09-22,0.0
1969-09-23,0.0
1969-09-24,0.0
1969-09-25,1.1687366
1969-09-26,17.655264
1969-09-27,0.0
1969-09-28,0.0
1969-09-29,0.0
1969-09-30,10.898461
1969-10-01,0.0
1969-10-02,2.0369895
1969-10-03,0.0
1969-10-04,3.7399573
1969-10-05,0.0
1969-10-06,3.7199507
1969-10-07,58.133274
1969-10-08,1.8372201
1969-10-09,0.0
1969-10-10,0.0
1969-10-11,0.0
1969-10-12,0.0
1969-10-13,3.038715
1969-10-14,5.286979
1969-10-15,31.371838
1969-10-16,70.07295
1969-10-17,27.822443
1969-10-18,0.4827255
1969-10-19,24.496666
1969-10-20,24.260025
1969-10-21,27.53764
1969-10-22,74.35989
1969-10-23,76.34286
1969-10-24,0.0
1969-10-25,0.0
1969-10-26,0.0
1969-10-27,32.352913
1969-10-28,0.12588592
1969-10-29,4.5618978
1969-10-30,8.637575
1969-10-31,0.0
1969-11-01,0.0
1969-11-02,0.0
1969-11-03,0.0
1969-11-04,0.0
1969-11-05,0.0
1969-11-06,0.0
1969-11-07,0.0
1969-11-08,0.0
1969-11-09,0.0
1969-11-10,0.0
1969-11-11,1.296266
1969-11-12,23.53868
1969-11-13,0.77775955
1969-11-14,0.0
1969-11-15,17.649282
1969-11-16,0.0
1969-11-17,0.0
1969-11-18,62.96112
1969-11-19,132.8676
1969-11-20,180.83832
1969-11-21,7.4831753
1969-11-22,7.240547
1969-11-23,70.08029
1969-11-24,8.087161
1969-11-25,0.0
1969-11-26,0.0
1969-11-27,0.0
1969-11-28,0.22700255
1969-11-29,19.8501
1969-11-30,65.57392
1969-12-01,33.400066
1969-12-02,0.0
1969-12-03,14.428033
1969-12-04,7.054507
1969-12-05,7.900821
1969-12-06,0.0
1969-12-07,0.0
1969-12-08,0.0
1969-12-09,0.0
1969-12-10,76.2698
1969-12-11,29.871696
1969-12-12,5.9605565
1969-12-13,8.005845
1969-12-14,29.072556
1969-12-15,0.0
1969-12-16,6.4801354
1969-12-17,5.8607774
1969-12-18,5.123626
1969-12-19,11.578495
1969-12-20,0.0
1969-12-21,0.0
1969-12-22,0.0
1969-12-23,0.0
1969-12-24,1.8860173
1969-12-25,0.0
1969-12-26,0.0
1969-12-27,0.0
1969-12-28,0.0
1969-12-29,0.0
1969-12-30,6.991916
1969-12-31,76.58343
1970-01-01,13.746203
1970-01-02,0.5660372
1970-01-03,0.0
1970-01-04,0.0
1970-01-05,0.0
1970-01-06,0.0
1970-01-07,0.0
1970-01-08,0.0
1970-01-09,0.0
1970-01-10,0.0
1970-01-11,0.0
1970-01-12,0.0
1970-01-13,0.0
1970-01-14,0.0
1970-01-15,0.0
1970-01-16,0.0
1970-01-17,0.0
1970-01-18,0.0
1970-01-19,0.3439522
1970-01-20,6.5462866
1970-01-21,0.0
1970-01-22,0.0
1970-01-23,0.0
1970-01-24,0.0
1970-01-25,0.0
1970-01-26,0.0
1970-01-27,0.0
1970-01-28,0.0
1970-01-29,0.0
1970-01-30,0.0
1970-01-31,0.0
1970-02-01,0.0
1970-02-02,0.0
1970-02-03,0.0
1970-02-04,0.0
1970-02-05,0.0
1970-02-06,0.0
1970-02-07,0.0
1970-02-08,0.0
1970-02-09,0.0
1970-02-10,0.0
1970-02-11,0.0
1970-02-12,0.0
1970-02-13,0.0
1970-02-14,0.0
1970-02-15,0.0
1970-02-16,0.0
1970-02-17,0.0
1970-02-18,0.0
1970-02-19,1.813471
1970-02-20,8.909777
1970-02-21,0.0
1970-02-22,8.971834
1970-02-23,0.0
1970-02-24,0.0
1970-02-25,0.0
1970-02-26,0.0
1970-02-27,0.0
1970-02-28,0.0
1970-03-01,0.0
1970-03-02,0.0
1970-03-03,0.0
1970-03-04,0.0
1970-03-05,0.0
1970-03-06,0.0
1970-03-07,0.0
1970-03-08,0.0
1970-03-09,0.0
1970-03-10,0.0
1970-03-11,0.0
1970-03-12,0.0
1970-03-13,0.0
1970-03-14,0.0
1970-03-15,0.0
1970-03-16,0.0
1970-03-17,0.0
1970-03-18,0.0
1970-03-19,0.0
1970-03-20,0.0
1970-03-21,0.0
1970-03-22,0.0
1970-03-23,0.0
1970-03-24,0.0
1970-03-25,0.0
1970-03-26,0.0
1970-03-27,0.0
1970-03-28,0.0
1970-03-29,0.0
1970-03-30,0.0
1970-03-31,0.0
1970-04-01,0.0
1970-04-02,0.0
1970-04-03,0.5843683
1970-04-04,0.0
1970-04-05,6.6039095
1970-04-06,6.86399
1970-04-07,0.0
1970-04-08,0.0
1970-04-09,0.0
1970-04-10,0.0
1970-04-11,0.0
1970-04-12,0.0
1970-04-13,0.0
1970-04-14,0.0
1970-04-15,0.0
1970-04-16,0.28649715
1970-04-17,0.0
1970-04-18,0.0
1970-04-19,0.0
1970-04-20,0.0
1970-04-21,0.0
1970-04-22,0.0
1970-04-23,0.0
1970-04-24,0.0
1970-04-25,0.0
1970-04-26,0.0
1970-04-27,0.0
1970-04-28,0.0
1970-04-29,0.0
1970-04-30,0.0
1970-05-01,0.0
1970-05-02,0.0
1970-05-03,0.0
1970-05-04,0.0
1970-05-05,0.0
1970-05-06,0.0
1970-05-07,0.0
1970-05-08,0.0
1970-05-09,0.0
1970-05-10,0.0
1970-05-11,0.4331337
1970-05-12,21.593494
1970-05-13,0.0
1970-05-14,0.0
1970-05-15,0.0
1970-05-16,0.0
1970-05-17,0.0
1970-05-18,31.892857
1970-05-19,0.0
1970-05-20,0.0
1970-05-21,0.0
1970-05-22,1.8888447
1970-05-23,0.0
1970-05-24,2.2974918
1970-05-25,0.0
1970-05-26,0.0
1970-05-27,0.0
1970-05-28,0.0
1970-05-29,0.0
1970-05-30,0.0
1970-05-31,0.0
1970-06-01,0.27807075
1970-06-02,0.4707975
1970-06-03,11.527495
1970-06-04,3.2436368
1970-06-05,0.0
1970-06-06,0.0
1970-06-07,0.0
1970-06-08,0.0
1970-06-09,0.0
1970-06-10,0.0
1970-06-11,0.0
1970-06-12,0.0
1970-06-13,0.0
1970-06-14,0.0
1970-06-15,0.0
1970-06-16,0.0
1970-06-17,0.0
1970-06-18,0.0
1970-06-19,0.0
1970-06-20,0.0
1970-06-21,0.0
1970-06-22,0.0
1970-06-23,10.86925
1970-06-24,0.0
1970-06-25,0.0
1970-06-26,3.623083
1970-06-27,0.0
1970-06-28,0.0
1970-06-29,0.0
1970-06-30,0.0
1970-07-01,0.0
1970-07-02,0.0
1970-07-03,0.0
1970-07-04,2.2598279
1970-07-05,0.0
1970-07-06,0.0
1970-07-07,0.0
1970-07-08,0.0
1970-07-09,0.0
1970-07-10,0.0
1970-07-11,0.0
1970-07-12,0.0
1970-07-13,0.0
1970-07-14,2.8994083
1970-07-15,0.0
1970-07-16,33.857468
1970-07-17,1.0769271
1970-07-18,3.9737043
1970-07-19,0.0
1970-07-20,0.5308624
1970-07-21,2.9873743
1970-07-22,0.27807075
1970-07-23,10.278994
1970-07-24,9.340031
1970-07-25,0.0
1970-07-26,0.7078164
1970-07-27,1.7221819
1970-07-28,0.0
1970-07-29,0.0
1970-07-30,0.0
1970-07-31,0.0
1970-08-01,0.0
1970-08-02,0.0
1970-08-03,0.8089332
1970-08-04,2.22217
1970-08-05,0.0
1970-08-06,0.0
1970-08-07,0.0
1970-08-08,0.0
1970-08-09,5.9605565
1970-08-10,0.0
1970-08-11,14.064193
1970-08-12,1.070961
1970-08-13,0.24436522
1970-08-14,0.0
1970-08-15,67.35126
1970-08-16,0.0
1970-08-17,0.0
1970-08-18,0.26121798
1970-08-19,16.49567
1970-08-20,3.623083
1970-08-21,0.76680124
1970-08-22,0.0
1970-08-23,0.94442236
1970-08-24,0.0
1970-08-25,13.030553
1970-08-26,14.392755
1970-08-27,0.11796941
1970-08-28,8.29803
1970-08-29,0.65196276
1970-08-30,0.0
1970-08-31,0.0
1970-09-01,0.0
1970-09-02,0.0
1970-09-03,0.0
1970-09-04,0.0
1970-09-05,0.0
1970-09-06,0.0
1970-09-07,0.0
1970-09-08,30.491167
1970-09-09,0.0
1970-09-10,59.188103
1970-09-11,0.0
1970-09-12,0.0
1970-09-13,0.0
1970-09-14,0.0
1970-09-15,0.0
1970-09-16,0.0
1970-09-17,36.45279
1970-09-18,10.225912
1970-09-19,0.0
1970-09-20,0.0
1970-09-21,2.605002
1970-09-22,0.0
1970-09-23,0.0
1970-09-24,32.229343
1970-09-25,0.0
1970-09-26,0.0
1970-09-27,0.0
1970-09-28,0.0
1970-09-29,0.0
1970-09-30,0.0
1970-10-01,0.0
1970-10-02,0.21908604
1970-10-03,0.0
1970-10-04,4.6295214
1970-10-05,14.66394
1970-10-06,0.0
1970-10-07,3.623083
1970-10-08,3.2408457
1970-10-09,3.285471
1970-10-10,16.418194
1970-10-11,0.0
1970-10-12,0.3142049
1970-10-13,6.7094884
1970-10-14,7.9060426
1970-10-15,3.0504289
1970-10-16,0.0
1970-10-17,3.0032687
1970-10-18,2.5257921
1970-10-19,1.296266
1970-10-20,5.287957
1970-10-21,0.0
1970-10-22,0.0
1970-10-23,0.0
1970-10-24,0.0
1970-10-25,0.0
1970-10-26,0.0
1970-10-27,0.0
1970-10-28,0.0
1970-10-29,0.0
1970-10-30,0.0
1970-10-31,0.0
1970-11-01,0.0
1970-11-02,0.0
1970-11-03,0.0
1970-11-04,0.0
1970-11-05,0.0
1970-11-06,67.88825
1970-11-07,36.05903
1970-11-08,2.7338617
1970-11-09,5.3191133
1970-11-10,0.0
1970-11-11,0.0
1970-11-12,0.0
1970-11-13,0.0
1970-11-14,0.0
1970-11-15,0.0
1970-11-16,3.2610886
1970-11-17,2.545176
1970-11-18,6.204792
1970-11-19,96.08941
1970-11-20,172.7125
1970-11-21,84.27772
1970-11-22,10.971616
1970-11-23,56.83571
1970-11-24,24.994608
1970-11-25,0.0
1970-11-26,14.987639
1970-11-27,6.963626
1970-11-28,24.887703
1970-11-29,40.025703
1970-11-30,6.83638
1970-12-01,0.0
1970-12-02,0.0
1970-12-03,0.0
1970-12-04,0.0
1970-12-05,0.0
1970-12-06,0.0
1970-12-07,0.0
1970-12-08,0.0
1970-12-09,0.0
1970-12-10,0.0
1970-12-11,11.399337
1970-12-12,6.521052
1970-12-13,0.0
1970-12-14,0.0
1970-12-15,0.0
1970-12-16,0.0
1970-12-17,0.0
1970-12-18,0.0
1970-12-19,0.0
1970-12-20,0.0
1970-12-21,0.0
1970-12-22,0.0
1970-12-23,0.0
1970-12-24,0.0
1970-12-25,0.0
1970-12-26,0.0
1970-12-27,2.1908605
1970-12-28,17.511118
1970-12-29,0.0
1970-12-30,0.0
1970-12-31,0.0
1971-01-01,0.0
1971-01-02,0.0
1971-01-03,0.0
1971-01-04,0.0
1971-01-05,0.0
1971-01-06,0.0
1971-01-07,0.0
1971-01-08,0.0
1971-01-09,4.4221206
1971-01-10,0.0
1971-01-11,0.0
1971-01-12,0.0
1971-01-13,0.0
1971-01-14,0.0
1971-01-15,0.0
1971-01-16,0.0
1971-01-17,0.0
1971-01-18,0.0
1971-01-19,0.0
1971-01-20,0.0
1971-01-21,0.0
1971-01-22,0.0
1971-01-23,0.0
1971-01-24,23.629845
1971-01-25,47.64641
1971-01-26,0.0
1971-01-27,0.0
1971-01-28,0.0
1971-01-29,0.0
1971-01-30,0.0
1971-01-31,0.0
1971-02-01,0.0
1971-02-02,0.0
1971-02-03,0.0
1971-02-04,0.0
1971-02-05,0.0
1971-02-06,0.0
1971-02-07,0.0
1971-02-08,0.0
1971-02-09,0.0
1971-02-10,0.0
1971-02-11,0.0
1971-02-12,0.0
1971-02-13,0.0
1971-02-14,0.0
1971-02-15,0.0
1971-02-16,0.0
1971-02-17,0.0
1971-02-18,0.0
1971-02-19,0.0
1971-02-20,0.0
1971-02-21,0.0
1971-02-22,0.0
1971-02-23,0.0
1971-02-24,0.0
1971-02-25,0.0
1971-02-26,0.0
1971-02-27,0.0
1971-02-28,42.266094
1971-03-01,3.460635
1971-03-02,0.0
1971-03-03,0.0
1971-03-04,0.0
1971-03-05,0.0
1971-03-06,29.795238
1971-03-07,5.3309746
1971-03-08,0.0
1971-03-09,4.139481
1971-03-10,27.997042
1971-03-11,0.0
1971-03-12,0.0
1971-03-13,0.0
1971-03-14,0.0
1971-03-15,0.0
1971-03-16,0.0
1971-03-17,0.0
1971-03-18,0.0
1971-03-19,0.0
1971-03-20,0.0
1971-03-21,0.0
1971-03-22,0.0
1971-03-23,0.0
1971-03-24,0.0
1971-03-25,0.0
1971-03-26,0.0
1971-03-27,0.0
1971-03-28,0.0
1971-03-29,0.0
1971-03-30,0.0
1971-03-31,0.0
1971-04-01,0.0
1971-04-02,0.0
1971-04-03,0.0
1971-04-04,0.0
1971-04-05,0.0
1971-04-06,0.0
1971-04-07,0.0
1971-04-08,0.0
1971-04-09,0.0
1971-04-10,0.0
1971-04-11,0.0
1971-04-12,0.0
1971-04-13,0.0
1971-04-14,0.0
1971-04-15,0.0
1971-04-16,0.0
1971-04-17,0.0
1971-04-18,0.0
1971-04-19,13.50764
1971-04-20,0.0
1971-04-21,0.0
1971-04-22,0.0
1971-04-23,5.645052
1971-04-24,0.0
1971-04-25,0.0
1971-04-26,0.0
1971-04-27,0.0
1971-04-28,0.0
1971-04-29,0.0
1971-04-30,0.0
1971-05-01,0.0
1971-05-02,0.0
1971-05-03,0.0
1971-05-04,0.0
1971-05-05,0.0
1971-05-06,0.376638
1971-05-07,0.0
1971-05-08,0.0
1971-05-09,0.0
1971-05-10,0.0
1971-05-11,0.0
1971-05-12,0.0
1971-05-13,0.0
1971-05-14,0.0
1971-05-15,0.0
1971-05-16,0.0
1971-05-17,0.0
1971-05-18,0.7592415
1971-05-19,0.0
1971-05-20,24.446182
1971-05-21,0.0
1971-05-22,0.0
1971-05-23,0.46345127
1971-05-24,0.0
1971-05-25,0.0
1971-05-26,0.0
1971-05-27,0.42131934
1971-05-28,0.0
1971-05-29,0.0
1971-05-30,2.3693705
1971-05-31,0.0
1971-06-01,0.0
1971-06-02,0.5925787
1971-06-03,0.0
1971-06-04,0.0
1971-06-05,0.0
1971-06-06,0.0
1971-06-07,0.0
1971-06-08,0.0
1971-06-09,0.0
1971-06-10,0.0
1971-06-11,1.6929523
1971-06-12,0.0
1971-06-13,0.0
1971-06-14,0.0
1971-06-15,0.0
1971-06-16,6.116611
1971-06-17,0.2259828
1971-06-18,8.550512
1971-06-19,1.8888447
1971-06-20,0.0
1971-06-21,0.0
1971-06-22,0.0
1971-06-23,0.0
1971-06-24,0.0
1971-06-25,0.0
1971-06-26,0.0
1971-06-27,4.850257
1971-06-28,0.0
1971-06-29,0.0
1971-06-30,2.44156
1971-07-01,0.0
1971-07-02,0.0
1971-07-03,0.0
1971-07-04,0.0
1971-07-05,18.8722
1971-07-06,0.0
1971-07-07,1.0545863
1971-07-08,9.473932
1971-07-09,0.0
1971-07-10,0.25279158
1971-07-11,0.9039312
1971-07-12,1.7036638
1971-07-13,1.2218261
1971-07-14,0.0
1971-07-15,0.0
1971-07-16,1.1236377
1971-07-17,0.0
1971-07-18,0.0
1971-07-19,0.0
1971-07-20,0.0
1971-07-21,0.0
1971-07-22,0.0
1971-07-23,0.0
1971-07-24,0.67411095
1971-07-25,0.60262084
1971-07-26,0.0
1971-07-27,0.0
1971-07-28,0.0
1971-07-29,0.0
1971-07-30,0.0
1971-07-31,6.22561
1971-08-01,5.168034
1971-08-02,0.0
1971-08-03,31.576105
1971-08-04,0.0
1971-08-05,0.0
1971-08-06,0.0
1971-08-07,0.0
1971-08-08,0.0
1971-08-09,0.0
1971-08-10,6.46465
1971-08-11,0.0
1971-08-12,0.0
1971-08-13,0.0
1971-08-14,0.0
1971-08-15,14.55077
1971-08-16,0.77775955
1971-08-17,0.0
1971-08-18,4.190222
1971-08-19,0.0
1971-08-20,0.0
1971-08-21,21.212568
1971-08-22,1.438242
1971-08-23,11.266662
1971-08-24,19.401636
1971-08-25,0.1129914
1971-08-26,3.2221467
1971-08-27,0.0
1971-08-28,9.135011
1971-08-29,0.56495696
1971-08-30,0.56495696
1971-08-31,0.79958963
1971-09-01,0.0
1971-09-02,0.0
1971-09-03,1.0954303
1971-09-04,0.0
1971-09-05,0.33897418
1971-09-06,0.0
1971-09-07,0.0
1971-09-08,0.0
1971-09-09,0.0
1971-09-10,0.0
1971-09-11,0.0
1971-09-12,0.0
1971-09-13,16.064932
1971-09-14,0.0
1971-09-15,0.0
1971-09-16,0.0
1971-09-17,0.0
1971-09-18,8.988518
1971-09-19,0.0
1971-09-20,0.0
1971-09-21,0.0
1971-09-22,4.6749463
1971-09-23,2.0338452
1971-09-24,2.7463253
1971-09-25,6.368016
1971-09-26,1.1675777
1971-09-27,0.0
1971-09-28,0.0
1971-09-29,42.926853
1971-09-30,0.0
1971-10-01,0.0
1971-10-02,0.0
1971-10-03,0.0
1971-10-04,0.0
1971-10-05,0.0
1971-10-06,0.0
1971-10-07,0.0
1971-10-08,0.4827255
1971-10-09,9.001648
1971-10-10,4.9671307
1971-10-11,6.3146667
1971-10-12,0.0
1971-10-13,0.0
1971-10-14,61.58001
1971-10-15,0.0
1971-10-16,0.0
1971-10-17,7.135899
1971-10-18,0.0
1971-10-19,4.1028395
1971-10-20,5.981944
1971-10-21,10.188861
1971-10-22,22.148647
1971-10-23,48.08591
1971-10-24,72.73189
1971-10-25,53.53129
1971-10-26,10.936629
1971-10-27,0.0
1971-10-28,0.0
1971-10-29,15.587175
1971-10-30,5.8002253
1971-10-31,0.0
1971-11-01,0.0
1971-11-02,0.0
1971-11-03,0.0
1971-11-04,7.713661
1971-11-05,0.0
1971-11-06,0.0
1971-11-07,0.0
1971-11-08,0.0
1971-11-09,0.0
1971-11-10,0.0
1971-11-11,0.0
1971-11-12,29.87022
1971-11-13,5.2593145
1971-11-14,0.0
1971-11-15,5.6048393
1971-11-16,0.0
1971-11-17,0.0
1971-11-18,1.2102656
1971-11-19,11.583143
1971-11-20,9.956071
1971-11-21,2.9814117
1971-11-22,0.0
1971-11-23,20.5714
1971-11-24,18.541964
1971-11-25,0.0
1971-11-26,0.2259828
1971-11-27,0.5555425
1971-11-28,13.6416445
1971-11-29,10.12897
1971-11-30,0.0
1971-12-01,0.0
1971-12-02,4.0577097
1971-12-03,62.400352
1971-12-04,44.31798
1971-12-05,0.0
1971-12-06,0.0
1971-12-07,1.7248601
1971-12-08,105.25504
1971-12-09,30.691095
1971-12-10,18.906883
1971-12-11,38.792557
1971-12-12,15.735905
1971-12-13,0.0
1971-12-14,27.16114
1971-12-15,13.832026
1971-12-16,45.73526
1971-12-17,12.511998
1971-12-18,0.3025474
1971-12-19,0.0
1971-12-20,0.0
1971-12-21,0.0
1971-12-22,0.0
1971-12-23,0.0
1971-12-24,0.0
1971-12-25,0.0
1971-12-26,0.0
1971-12-27,0.0
1971-12-28,0.0
1971-12-29,0.0
1971-12-30,0.0
1971-12-31,0.0
1972-01-01,0.0
1972-01-02,0.0
1972-01-03,0.0
1972-01-04,0.0
1972-01-05,0.0
1972-01-06,0.0
1972-01-07,0.0
1972-01-08,0.0
1972-01-09,0.0
1972-01-10,0.0
1972-01-11,0.0
1972-01-12,0.0
1972-01-13,0.0
1972-01-14,0.0
1972-01-15,0.0
1972-01-16,0.0
1972-01-17,0.0
1972-01-18,0.0
1972-01-19,0.0
1972-01-20,0.0
1972-01-21,0.0
1972-01-22,0.0
1972-01-23,0.0
1972-01-24,0.0
1972-01-25,0.0
1972-01-26,0.0
1972-01-27,0.0
1972-01-28,0.0
1972-01-29,0.0
1972-01-30,0.0
1972-01-31,0.0
1972-02-01,0.0
1972-02-02,0.0
1972-02-03,0.0
1972-02-04,0.0
1972-02-05,0.0
1972-02-06,0.0
1972-02-07,0.0
1972-02-08,0.0
1972-02-09,0.0
1972-02-10,0.0
1972-02-11,0.0
1972-02-12,0.0
1972-02-13,0.0
1972-02-14,0.0
1972-02-15,0.0
1972-02-16,0.0
1972-02-17,0.0
1972-02-18,0.0
1972-02-19,0.0
1972-02-20,0.0
1972-02-21,0.0
1972-02-22,0.0
1972-02-23,0.0
1972-02-24,0.0
1972-02-25,0.0
1972-02-26,0.0
1972-02-27,0.0
1972-02-28,0.0
1972-02-29,0.0
1972-03-01,0.0
1972-03-02,0.0
1972-03-03,0.0
1972-03-04,0.0
1972-03-05,0.0
1972-03-06,0.0
1972-03-07,0.0
1972-03-08,0.0
1972-03-09,0.0
1972-03-10,0.0
1972-03-11,0.0
1972-03-12,0.0
1972-03-13,0.0
1972-03-14,0.0
1972-03-15,0.0
1972-03-16,0.0
1972-03-17,0.0
1972-03-18,0.0
1972-03-19,0.0
1972-03-20,0.0
1972-03-21,0.0
1972-03-22,0.0
1972-03-23,0.0
1972-03-24,0.0
1972-03-25,0.0
1972-03-26,0.0
1972-03-27,0.0
1972-03-28,0.0
1972-03-29,0.0
1972-03-30,0.0
1972-03-31,0.0
1972-04-01,0.0
1972-04-02,0.0
1972-04-03,0.0
1972-04-04,0.0
1972-04-05,0.0
1972-04-06,0.0
1972-04-07,0.0
1972-04-08,0.0
1972-04-09,0.0
1972-04-10,5.1576324
1972-04-11,0.46418688
1972-04-12,0.77364486
1972-04-13,0.0
1972-04-14,0.0
1972-04-15,0.0
1972-04-16,0.30945796
1972-04-17,0.0
1972-04-18,0.0
1972-04-19,0.0
1972-04-20,0.0
1972-04-21,0.0
1972-04-22,0.0
1972-04-23,0.0
1972-04-24,0.0
1972-04-25,0.0
1972-04-26,0.0
1972-04-27,0.0
1972-04-28,0.0
1972-04-29,0.0
1972-04-30,0.0
1972-05-01,0.0
1972-05-02,0.0
1972-05-03,0.0
1972-05-04,1.2947928
1972-05-05,0.0
1972-05-06,0.0
1972-05-07,0.0
1972-05-08,0.0
1972-05-09,0.0
1972-05-10,10.20493
1972-05-11,9.69301
1972-05-12,1.1889879
1972-05-13,16.964064
1972-05-14,0.0
1972-05-15,0.1270965
1972-05-16,0.0
1972-05-17,0.0
1972-05-18,0.0
1972-05-19,0.0
1972-05-20,0.0
1972-05-21,0.0
1972-05-22,0.0
1972-05-23,0.0
1972-05-24,0.9101158
1972-05-25,0.0
1972-05-26,3.7997015
1972-05-27,0.99599445
1972-05-28,0.0
1972-05-29,0.0
1972-05-30,0.0
1972-05-31,0.0
1972-06-01,0.0
1972-06-02,0.0
1972-06-03,0.0
1972-06-04,0.0
1972-06-05,0.0
1972-06-06,0.0
1972-06-07,0.0
1972-06-08,12.796268
1972-06-09,0.0
1972-06-10,0.0
1972-06-11,0.0
1972-06-12,0.31774127
1972-06-13,0.0
1972-06-14,0.0
1972-06-15,0.0
1972-06-16,0.0
1972-06-17,0.0
1972-06-18,0.0
1972-06-19,0.0
1972-06-20,0.0
1972-06-21,6.166611
1972-06-22,3.280238
1972-06-23,0.0
1972-06-24,0.0
1972-06-25,0.0
1972-06-26,0.0
1972-06-27,0.0
1972-06-28,0.0
1972-06-29,0.0
1972-06-30,0.0
1972-07-01,0.0
1972-07-02,0.0
1972-07-03,0.0
1972-07-04,0.0
1972-07-05,0.0
1972-07-06,0.0
1972-07-07,2.3433614
1972-07-08,0.74023813
1972-07-09,0.0
1972-07-10,0.0
1972-07-11,0.0
1972-07-12,0.0
1972-07-13,0.0
1972-07-14,0.0
1972-07-15,0.0
1972-07-16,1.8727919
1972-07-17,0.7007454
1972-07-18,0.0
1972-07-19,17.748772
1972-07-20,0.0
1972-07-21,8.31032
1972-07-22,6.6081104
1972-07-23,2.834976
1972-07-24,2.123471
1972-07-25,12.580983
1972-07-26,0.0
1972-07-27,0.0
1972-07-28,0.0
1972-07-29,0.0
1972-07-30,0.0
1972-07-31,1.7362126
1972-08-01,0.0
1972-08-02,0.0
1972-08-03,0.0
1972-08-04,0.0
1972-08-05,0.0
1972-08-06,0.0
1972-08-07,1.9810022
1972-08-08,0.2578816
1972-08-09,21.897476
1972-08-10,9.051778
1972-08-11,4.5127654
1972-08-12,0.0
1972-08-13,24.968317
1972-08-14,0.70538557
1972-08-15,0.0
1972-08-16,5.4670906
1972-08-17,3.3225307
1972-08-18,6.189159
1972-08-19,19.370573
1972-08-20,0.0
1972-08-21,0.0
1972-08-22,0.0
1972-08-23,0.0
1972-08-24,0.0
1972-08-25,0.0
1972-08-26,0.0
1972-08-27,0.0
1972-08-28,0.0
1972-08-29,0.0
1972-08-30,0.0
1972-08-31,0.0
1972-09-01,0.0
1972-09-02,0.0
1972-09-03,0.0
1972-09-04,0.0
1972-09-05,0.0
1972-09-06,0.0
1972-09-07,0.0
1972-09-08,25.702063
1972-09-09,13.620349
1972-09-10,0.0
1972-09-11,0.0
1972-09-12,0.0
1972-09-13,0.0
1972-09-14,0.0
1972-09-15,0.0
1972-09-16,0.34951538
1972-09-17,0.0
1972-09-18,0.0
1972-09-19,0.13980615
1972-09-20,0.0
1972-09-21,0.0
1972-09-22,3.549376
1972-09-23,2.0915883
1972-09-24,0.0
1972-09-25,2.5755112
1972-09-26,0.0
1972-09-27,0.19699956
1972-09-28,0.10167721
1972-09-29,18.35622
1972-09-30,5.0793295
1972-10-01,0.0
1972-10-02,33.116814
1972-10-03,38.17594
1972-10-04,0.0
1972-10-05,8.12714
1972-10-06,4.9262047
1972-10-07,0.0
1972-10-08,3.1502168
1972-10-09,35.106903
1972-10-10,0.0
1972-10-11,0.0
1972-10-12,0.0
1972-10-13,0.0
1972-10-14,0.0
1972-10-15,0.0
1972-10-16,0.0
1972-10-17,0.0
1972-10-18,0.0
1972-10-19,0.0
1972-10-20,0.5157632
1972-10-21,47.439823
1972-10-22,34.042805
1972-10-23,4.869144
1972-10-24,6.649418
1972-10-25,5.315161
1972-10-26,51.301266
1972-10-27,118.326416
1972-10-28,82.81978
1972-10-29,0.0
1972-10-30,5.37591
1972-10-31,20.510412
1972-11-01,17.864275
1972-11-02,6.8215833
1972-11-03,26.937569
1972-11-04,2.1500893
1972-11-05,23.746595
1972-11-06,17.766172
1972-11-07,75.96695
1972-11-08,7.3769827
1972-11-09,70.64077
1972-11-10,0.0
1972-11-11,0.0
1972-11-12,1.363471
1972-11-13,0.0
1972-11-14,0.0
1972-11-15,4.0103655
1972-11-16,2.936707
1972-11-17,2.1500893
1972-11-18,0.0
1972-11-19,0.0
1972-11-20,0.0
1972-11-21,0.0
1972-11-22,0.0
1972-11-23,5.1376824
1972-11-24,1.4159123
1972-11-25,0.0
1972-11-26,0.0
1972-11-27,2.3636496
1972-11-28,2.4247122
1972-11-29,39.146046
1972-11-30,0.0
1972-12-01,0.0
1972-12-02,0.0
1972-12-03,0.46418688
1972-12-04,8.630483
1972-12-05,42.08621
1972-12-06,180.28857
1972-12-07,68.07936
1972-12-08,17.357935
1972-12-09,3.178628
1972-12-10,0.0
1972-12-11,0.0
1972-12-12,4.047526
1972-12-13,7.9943295
1972-12-14,31.393726
1972-12-15,0.0
1972-12-16,0.0
1972-12-17,0.0
1972-12-18,0.0
1972-12-19,0.0
1972-12-20,0.0
1972-12-21,0.0
1972-12-22,0.0
1972-12-23,0.0
1972-12-24,2.1662054
1972-12-25,1.158623
1972-12-26,0.0
1972-12-27,0.30945796
1972-12-28,0.0
1972-12-29,0.0
1972-12-30,0.0
1972-12-31,0.0
1973-01-01,0.0
1973-01-02,0.0
1973-01-03,0.0
1973-01-04,0.0
1973-01-05,0.0
1973-01-06,0.0
1973-01-07,0.0
1973-01-08,0.0
1973-01-09,0.0
1973-01-10,0.0
1973-01-11,0.0
1973-01-12,0.0
1973-01-13,0.0
1973-01-14,0.0
1973-01-15,0.0
1973-01-16,0.0
1973-01-17,0.0
1973-01-18,0.0
1973-01-19,0.0
1973-01-20,0.0
1973-01-21,0.0
1973-01-22,0.0
1973-01-23,0.0
1973-01-24,0.0
1973-01-25,0.0
1973-01-26,0.0
1973-01-27,0.0
1973-01-28,0.0
1973-01-29,0.0
1973-01-30,0.0
1973-01-31,0.0
1973-02-01,0.0
1973-02-02,0.0
1973-02-03,0.0
1973-02-04,0.0
1973-02-05,0.0
1973-02-06,0.0
1973-02-07,0.0
1973-02-08,0.0
1973-02-09,0.0
1973-02-10,0.0
1973-02-11,0.0
1973-02-12,0.0
1973-02-13,0.0
1973-02-14,0.0
1973-02-15,0.0
1973-02-16,0.0
1973-02-17,0.0
1973-02-18,0.0
1973-02-19,0.0
1973-02-20,0.0
1973-02-21,0.0
1973-02-22,0.0
1973-02-23,0.0
1973-02-24,0.0
1973-02-25,0.0
1973-02-26,0.0
1973-02-27,0.0
1973-02-28,0.0
1973-03-01,0.0
1973-03-02,0.0
1973-03-03,0.0
1973-03-04,0.0
1973-03-05,0.0
1973-03-06,0.0
1973-03-07,0.0
1973-03-08,0.0
1973-03-09,0.0
1973-03-10,0.0
1973-03-11,0.0
1973-03-12,0.0
1973-03-13,0.0
1973-03-14,0.0
1973-03-15,0.0
1973-03-16,0.0
1973-03-17,0.0
1973-03-18,0.0
1973-03-19,0.0
1973-03-20,0.0
1973-03-21,0.0
1973-03-22,0.0
1973-03-23,0.0
1973-03-24,0.0
1973-03-25,0.0
1973-03-26,0.0
1973-03-27,0.0
1973-03-28,0.0
1973-03-29,0.0
1973-03-30,0.7962777
1973-03-31,0.0
1973-04-01,0.0
1973-04-02,0.0
1973-04-03,0.0
1973-04-04,0.0
1973-04-05,0.0
1973-04-06,0.0
1973-04-07,0.0
1973-04-08,0.0
1973-04-09,0.0
1973-04-10,0.0
1973-04-11,0.0
1973-04-12,0.0
1973-04-13,0.0
1973-04-14,0.0
1973-04-15,0.0
1973-04-16,0.0
1973-04-17,0.0
1973-04-18,0.0
1973-04-19,0.0
1973-04-20,0.0
1973-04-21,0.0
1973-04-22,0.0
1973-04-23,0.0
1973-04-24,0.0
1973-04-25,0.0
1973-04-26,0.0
1973-04-27,0.0
1973-04-28,0.0
1973-04-29,0.0
1973-04-30,0.0
1973-05-01,0.0
1973-05-02,0.0
1973-05-03,0.0
1973-05-04,0.0
1973-05-05,0.0
1973-05-06,0.0
1973-05-07,0.0
1973-05-08,0.0
1973-05-09,0.0
1973-05-10,0.0
1973-05-11,2.5423064
1973-05-12,17.229256
1973-05-13,3.96287
1973-05-14,0.0
1973-05-15,0.0
1973-05-16,0.0
1973-05-17,0.0
1973-05-18,5.258423
1973-05-19,0.0
1973-05-20,0.2407351
1973-05-21,0.0
1973-05-22,18.378023
1973-05-23,0.0
1973-05-24,0.0
1973-05-25,0.0
1973-05-26,0.0
1973-05-27,0.0
1973-05-28,0.0
1973-05-29,0.0
1973-05-30,0.0
1973-05-31,0.0
1973-06-01,0.0
1973-06-02,0.0
1973-06-03,42.473755
1973-06-04,0.29492354
1973-06-05,0.56495696
1973-06-06,0.0
1973-06-07,0.0
1973-06-08,0.0
1973-06-09,0.0
1973-06-10,0.0
1973-06-11,0.0
1973-06-12,8.518211
1973-06-13,0.0
1973-06-14,0.0
1973-06-15,0.0
1973-06-16,0.0
1973-06-17,0.0
1973-06-18,0.0
1973-06-19,0.0
1973-06-20,1.2449449
1973-06-21,14.609208
1973-06-22,1.7970073
1973-06-23,12.561662
1973-06-24,0.0
1973-06-25,0.0
1973-06-26,0.0
1973-06-27,0.0
1973-06-28,0.0
1973-06-29,0.0
1973-06-30,0.0
1973-07-01,0.0
1973-07-02,0.0
1973-07-03,0.0
1973-07-04,0.0
1973-07-05,0.376638
1973-07-06,0.0
1973-07-07,0.0
1973-07-08,0.0
1973-07-09,0.0
1973-07-10,0.0
1973-07-11,0.0
1973-07-12,0.0
1973-07-13,0.0
1973-07-14,0.0
1973-07-15,8.662674
1973-07-16,0.0
1973-07-17,0.0
1973-07-18,0.0
1973-07-19,0.0
1973-07-20,0.0
1973-07-21,0.0
1973-07-22,0.0
1973-07-23,0.0
1973-07-24,0.0
1973-07-25,0.0
1973-07-26,0.0
1973-07-27,0.0
1973-07-28,0.0
1973-07-29,0.0
1973-07-30,0.0
1973-07-31,0.0
1973-08-01,0.0
1973-08-02,4.960109
1973-08-03,1.7098655
1973-08-04,9.450982
1973-08-05,3.562126
1973-08-06,12.150817
1973-08-07,0.0
1973-08-08,0.0
1973-08-09,0.0
1973-08-10,0.0
1973-08-11,20.399788
1973-08-12,3.6374536
1973-08-13,5.7337236
1973-08-14,0.0
1973-08-15,0.0
1973-08-16,0.28247848
1973-08-17,0.0
1973-08-18,0.0
1973-08-19,0.0
1973-08-20,5.464148
1973-08-21,0.0
1973-08-22,0.0
1973-08-23,0.0
1973-08-24,0.0
1973-08-25,0.0
1973-08-26,0.0
1973-08-27,0.0
1973-08-28,0.0
1973-08-29,0.0
1973-08-30,0.0
1973-08-31,8.365438
1973-09-01,15.755634
1973-09-02,0.0
1973-09-03,0.0
1973-09-04,0.0
1973-09-05,0.0
1973-09-06,0.0
1973-09-07,0.0
1973-09-08,0.63197905
1973-09-09,0.0
1973-09-10,4.584096
1973-09-11,0.9901005
1973-09-12,0.0
1973-09-13,0.0
1973-09-14,38.162334
1973-09-15,0.0
1973-09-16,2.787121
1973-09-17,0.0
1973-09-18,0.0
1973-09-19,9.629475
1973-09-20,39.492474
1973-09-21,0.0
1973-09-22,0.0
1973-09-23,0.0
1973-09-24,0.0
1973-09-25,0.0
1973-09-26,0.0
1973-09-27,0.0
1973-09-28,0.25279158
1973-09-29,0.0
1973-09-30,2.071509
1973-10-01,10.175318
1973-10-02,0.0
1973-10-03,0.0
1973-10-04,0.0
1973-10-05,0.0
1973-10-06,0.0
1973-10-07,0.0
1973-10-08,0.0
1973-10-09,0.0
1973-10-10,0.111191206
1973-10-11,0.0
1973-10-12,3.2090645
1973-10-13,0.0
1973-10-14,0.5971061
1973-10-15,0.39843515
1973-10-16,7.0947957
1973-10-17,3.261687
1973-10-18,0.33099255
1973-10-19,8.909227
1973-10-20,13.183133
1973-10-21,37.776337
1973-10-22,28.72581
1973-10-23,0.0
1973-10-24,1.8158959
1973-10-25,18.742605
1973-10-26,1.3749207
1973-10-27,1.5850645
1973-10-28,9.634558
1973-10-29,7.193819
1973-10-30,49.481503
1973-10-31,60.529266
1973-11-01,29.001041
1973-11-02,3.372653
1973-11-03,0.1895937
1973-11-04,12.116379
1973-11-05,0.0
1973-11-06,0.9671291
1973-11-07,0.0
1973-11-08,0.0
1973-11-09,0.0
1973-11-10,0.0
1973-11-11,0.0
1973-11-12,0.0
1973-11-13,0.0
1973-11-14,0.0
1973-11-15,40.593185
1973-11-16,0.0
1973-11-17,0.0
1973-11-18,9.575875
1973-11-19,0.0
1973-11-20,0.0
1973-11-21,0.0
1973-11-22,0.0
1973-11-23,0.0
1973-11-24,0.0
1973-11-25,36.228264
1973-11-26,73.74885
1973-11-27,0.0
1973-11-28,0.0
1973-11-29,2.8581014
1973-11-30,9.857559
1973-12-01,0.0
1973-12-02,0.0
1973-12-03,0.6966211
1973-12-04,6.143225
1973-12-05,0.0
1973-12-06,0.0
1973-12-07,0.0
1973-12-08,0.0
1973-12-09,0.0
1973-12-10,0.0
1973-12-11,0.0
1973-12-12,0.0
1973-12-13,2.5331182
1973-12-14,0.14825495
1973-12-15,29.567518
1973-12-16,18.072
1973-12-17,22.376879
1973-12-18,0.0
1973-12-19,0.0
1973-12-20,0.0
1973-12-21,0.0
1973-12-22,0.0
1973-12-23,0.0
1973-12-24,0.0
1973-12-25,0.0
1973-12-26,0.0
1973-12-27,0.0
1973-12-28,11.941398
1973-12-29,4.7463074
1973-12-30,0.0
1973-12-31,3.1873815
1974-01-01,0.0
1974-01-02,0.0
1974-01-03,0.0
1974-01-04,0.0
1974-01-05,0.0
1974-01-06,0.0
1974-01-07,0.0
1974-01-08,0.0
1974-01-09,0.0
1974-01-10,0.0
1974-01-11,0.0
1974-01-12,0.0
1974-01-13,0.0
1974-01-14,0.0
1974-01-15,0.0
1974-01-16,0.0
1974-01-17,0.0
1974-01-18,0.0
1974-01-19,0.0
1974-01-20,0.0
1974-01-21,0.0
1974-01-22,0.0
1974-01-23,0.0
1974-01-24,0.0
1974-01-25,0.0
1974-01-26,0.0
1974-01-27,0.0
1974-01-28,0.0
1974-01-29,0.0
1974-01-30,0.0
1974-01-31,0.0
1974-02-01,0.0
1974-02-02,0.0
1974-02-03,0.0
1974-02-04,0.0
1974-02-05,0.0
1974-02-06,0.0
1974-02-07,0.0
1974-02-08,0.0
1974-02-09,0.0
1974-02-10,0.0
1974-02-11,0.0
1974-02-12,0.0
1974-02-13,0.0
1974-02-14,1.5142184
1974-02-15,3.8417075
1974-02-16,0.0
1974-02-17,0.0
1974-02-18,0.0
1974-02-19,0.0
1974-02-20,0.0
1974-02-21,0.0
1974-02-22,0.0
1974-02-23,0.0
1974-02-24,0.0
1974-02-25,0.0
1974-02-26,0.0
1974-02-27,0.0
1974-02-28,0.0
1974-03-01,16.763512
1974-03-02,0.0
1974-03-03,0.0
1974-03-04,0.0
1974-03-05,0.0
1974-03-06,0.0
1974-03-07,0.0
1974-03-08,0.0
1974-03-09,0.0
1974-03-10,0.0
1974-03-11,0.0
1974-03-12,0.0
1974-03-13,0.0
1974-03-14,0.0
1974-03-15,0.0
1974-03-16,0.0
1974-03-17,0.0
1974-03-18,0.0
1974-03-19,0.0
1974-03-20,0.0
1974-03-21,0.0
1974-03-22,0.0
1974-03-23,0.0
1974-03-24,0.0
1974-03-25,0.0
1974-03-26,0.0
1974-03-27,0.0
1974-03-28,0.0
1974-03-29,0.0
1974-03-30,0.0
1974-03-31,0.0
1974-04-01,0.0
1974-04-02,0.0
1974-04-03,0.0
1974-04-04,0.0
1974-04-05,0.0
1974-04-06,0.0
1974-04-07,0.0
1974-04-08,0.0
1974-04-09,0.0
1974-04-10,0.0
1974-04-11,0.0
1974-04-12,0.0
1974-04-13,0.0
1974-04-14,0.0
1974-04-15,0.0
1974-04-16,0.0
1974-04-17,0.0
1974-04-18,0.0
1974-04-19,0.0
1974-04-20,0.0
1974-04-21,0.0
1974-04-22,0.0
1974-04-23,0.0
1974-04-24,0.0
1974-04-25,0.0
1974-04-26,0.0
1974-04-27,0.0
1974-04-28,0.0
1974-04-29,0.0
1974-04-30,0.0
1974-05-01,0.0
1974-05-02,0.0
1974-05-03,0.0
1974-05-04,0.0
1974-05-05,0.0
1974-05-06,0.0
1974-05-07,0.0
1974-05-08,0.0
1974-05-09,0.0
1974-05-10,0.0
1974-05-11,0.0
1974-05-12,0.4519656
1974-05-13,0.0
1974-05-14,0.0
1974-05-15,0.0
1974-05-16,0.0
1974-05-17,0.0
1974-05-18,0.0
1974-05-19,0.0
1974-05-20,0.0
1974-05-21,0.0
1974-05-22,0.0
1974-05-23,0.0
1974-05-24,0.0
1974-05-25,0.0
1974-05-26,0.0
1974-05-27,5.64957
1974-05-28,0.33705547
1974-05-29,0.0
1974-05-30,0.0
1974-05-31,0.0
1974-06-01,0.0
1974-06-02,0.0
1974-06-03,0.0
1974-06-04,0.376638
1974-06-05,0.0
1974-06-06,0.0
1974-06-07,0.0
1974-06-08,0.0
1974-06-09,0.0
1974-06-10,0.0
1974-06-11,0.0
1974-06-12,0.0
1974-06-13,1.9161495
1974-06-14,9.57091
1974-06-15,0.0
1974-06-16,0.0
1974-06-17,0.0
1974-06-18,0.0
1974-06-19,0.0
1974-06-20,0.0
1974-06-21,0.0
1974-06-22,0.0
1974-06-23,5.2635236
1974-06-24,0.0
1974-06-25,0.0
1974-06-26,0.0
1974-06-27,0.0
1974-06-28,0.0
1974-06-29,0.15563321
1974-06-30,0.0
1974-07-01,1.4553941
1974-07-02,6.8316503
1974-07-03,0.0
1974-07-04,0.1129914
1974-07-05,0.0
1974-07-06,0.58180976
1974-07-07,0.87035
1974-07-08,0.0
1974-07-09,0.0
1974-07-10,0.0
1974-07-11,0.0
1974-07-12,0.0
1974-07-13,0.0
1974-07-14,0.0
1974-07-15,0.0
1974-07-16,0.0
1974-07-17,0.0
1974-07-18,0.0
1974-07-19,0.0
1974-07-20,0.0
1974-07-21,0.0
1974-07-22,0.0
1974-07-23,0.0
1974-07-24,0.0
1974-07-25,0.0
1974-07-26,0.0
1974-07-27,5.4009986
1974-07-28,0.0
1974-07-29,0.0
1974-07-30,2.0715268
1974-07-31,6.3883057
1974-08-01,0.0
1974-08-02,0.5823197
1974-08-03,6.4881706
1974-08-04,0.0
1974-08-05,0.0
1974-08-06,0.15065521
1974-08-07,0.4814702
1974-08-08,0.0
1974-08-09,0.0
1974-08-10,0.0
1974-08-11,0.7156122
1974-08-12,0.12639579
1974-08-13,0.0
1974-08-14,0.0
1974-08-15,0.0
1974-08-16,0.0
1974-08-17,0.0
1974-08-18,0.0
1974-08-19,3.0250351
1974-08-20,0.26364657
1974-08-21,2.5365753
1974-08-22,5.4062495
1974-08-23,1.0740489
1974-08-24,1.7407
1974-08-25,0.0
1974-08-26,0.0
1974-08-27,0.0
1974-08-28,0.0
1974-08-29,0.0
1974-08-30,1.1223824
1974-08-31,0.11796941
1974-09-01,0.941595
1974-09-02,0.58767116
1974-09-03,0.0
1974-09-04,0.0
1974-09-05,0.0
1974-09-06,3.8380644
1974-09-07,0.3220834
1974-09-08,0.0
1974-09-09,0.0
1974-09-10,0.0
1974-09-11,5.0856733
1974-09-12,0.0
1974-09-13,0.0
1974-09-14,0.0
1974-09-15,0.188319
1974-09-16,0.0
1974-09-17,12.24056
1974-09-18,0.0
1974-09-19,0.0
1974-09-20,0.0
1974-09-21,0.0
1974-09-22,0.15065521
1974-09-23,1.2723844
1974-09-24,0.0
1974-09-25,16.676937
1974-09-26,12.332146
1974-09-27,21.057562
1974-09-28,0.52729315
1974-09-29,0.0
1974-09-30,0.28247848
1974-10-01,1.7513698
1974-10-02,0.0
1974-10-03,0.0
1974-10-04,1.0448719
1974-10-05,8.630804
1974-10-06,7.455266
1974-10-07,5.7454677
1974-10-08,5.345864
1974-10-09,3.3107212
1974-10-10,0.0
1974-10-11,26.077757
1974-10-12,0.6528402
1974-10-13,25.169075
1974-10-14,33.477287
1974-10-15,7.31291
1974-10-16,6.46108
1974-10-17,0.0
1974-10-18,0.26121798
1974-10-19,0.0
1974-10-20,0.0
1974-10-21,0.84743553
1974-10-22,0.0
1974-10-23,0.0
1974-10-24,0.0
1974-10-25,0.0
1974-10-26,0.0
1974-10-27,0.0
1974-10-28,0.0
1974-10-29,7.0442896
1974-10-30,4.870256
1974-10-31,0.0
1974-11-01,0.0
1974-11-02,0.0
1974-11-03,0.0
1974-11-04,1.1038567
1974-11-05,1.9801768
1974-11-06,2.0150163
1974-11-07,1.4334242
1974-11-08,0.35184363
1974-11-09,0.0
1974-11-10,0.0
1974-11-11,0.0
1974-11-12,0.0
1974-11-13,0.0
1974-11-14,0.0
1974-11-15,0.0
1974-11-16,0.0
1974-11-17,0.0
1974-11-18,0.0
1974-11-19,0.0
1974-11-20,0.0
1974-11-21,0.0
1974-11-22,3.6156979
1974-11-23,20.616875
1974-11-24,10.046094
1974-11-25,0.0
1974-11-26,0.0
1974-11-27,0.0
1974-11-28,0.0
1974-11-29,0.0
1974-11-30,0.0
1974-12-01,0.0
1974-12-02,0.0
1974-12-03,0.3039536
1974-12-04,0.0
1974-12-05,0.0
1974-12-06,0.0
1974-12-07,0.0
1974-12-08,0.0
1974-12-09,0.0
1974-12-10,0.0
1974-12-11,0.0
1974-12-12,0.0
1974-12-13,0.0
1974-12-14,0.0
1974-12-15,0.0
1974-12-16,0.0
1974-12-17,0.0
1974-12-18,0.0
1974-12-19,0.0
1974-12-20,0.0
1974-12-21,0.0
1974-12-22,0.0
1974-12-23,6.4449234
1974-12-24,56.73991
1974-12-25,9.700786
1974-12-26,47.94644
1974-12-27,4.8424616
1974-12-28,0.0
1974-12-29,0.0
1974-12-30,0.0
1974-12-31,0.0
1975-01-01,0.0
1975-01-02,0.0
1975-01-03,0.0
1975-01-04,0.0
1975-01-05,0.0
1975-01-06,0.0
1975-01-07,0.0
1975-01-08,0.0
1975-01-09,0.0
1975-01-10,0.0
1975-01-11,0.0
1975-01-12,0.0
1975-01-13,0.0
1975-01-14,0.0
1975-01-15,0.0
1975-01-16,0.0
1975-01-17,0.0
1975-01-18,0.0
1975-01-19,0.0
1975-01-20,0.28247845
1975-01-21,0.8078529
1975-01-22,6.162087
1975-01-23,0.0
1975-01-24,0.0
1975-01-25,0.0
1975-01-26,0.0
1975-01-27,0.0
1975-01-28,0.0
1975-01-29,0.0
1975-01-30,0.0
1975-01-31,0.0
1975-02-01,0.0
1975-02-02,0.0
1975-02-03,0.0
1975-02-04,0.0
1975-02-05,0.0
1975-02-06,0.0
1975-02-07,0.0
1975-02-08,0.0
1975-02-09,0.0
1975-02-10,0.0
1975-02-11,0.0
1975-02-12,0.0
1975-02-13,0.0
1975-02-14,0.0
1975-02-15,0.0
1975-02-16,0.0
1975-02-17,0.0
1975-02-18,0.0
1975-02-19,0.0
1975-02-20,0.0
1975-02-21,0.0
1975-02-22,0.0
1975-02-23,0.22598277
1975-02-24,0.0
1975-02-25,0.0
1975-02-26,0.0
1975-02-27,0.0
1975-02-28,0.0
1975-03-01,0.0
1975-03-02,0.0
1975-03-03,0.0
1975-03-04,0.0
1975-03-05,0.0
1975-03-06,35.465893
1975-03-07,45.99035
1975-03-08,0.21065965
1975-03-09,0.0
1975-03-10,0.0
1975-03-11,0.0
1975-03-12,0.0
1975-03-13,0.0
1975-03-14,0.0
1975-03-15,0.0
1975-03-16,0.0
1975-03-17,0.0
1975-03-18,0.0
1975-03-19,0.0
1975-03-20,0.0
1975-03-21,0.0
1975-03-22,0.0
1975-03-23,0.0
1975-03-24,0.0
1975-03-25,0.0
1975-03-26,0.0
1975-03-27,0.0
1975-03-28,0.0
1975-03-29,0.0
1975-03-30,0.0
1975-03-31,0.0
1975-04-01,0.0
1975-04-02,0.0
1975-04-03,0.0
1975-04-04,0.0
1975-04-05,0.0
1975-04-06,0.0
1975-04-07,0.0
1975-04-08,0.0
1975-04-09,0.0
1975-04-10,0.0
1975-04-11,0.0
1975-04-12,0.0
1975-04-13,0.0
1975-04-14,0.0
1975-04-15,0.0
1975-04-16,0.0
1975-04-17,0.0
1975-04-18,0.0
1975-04-19,0.0
1975-04-20,0.0
1975-04-21,0.0
1975-04-22,0.0
1975-04-23,0.0
1975-04-24,0.0
1975-04-25,0.0
1975-04-26,0.0
1975-04-27,0.0
1975-04-28,0.0
1975-04-29,0.0
1975-04-30,0.0
1975-05-01,0.0
1975-05-02,0.0
1975-05-03,0.0
1975-05-04,0.0
1975-05-05,0.0
1975-05-06,0.0
1975-05-07,0.0
1975-05-08,0.0
1975-05-09,0.0
1975-05-10,0.0
1975-05-11,0.0
1975-05-12,0.0
1975-05-13,0.0
1975-05-14,0.0
1975-05-15,0.91286737
1975-05-16,0.0
1975-05-17,0.0
1975-05-18,3.0695992
1975-05-19,0.0
1975-05-20,0.0
1975-05-21,0.0
1975-05-22,0.0
1975-05-23,0.0
1975-05-24,0.0
1975-05-25,0.0
1975-05-26,0.0
1975-05-27,0.0
1975-05-28,0.0
1975-05-29,0.0
1975-05-30,0.0
1975-05-31,0.0
1975-06-01,0.0
1975-06-02,0.0
1975-06-03,0.0
1975-06-04,0.0
1975-06-05,0.0
1975-06-06,0.0
1975-06-07,0.0
1975-06-08,0.0
1975-06-09,0.0
1975-06-10,28.67171
1975-06-11,5.2593145
1975-06-12,0.0
1975-06-13,0.0
1975-06-14,5.144052
1975-06-15,0.0
1975-06-16,0.5649569
1975-06-17,0.16852772
1975-06-18,0.0
1975-06-19,0.0
1975-06-20,0.0
1975-06-21,0.0
1975-06-22,0.0
1975-06-23,0.0
1975-06-24,0.0
1975-06-25,0.0
1975-06-26,0.0
1975-06-27,0.0
1975-06-28,0.0
1975-06-29,0.0
1975-06-30,0.0
1975-07-01,0.0
1975-07-02,0.0
1975-07-03,25.192965
1975-07-04,0.57876784
1975-07-05,3.820114
1975-07-06,0.0
1975-07-07,0.0
1975-07-08,0.0
1975-07-09,0.0
1975-07-10,0.0
1975-07-11,0.0
1975-07-12,0.46345124
1975-07-13,0.0
1975-07-14,0.0
1975-07-15,0.25279158
1975-07-16,0.0
1975-07-17,0.0
1975-07-18,18.115417
1975-07-19,17.998043
1975-07-20,0.18831898
1975-07-21,1.3372643
1975-07-22,2.1037483
1975-07-23,13.192183
1975-07-24,27.629208
1975-07-25,19.046995
1975-07-26,0.37663797
1975-07-27,0.0
1975-07-28,0.0
1975-07-29,0.5843683
1975-07-30,10.745682
1975-07-31,0.112991385
1975-08-01,0.0
1975-08-02,0.0
1975-08-03,0.0
1975-08-04,0.0
1975-08-05,2.8681169
1975-08-06,31.807608
1975-08-07,0.0
1975-08-08,0.0
1975-08-09,0.0
1975-08-10,0.22945029
1975-08-11,18.55584
1975-08-12,0.161465
1975-08-13,0.14929502
1975-08-14,0.0
1975-08-15,0.0
1975-08-16,0.0
1975-08-17,0.0
1975-08-18,0.0
1975-08-19,0.24644661
1975-08-20,4.258245
1975-08-21,10.352506
1975-08-22,20.318335
1975-08-23,24.693943
1975-08-24,0.7903288
1975-08-25,13.024763
1975-08-26,2.7748256
1975-08-27,0.20395581
1975-08-28,17.120497
1975-08-29,3.2204504
1975-08-30,0.4442827
1975-08-31,0.2719411
1975-09-01,2.8046136
1975-09-02,0.0
1975-09-03,0.0
1975-09-04,0.37918738
1975-09-05,0.0
1975-09-06,16.51454
1975-09-07,0.0
1975-09-08,0.0
1975-09-09,0.0
1975-09-10,0.0
1975-09-11,0.0
1975-09-12,0.0
1975-09-13,0.0
1975-09-14,3.8887978
1975-09-15,5.884735
1975-09-16,5.29524
1975-09-17,2.0752172
1975-09-18,1.599752
1975-09-19,0.0
1975-09-20,0.0
1975-09-21,0.0
1975-09-22,0.0
1975-09-23,2.4462278
1975-09-24,0.3013104
1975-09-25,0.0
1975-09-26,6.7119355
1975-09-27,0.0
1975-09-28,0.0
1975-09-29,0.5649569
1975-09-30,10.1095705
1975-10-01,0.87967175
1975-10-02,3.2439659
1975-10-03,20.83682
1975-10-04,21.374365
1975-10-05,8.892807
1975-10-06,0.0
1975-10-07,19.859886
1975-10-08,3.2014227
1975-10-09,0.0
1975-10-10,0.21065965
1975-10-11,2.1682174
1975-10-12,0.0
1975-10-13,20.754469
1975-10-14,0.0
1975-10-15,0.0
1975-10-16,0.0
1975-10-17,0.0
1975-10-18,14.494746
1975-10-19,0.0
1975-10-20,0.0
1975-10-21,0.3013104
1975-10-22,0.3703617
1975-10-23,2.6601427
1975-10-24,3.5369544
1975-10-25,30.31614
1975-10-26,38.569714
1975-10-27,16.565325
1975-10-28,6.9686584
1975-10-29,2.0369892
1975-10-30,3.2422338
1975-10-31,0.0
1975-11-01,7.933664
1975-11-02,0.11522546
1975-11-03,0.0
1975-11-04,0.0
1975-11-05,0.0
1975-11-06,0.46345124
1975-11-07,25.435928
1975-11-08,9.109958
1975-11-09,0.0
1975-11-10,0.0
1975-11-11,0.0
1975-11-12,0.0
1975-11-13,0.0
1975-11-14,0.0
1975-11-15,8.679345
1975-11-16,2.9861145
1975-11-17,0.0
1975-11-18,0.0
1975-11-19,0.0
1975-11-20,0.0
1975-11-21,0.0
1975-11-22,4.957077
1975-11-23,30.750078
1975-11-24,41.825035
1975-11-25,26.762995
1975-11-26,32.99581
1975-11-27,8.215071
1975-11-28,0.0
1975-11-29,0.0
1975-11-30,0.0
1975-12-01,0.0
1975-12-02,0.0
1975-12-03,0.0
1975-12-04,0.0
1975-12-05,0.0
1975-12-06,0.46090183
1975-12-07,0.0
1975-12-08,0.0
1975-12-09,0.0
1975-12-10,0.0
1975-12-11,0.0
1975-12-12,0.0
1975-12-13,0.0
1975-12-14,2.5906446
1975-12-15,0.0
1975-12-16,7.7158694
1975-12-17,36.59652
1975-12-18,33.3013
1975-12-19,2.5481327
1975-12-20,0.0
1975-12-21,0.12639579
1975-12-22,0.13629141
1975-12-23,0.75327593
1975-12-24,0.0
1975-12-25,0.0
1975-12-26,0.0
1975-12-27,0.0
1975-12-28,0.0
1975-12-29,0.0
1975-12-30,0.0
1975-12-31,0.0
1976-01-01,0.0
1976-01-02,0.0
1976-01-03,0.0
1976-01-04,0.0
1976-01-05,0.0
1976-01-06,0.0
1976-01-07,0.0
1976-01-08,0.0
1976-01-09,0.0
1976-01-10,0.0
1976-01-11,0.0
1976-01-12,0.0
1976-01-13,0.0
1976-01-14,0.0
1976-01-15,0.0
1976-01-16,0.0
1976-01-17,0.0
1976-01-18,0.0
1976-01-19,0.0
1976-01-20,0.0
1976-01-21,0.0
1976-01-22,0.0
1976-01-23,0.20041683
1976-01-24,0.0
1976-01-25,0.0
1976-01-26,0.0
1976-01-27,0.0
1976-01-28,0.0
1976-01-29,0.0
1976-01-30,0.0
1976-01-31,0.0
1976-02-01,0.0
1976-02-02,0.0
1976-02-03,0.0
1976-02-04,0.0
1976-02-05,0.0
1976-02-06,0.0
1976-02-07,0.0
1976-02-08,0.0
1976-02-09,0.0
1976-02-10,0.0
1976-02-11,0.0
1976-02-12,0.0
1976-02-13,0.52729315
1976-02-14,0.0
1976-02-15,0.0
1976-02-16,0.0
1976-02-17,0.0
1976-02-18,0.0
1976-02-19,0.0
1976-02-20,0.0
1976-02-21,0.0
1976-02-22,0.0
1976-02-23,0.0
1976-02-24,0.0
1976-02-25,0.0
1976-02-26,0.0
1976-02-27,0.0
1976-02-28,0.0
1976-02-29,0.0
1976-03-01,0.0
1976-03-02,0.0
1976-03-03,0.0
1976-03-04,0.0
1976-03-05,0.0
1976-03-06,0.0
1976-03-07,0.0
1976-03-08,0.0
1976-03-09,0.0
1976-03-10,0.0
1976-03-11,0.0
1976-03-12,0.0
1976-03-13,0.0
1976-03-14,0.0
1976-03-15,0.0
1976-03-16,0.0
1976-03-17,0.0
1976-03-18,0.0
1976-03-19,0.0
1976-03-20,0.0
1976-03-21,0.0
1976-03-22,0.0
1976-03-23,0.0
1976-03-24,0.0
1976-03-25,0.0
1976-03-26,0.0
1976-03-27,0.0
1976-03-28,0.0
1976-03-29,0.0
1976-03-30,0.0
1976-03-31,0.0
1976-04-01,0.0
1976-04-02,9.434156
1976-04-03,0.0
1976-04-04,0.0
1976-04-05,0.0
1976-04-06,0.0
1976-04-07,0.0
1976-04-08,0.0
1976-04-09,0.0
1976-04-10,0.0
1976-04-11,0.0
1976-04-12,0.0
1976-04-13,0.0
1976-04-14,0.0
1976-04-15,0.0
1976-04-16,0.0
1976-04-17,0.0
1976-04-18,0.0
1976-04-19,0.0
1976-04-20,0.0
1976-04-21,0.0
1976-04-22,0.0
1976-04-23,0.0
1976-04-24,0.0
1976-04-25,0.0
1976-04-26,0.0
1976-04-27,0.0
1976-04-28,0.0
1976-04-29,0.0
1976-04-30,0.0
1976-05-01,0.0
1976-05-02,0.0
1976-05-03,0.0
1976-05-04,0.0
1976-05-05,0.0
1976-05-06,0.0
1976-05-07,0.0
1976-05-08,0.0
1976-05-09,0.0
1976-05-10,0.0
1976-05-11,0.0
1976-05-12,0.0
1976-05-13,0.0
1976-05-14,0.0
1976-05-15,7.608088
1976-05-16,1.6195434
1976-05-17,0.0
1976-05-18,3.013104
1976-05-19,0.0
1976-05-20,0.0
1976-05-21,0.0
1976-05-22,0.0
1976-05-23,0.0
1976-05-24,0.0
1976-05-25,0.0
1976-05-26,0.0
1976-05-27,0.0
1976-05-28,0.0
1976-05-29,0.0
1976-05-30,0.0
1976-05-31,0.0
1976-06-01,0.0
1976-06-02,0.0
1976-06-03,0.0
1976-06-04,0.0
1976-06-05,0.39812005
1976-06-06,0.0
1976-06-07,0.0
1976-06-08,0.0
1976-06-09,0.0
1976-06-10,0.0
1976-06-11,0.0
1976-06-12,0.0
1976-06-13,0.0
1976-06-14,0.0
1976-06-15,0.0
1976-06-16,0.0
1976-06-17,0.0
1976-06-18,8.277488
1976-06-19,0.0
1976-06-20,0.0
1976-06-21,0.0
1976-06-22,1.1451861
1976-06-23,0.0
1976-06-24,0.0
1976-06-25,0.0
1976-06-26,0.0
1976-06-27,0.0
1976-06-28,0.0
1976-06-29,0.0
1976-06-30,0.0
1976-07-01,0.0
1976-07-02,5.545491
1976-07-03,32.664314
1976-07-04,21.840807
1976-07-05,1.6467019
1976-07-06,0.0
1976-07-07,0.0
1976-07-08,0.0
1976-07-09,0.0
1976-07-10,0.0
1976-07-11,0.0
1976-07-12,2.083134
1976-07-13,0.276244
1976-07-14,38.86804
1976-07-15,0.0
1976-07-16,0.0
1976-07-17,0.0
1976-07-18,0.0
1976-07-19,0.0
1976-07-20,0.0
1976-07-21,0.0
1976-07-22,0.0
1976-07-23,0.0
1976-07-24,0.0
1976-07-25,0.0
1976-07-26,0.0
1976-07-27,0.0
1976-07-28,0.0
1976-07-29,0.0
1976-07-30,0.0
1976-07-31,0.0
1976-08-01,0.0
1976-08-02,0.0
1976-08-03,0.0
1976-08-04,0.2339717
1976-08-05,2.5407937
1976-08-06,1.9348327
1976-08-07,0.0
1976-08-08,21.672062
1976-08-09,10.2334585
1976-08-10,0.0
1976-08-11,0.0
1976-08-12,0.0
1976-08-13,0.0
1976-08-14,0.7353397
1976-08-15,6.901664
1976-08-16,45.303738
1976-08-17,3.414108
1976-08-18,15.383059
1976-08-19,0.7912237
1976-08-20,0.0
1976-08-21,0.0
1976-08-22,4.271404
1976-08-23,9.027704
1976-08-24,0.43451884
1976-08-25,7.343955
1976-08-26,0.0
1976-08-27,1.201276
1976-08-28,0.0
1976-08-29,0.0
1976-08-30,31.224928
1976-08-31,1.1364341
1976-09-01,8.050458
1976-09-02,0.0
1976-09-03,0.44476482
1976-09-04,2.7103586
1976-09-05,0.0
1976-09-06,0.0
1976-09-07,3.6437266
1976-09-08,21.335865
1976-09-09,2.4977233
1976-09-10,0.0
1976-09-11,2.761421
1976-09-12,0.0
1976-09-13,0.0
1976-09-14,2.2694159
1976-09-15,0.111191206
1976-09-16,6.805083
1976-09-17,0.464232
1976-09-18,0.0
1976-09-19,0.0
1976-09-20,0.0
1976-09-21,0.0
1976-09-22,0.0
1976-09-23,0.0
1976-09-24,0.0
1976-09-25,9.744679
1976-09-26,6.8258057
1976-09-27,8.190967
1976-09-28,0.0
1976-09-29,0.0
1976-09-30,0.0
1976-10-01,0.0
1976-10-02,0.0
1976-10-03,0.0
1976-10-04,0.0
1976-10-05,0.0
1976-10-06,1.2264706
1976-10-07,6.2446656
1976-10-08,0.5884013
1976-10-09,0.14825495
1976-10-10,1.0958978
1976-10-11,2.1363807
1976-10-12,6.2412276
1976-10-13,0.0
1976-10-14,3.780198
1976-10-15,28.578522
1976-10-16,99.78804
1976-10-17,3.505439
1976-10-18,2.967135
1976-10-19,2.317635
1976-10-20,13.489419
1976-10-21,0.0
1976-10-22,0.0
1976-10-23,0.0
1976-10-24,0.0
1976-10-25,0.0
1976-10-26,0.0
1976-10-27,0.0
1976-10-28,0.0
1976-10-29,0.0
1976-10-30,0.9766995
1976-10-31,2.390611
1976-11-01,12.278585
1976-11-02,20.728994
1976-11-03,0.0
1976-11-04,0.0
1976-11-05,0.0
1976-11-06,8.449605
1976-11-07,44.53424
1976-11-08,16.452812
1976-11-09,32.64646
1976-11-10,10.0986395
1976-11-11,26.28044
1976-11-12,57.699753
1976-11-13,33.58387
1976-11-14,21.65645
1976-11-15,11.720298
1976-11-16,15.313433
1976-11-17,0.0
1976-11-18,1.1251172
1976-11-19,13.567057
1976-11-20,9.141712
1976-11-21,8.699564
1976-11-22,5.7906375
1976-11-23,14.676564
1976-11-24,3.4083934
1976-11-25,4.919182
1976-11-26,2.5279162
1976-11-27,10.45716
1976-11-28,0.0
1976-11-29,0.0
1976-11-30,1.895937
1976-12-01,14.302604
1976-12-02,0.188319
1976-12-03,1.8795007
1976-12-04,3.7886884
1976-12-05,8.181156
1976-12-06,0.0
1976-12-07,0.21065967
1976-12-08,16.083176
1976-12-09,4.073979
1976-12-10,0.0
1976-12-11,1.8646601
1976-12-12,7.349656
1976-12-13,2.7441256
1976-12-14,0.0
1976-12-15,0.0
1976-12-16,0.50558317
1976-12-17,4.0323443
1976-12-18,0.26364657
1976-12-19,6.6699686
1976-12-20,0.8525343
1976-12-21,24.74164
1976-12-22,90.24011
1976-12-23,34.442738
1976-12-24,0.0
1976-12-25,0.0
1976-12-26,0.0
1976-12-27,0.0
1976-12-28,0.0
1976-12-29,0.0
1976-12-30,0.0
1976-12-31,0.0
1977-01-01,0.0
1977-01-02,0.0
1977-01-03,1.0276124
1977-01-04,0.0
1977-01-05,2.0477417
1977-01-06,0.32430768
1977-01-07,0.0
1977-01-08,0.0
1977-01-09,0.0
1977-01-10,0.0
1977-01-11,0.0
1977-01-12,0.0
1977-01-13,0.0
1977-01-14,0.0
1977-01-15,0.0
1977-01-16,0.0
1977-01-17,0.0
1977-01-18,0.0
1977-01-19,0.0
1977-01-20,0.0
1977-01-21,0.0
1977-01-22,0.0
1977-01-23,0.0
1977-01-24,1.7768729
1977-01-25,0.0
1977-01-26,0.0
1977-01-27,0.0
1977-01-28,0.0
1977-01-29,0.0
1977-01-30,0.0
1977-01-31,0.0
1977-02-01,0.0
1977-02-02,0.0
1977-02-03,0.0
1977-02-04,0.0
1977-02-05,0.0
1977-02-06,0.0
1977-02-07,0.0
1977-02-08,0.0
1977-02-09,0.0
1977-02-10,0.0
1977-02-11,0.0
1977-02-12,0.0
1977-02-13,0.0
1977-02-14,0.0
1977-02-15,0.0
1977-02-16,0.138989
1977-02-17,2.2271261
1977-02-18,6.403811
1977-02-19,4.6158724
1977-02-20,0.0
1977-02-21,0.0
1977-02-22,0.0
1977-02-23,0.0
1977-02-24,0.0
1977-02-25,0.0
1977-02-26,0.0
1977-02-27,0.0
1977-02-28,0.0
1977-03-01,0.0
1977-03-02,0.0
1977-03-03,0.0
1977-03-04,0.0
1977-03-05,0.0
1977-03-06,0.0
1977-03-07,0.0
1977-03-08,0.0
1977-03-09,0.0
1977-03-10,0.0
1977-03-11,0.0
1977-03-12,0.0
1977-03-13,0.0
1977-03-14,0.0
1977-03-15,0.0
1977-03-16,0.0
1977-03-17,0.0
1977-03-18,0.0
1977-03-19,0.0
1977-03-20,0.0
1977-03-21,0.0
1977-03-22,0.0
1977-03-23,0.0
1977-03-24,0.0
1977-03-25,0.0
1977-03-26,0.0
1977-03-27,0.0
1977-03-28,0.0
1977-03-29,0.0
1977-03-30,0.0
1977-03-31,0.0
1977-04-01,0.0
1977-04-02,0.0
1977-04-03,0.0
1977-04-04,0.0
1977-04-05,0.0
1977-04-06,0.0
1977-04-07,0.0
1977-04-08,0.0
1977-04-09,0.0
1977-04-10,0.0
1977-04-11,0.0
1977-04-12,0.0
1977-04-13,0.0
1977-04-14,0.0
1977-04-15,0.0
1977-04-16,0.0
1977-04-17,11.7699375
1977-04-18,0.33909068
1977-04-19,0.0
1977-04-20,0.0
1977-04-21,0.0
1977-04-22,0.0
1977-04-23,0.0
1977-04-24,0.0
1977-04-25,0.0
1977-04-26,0.0
1977-04-27,0.0
1977-04-28,0.0
1977-04-29,0.0
1977-04-30,0.0
1977-05-01,0.0
1977-05-02,0.0
1977-05-03,0.0
1977-05-04,0.0
1977-05-05,0.7943531
1977-05-06,0.0
1977-05-07,0.0
1977-05-08,0.0
1977-05-09,5.31885
1977-05-10,9.094446
1977-05-11,0.0
1977-05-12,0.0
1977-05-13,0.0
1977-05-14,0.0
1977-05-15,0.0
1977-05-16,0.0
1977-05-17,0.0
1977-05-18,0.0
1977-05-19,0.0
1977-05-20,0.0
1977-05-21,0.0
1977-05-22,0.0
1977-05-23,0.0
1977-05-24,2.009755
1977-05-25,0.0
1977-05-26,10.44414
1977-05-27,0.0
1977-05-28,0.0
1977-05-29,0.0
1977-05-30,0.0
1977-05-31,0.0
1977-06-01,0.0
1977-06-02,0.0
1977-06-03,0.0
1977-06-04,14.962023
1977-06-05,0.0
1977-06-06,3.4645872
1977-06-07,43.99384
1977-06-08,11.40787
1977-06-09,4.503964
1977-06-10,16.711641
1977-06-11,0.0
1977-06-12,0.39619306
1977-06-13,0.57743126
1977-06-14,0.82955414
1977-06-15,0.0
1977-06-16,0.0
1977-06-17,0.0
1977-06-18,0.0
1977-06-19,0.0
1977-06-20,0.0
1977-06-21,0.0
1977-06-22,0.0
1977-06-23,0.0
1977-06-24,0.0
1977-06-25,0.0
1977-06-26,0.0
1977-06-27,0.0
1977-06-28,0.0
1977-06-29,0.0
1977-06-30,0.36017552
1977-07-01,0.5042457
1977-07-02,0.0
1977-07-03,0.0
1977-07-04,0.0
1977-07-05,0.0
1977-07-06,0.0
1977-07-07,0.0
1977-07-08,0.0
1977-07-09,0.0
1977-07-10,1.0207075
1977-07-11,0.68433344
1977-07-12,0.0
1977-07-13,0.0
1977-07-14,0.0
1977-07-15,0.0
1977-07-16,1.6168073
1977-07-17,0.0
1977-07-18,0.0
1977-07-19,0.0
1977-07-20,0.0
1977-07-21,0.0
1977-07-22,0.0
1977-07-23,0.0
1977-07-24,0.0
1977-07-25,0.0
1977-07-26,0.0
1977-07-27,0.0
1977-07-28,0.0
1977-07-29,0.0
1977-07-30,0.0
1977-07-31,0.0
1977-08-01,0.0
1977-08-02,15.787769
1977-08-03,0.0
1977-08-04,0.0
1977-08-05,1.1158702
1977-08-06,0.0
1977-08-07,0.0
1977-08-08,5.0813947
1977-08-09,1.9632719
1977-08-10,0.0
1977-08-11,5.3703046
1977-08-12,11.302458
1977-08-13,4.2650013
1977-08-14,20.55921
1977-08-15,23.783655
1977-08-16,10.315127
1977-08-17,5.5597887
1977-08-18,0.0
1977-08-19,8.203181
1977-08-20,7.1137667
1977-08-21,22.62697
1977-08-22,0.0
1977-08-23,0.0
1977-08-24,0.0
1977-08-25,0.0
1977-08-26,3.9022117
1977-08-27,0.12881291
1977-08-28,2.8007205
1977-08-29,9.291132
1977-08-30,2.244635
1977-08-31,2.0206313
1977-09-01,0.0
1977-09-02,0.0
1977-09-03,0.0
1977-09-04,5.1035376
1977-09-05,1.1158702
1977-09-06,0.0
1977-09-07,0.18008776
1977-09-08,1.5310613
1977-09-09,4.2605953
1977-09-10,0.0
1977-09-11,0.0
1977-09-12,0.0
1977-09-13,0.57743126
1977-09-14,14.462709
1977-09-15,16.316774
1977-09-16,38.616005
1977-09-17,4.850422
1977-09-18,4.660261
1977-09-19,3.5949466
1977-09-20,0.0
1977-09-21,0.0
1977-09-22,0.0
1977-09-23,0.0
1977-09-24,0.0
1977-09-25,0.0
1977-09-26,0.0
1977-09-27,0.0
1977-09-28,0.0
1977-09-29,0.0
1977-09-30,0.0
1977-10-01,28.795916
1977-10-02,0.0
1977-10-03,0.0
1977-10-04,0.0
1977-10-05,0.0
1977-10-06,6.9657354
1977-10-07,7.4953766
1977-10-08,0.0
1977-10-09,0.0
1977-10-10,12.632606
1977-10-11,22.15935
1977-10-12,23.414364
1977-10-13,34.22553
1977-10-14,20.351492
1977-10-15,0.0
1977-10-16,47.531067
1977-10-17,41.071716
1977-10-18,39.726562
1977-10-19,61.60028
1977-10-20,33.425335
1977-10-21,38.27222
1977-10-22,26.516016
1977-10-23,54.907597
1977-10-24,55.00979
1977-10-25,13.688403
1977-10-26,13.274316
1977-10-27,34.18621
1977-10-28,0.0
1977-10-29,0.0
1977-10-30,0.0
1977-10-31,0.0
1977-11-01,1.6907125
1977-11-02,4.0207047
1977-11-03,3.1503503
1977-11-04,11.583323
1977-11-05,13.284112
1977-11-06,31.275648
1977-11-07,56.11697
1977-11-08,44.472084
1977-11-09,0.0
1977-11-10,4.0577097
1977-11-11,7.4282346
1977-11-12,56.799503
1977-11-13,149.91096
1977-11-14,34.39168
1977-11-15,30.623003
1977-11-16,30.292858
1977-11-17,4.8010745
1977-11-18,7.2925577
1977-11-19,0.0
1977-11-20,0.0
1977-11-21,8.185987
1977-11-22,19.42945
1977-11-23,8.983135
1977-11-24,9.448446
1977-11-25,60.071495
1977-11-26,38.682243
1977-11-27,29.395288
1977-11-28,3.8110461
1977-11-29,6.866897
1977-11-30,0.0
1977-12-01,0.0
1977-12-02,0.0
1977-12-03,0.1928155
1977-12-04,8.545827
1977-12-05,0.0
1977-12-06,0.0
1977-12-07,0.0
1977-12-08,0.0
1977-12-09,1.5034033
1977-12-10,6.499485
1977-12-11,0.0
1977-12-12,0.0
1977-12-13,0.0
1977-12-14,0.0
1977-12-15,0.0
1977-12-16,0.0
1977-12-17,0.0
1977-12-18,0.0
1977-12-19,0.0
1977-12-20,0.0
1977-12-21,0.0
1977-12-22,2.5301836
1977-12-23,0.0
1977-12-24,0.0
1977-12-25,0.0
1977-12-26,0.0
1977-12-27,0.0
1977-12-28,0.0
1977-12-29,0.0
1977-12-30,0.0
1977-12-31,0.0
1978-01-01,0.0
1978-01-02,0.0
1978-01-03,0.0
1978-01-04,0.0
1978-01-05,0.0
1978-01-06,0.0
1978-01-07,0.40295568
1978-01-08,0.0
1978-01-09,0.0
1978-01-10,0.0
1978-01-11,0.0
1978-01-12,0.0
1978-01-13,0.0
1978-01-14,0.0
1978-01-15,0.0
1978-01-16,0.0
1978-01-17,0.0
1978-01-18,0.0
1978-01-19,0.0
1978-01-20,0.0
1978-01-21,0.0
1978-01-22,0.0
1978-01-23,0.0
1978-01-24,0.0
1978-01-25,0.0
1978-01-26,0.0
1978-01-27,0.0
1978-01-28,0.0
1978-01-29,0.0
1978-01-30,0.0
1978-01-31,0.0
1978-02-01,0.0
1978-02-02,0.0
1978-02-03,0.0
1978-02-04,0.0
1978-02-05,0.0
1978-02-06,0.0
1978-02-07,0.0
1978-02-08,0.0
1978-02-09,0.0
1978-02-10,0.0
1978-02-11,0.0
1978-02-12,0.0
1978-02-13,0.0
1978-02-14,0.0
1978-02-15,0.0
1978-02-16,0.0
1978-02-17,0.0
1978-02-18,0.0
1978-02-19,0.0
1978-02-20,0.0
1978-02-21,0.0
1978-02-22,0.0
1978-02-23,0.0
1978-02-24,0.0
1978-02-25,0.0
1978-02-26,0.0
1978-02-27,0.0
1978-02-28,0.0
1978-03-01,0.0
1978-03-02,0.0
1978-03-03,0.0
1978-03-04,0.0
1978-03-05,0.0
1978-03-06,0.0
1978-03-07,0.0
1978-03-08,0.0
1978-03-09,0.0
1978-03-10,0.0
1978-03-11,0.0
1978-03-12,0.0
1978-03-13,0.0
1978-03-14,0.0
1978-03-15,0.0
1978-03-16,0.0
1978-03-17,0.0
1978-03-18,0.0
1978-03-19,0.0
1978-03-20,0.0
1978-03-21,0.0
1978-03-22,0.0
1978-03-23,0.0
1978-03-24,0.0
1978-03-25,0.0
1978-03-26,0.0
1978-03-27,0.0
1978-03-28,0.0
1978-03-29,0.0
1978-03-30,0.0
1978-03-31,0.0
1978-04-01,0.0
1978-04-02,0.0
1978-04-03,0.0
1978-04-04,0.0
1978-04-05,0.0
1978-04-06,0.0
1978-04-07,0.0
1978-04-08,0.0
1978-04-09,0.0
1978-04-10,0.0
1978-04-11,0.0
1978-04-12,0.0
1978-04-13,0.0
1978-04-14,0.0
1978-04-15,0.0
1978-04-16,0.0
1978-04-17,0.0
1978-04-18,0.0
1978-04-19,0.0
1978-04-20,0.0
1978-04-21,0.0
1978-04-22,0.0
1978-04-23,0.0
1978-04-24,0.0
1978-04-25,0.0
1978-04-26,0.0
1978-04-27,0.0
1978-04-28,0.0
1978-04-29,0.0
1978-04-30,0.0
1978-05-01,0.0
1978-05-02,0.0
1978-05-03,0.0
1978-05-04,0.0
1978-05-05,0.0
1978-05-06,0.0
1978-05-07,0.0
1978-05-08,0.0
1978-05-09,0.0
1978-05-10,0.0
1978-05-11,0.0
1978-05-12,0.0
1978-05-13,0.0
1978-05-14,0.0
1978-05-15,0.0
1978-05-16,0.0
1978-05-17,0.0
1978-05-18,0.0
1978-05-19,0.0
1978-05-20,0.0
1978-05-21,0.0
1978-05-22,0.0
1978-05-23,0.0
1978-05-24,0.0
1978-05-25,0.0
1978-05-26,0.0
1978-05-27,0.0
1978-05-28,5.468726
1978-05-29,2.3136919
1978-05-30,8.957276
1978-05-31,0.0
1978-06-01,5.1743507
1978-06-02,0.0
1978-06-03,0.0
1978-06-04,0.0
1978-06-05,0.0
1978-06-06,2.6511295
1978-06-07,0.0
1978-06-08,0.0
1978-06-09,0.0
1978-06-10,3.5403452
1978-06-11,0.4085014
1978-06-12,0.0
1978-06-13,0.0
1978-06-14,0.0
1978-06-15,0.0
1978-06-16,0.0
1978-06-17,0.0
1978-06-18,0.0
1978-06-19,2.0587845
1978-06-20,0.0
1978-06-21,0.0
1978-06-22,0.0
1978-06-23,0.0
1978-06-24,0.0
1978-06-25,0.0
1978-06-26,0.0
1978-06-27,0.0
1978-06-28,0.0
1978-06-29,0.0
1978-06-30,3.5403452
1978-07-01,0.0
1978-07-02,2.309725
1978-07-03,0.0
1978-07-04,0.0
1978-07-05,0.57743126
1978-07-06,0.0
1978-07-07,0.0
1978-07-08,0.0
1978-07-09,0.0
1978-07-10,0.0
1978-07-11,0.0
1978-07-12,0.0
1978-07-13,0.0
1978-07-14,0.0
1978-07-15,0.0
1978-07-16,0.46194497
1978-07-17,0.36017552
1978-07-18,1.2331808
1978-07-19,5.1324663
1978-07-20,0.0
1978-07-21,1.2703487
1978-07-22,0.0
1978-07-23,1.3858349
1978-07-24,0.0
1978-07-25,13.862986
1978-07-26,0.0
1978-07-27,0.0
1978-07-28,0.0
1978-07-29,0.0
1978-07-30,1.3858349
1978-07-31,0.0
1978-08-01,0.0
1978-08-02,0.27233425
1978-08-03,0.0
1978-08-04,0.0
1978-08-05,0.27233425
1978-08-06,1.5795387
1978-08-07,0.0
1978-08-08,0.27233425
1978-08-09,1.983367
1978-08-10,2.1217818
1978-08-11,0.0
1978-08-12,0.0
1978-08-13,0.0
1978-08-14,0.0
1978-08-15,0.0
1978-08-16,10.621037
1978-08-17,0.0
1978-08-18,0.0
1978-08-19,13.6034565
1978-08-20,0.0
1978-08-21,0.0
1978-08-22,0.16118227
1978-08-23,0.0
1978-08-24,1.116334
1978-08-25,1.116334
1978-08-26,0.0
1978-08-27,0.0
1978-08-28,0.0
1978-08-29,0.0
1978-08-30,0.0
1978-08-31,0.0
1978-09-01,0.0
1978-09-02,0.0
1978-09-03,0.0
1978-09-04,0.0
1978-09-05,8.345509
1978-09-06,0.8170028
1978-09-07,1.6610025
1978-09-08,1.7423171
1978-09-09,62.327347
1978-09-10,0.0
1978-09-11,5.4775352
1978-09-12,0.0
1978-09-13,0.0
1978-09-14,0.0
1978-09-15,9.339498
1978-09-16,0.0
1978-09-17,0.0
1978-09-18,0.0
1978-09-19,0.27233425
1978-09-20,17.447803
1978-09-21,96.17144
1978-09-22,107.88255
1978-09-23,0.5168129
1978-09-24,5.2344503
1978-09-25,0.0
1978-09-26,20.55769
1978-09-27,6.698004
1978-09-28,0.6460162
1978-09-29,0.0
1978-09-30,0.7752194
1978-10-01,0.6460162
1978-10-02,0.0
1978-10-03,0.0
1978-10-04,0.0
1978-10-05,0.0
1978-10-06,0.0
1978-10-07,0.0
1978-10-08,23.29388
1978-10-09,0.0
1978-10-10,0.0
1978-10-11,0.0
1978-10-12,0.0
1978-10-13,0.0
1978-10-14,6.0022364
1978-10-15,9.116829
1978-10-16,0.0
1978-10-17,0.6808356
1978-10-18,0.0
1978-10-19,0.0
1978-10-20,5.1089664
1978-10-21,31.888472
1978-10-22,0.5446685
1978-10-23,8.908936
1978-10-24,122.63012
1978-10-25,23.104336
1978-10-26,4.465336
1978-10-27,0.6808356
1978-10-28,23.664925
1978-10-29,18.595085
1978-10-30,12.672486
1978-10-31,4.90504
1978-11-01,64.706314
1978-11-02,9.453905
1978-11-03,2.3798814
1978-11-04,171.2425
1978-11-05,3.4310849
1978-11-06,4.0825253
1978-11-07,0.0
1978-11-08,11.578109
1978-11-09,0.0
1978-11-10,2.0285792
1978-11-11,0.0
1978-11-12,0.0
1978-11-13,0.0
1978-11-14,0.0
1978-11-15,0.0
1978-11-16,8.64891
1978-11-17,0.0
1978-11-18,0.0
1978-11-19,0.0
1978-11-20,0.0
1978-11-21,0.0
1978-11-22,0.0
1978-11-23,0.0
1978-11-24,50.600967
1978-11-25,28.769613
1978-11-26,0.0
1978-11-27,0.25840646
1978-11-28,0.0
1978-11-29,0.0
1978-11-30,0.0
1978-12-01,0.27233425
1978-12-02,6.9096994
1978-12-03,66.01252
1978-12-04,25.577112
1978-12-05,0.25840646
1978-12-06,1.9245911
1978-12-07,4.81845
1978-12-08,0.55575585
1978-12-09,37.13675
1978-12-10,17.200867
1978-12-11,10.790838
1978-12-12,12.08556
1978-12-13,6.015586
1978-12-14,8.995541
1978-12-15,1.8575925
1978-12-16,20.64918
1978-12-17,0.27233425
1978-12-18,0.16118227
1978-12-19,8.400255
1978-12-20,0.1089337
1978-12-21,0.0
1978-12-22,0.0
1978-12-23,10.950917
1978-12-24,8.523354
1978-12-25,43.800682
1978-12-26,87.75376
1978-12-27,46.323647
1978-12-28,27.822023
1978-12-29,4.291562
1978-12-30,0.0
1978-12-31,0.8170028
1979-01-01,0.0
1979-01-02,0.0
1979-01-03,0.0
1979-01-04,0.0
1979-01-05,0.0
1979-01-06,0.0
1979-01-07,0.0
1979-01-08,0.0
1979-01-09,0.0
1979-01-10,0.0
1979-01-11,0.0
1979-01-12,0.0
1979-01-13,0.0
1979-01-14,0.0
1979-01-15,0.0
1979-01-16,0.0
1979-01-17,0.0
1979-01-18,0.0
1979-01-19,0.0
1979-01-20,0.34645873
1979-01-21,0.0
1979-01-22,0.0
1979-01-23,0.0
1979-01-24,0.0
1979-01-25,0.0
1979-01-26,0.0
1979-01-27,0.0
1979-01-28,0.0
1979-01-29,0.0
1979-01-30,0.0
1979-01-31,0.0
1979-02-01,0.0
1979-02-02,0.0
1979-02-03,0.0
1979-02-04,0.0
1979-02-05,0.0
1979-02-06,0.0
1979-02-07,0.0
1979-02-08,0.0
1979-02-09,0.0
1979-02-10,0.0
1979-02-11,0.0
1979-02-12,0.0
1979-02-13,0.0
1979-02-14,0.0
1979-02-15,0.0
1979-02-16,0.0
1979-02-17,0.0
1979-02-18,0.0
1979-02-19,0.0
1979-02-20,0.0
1979-02-21,0.0
1979-02-22,0.0
1979-02-23,0.0
1979-02-24,0.0
1979-02-25,0.0
1979-02-26,0.0
1979-02-27,0.0
1979-02-28,0.0
1979-03-01,0.0
1979-03-02,0.0
1979-03-03,4.503964
1979-03-04,3.6955597
1979-03-05,0.0
1979-03-06,0.0
1979-03-07,0.0
1979-03-08,0.0
1979-03-09,0.0
1979-03-10,0.0
1979-03-11,0.0
1979-03-12,0.0
1979-03-13,0.0
1979-03-14,0.0
1979-03-15,0.0
1979-03-16,0.0
1979-03-17,0.0
1979-03-18,0.0
1979-03-19,0.0
1979-03-20,0.0
1979-03-21,0.0
1979-03-22,0.0
1979-03-23,0.0
1979-03-24,0.0
1979-03-25,0.0
1979-03-26,0.0
1979-03-27,0.0
1979-03-28,0.0
1979-03-29,0.0
1979-03-30,0.0
1979-03-31,0.0
1979-04-01,0.0
1979-04-02,0.0
1979-04-03,0.0
1979-04-04,0.0
1979-04-05,0.0
1979-04-06,0.0
1979-04-07,0.0
1979-04-08,0.0
1979-04-09,0.0
1979-04-10,0.0
1979-04-11,0.0
1979-04-12,0.0
1979-04-13,0.0
1979-04-14,0.0
1979-04-15,0.0
1979-04-16,8.16566
1979-04-17,0.0
1979-04-18,0.0
1979-04-19,0.0
1979-04-20,0.0
1979-04-21,0.0
1979-04-22,0.0
1979-04-23,0.0
1979-04-24,0.0
1979-04-25,0.0
1979-04-26,0.0
1979-04-27,0.0
1979-04-28,0.0
1979-04-29,0.0
1979-04-30,0.0
1979-05-01,0.0
1979-05-02,0.0
1979-05-03,0.0
1979-05-04,0.0
1979-05-05,0.0
1979-05-06,0.0
1979-05-07,0.0
1979-05-08,0.0
1979-05-09,0.0
1979-05-10,0.0
1979-05-11,0.0
1979-05-12,11.661077
1979-05-13,0.0
1979-05-14,0.0
1979-05-15,0.0
1979-05-16,0.0
1979-05-17,0.0
1979-05-18,0.0
1979-05-19,0.0
1979-05-20,0.0
1979-05-21,0.6481538
1979-05-22,0.0
1979-05-23,0.0
1979-05-24,0.0
1979-05-25,0.0
1979-05-26,0.0
1979-05-27,0.0
1979-05-28,0.0
1979-05-29,0.0
1979-05-30,0.0
1979-05-31,0.0
1979-06-01,0.0
1979-06-02,0.0
1979-06-03,0.0
1979-06-04,0.0
1979-06-05,1.9515171
1979-06-06,6.2546754
1979-06-07,0.0
1979-06-08,0.0
1979-06-09,0.0
1979-06-10,0.0
1979-06-11,0.0
1979-06-12,0.0
1979-06-13,0.17580143
1979-06-14,0.7618062
1979-06-15,0.0
1979-06-16,0.0
1979-06-17,0.0
1979-06-18,0.0
1979-06-19,0.21925174
1979-06-20,7.3181887
1979-06-21,0.0
1979-06-22,1.8806162
1979-06-23,20.067719
1979-06-24,0.0
1979-06-25,0.0
1979-06-26,0.0
1979-06-27,0.0
1979-06-28,0.0
1979-06-29,0.0
1979-06-30,0.0
1979-07-01,0.0
1979-07-02,0.0
1979-07-03,0.0
1979-07-04,0.0
1979-07-05,1.0207075
1979-07-06,0.0
1979-07-07,0.0
1979-07-08,0.0
1979-07-09,0.0
1979-07-10,0.0
1979-07-11,0.0
1979-07-12,0.0
1979-07-13,0.0
1979-07-14,0.0
1979-07-15,0.0
1979-07-16,0.0
1979-07-17,0.0
1979-07-18,0.72035104
1979-07-19,2.9119442
1979-07-20,7.1449523
1979-07-21,3.0621226
1979-07-22,4.7349358
1979-07-23,0.5476968
1979-07-24,19.643732
1979-07-25,0.0
1979-07-26,0.0
1979-07-27,0.0
1979-07-28,0.0
1979-07-29,0.0
1979-07-30,0.0
1979-07-31,0.0
1979-08-01,0.0
1979-08-02,0.0
1979-08-03,0.0
1979-08-04,0.0
1979-08-05,0.0
1979-08-06,0.0
1979-08-07,0.0
1979-08-08,0.0
1979-08-09,0.0
1979-08-10,0.0
1979-08-11,0.0
1979-08-12,0.0
1979-08-13,0.0
1979-08-14,0.0
1979-08-15,0.0
1979-08-16,0.0
1979-08-17,0.0
1979-08-18,0.0
1979-08-19,0.0
1979-08-20,0.0
1979-08-21,0.0
1979-08-22,0.0
1979-08-23,0.23097248
1979-08-24,3.6227534
1979-08-25,12.110861
1979-08-26,0.0
1979-08-27,0.0
1979-08-28,18.75043
1979-08-29,22.851746
1979-08-30,0.0
1979-08-31,0.0
1979-09-01,0.0
1979-09-02,0.0
1979-09-03,0.0
1979-09-04,0.0
1979-09-05,8.094825
1979-09-06,0.57743126
1979-09-07,0.0
1979-09-08,0.587086
1979-09-09,0.0
1979-09-10,0.0
1979-09-11,0.0
1979-09-12,0.0
1979-09-13,0.0
1979-09-14,0.0
1979-09-15,0.34645873
1979-09-16,12.2283745
1979-09-17,144.61998
1979-09-18,27.790075
1979-09-19,7.5350375
1979-09-20,17.116594
1979-09-21,6.9810576
1979-09-22,10.47441
1979-09-23,1.0170754
1979-09-24,3.752564
1979-09-25,15.595283
1979-09-26,0.0
1979-09-27,0.0
1979-09-28,0.0
1979-09-29,0.0
1979-09-30,0.0
1979-10-01,0.0
1979-10-02,0.0
1979-10-03,0.0
1979-10-04,5.9403615
1979-10-05,2.0964832
1979-10-06,5.023076
1979-10-07,0.0
1979-10-08,0.0
1979-10-09,0.0
1979-10-10,0.0
1979-10-11,0.0
1979-10-12,0.0
1979-10-13,0.0
1979-10-14,0.8084037
1979-10-15,0.0
1979-10-16,1.8477799
1979-10-17,0.0
1979-10-18,0.0
1979-10-19,0.0
1979-10-20,0.0
1979-10-21,0.0
1979-10-22,58.97507
1979-10-23,36.648754
1979-10-24,33.259716
1979-10-25,3.9740047
1979-10-26,69.71931
1979-10-27,20.82273
1979-10-28,43.10661
1979-10-29,0.0
1979-10-30,1.219464
1979-10-31,1.9632661
1979-11-01,0.0
1979-11-02,0.15296686
1979-11-03,1.0063157
1979-11-04,7.9423976
1979-11-05,5.8993
1979-11-06,36.327305
1979-11-07,0.0
1979-11-08,9.674256
1979-11-09,61.601967
1979-11-10,0.5413648
1979-11-11,38.205387
1979-11-12,67.9078
1979-11-13,57.22045
1979-11-14,52.55995
1979-11-15,4.788301
1979-11-16,46.75463
1979-11-17,41.999287
1979-11-18,76.90937
1979-11-19,107.529686
1979-11-20,65.79746
1979-11-21,15.364998
1979-11-22,1.1193259
1979-11-23,2.072014
1979-11-24,1.0332544
1979-11-25,9.568945
1979-11-26,1.3923285
1979-11-27,0.23550056
1979-11-28,0.6858335
1979-11-29,1.0732542
1979-11-30,0.0
1979-12-01,0.0
1979-12-02,0.0
1979-12-03,0.0
1979-12-04,0.54102796
1979-12-05,1.8889302
1979-12-06,5.8378086
1979-12-07,0.0
1979-12-08,3.6800258
1979-12-09,1.2084475
1979-12-10,23.366987
1979-12-11,20.047422
1979-12-12,23.179005
1979-12-13,0.5493442
1979-12-14,3.0621226
1979-12-15,0.0
1979-12-16,1.0029728
1979-12-17,0.11548624
1979-12-18,0.0
1979-12-19,0.0
1979-12-20,0.0
1979-12-21,0.405771
1979-12-22,0.0
1979-12-23,0.7777277
1979-12-24,5.083106
1979-12-25,2.5258305
1979-12-26,1.1901087
1979-12-27,0.0
1979-12-28,0.0
1979-12-29,0.0
1979-12-30,0.0
1979-12-31,0.0
1980-01-01,0.0
1980-01-02,0.0
1980-01-03,0.0
1980-01-04,0.0
1980-01-05,0.0
1980-01-06,0.0
1980-01-07,0.0
1980-01-08,0.0
1980-01-09,0.0
1980-01-10,0.0
1980-01-11,0.0
1980-01-12,0.0
1980-01-13,0.0
1980-01-14,0.0
1980-01-15,0.0
1980-01-16,0.0
1980-01-17,0.0
1980-01-18,0.0
1980-01-19,0.0
1980-01-20,0.0
1980-01-21,0.0
1980-01-22,0.0
1980-01-23,0.0
1980-01-24,0.0
1980-01-25,0.0
1980-01-26,0.0
1980-01-27,0.0
1980-01-28,0.0
1980-01-29,0.0
1980-01-30,0.0
1980-01-31,0.0
1980-02-01,0.0
1980-02-02,0.0
1980-02-03,0.0
1980-02-04,0.0
1980-02-05,0.0
1980-02-06,0.0
1980-02-07,0.0
1980-02-08,0.0
1980-02-09,0.0
1980-02-10,0.0
1980-02-11,0.0
1980-02-12,0.0
1980-02-13,0.0
1980-02-14,0.0
1980-02-15,0.0
1980-02-16,0.0
1980-02-17,0.0
1980-02-18,0.0
1980-02-19,0.0
1980-02-20,0.0
1980-02-21,0.0
1980-02-22,0.0
1980-02-23,0.0
1980-02-24,0.0
1980-02-25,0.0
1980-02-26,0.0
1980-02-27,0.0
1980-02-28,0.0
1980-02-29,0.0
1980-03-01,0.0
1980-03-02,0.0
1980-03-03,0.0
1980-03-04,0.0
1980-03-05,0.0
1980-03-06,0.0
1980-03-07,0.0
1980-03-08,0.0
1980-03-09,0.0
1980-03-10,0.0
1980-03-11,0.0
1980-03-12,0.0
1980-03-13,0.0
1980-03-14,0.0
1980-03-15,0.0
1980-03-16,0.0
1980-03-17,0.0
1980-03-18,0.0
1980-03-19,0.0
1980-03-20,0.0
1980-03-21,0.0
1980-03-22,0.0
1980-03-23,0.0
1980-03-24,0.0
1980-03-25,0.0
1980-03-26,0.0
1980-03-27,0.0
1980-03-28,0.0
1980-03-29,0.0
1980-03-30,0.0
1980-03-31,0.0
1980-04-01,0.0
1980-04-02,0.0
1980-04-03,0.0
1980-04-04,0.0
1980-04-05,4.150777
1980-04-06,0.16923954
1980-04-07,1.6718782
1980-04-08,0.0
1980-04-09,0.0
1980-04-10,0.0
1980-04-11,0.0
1980-04-12,0.0
1980-04-13,0.0
1980-04-14,0.0
1980-04-15,0.0
1980-04-16,0.0
1980-04-17,0.0
1980-04-18,0.0
1980-04-19,0.0
1980-04-20,0.0
1980-04-21,0.0
1980-04-22,0.0
1980-04-23,0.0
1980-04-24,0.0
1980-04-25,0.0
1980-04-26,0.0
1980-04-27,0.0
1980-04-28,0.0
1980-04-29,0.0
1980-04-30,0.0
1980-05-01,0.0
1980-05-02,0.12920323
1980-05-03,0.0
1980-05-04,0.0
1980-05-05,0.0
1980-05-06,0.0
1980-05-07,0.0
1980-05-08,0.0
1980-05-09,0.0
1980-05-10,0.0
1980-05-11,0.0
1980-05-12,0.0
1980-05-13,0.0
1980-05-14,0.0
1980-05-15,0.0
1980-05-16,0.0
1980-05-17,0.0
1980-05-18,0.0
1980-05-19,0.0
1980-05-20,0.0
1980-05-21,0.0
1980-05-22,0.0
1980-05-23,0.0
1980-05-24,0.0
1980-05-25,0.0
1980-05-26,0.0
1980-05-27,0.0
1980-05-28,0.0
1980-05-29,0.0
1980-05-30,0.0
1980-05-31,0.0
1980-06-01,0.0
1980-06-02,4.1902146
1980-06-03,0.0
1980-06-04,0.0
1980-06-05,0.0
1980-06-06,0.0
1980-06-07,0.0
1980-06-08,0.0
1980-06-09,0.0
1980-06-10,0.27233425
1980-06-11,7.383029
1980-06-12,8.751757
1980-06-13,7.8051996
1980-06-14,0.5446685
1980-06-15,0.0
1980-06-16,4.2776346
1980-06-17,0.0
1980-06-18,0.0
1980-06-19,0.0
1980-06-20,0.0
1980-06-21,0.0
1980-06-22,0.0
1980-06-23,0.0
1980-06-24,0.13616712
1980-06-25,0.25840646
1980-06-26,0.0
1980-06-27,0.0
1980-06-28,0.0
1980-06-29,0.0
1980-06-30,0.0
1980-07-01,0.0
1980-07-02,0.0
1980-07-03,0.0
1980-07-04,0.0
1980-07-05,0.0
1980-07-06,0.0
1980-07-07,0.0
1980-07-08,0.0
1980-07-09,0.0
1980-07-10,0.0
1980-07-11,23.602474
1980-07-12,3.834584
1980-07-13,0.120886706
1980-07-14,0.0
1980-07-15,0.0
1980-07-16,0.0
1980-07-17,20.931992
1980-07-18,1.3463908
1980-07-19,5.7178373
1980-07-20,3.9071689
1980-07-21,3.3801756
1980-07-22,3.938772
1980-07-23,0.0
1980-07-24,0.0
1980-07-25,0.0
1980-07-26,0.0
1980-07-27,0.0
1980-07-28,3.5581262
1980-07-29,0.26537037
1980-07-30,1.5504388
1980-07-31,0.0
1980-08-01,0.0
1980-08-02,0.0
1980-08-03,0.0
1980-08-04,0.0
1980-08-05,0.0
1980-08-06,0.0
1980-08-07,0.0
1980-08-08,2.9890206
1980-08-09,0.0
1980-08-10,0.0
1980-08-11,0.0
1980-08-12,0.45191577
1980-08-13,0.0
1980-08-14,19.190264
1980-08-15,17.288212
1980-08-16,0.0
1980-08-17,0.0
1980-08-18,0.5267916
1980-08-19,0.0
1980-08-20,0.0
1980-08-21,0.0
1980-08-22,0.0
1980-08-23,0.0
1980-08-24,0.0
1980-08-25,0.0
1980-08-26,0.0
1980-08-27,1.2809253
1980-08-28,0.0
1980-08-29,1.9574146
1980-08-30,1.1078122
1980-08-31,19.785389
1980-09-01,0.12920323
1980-09-02,0.0
1980-09-03,0.0
1980-09-04,0.0
1980-09-05,0.0
1980-09-06,0.0
1980-09-07,0.0
1980-09-08,0.5446685
1980-09-09,7.083297
1980-09-10,0.0
1980-09-11,0.7752194
1980-09-12,0.7266073
1980-09-13,0.20147784
1980-09-14,0.0
1980-09-15,0.0
1980-09-16,0.0
1980-09-17,0.0
1980-09-18,0.0
1980-09-19,0.0
1980-09-20,0.0
1980-09-21,0.0
1980-09-22,0.0
1980-09-23,0.5696837
1980-09-24,10.933309
1980-09-25,14.203632
1980-09-26,2.8427413
1980-09-27,0.0
1980-09-28,0.0
1980-09-29,17.270433
1980-09-30,2.6818902
1980-10-01,0.27233425
1980-10-02,0.0
1980-10-03,1.6521183
1980-10-04,0.3876097
1980-10-05,0.0
1980-10-06,0.0
1980-10-07,0.0
1980-10-08,20.10953
1980-10-09,1.2296932
1980-10-10,0.78224885
1980-10-11,36.446487
1980-10-12,46.80835
1980-10-13,7.3267584
1980-10-14,0.0
1980-10-15,0.0
1980-10-16,0.12920323
1980-10-17,30.625292
1980-10-18,0.25840646
1980-10-19,0.0
1980-10-20,0.0
1980-10-21,0.0
1980-10-22,0.0
1980-10-23,0.0
1980-10-24,20.645746
1980-10-25,0.0
1980-10-26,0.0
1980-10-27,0.0
1980-10-28,8.261301
1980-10-29,0.0
1980-10-30,0.0
1980-10-31,0.0
1980-11-01,0.0
1980-11-02,11.088453
1980-11-03,0.0
1980-11-04,0.0
1980-11-05,5.097748
1980-11-06,1.7138393
1980-11-07,4.3219066
1980-11-08,0.0
1980-11-09,0.34707063
1980-11-10,0.0
1980-11-11,22.247305
1980-11-12,10.585937
1980-11-13,22.554905
1980-11-14,0.50350726
1980-11-15,18.330065
1980-11-16,20.875858
1980-11-17,48.99158
1980-11-18,15.976361
1980-11-19,0.36734015
1980-11-20,0.67387176
1980-11-21,2.3401723
1980-11-22,0.0
1980-11-23,0.0
1980-11-24,0.0
1980-11-25,0.0
1980-11-26,0.0
1980-11-27,0.0
1980-11-28,0.0
1980-11-29,0.61940485
1980-11-30,10.944789
1980-12-01,1.5858804
1980-12-02,0.0
1980-12-03,0.0
1980-12-04,13.625489
1980-12-05,46.22463
1980-12-06,0.0
1980-12-07,0.0
1980-12-08,0.0
1980-12-09,0.0
1980-12-10,0.0
1980-12-11,0.0
1980-12-12,0.7752194
1980-12-13,0.0
1980-12-14,0.0
1980-12-15,0.0
1980-12-16,0.0
1980-12-17,0.0
1980-12-18,3.4129124
1980-12-19,0.16340056
1980-12-20,0.0
1980-12-21,0.0
1980-12-22,0.0
1980-12-23,0.0
1980-12-24,0.0
1980-12-25,0.0
1980-12-26,0.0
1980-12-27,0.0
1980-12-28,0.0
1980-12-29,0.0
1980-12-30,1.0475537
1980-12-31,0.25840646
1981-01-01,0.0
1981-01-02,0.0
1981-01-03,0.0
1981-01-04,0.0
1981-01-05,0.0
1981-01-06,0.0
1981-01-07,0.0
1981-01-08,0.0
1981-01-09,0.0
1981-01-10,0.0
1981-01-11,0.0
1981-01-12,0.0
1981-01-13,0.0
1981-01-14,2.350962
1981-01-15,1.0785775
1981-01-16,20.86892
1981-01-17,23.468891
1981-01-18,0.0
1981-01-19,0.0
1981-01-20,0.0
1981-01-21,0.0
1981-01-22,0.0
1981-01-23,0.0
1981-01-24,0.0
1981-01-25,0.0
1981-01-26,0.0
1981-01-27,0.0
1981-01-28,0.0
1981-01-29,0.0
1981-01-30,0.0
1981-01-31,0.0
1981-02-01,0.0
1981-02-02,0.0
1981-02-03,0.0
1981-02-04,0.0
1981-02-05,0.0
1981-02-06,0.0
1981-02-07,0.0
1981-02-08,0.0
1981-02-09,0.0
1981-02-10,0.0
1981-02-11,0.0
1981-02-12,0.0
1981-02-13,0.0
1981-02-14,0.0
1981-02-15,0.0
1981-02-16,0.0
1981-02-17,0.0
1981-02-18,0.0
1981-02-19,0.0
1981-02-20,0.0
1981-02-21,0.0
1981-02-22,0.0
1981-02-23,0.0
1981-02-24,0.0
1981-02-25,0.0
1981-02-26,0.0
1981-02-27,0.0
1981-02-28,0.0
1981-03-01,0.0
1981-03-02,0.0
1981-03-03,0.0
1981-03-04,0.0
1981-03-05,0.0
1981-03-06,0.0
1981-03-07,0.0
1981-03-08,0.0
1981-03-09,0.0
1981-03-10,0.0
1981-03-11,0.0
1981-03-12,0.0
1981-03-13,0.0
1981-03-14,0.0
1981-03-15,0.0
1981-03-16,0.0
1981-03-17,0.0
1981-03-18,0.0
1981-03-19,0.0
1981-03-20,0.0
1981-03-21,0.0
1981-03-22,0.0
1981-03-23,0.0
1981-03-24,0.0
1981-03-25,0.0
1981-03-26,0.0
1981-03-27,0.0
1981-03-28,0.0
1981-03-29,0.0
1981-03-30,0.0
1981-03-31,0.0
1981-04-01,0.0
1981-04-02,0.0
1981-04-03,0.0
1981-04-04,0.0
1981-04-05,0.0
1981-04-06,0.0
1981-04-07,0.0
1981-04-08,0.0
1981-04-09,0.0
1981-04-10,0.0
1981-04-11,0.0
1981-04-12,0.0
1981-04-13,0.0
1981-04-14,0.0
1981-04-15,0.0
1981-04-16,0.0
1981-04-17,0.0
1981-04-18,0.0
1981-04-19,0.0
1981-04-20,0.0
1981-04-21,0.0
1981-04-22,0.0
1981-04-23,0.0
1981-04-24,0.0
1981-04-25,0.0
1981-04-26,0.0
1981-04-27,0.0
1981-04-28,0.0
1981-04-29,0.0
1981-04-30,0.0
1981-05-01,0.0
1981-05-02,0.0
1981-05-03,0.0
1981-05-04,0.0
1981-05-05,0.0
1981-05-06,25.280815
1981-05-07,44.41637
1981-05-08,0.0
1981-05-09,0.0
1981-05-10,0.6548443
1981-05-11,0.0
1981-05-12,0.0
1981-05-13,0.0
1981-05-14,0.0
1981-05-15,0.0
1981-05-16,0.0
1981-05-17,0.0
1981-05-18,0.0
1981-05-19,0.0
1981-05-20,0.0
1981-05-21,0.0
1981-05-22,0.0
1981-05-23,0.0
1981-05-24,0.0
1981-05-25,0.0
1981-05-26,0.0
1981-05-27,0.0
1981-05-28,0.0
1981-05-29,0.0
1981-05-30,0.0
1981-05-31,0.6687554
1981-06-01,0.0
1981-06-02,0.0
1981-06-03,0.0
1981-06-04,0.0
1981-06-05,0.0
1981-06-06,0.0
1981-06-07,0.0
1981-06-08,0.0
1981-06-09,0.0
1981-06-10,0.0
1981-06-11,0.0
1981-06-12,0.0
1981-06-13,0.74386156
1981-06-14,0.0
1981-06-15,0.0
1981-06-16,0.0
1981-06-17,3.1215088
1981-06-18,0.0
1981-06-19,0.0
1981-06-20,0.0
1981-06-21,0.0
1981-06-22,0.0
1981-06-23,0.0
1981-06-24,0.0
1981-06-25,0.0
1981-06-26,7.6136403
1981-06-27,14.618826
1981-06-28,0.0
1981-06-29,0.0
1981-06-30,0.0
1981-07-01,0.0
1981-07-02,0.0
1981-07-03,0.0
1981-07-04,0.0
1981-07-05,0.0
1981-07-06,0.0
1981-07-07,0.0
1981-07-08,0.0
1981-07-09,0.0
1981-07-10,0.0
1981-07-11,0.0
1981-07-12,0.188319
1981-07-13,0.0
1981-07-14,0.0
1981-07-15,0.0
1981-07-16,17.517027
1981-07-17,0.0
1981-07-18,0.0
1981-07-19,0.0
1981-07-20,47.13819
1981-07-21,0.0
1981-07-22,0.0
1981-07-23,3.551892
1981-07-24,0.0
1981-07-25,0.0
1981-07-26,0.0
1981-07-27,0.0
1981-07-28,101.83526
1981-07-29,0.4004479
1981-07-30,0.0
1981-07-31,6.8864284
1981-08-01,0.0
1981-08-02,0.0
1981-08-03,0.188319
1981-08-04,0.0
1981-08-05,0.33705547
1981-08-06,0.0
1981-08-07,0.0
1981-08-08,0.0
1981-08-09,3.7971213
1981-08-10,0.0
1981-08-11,0.0
1981-08-12,0.82107204
1981-08-13,0.0
1981-08-14,0.0
1981-08-15,0.0
1981-08-16,0.0
1981-08-17,0.0
1981-08-18,0.0
1981-08-19,9.441611
1981-08-20,0.33897418
1981-08-21,2.434706
1981-08-22,0.0
1981-08-23,0.0
1981-08-24,0.0
1981-08-25,0.0
1981-08-26,0.0
1981-08-27,1.3333021
1981-08-28,0.65911645
1981-08-29,0.24436522
1981-08-30,8.055678
1981-08-31,68.16154
1981-09-01,33.986053
1981-09-02,6.3740354
1981-09-03,0.0
1981-09-04,0.0
1981-09-05,0.0
1981-09-06,0.0
1981-09-07,0.0
1981-09-08,0.0
1981-09-09,0.0
1981-09-10,0.0
1981-09-11,1.26756
1981-09-12,0.7770859
1981-09-13,0.50332254
1981-09-14,0.0
1981-09-15,12.294336
1981-09-16,0.8414981
1981-09-17,0.0
1981-09-18,38.45733
1981-09-19,0.0
1981-09-20,0.4680479
1981-09-21,0.376638
1981-09-22,0.0
1981-09-23,0.546635
1981-09-24,0.0
1981-09-25,0.0
1981-09-26,0.0
1981-09-27,0.0
1981-09-28,0.0
1981-09-29,0.0
1981-09-30,0.0
1981-10-01,0.0
1981-10-02,0.84620696
1981-10-03,24.04036
1981-10-04,15.18086
1981-10-05,22.11109
1981-10-06,0.0
1981-10-07,0.0
1981-10-08,0.0
1981-10-09,0.0
1981-10-10,0.0
1981-10-11,0.0
1981-10-12,0.60443354
1981-10-13,0.0
1981-10-14,0.0
1981-10-15,0.0
1981-10-16,0.0
1981-10-17,0.0
1981-10-18,0.0
1981-10-19,14.48522
1981-10-20,4.4552007
1981-10-21,0.0
1981-10-22,3.9209912
1981-10-23,21.473742
1981-10-24,58.724632
1981-10-25,40.102966
1981-10-26,67.90718
1981-10-27,42.948235
1981-10-28,17.35659
1981-10-29,1.0565325
1981-10-30,1.7830046
1981-10-31,0.0
1981-11-01,11.408676
1981-11-02,8.577113
1981-11-03,0.0
1981-11-04,0.24510083
1981-11-05,0.0
1981-11-06,2.904954
1981-11-07,0.10336258
1981-11-08,2.989632
1981-11-09,0.0
1981-11-10,0.0
1981-11-11,4.8822813
1981-11-12,0.0
1981-11-13,0.0
1981-11-14,6.088671
1981-11-15,8.124274
1981-11-16,58.085064
1981-11-17,47.160355
1981-11-18,1.3072045
1981-11-19,0.0
1981-11-20,0.0
1981-11-21,0.0
1981-11-22,0.0
1981-11-23,0.0
1981-11-24,0.0
1981-11-25,0.0
1981-11-26,0.0
1981-11-27,1.8128752
1981-11-28,4.42124
1981-11-29,12.04574
1981-11-30,43.32226
1981-12-01,28.154436
1981-12-02,10.015542
1981-12-03,10.725124
1981-12-04,3.8067832
1981-12-05,4.2904944
1981-12-06,0.0
1981-12-07,0.0
1981-12-08,0.0
1981-12-09,0.0
1981-12-10,0.0
1981-12-11,0.0
1981-12-12,0.0
1981-12-13,0.27233425
1981-12-14,0.0
1981-12-15,0.0
1981-12-16,6.4949
1981-12-17,54.26615
1981-12-18,0.91146684
1981-12-19,10.872749
1981-12-20,0.0
1981-12-21,0.31844443
1981-12-22,10.328274
1981-12-23,6.17511
1981-12-24,0.0
1981-12-25,0.4085014
1981-12-26,0.0
1981-12-27,0.0
1981-12-28,0.0
1981-12-29,0.0
1981-12-30,0.0
1981-12-31,0.0
1982-01-01,0.0
1982-01-02,0.0
1982-01-03,0.0
1982-01-04,0.0
1982-01-05,0.0
1982-01-06,0.0
1982-01-07,0.0
1982-01-08,0.0
1982-01-09,0.0
1982-01-10,0.0
1982-01-11,0.0
1982-01-12,0.0
1982-01-13,0.0
1982-01-14,0.0
1982-01-15,0.0
1982-01-16,0.0
1982-01-17,0.0
1982-01-18,0.0
1982-01-19,0.0
1982-01-20,0.0
1982-01-21,0.0
1982-01-22,0.0
1982-01-23,0.0
1982-01-24,0.0
1982-01-25,0.0
1982-01-26,0.3791874
1982-01-27,0.0
1982-01-28,0.0
1982-01-29,0.0
1982-01-30,0.0
1982-01-31,0.0
1982-02-01,0.0
1982-02-02,0.0
1982-02-03,0.0
1982-02-04,0.0
1982-02-05,0.0
1982-02-06,0.0
1982-02-07,0.0
1982-02-08,0.0
1982-02-09,0.0
1982-02-10,0.0
1982-02-11,0.0
1982-02-12,0.0
1982-02-13,0.0
1982-02-14,0.0
1982-02-15,0.0
1982-02-16,0.0
1982-02-17,0.0
1982-02-18,0.0
1982-02-19,0.0
1982-02-20,0.0
1982-02-21,0.0
1982-02-22,0.0
1982-02-23,0.0
1982-02-24,0.0
1982-02-25,0.0
1982-02-26,0.0
1982-02-27,0.0
1982-02-28,0.0
1982-03-01,0.0
1982-03-02,0.0
1982-03-03,0.0
1982-03-04,0.0
1982-03-05,0.0
1982-03-06,0.0
1982-03-07,0.0
1982-03-08,0.0
1982-03-09,0.0
1982-03-10,0.0
1982-03-11,0.0
1982-03-12,0.0
1982-03-13,0.0
1982-03-14,0.0
1982-03-15,0.0
1982-03-16,0.0
1982-03-17,0.0
1982-03-18,0.0
1982-03-19,0.0
1982-03-20,0.0
1982-03-21,0.0
1982-03-22,0.0
1982-03-23,0.0
1982-03-24,0.0
1982-03-25,0.0
1982-03-26,0.0
1982-03-27,0.0
1982-03-28,0.0
1982-03-29,0.0
1982-03-30,0.0
1982-03-31,0.0
1982-04-01,0.0
1982-04-02,0.0
1982-04-03,0.0
1982-04-04,0.0
1982-04-05,0.0
1982-04-06,0.0
1982-04-07,0.0
1982-04-08,0.0
1982-04-09,0.0
1982-04-10,0.0
1982-04-11,0.0
1982-04-12,0.0
1982-04-13,0.0
1982-04-14,0.0
1982-04-15,0.0
1982-04-16,0.0
1982-04-17,0.0
1982-04-18,0.0
1982-04-19,0.0
1982-04-20,0.0
1982-04-21,0.0
1982-04-22,0.0
1982-04-23,0.0
1982-04-24,0.0
1982-04-25,0.0
1982-04-26,0.0
1982-04-27,0.0
1982-04-28,0.0
1982-04-29,0.0
1982-04-30,9.594224
1982-05-01,0.0
1982-05-02,0.0
1982-05-03,0.0
1982-05-04,0.0
1982-05-05,0.0
1982-05-06,0.0
1982-05-07,0.0
1982-05-08,0.0
1982-05-09,0.0
1982-05-10,0.0
1982-05-11,0.0
1982-05-12,0.0
1982-05-13,0.0
1982-05-14,0.0
1982-05-15,0.0
1982-05-16,0.0
1982-05-17,0.0
1982-05-18,0.0
1982-05-19,0.0
1982-05-20,0.0
1982-05-21,0.0
1982-05-22,0.0
1982-05-23,0.0
1982-05-24,0.0
1982-05-25,0.0
1982-05-26,0.0
1982-05-27,0.0
1982-05-28,0.0
1982-05-29,0.0
1982-05-30,0.0
1982-05-31,0.0
1982-06-01,0.0
1982-06-02,0.0
1982-06-03,0.0
1982-06-04,0.0
1982-06-05,0.0
1982-06-06,0.0
1982-06-07,0.0
1982-06-08,0.0
1982-06-09,0.0
1982-06-10,0.0
1982-06-11,0.87634414
1982-06-12,0.15065521
1982-06-13,0.62942964
1982-06-14,0.0
1982-06-15,0.0
1982-06-16,0.0
1982-06-17,0.0
1982-06-18,0.0
1982-06-19,0.0
1982-06-20,0.0
1982-06-21,0.0
1982-06-22,0.0
1982-06-23,0.0
1982-06-24,0.0
1982-06-25,0.0
1982-06-26,0.0
1982-06-27,0.30131042
1982-06-28,0.0
1982-06-29,6.4586525
1982-06-30,0.0
1982-07-01,0.0
1982-07-02,0.0
1982-07-03,0.0
1982-07-04,0.0
1982-07-05,0.0
1982-07-06,17.788193
1982-07-07,0.0
1982-07-08,0.0
1982-07-09,7.6391897
1982-07-10,18.231066
1982-07-11,0.376638
1982-07-12,0.0
1982-07-13,0.0
1982-07-14,0.0
1982-07-15,0.0
1982-07-16,0.0
1982-07-17,0.0
1982-07-18,0.0
1982-07-19,0.0
1982-07-20,0.0
1982-07-21,0.0
1982-07-22,0.0
1982-07-23,0.188319
1982-07-24,0.14324857
1982-07-25,0.0
1982-07-26,0.0
1982-07-27,0.0
1982-07-28,2.1080523
1982-07-29,0.0
1982-07-30,0.0
1982-07-31,0.10111665
1982-08-01,0.0
1982-08-02,0.13482219
1982-08-03,0.0
1982-08-04,0.0
1982-08-05,0.0
1982-08-06,0.0
1982-08-07,15.529149
1982-08-08,0.0
1982-08-09,0.0
1982-08-10,0.0
1982-08-11,0.0
1982-08-12,0.0
1982-08-13,0.0
1982-08-14,0.0
1982-08-15,0.0
1982-08-16,0.0
1982-08-17,2.9340134
1982-08-18,0.0
1982-08-19,0.0
1982-08-20,0.0
1982-08-21,0.0
1982-08-22,0.0
1982-08-23,0.0
1982-08-24,0.2022333
1982-08-25,0.23045093
1982-08-26,0.0
1982-08-27,4.2686
1982-08-28,9.369675
1982-08-29,5.843683
1982-08-30,0.0
1982-08-31,0.0
1982-09-01,8.765525
1982-09-02,2.9244068
1982-09-03,0.0
1982-09-04,0.0
1982-09-05,0.0
1982-09-06,0.0
1982-09-07,0.0
1982-09-08,0.0
1982-09-09,0.0
1982-09-10,0.0
1982-09-11,0.0
1982-09-12,0.0
1982-09-13,0.0
1982-09-14,0.0
1982-09-15,0.0
1982-09-16,0.0
1982-09-17,45.618484
1982-09-18,0.0
1982-09-19,4.299556
1982-09-20,0.33509067
1982-09-21,18.311588
1982-09-22,0.10954302
1982-09-23,19.935574
1982-09-24,4.888041
1982-09-25,0.19380689
1982-09-26,0.85949147
1982-09-27,0.0
1982-09-28,0.0
1982-09-29,0.0
1982-09-30,0.0
1982-10-01,0.0
1982-10-02,6.3718147
1982-10-03,0.0
1982-10-04,0.0
1982-10-05,0.2578816
1982-10-06,0.0
1982-10-07,0.0
1982-10-08,0.0
1982-10-09,0.0
1982-10-10,0.0
1982-10-11,0.0
1982-10-12,0.0
1982-10-13,0.0
1982-10-14,0.0
1982-10-15,0.0
1982-10-16,0.0
1982-10-17,1.2074168
1982-10-18,30.675085
1982-10-19,7.469958
1982-10-20,0.0
1982-10-21,0.0
1982-10-22,0.0
1982-10-23,0.2578816
1982-10-24,0.2578816
1982-10-25,0.22241887
1982-10-26,14.512983
1982-10-27,2.7287707
1982-10-28,6.9207687
1982-10-29,1.4349418
1982-10-30,1.1497836
1982-10-31,0.0
1982-11-01,2.3804173
1982-11-02,14.41818
1982-11-03,130.90129
1982-11-04,27.206985
1982-11-05,15.452727
1982-11-06,0.97893006
1982-11-07,1.0771872
1982-11-08,0.5084613
1982-11-09,3.7898006
1982-11-10,12.634448
1982-11-11,0.0
1982-11-12,0.0
1982-11-13,0.0
1982-11-14,0.0
1982-11-15,0.0
1982-11-16,0.0
1982-11-17,0.0
1982-11-18,0.22751243
1982-11-19,0.3231412
1982-11-20,0.0
1982-11-21,0.0
1982-11-22,0.0
1982-11-23,12.43367
1982-11-24,6.9660473
1982-11-25,28.067705
1982-11-26,51.21791
1982-11-27,20.985334
1982-11-28,0.376638
1982-11-29,0.0
1982-11-30,0.0
1982-12-01,0.0
1982-12-02,0.0
1982-12-03,0.0
1982-12-04,44.458366
1982-12-05,15.547749
1982-12-06,1.0090061
1982-12-07,0.0
1982-12-08,0.0
1982-12-09,0.0
1982-12-10,0.0
1982-12-11,0.0
1982-12-12,13.613937
1982-12-13,6.4130077
1982-12-14,0.0
1982-12-15,0.0
1982-12-16,0.6939022
1982-12-17,0.0
1982-12-18,0.0
1982-12-19,0.0
1982-12-20,0.0
1982-12-21,0.0
1982-12-22,0.0
1982-12-23,0.0
1982-12-24,0.0
1982-12-25,0.0
1982-12-26,0.0
1982-12-27,0.0
1982-12-28,0.0
1982-12-29,0.0
1982-12-30,0.0
1982-12-31,0.0
1983-01-01,0.0
1983-01-02,0.0
1983-01-03,0.0
1983-01-04,0.0
1983-01-05,0.25840646
1983-01-06,0.0
1983-01-07,0.0
1983-01-08,0.0
1983-01-09,0.0
1983-01-10,0.0
1983-01-11,0.0
1983-01-12,0.0
1983-01-13,0.0
1983-01-14,0.0
1983-01-15,0.0
1983-01-16,0.0
1983-01-17,0.0
1983-01-18,0.0
1983-01-19,0.0
1983-01-20,0.0
1983-01-21,0.0
1983-01-22,0.0
1983-01-23,0.0
1983-01-24,0.0
1983-01-25,0.0
1983-01-26,0.0
1983-01-27,1.2920324
1983-01-28,0.0
1983-01-29,0.0
1983-01-30,0.0
1983-01-31,0.0
1983-02-01,0.0
1983-02-02,0.0
1983-02-03,0.0
1983-02-04,0.0
1983-02-05,0.0
1983-02-06,0.0
1983-02-07,0.0
1983-02-08,0.0
1983-02-09,0.0
1983-02-10,0.0
1983-02-11,0.0
1983-02-12,0.0
1983-02-13,0.0
1983-02-14,0.0
1983-02-15,0.0
1983-02-16,0.0
1983-02-17,0.0
1983-02-18,0.0
1983-02-19,0.0
1983-02-20,0.0
1983-02-21,0.0
1983-02-22,0.0
1983-02-23,0.0
1983-02-24,0.0
1983-02-25,0.0
1983-02-26,0.0
1983-02-27,0.0
1983-02-28,0.0
1983-03-01,0.0
1983-03-02,0.0
1983-03-03,0.0
1983-03-04,0.0
1983-03-05,0.0
1983-03-06,0.0
1983-03-07,0.0
1983-03-08,0.0
1983-03-09,0.0
1983-03-10,0.0
1983-03-11,0.0
1983-03-12,0.0
1983-03-13,0.0
1983-03-14,0.0
1983-03-15,0.0
1983-03-16,0.0
1983-03-17,0.0
1983-03-18,0.0
1983-03-19,0.0
1983-03-20,0.0
1983-03-21,0.0
1983-03-22,0.0
1983-03-23,0.0
1983-03-24,0.0
1983-03-25,0.0
1983-03-26,0.0
1983-03-27,0.0
1983-03-28,0.0
1983-03-29,0.0
1983-03-30,0.0
1983-03-31,0.0
1983-04-01,0.0
1983-04-02,0.0
1983-04-03,0.0
1983-04-04,0.0
1983-04-05,0.0
1983-04-06,0.0
1983-04-07,0.0
1983-04-08,0.0
1983-04-09,0.0
1983-04-10,0.0
1983-04-11,0.0
1983-04-12,0.0
1983-04-13,0.0
1983-04-14,0.0
1983-04-15,0.0
1983-04-16,0.0
1983-04-17,0.0
1983-04-18,0.0
1983-04-19,0.0
1983-04-20,0.0
1983-04-21,0.0
1983-04-22,0.0
1983-04-23,0.0
1983-04-24,0.0
1983-04-25,0.0
1983-04-26,0.0
1983-04-27,0.0
1983-04-28,0.0
1983-04-29,0.0
1983-04-30,0.0
1983-05-01,0.0
1983-05-02,0.0
1983-05-03,0.0
1983-05-04,0.0
1983-05-05,0.0
1983-05-06,0.0
1983-05-07,0.0
1983-05-08,0.0
1983-05-09,0.0
1983-05-10,0.0
1983-05-11,1.4400829
1983-05-12,0.0
1983-05-13,0.0
1983-05-14,0.0
1983-05-15,0.0
1983-05-16,0.0
1983-05-17,0.13428968
1983-05-18,0.0
1983-05-19,0.0
1983-05-20,0.0
1983-05-21,0.0
1983-05-22,0.0
1983-05-23,0.0
1983-05-24,0.5295766
1983-05-25,7.92014
1983-05-26,0.0
1983-05-27,0.0
1983-05-28,0.0
1983-05-29,0.0
1983-05-30,0.36002073
1983-05-31,0.0
1983-06-01,0.0
1983-06-02,0.0
1983-06-03,0.0
1983-06-04,0.0
1983-06-05,0.0
1983-06-06,0.0
1983-06-07,0.33592838
1983-06-08,0.0
1983-06-09,0.0
1983-06-10,0.10336258
1983-06-11,0.0
1983-06-12,0.0
1983-06-13,0.20147784
1983-06-14,0.0
1983-06-15,0.0
1983-06-16,0.0
1983-06-17,0.0
1983-06-18,0.0
1983-06-19,0.0
1983-06-20,0.0
1983-06-21,0.0
1983-06-22,0.0
1983-06-23,0.0
1983-06-24,0.0
1983-06-25,0.0
1983-06-26,0.0
1983-06-27,0.0
1983-06-28,0.0
1983-06-29,0.0
1983-06-30,0.0
1983-07-01,0.0
1983-07-02,0.0
1983-07-03,0.0
1983-07-04,0.0
1983-07-05,0.0
1983-07-06,14.126557
1983-07-07,0.0
1983-07-08,0.0
1983-07-09,0.0
1983-07-10,3.0958304
1983-07-11,0.0
1983-07-12,0.0
1983-07-13,0.0
1983-07-14,0.0
1983-07-15,0.0
1983-07-16,0.0
1983-07-17,0.0
1983-07-18,0.0
1983-07-19,0.0
1983-07-20,0.0
1983-07-21,0.0
1983-07-22,1.0591532
1983-07-23,31.275816
1983-07-24,43.555412
1983-07-25,0.84234095
1983-07-26,1.419174
1983-07-27,5.587357
1983-07-28,19.010141
1983-07-29,0.92675906
1983-07-30,11.712988
1983-07-31,0.0
1983-08-01,0.0
1983-08-02,0.0
1983-08-03,0.69711334
1983-08-04,16.554312
1983-08-05,0.0
1983-08-06,0.8905321
1983-08-07,22.901304
1983-08-08,0.6808356
1983-08-09,0.85829556
1983-08-10,6.421367
1983-08-11,3.1507206
1983-08-12,0.0
1983-08-13,0.0
1983-08-14,0.0
1983-08-15,0.0
1983-08-16,0.0
1983-08-17,0.120886706
1983-08-18,2.6580305
1983-08-19,0.0
1983-08-20,2.5175364
1983-08-21,0.9690242
1983-08-22,0.16521183
1983-08-23,1.5956807
1983-08-24,19.185123
1983-08-25,5.606818
1983-08-26,5.989129
1983-08-27,61.82736
1983-08-28,0.20550738
1983-08-29,0.0
1983-08-30,0.0
1983-08-31,0.0
1983-09-01,0.0
1983-09-02,0.0
1983-09-03,0.0
1983-09-04,0.0
1983-09-05,0.0
1983-09-06,1.5644977
1983-09-07,6.177974
1983-09-08,0.0
1983-09-09,0.8865025
1983-09-10,10.551397
1983-09-11,37.99759
1983-09-12,18.534943
1983-09-13,0.0
1983-09-14,0.0
1983-09-15,0.3626601
1983-09-16,22.043053
1983-09-17,0.0
1983-09-18,0.32236454
1983-09-19,15.280122
1983-09-20,1.8278104
1983-09-21,0.70362556
1983-09-22,0.0
1983-09-23,8.077305
1983-09-24,0.0
1983-09-25,0.0
1983-09-26,0.0
1983-09-27,0.0
1983-09-28,0.0
1983-09-29,0.0
1983-09-30,0.0
1983-10-01,0.13616712
1983-10-02,4.5102
1983-10-03,0.0
1983-10-04,0.0
1983-10-05,0.0
1983-10-06,0.0
1983-10-07,0.0
1983-10-08,0.0
1983-10-09,0.0
1983-10-10,0.0
1983-10-11,0.0
1983-10-12,0.5036946
1983-10-13,2.7908347
1983-10-14,0.0
1983-10-15,0.0
1983-10-16,0.24177341
1983-10-17,0.49186334
1983-10-18,0.0
1983-10-19,0.20147784
1983-10-20,5.1235886
1983-10-21,0.0
1983-10-22,0.0
1983-10-23,0.0
1983-10-24,23.461489
1983-10-25,24.484976
1983-10-26,5.2865057
1983-10-27,6.331565
1983-10-28,11.04611
1983-10-29,31.290352
1983-10-30,17.486198
1983-10-31,12.260024
1983-11-01,34.048344
1983-11-02,4.73767
1983-11-03,0.8170028
1983-11-04,0.0
1983-11-05,0.0
1983-11-06,0.0
1983-11-07,0.0
1983-11-08,0.0
1983-11-09,0.0
1983-11-10,0.27233425
1983-11-11,0.0
1983-11-12,0.0
1983-11-13,0.0
1983-11-14,0.0
1983-11-15,0.0
1983-11-16,0.0
1983-11-17,0.0
1983-11-18,0.582422
1983-11-19,0.0
1983-11-20,0.0
1983-11-21,0.0
1983-11-22,0.0
1983-11-23,0.0
1983-11-24,0.0
1983-11-25,0.0
1983-11-26,0.0
1983-11-27,45.38534
1983-11-28,12.865617
1983-11-29,10.726855
1983-11-30,0.7975039
1983-12-01,0.20953695
1983-12-02,3.8492398
1983-12-03,38.029488
1983-12-04,27.328524
1983-12-05,0.51186395
1983-12-06,1.6319907
1983-12-07,0.32401556
1983-12-08,0.0
1983-12-09,0.7066763
1983-12-10,0.0
1983-12-11,7.1809373
1983-12-12,25.069323
1983-12-13,15.338749
1983-12-14,13.583542
1983-12-15,13.935025
1983-12-16,9.541762
1983-12-17,0.21368906
1983-12-18,2.5921245
1983-12-19,0.2325658
1983-12-20,0.0
1983-12-21,7.61714
1983-12-22,92.92605
1983-12-23,177.28844
1983-12-24,23.024755
1983-12-25,122.09313
1983-12-26,0.43978435
1983-12-27,0.2919201
1983-12-28,0.27317205
1983-12-29,4.856908
1983-12-30,0.11163339
1983-12-31,0.0
1984-01-01,0.0
1984-01-02,0.0
1984-01-03,0.0
1984-01-04,0.0
1984-01-05,0.0
1984-01-06,0.0
1984-01-07,0.0
1984-01-08,0.0
1984-01-09,0.0
1984-01-10,0.0
1984-01-11,0.0
1984-01-12,0.0
1984-01-13,0.46932825
1984-01-14,1.566816
1984-01-15,4.540598
1984-01-16,0.115225464
1984-01-17,0.0
1984-01-18,0.0
1984-01-19,0.0
1984-01-20,0.0
1984-01-21,0.0
1984-01-22,0.0
1984-01-23,0.0
1984-01-24,0.0
1984-01-25,0.0
1984-01-26,0.0
1984-01-27,0.0
1984-01-28,3.6570156
1984-01-29,27.282333
1984-01-30,0.2626872
1984-01-31,0.0
1984-02-01,0.0
1984-02-02,0.0
1984-02-03,0.0
1984-02-04,0.0
1984-02-05,7.4442706
1984-02-06,97.335175
1984-02-07,42.321068
1984-02-08,0.0
1984-02-09,0.0
1984-02-10,0.0
1984-02-11,0.0
1984-02-12,3.1849537
1984-02-13,28.33458
1984-02-14,0.63786054
1984-02-15,2.15652
1984-02-16,116.78064
1984-02-17,11.798877
1984-02-18,0.48460838
1984-02-19,0.1531442
1984-02-20,0.0
1984-02-21,0.0
1984-02-22,0.0
1984-02-23,0.0
1984-02-24,0.0
1984-02-25,0.0
1984-02-26,0.0
1984-02-27,0.0
1984-02-28,0.0
1984-02-29,0.0
1984-03-01,0.0
1984-03-02,0.0
1984-03-03,70.708565
1984-03-04,137.92487
1984-03-05,3.1002645
1984-03-06,18.400845
1984-03-07,50.905167
1984-03-08,0.0
1984-03-09,0.0
1984-03-10,0.0
1984-03-11,0.0
1984-03-12,0.0
1984-03-13,0.0
1984-03-14,0.0
1984-03-15,0.0
1984-03-16,0.0
1984-03-17,0.0
1984-03-18,0.0
1984-03-19,0.0
1984-03-20,0.0
1984-03-21,0.0
1984-03-22,0.0
1984-03-23,0.0
1984-03-24,0.0
1984-03-25,0.0
1984-03-26,0.0
1984-03-27,0.0
1984-03-28,0.0
1984-03-29,0.0
1984-03-30,0.0
1984-03-31,0.0
1984-04-01,0.0
1984-04-02,0.0
1984-04-03,0.0
1984-04-04,0.0
1984-04-05,0.0
1984-04-06,0.0
1984-04-07,0.0
1984-04-08,0.0
1984-04-09,0.0
1984-04-10,0.0
1984-04-11,0.0
1984-04-12,0.0
1984-04-13,18.89585
1984-04-14,0.35684675
1984-04-15,0.0
1984-04-16,0.0
1984-04-17,0.0
1984-04-18,0.0
1984-04-19,0.0
1984-04-20,0.0
1984-04-21,0.0
1984-04-22,0.0
1984-04-23,0.0
1984-04-24,0.0
1984-04-25,0.0
1984-04-26,0.0
1984-04-27,0.0
1984-04-28,0.0
1984-04-29,0.0
1984-04-30,0.0
1984-05-01,0.0
1984-05-02,0.0
1984-05-03,0.0
1984-05-04,0.0
1984-05-05,0.0
1984-05-06,0.0
1984-05-07,0.0
1984-05-08,0.0
1984-05-09,0.0
1984-05-10,0.0
1984-05-11,0.0
1984-05-12,0.0
1984-05-13,0.0
1984-05-14,0.0
1984-05-15,0.0
1984-05-16,0.0
1984-05-17,0.0
1984-05-18,0.0
1984-05-19,0.0
1984-05-20,0.0
1984-05-21,0.0
1984-05-22,0.0
1984-05-23,0.0
1984-05-24,0.0
1984-05-25,0.0
1984-05-26,0.0
1984-05-27,0.0
1984-05-28,0.0
1984-05-29,0.0
1984-05-30,0.0
1984-05-31,0.0
1984-06-01,0.0
1984-06-02,0.0
1984-06-03,0.0
1984-06-04,0.0
1984-06-05,0.0
1984-06-06,0.0
1984-06-07,0.0
1984-06-08,1.3182329
1984-06-09,0.0
1984-06-10,0.0
1984-06-11,19.721746
1984-06-12,0.0
1984-06-13,0.0
1984-06-14,0.0
1984-06-15,0.0
1984-06-16,0.0
1984-06-17,0.0
1984-06-18,0.0
1984-06-19,0.0
1984-06-20,0.0
1984-06-21,0.0
1984-06-22,0.41583145
1984-06-23,0.74072343
1984-06-24,0.0
1984-06-25,0.3791874
1984-06-26,1.0357544
1984-06-27,0.0
1984-06-28,0.0
1984-06-29,0.0
1984-06-30,0.0
1984-07-01,0.0
1984-07-02,0.0
1984-07-03,0.0
1984-07-04,0.0
1984-07-05,0.0
1984-07-06,0.6402846
1984-07-07,4.5979166
1984-07-08,0.0
1984-07-09,0.0
1984-07-10,0.0
1984-07-11,0.0
1984-07-12,0.77070975
1984-07-13,0.0
1984-07-14,0.0
1984-07-15,0.0
1984-07-16,0.0
1984-07-17,0.0
1984-07-18,0.0
1984-07-19,0.0
1984-07-20,0.0
1984-07-21,10.423988
1984-07-22,44.437225
1984-07-23,46.749763
1984-07-24,1.2474943
1984-07-25,40.40842
1984-07-26,10.57757
1984-07-27,9.587954
1984-07-28,2.4128575
1984-07-29,0.0
1984-07-30,0.18538052
1984-07-31,0.0
1984-08-01,0.0
1984-08-02,0.0
1984-08-03,0.18538052
1984-08-04,0.0
1984-08-05,0.0
1984-08-06,0.0
1984-08-07,0.0
1984-08-08,0.0
1984-08-09,0.0
1984-08-10,0.0
1984-08-11,0.0
1984-08-12,0.0
1984-08-13,0.0
1984-08-14,0.0
1984-08-15,0.0
1984-08-16,0.0
1984-08-17,0.0
1984-08-18,0.0
1984-08-19,0.0
1984-08-20,0.11796941
1984-08-21,0.0
1984-08-22,0.188319
1984-08-23,0.29218414
1984-08-24,0.0
1984-08-25,0.376638
1984-08-26,21.163313
1984-08-27,0.0
1984-08-28,0.0
1984-08-29,0.0
1984-08-30,0.0
1984-08-31,0.0
1984-09-01,0.0
1984-09-02,0.0
1984-09-03,0.26121798
1984-09-04,0.0
1984-09-05,0.0
1984-09-06,0.376638
1984-09-07,0.0
1984-09-08,58.488945
1984-09-09,46.327522
1984-09-10,0.0
1984-09-11,0.0
1984-09-12,0.0
1984-09-13,0.0
1984-09-14,0.0
1984-09-15,0.0
1984-09-16,0.0
1984-09-17,0.0
1984-09-18,0.97530055
1984-09-19,42.124073
1984-09-20,0.0
1984-09-21,0.0
1984-09-22,0.0
1984-09-23,0.0
1984-09-24,0.0
1984-09-25,0.188319
1984-09-26,0.0
1984-09-27,0.188319
1984-09-28,2.9744935
1984-09-29,76.81578
1984-09-30,98.32575
1984-10-01,0.188319
1984-10-02,0.20370251
1984-10-03,0.35831597
1984-10-04,0.0
1984-10-05,0.95512027
1984-10-06,25.696898
1984-10-07,0.0
1984-10-08,0.0
1984-10-09,1.6948711
1984-10-10,0.0
1984-10-11,0.0
1984-10-12,0.0
1984-10-13,0.0
1984-10-14,4.0411816
1984-10-15,0.0
1984-10-16,0.0
1984-10-17,0.0
1984-10-18,0.0
1984-10-19,0.0
1984-10-20,0.0
1984-10-21,0.0
1984-10-22,0.0
1984-10-23,0.0
1984-10-24,0.21359815
1984-10-25,0.0
1984-10-26,9.254009
1984-10-27,1.0334969
1984-10-28,0.0
1984-10-29,0.0
1984-10-30,0.0
1984-10-31,0.0
1984-11-01,0.0
1984-11-02,0.6625458
1984-11-03,9.647745
1984-11-04,28.35493
1984-11-05,11.586801
1984-11-06,25.236671
1984-11-07,28.123425
1984-11-08,55.4425
1984-11-09,4.7225327
1984-11-10,0.5514409
1984-11-11,21.259756
1984-11-12,13.16841
1984-11-13,8.830378
1984-11-14,9.09619
1984-11-15,6.936953
1984-11-16,19.806538
1984-11-17,25.76466
1984-11-18,7.5942173
1984-11-19,0.0
1984-11-20,0.0
1984-11-21,0.0
1984-11-22,0.0
1984-11-23,0.0
1984-11-24,0.0
1984-11-25,52.630665
1984-11-26,2.0217235
1984-11-27,0.5451657
1984-11-28,0.0
1984-11-29,0.0
1984-11-30,0.0
1984-12-01,24.011843
1984-12-02,20.645027
1984-12-03,0.0
1984-12-04,0.19527614
1984-12-05,0.3300983
1984-12-06,0.0
1984-12-07,0.0
1984-12-08,0.0
1984-12-09,0.0
1984-12-10,0.0
1984-12-11,0.0
1984-12-12,0.0
1984-12-13,0.0
1984-12-14,0.0
1984-12-15,0.0
1984-12-16,0.0
1984-12-17,0.0
1984-12-18,0.0
1984-12-19,0.0
1984-12-20,0.0
1984-12-21,0.0
1984-12-22,0.0
1984-12-23,0.0
1984-12-24,0.0
1984-12-25,0.0
1984-12-26,0.5283129
1984-12-27,0.0
1984-12-28,0.0
1984-12-29,0.21359815
1984-12-30,15.120531
1984-12-31,31.898006
1985-01-01,134.77022
1985-01-02,18.893892
1985-01-03,8.6533575
1985-01-04,64.620224
1985-01-05,0.91043884
1985-01-06,0.0
1985-01-07,0.0
1985-01-08,0.0
1985-01-09,0.16852774
1985-01-10,0.0
1985-01-11,0.0
1985-01-12,0.0
1985-01-13,0.0
1985-01-14,0.0
1985-01-15,0.0
1985-01-16,1.172046
1985-01-17,2.5576901
1985-01-18,0.0
1985-01-19,0.0
1985-01-20,0.0
1985-01-21,0.0
1985-01-22,0.0
1985-01-23,0.0
1985-01-24,0.0
1985-01-25,0.0
1985-01-26,0.0
1985-01-27,0.0
1985-01-28,0.0
1985-01-29,0.0
1985-01-30,0.0
1985-01-31,0.0
1985-02-01,28.812805
1985-02-02,9.9809065
1985-02-03,0.56495696
1985-02-04,4.707975
1985-02-05,0.56495696
1985-02-06,0.0
1985-02-07,0.0
1985-02-08,0.0
1985-02-09,0.0
1985-02-10,0.0
1985-02-11,0.0
1985-02-12,0.0
1985-02-13,0.0
1985-02-14,0.0
1985-02-15,0.0
1985-02-16,0.941595
1985-02-17,2.448147
1985-02-18,0.0
1985-02-19,0.0
1985-02-20,0.0
1985-02-21,0.0
1985-02-22,0.0
1985-02-23,0.0
1985-02-24,0.0
1985-02-25,0.0
1985-02-26,0.0
1985-02-27,0.0
1985-02-28,0.0
1985-03-01,0.0
1985-03-02,0.0
1985-03-03,0.0
1985-03-04,0.0
1985-03-05,0.0
1985-03-06,0.0
1985-03-07,0.0
1985-03-08,0.0
1985-03-09,0.0
1985-03-10,0.0
1985-03-11,0.0
1985-03-12,0.0
1985-03-13,0.0
1985-03-14,0.0
1985-03-15,0.0
1985-03-16,0.0
1985-03-17,0.0
1985-03-18,0.0
1985-03-19,0.0
1985-03-20,0.0
1985-03-21,0.0
1985-03-22,0.0
1985-03-23,0.0
1985-03-24,0.0
1985-03-25,0.0
1985-03-26,0.0
1985-03-27,0.0
1985-03-28,0.0
1985-03-29,0.0
1985-03-30,0.0
1985-03-31,0.0
1985-04-01,0.0
1985-04-02,0.0
1985-04-03,0.0
1985-04-04,0.0
1985-04-05,0.0
1985-04-06,0.0
1985-04-07,0.0
1985-04-08,0.0
1985-04-09,0.0
1985-04-10,0.0
1985-04-11,0.0
1985-04-12,0.0
1985-04-13,0.0
1985-04-14,0.0
1985-04-15,0.0
1985-04-16,0.0
1985-04-17,0.0
1985-04-18,0.0
1985-04-19,0.0
1985-04-20,0.0
1985-04-21,0.0
1985-04-22,0.0
1985-04-23,0.0
1985-04-24,0.0
1985-04-25,0.0
1985-04-26,0.0
1985-04-27,0.0
1985-04-28,0.0
1985-04-29,0.0
1985-04-30,0.0
1985-05-01,0.0
1985-05-02,0.0
1985-05-03,0.0
1985-05-04,0.0
1985-05-05,0.0
1985-05-06,0.0
1985-05-07,0.0
1985-05-08,0.0
1985-05-09,0.0
1985-05-10,0.0
1985-05-11,0.0
1985-05-12,0.0
1985-05-13,0.0
1985-05-14,0.0
1985-05-15,0.0
1985-05-16,0.0
1985-05-17,0.0
1985-05-18,0.0
1985-05-19,0.0
1985-05-20,0.0
1985-05-21,0.0
1985-05-22,0.0
1985-05-23,0.0
1985-05-24,0.27233425
1985-05-25,0.0
1985-05-26,0.0
1985-05-27,0.0
1985-05-28,2.0683477
1985-05-29,0.0
1985-05-30,4.9045587
1985-05-31,0.0
1985-06-01,0.0
1985-06-02,0.0
1985-06-03,0.0
1985-06-04,41.09318
1985-06-05,1.2915453
1985-06-06,35.47688
1985-06-07,0.27233425
1985-06-08,0.0
1985-06-09,0.0
1985-06-10,0.0
1985-06-11,0.9556833
1985-06-12,0.0
1985-06-13,0.0
1985-06-14,0.0
1985-06-15,0.25840646
1985-06-16,0.0
1985-06-17,0.0
1985-06-18,0.0
1985-06-19,0.0
1985-06-20,0.0
1985-06-21,0.0
1985-06-22,0.0
1985-06-23,20.094011
1985-06-24,3.4985619
1985-06-25,0.12920323
1985-06-26,0.0
1985-06-27,0.0
1985-06-28,0.5946988
1985-06-29,0.16118227
1985-06-30,0.12920323
1985-07-01,0.0
1985-07-02,0.0
1985-07-03,0.0
1985-07-04,0.0
1985-07-05,0.0
1985-07-06,0.0
1985-07-07,0.8170028
1985-07-08,0.65360224
1985-07-09,2.134342
1985-07-10,0.0
1985-07-11,0.0
1985-07-12,0.8598545
1985-07-13,0.0
1985-07-14,0.0
1985-07-15,0.0
1985-07-16,19.68596
1985-07-17,0.0
1985-07-18,0.0
1985-07-19,0.0
1985-07-20,32.68346
1985-07-21,2.4082642
1985-07-22,1.1012499
1985-07-23,0.0
1985-07-24,0.0
1985-07-25,4.4723597
1985-07-26,0.0
1985-07-27,1.4541752
1985-07-28,0.0
1985-07-29,0.0
1985-07-30,0.5168129
1985-07-31,0.0
1985-08-01,0.0
1985-08-02,0.0
1985-08-03,0.0
1985-08-04,0.0
1985-08-05,0.0
1985-08-06,0.0
1985-08-07,24.995771
1985-08-08,1.3001385
1985-08-09,0.0
1985-08-10,1.9063399
1985-08-11,0.0
1985-08-12,0.0
1985-08-13,0.0
1985-08-14,0.0
1985-08-15,0.0
1985-08-16,0.0
1985-08-17,0.0
1985-08-18,8.016068
1985-08-19,0.18088453
1985-08-20,0.0
1985-08-21,36.220005
1985-08-22,0.0
1985-08-23,0.9044226
1985-08-24,60.854088
1985-08-25,4.4760923
1985-08-26,38.650867
1985-08-27,0.0
1985-08-28,0.0
1985-08-29,0.0
1985-08-30,0.0
1985-08-31,1.9063399
1985-09-01,0.781734
1985-09-02,0.0
1985-09-03,0.0
1985-09-04,0.0
1985-09-05,0.9044226
1985-09-06,0.0
1985-09-07,36.7621
1985-09-08,46.732956
1985-09-09,2.995677
1985-09-10,0.0
1985-09-11,7.261311
1985-09-12,0.0
1985-09-13,0.0
1985-09-14,0.0
1985-09-15,0.0
1985-09-16,0.0
1985-09-17,2.159709
1985-09-18,0.0
1985-09-19,0.0
1985-09-20,56.866245
1985-09-21,0.13616712
1985-09-22,0.0
1985-09-23,17.119757
1985-09-24,1.8436646
1985-09-25,20.951082
1985-09-26,2.862869
1985-09-27,0.83386457
1985-09-28,6.805069
1985-09-29,3.4993284
1985-09-30,1.6270417
1985-10-01,0.7920456
1985-10-02,1.4880434
1985-10-03,0.0
1985-10-04,0.0
1985-10-05,8.247028
1985-10-06,9.742655
1985-10-07,90.97993
1985-10-08,0.0
1985-10-09,0.0
1985-10-10,0.0
1985-10-11,0.0
1985-10-12,0.0
1985-10-13,0.0
1985-10-14,0.0
1985-10-15,0.0
1985-10-16,0.0
1985-10-17,0.0
1985-10-18,0.0
1985-10-19,0.0
1985-10-20,0.0
1985-10-21,0.0
1985-10-22,0.0
1985-10-23,0.0
1985-10-24,0.0
1985-10-25,28.868874
1985-10-26,62.339123
1985-10-27,17.004921
1985-10-28,0.0
1985-10-29,2.2919343
1985-10-30,0.0
1985-10-31,66.7838
1985-11-01,8.4681
1985-11-02,0.0
1985-11-03,55.360935
1985-11-04,47.069965
1985-11-05,41.802143
1985-11-06,59.46229
1985-11-07,175.49078
1985-11-08,48.930637
1985-11-09,43.09402
1985-11-10,72.660805
1985-11-11,144.8385
1985-11-12,12.353261
1985-11-13,4.417223
1985-11-14,0.0
1985-11-15,0.0
1985-11-16,0.0
1985-11-17,0.0
1985-11-18,0.0
1985-11-19,0.0
1985-11-20,0.0
1985-11-21,0.0
1985-11-22,0.0
1985-11-23,0.0
1985-11-24,0.0
1985-11-25,0.0
1985-11-26,0.0
1985-11-27,0.0
1985-11-28,0.0
1985-11-29,0.0
1985-11-30,0.0
1985-12-01,29.013865
1985-12-02,111.74861
1985-12-03,38.001957
1985-12-04,26.169514
1985-12-05,0.0
1985-12-06,0.0
1985-12-07,0.0
1985-12-08,0.0
1985-12-09,0.0
1985-12-10,0.0
1985-12-11,0.0
1985-12-12,0.0
1985-12-13,0.0
1985-12-14,0.27233425
1985-12-15,0.27233425
1985-12-16,0.0
1985-12-17,0.0
1985-12-18,0.16340056
1985-12-19,0.36176905
1985-12-20,0.0
1985-12-21,0.0
1985-12-22,0.0
1985-12-23,0.0
1985-12-24,0.27233425
1985-12-25,0.0
1985-12-26,0.0
1985-12-27,0.0
1985-12-28,0.0
1985-12-29,0.0
1985-12-30,0.0
1985-12-31,0.0
1986-01-01,0.0
1986-01-02,0.0
1986-01-03,0.0
1986-01-04,0.0
1986-01-05,0.0
1986-01-06,0.0
1986-01-07,0.0
1986-01-08,0.0
1986-01-09,1.4117762
1986-01-10,6.8757696
1986-01-11,0.0
1986-01-12,65.154335
1986-01-13,24.445795
1986-01-14,6.8991632
1986-01-15,11.166407
1986-01-16,10.576
1986-01-17,0.0
1986-01-18,0.0
1986-01-19,0.0
1986-01-20,0.0
1986-01-21,0.21033566
1986-01-22,0.0
1986-01-23,0.0
1986-01-24,0.0
1986-01-25,0.0
1986-01-26,0.0
1986-01-27,0.0
1986-01-28,0.0
1986-01-29,0.0
1986-01-30,0.0
1986-01-31,0.0
1986-02-01,0.0
1986-02-02,0.0
1986-02-03,0.0
1986-02-04,0.0
1986-02-05,0.0
1986-02-06,0.0
1986-02-07,0.0
1986-02-08,0.0
1986-02-09,0.0
1986-02-10,0.0
1986-02-11,0.0
1986-02-12,0.0
1986-02-13,0.0
1986-02-14,0.0
1986-02-15,0.0
1986-02-16,31.341793
1986-02-17,2.9401166
1986-02-18,12.060694
1986-02-19,0.61437005
1986-02-20,2.1601243
1986-02-21,0.0
1986-02-22,0.0
1986-02-23,0.0
1986-02-24,0.0
1986-02-25,31.419888
1986-02-26,0.30299467
1986-02-27,0.0
1986-02-28,0.0
1986-03-01,0.0
1986-03-02,0.0
1986-03-03,0.0
1986-03-04,0.0
1986-03-05,0.0
1986-03-06,0.0
1986-03-07,0.0
1986-03-08,0.0
1986-03-09,0.0
1986-03-10,5.8009634
1986-03-11,84.37837
1986-03-12,0.0
1986-03-13,0.0
1986-03-14,0.0
1986-03-15,0.0
1986-03-16,0.0
1986-03-17,0.0
1986-03-18,0.0
1986-03-19,0.0
1986-03-20,0.0
1986-03-21,0.0
1986-03-22,0.0
1986-03-23,0.0
1986-03-24,0.0
1986-03-25,0.0
1986-03-26,0.0
1986-03-27,0.0
1986-03-28,0.0
1986-03-29,0.0
1986-03-30,0.0
1986-03-31,0.0
1986-04-01,0.0
1986-04-02,0.0
1986-04-03,0.0
1986-04-04,0.0
1986-04-05,0.0
1986-04-06,0.0
1986-04-07,0.0
1986-04-08,0.0
1986-04-09,0.0
1986-04-10,0.0
1986-04-11,0.0
1986-04-12,0.0
1986-04-13,0.0
1986-04-14,0.0
1986-04-15,0.0
1986-04-16,0.0
1986-04-17,0.0
1986-04-18,0.0
1986-04-19,0.0
1986-04-20,0.0
1986-04-21,0.0
1986-04-22,0.0
1986-04-23,0.0
1986-04-24,0.0
1986-04-25,0.0
1986-04-26,0.0
1986-04-27,0.0
1986-04-28,0.0
1986-04-29,0.67882067
1986-04-30,0.0
1986-05-01,0.0
1986-05-02,0.0
1986-05-03,0.20147784
1986-05-04,0.0
1986-05-05,0.16118227
1986-05-06,0.0
1986-05-07,0.0
1986-05-08,0.0
1986-05-09,2.2264738
1986-05-10,0.0
1986-05-11,0.0
1986-05-12,0.0
1986-05-13,0.0
1986-05-14,0.0
1986-05-15,0.0
1986-05-16,0.0
1986-05-17,0.0
1986-05-18,0.0
1986-05-19,0.0
1986-05-20,0.0
1986-05-21,0.0
1986-05-22,0.0
1986-05-23,0.0
1986-05-24,0.0
1986-05-25,0.0
1986-05-26,0.0
1986-05-27,0.0
1986-05-28,0.0
1986-05-29,0.0
1986-05-30,0.0
1986-05-31,5.11864
1986-06-01,13.131809
1986-06-02,0.0
1986-06-03,0.0
1986-06-04,0.0
1986-06-05,0.6985885
1986-06-06,0.0
1986-06-07,0.0
1986-06-08,0.0
1986-06-09,0.0
1986-06-10,41.467754
1986-06-11,0.0
1986-06-12,0.0
1986-06-13,0.0
1986-06-14,0.32236454
1986-06-15,0.0
1986-06-16,0.0
1986-06-17,0.0
1986-06-18,0.0
1986-06-19,0.0
1986-06-20,0.0
1986-06-21,0.0
1986-06-22,0.0
1986-06-23,0.0
1986-06-24,0.0
1986-06-25,2.037855
1986-06-26,0.27233425
1986-06-27,21.102354
1986-06-28,0.27233425
1986-06-29,0.0
1986-06-30,0.0
1986-07-01,0.32236454
1986-07-02,25.907518
1986-07-03,0.0
1986-07-04,0.0
1986-07-05,48.071377
1986-07-06,0.2842471
1986-07-07,0.0
1986-07-08,0.0
1986-07-09,0.0
1986-07-10,0.0
1986-07-11,0.0
1986-07-12,0.0
1986-07-13,0.0
1986-07-14,0.0
1986-07-15,0.0
1986-07-16,0.0
1986-07-17,0.0
1986-07-18,0.0
1986-07-19,0.0
1986-07-20,0.0
1986-07-21,0.0
1986-07-22,0.0
1986-07-23,0.0
1986-07-24,0.0
1986-07-25,0.20147784
1986-07-26,0.0
1986-07-27,0.0
1986-07-28,0.15504387
1986-07-29,9.994643
1986-07-30,5.685878
1986-07-31,32.051373
1986-08-01,0.0
1986-08-02,1.5686908
1986-08-03,0.0
1986-08-04,0.0
1986-08-05,0.0
1986-08-06,0.0
1986-08-07,0.0
1986-08-08,0.0
1986-08-09,2.8579276
1986-08-10,0.0
1986-08-11,2.830558
1986-08-12,0.582422
1986-08-13,0.0
1986-08-14,0.0
1986-08-15,0.0
1986-08-16,0.18088453
1986-08-17,0.92949265
1986-08-18,0.48354682
1986-08-19,0.0
1986-08-20,0.0
1986-08-21,0.0
1986-08-22,0.0
1986-08-23,0.0
1986-08-24,0.0
1986-08-25,18.437422
1986-08-26,18.281828
1986-08-27,19.157852
1986-08-28,3.0059166
1986-08-29,3.9981277
1986-08-30,0.0
1986-08-31,0.0
1986-09-01,4.73924
1986-09-02,0.0
1986-09-03,0.0
1986-09-04,0.0
1986-09-05,15.969133
1986-09-06,9.1818495
1986-09-07,6.2342343
1986-09-08,3.0695634
1986-09-09,0.0
1986-09-10,0.8616801
1986-09-11,1.8636636
1986-09-12,0.0
1986-09-13,3.8775604
1986-09-14,1.7233602
1986-09-15,0.0
1986-09-16,0.0
1986-09-17,7.3242807
1986-09-18,0.0
1986-09-19,0.0
1986-09-20,0.0
1986-09-21,1.0962727
1986-09-22,7.3242807
1986-09-23,18.17167
1986-09-24,0.0
1986-09-25,18.486681
1986-09-26,2.7406816
1986-09-27,8.630104
1986-09-28,0.0
1986-09-29,11.173062
1986-09-30,35.11206
1986-10-01,2.1000562
1986-10-02,0.26537037
1986-10-03,1.0170337
1986-10-04,3.0347543
1986-10-05,23.928991
1986-10-06,3.0303645
1986-10-07,0.0
1986-10-08,14.79441
1986-10-09,3.6709259
1986-10-10,0.6808356
1986-10-11,0.25840646
1986-10-12,0.0
1986-10-13,3.712251
1986-10-14,0.0
1986-10-15,0.0
1986-10-16,0.0
1986-10-17,0.0
1986-10-18,0.0
1986-10-19,0.0
1986-10-20,8.695162
1986-10-21,12.568227
1986-10-22,0.0
1986-10-23,1.4479096
1986-10-24,0.116166435
1986-10-25,0.0
1986-10-26,17.042917
1986-10-27,57.905796
1986-10-28,2.5255597
1986-10-29,2.5439768
1986-10-30,1.8181239
1986-10-31,9.06709
1986-11-01,4.12585
1986-11-02,1.240351
1986-11-03,0.7158552
1986-11-04,4.8353148
1986-11-05,7.753638
1986-11-06,131.49747
1986-11-07,17.092781
1986-11-08,1.9063399
1986-11-09,0.0
1986-11-10,0.0
1986-11-11,0.5446685
1986-11-12,0.0
1986-11-13,0.0
1986-11-14,0.0
1986-11-15,0.0
1986-11-16,0.0
1986-11-17,0.0
1986-11-18,0.0
1986-11-19,0.0
1986-11-20,0.0
1986-11-21,0.0
1986-11-22,0.27233425
1986-11-23,0.0
1986-11-24,1.319888
1986-11-25,18.58446
1986-11-26,9.616972
1986-11-27,3.0414443
1986-11-28,0.8170028
1986-11-29,53.99105
1986-11-30,5.975279
1986-12-01,51.516872
1986-12-02,23.586388
1986-12-03,31.460403
1986-12-04,0.0
1986-12-05,0.0
1986-12-06,8.648661
1986-12-07,0.0
1986-12-08,0.76229906
1986-12-09,5.5816693
1986-12-10,0.0
1986-12-11,0.98194456
1986-12-12,0.0
1986-12-13,0.0
1986-12-14,0.0
1986-12-15,0.0
1986-12-16,0.0
1986-12-17,0.13616712
1986-12-18,0.0
1986-12-19,0.0
1986-12-20,0.0
1986-12-21,0.946206
1986-12-22,27.096039
1986-12-23,9.59906
1986-12-24,0.0
1986-12-25,0.24983251
1986-12-26,14.171937
1986-12-27,26.162079
1986-12-28,23.548615
1986-12-29,0.0
1986-12-30,0.0
1986-12-31,0.0
1987-01-01,0.0
1987-01-02,0.0
1987-01-03,0.0
1987-01-04,0.0
1987-01-05,0.0
1987-01-06,0.0
1987-01-07,0.0
1987-01-08,0.0
1987-01-09,0.0
1987-01-10,0.0
1987-01-11,3.723068
1987-01-12,1.6975996
1987-01-13,1.3695543
1987-01-14,0.8170028
1987-01-15,1.089337
1987-01-16,0.0
1987-01-17,0.0
1987-01-18,0.0
1987-01-19,0.0
1987-01-20,0.0
1987-01-21,0.0
1987-01-22,0.0
1987-01-23,0.0
1987-01-24,0.0
1987-01-25,0.0
1987-01-26,0.0
1987-01-27,0.0
1987-01-28,0.0
1987-01-29,0.0
1987-01-30,0.0
1987-01-31,0.0
1987-02-01,0.0
1987-02-02,0.0
1987-02-03,0.0
1987-02-04,0.0
1987-02-05,0.0
1987-02-06,0.0
1987-02-07,0.0
1987-02-08,0.0
1987-02-09,0.0
1987-02-10,0.0
1987-02-11,0.0
1987-02-12,0.0
1987-02-13,0.0
1987-02-14,0.0
1987-02-15,0.0
1987-02-16,0.0
1987-02-17,0.0
1987-02-18,0.0
1987-02-19,0.0
1987-02-20,0.0
1987-02-21,0.27233425
1987-02-22,0.0
1987-02-23,0.0
1987-02-24,0.0
1987-02-25,0.0
1987-02-26,0.0
1987-02-27,0.0
1987-02-28,0.0
1987-03-01,0.0
1987-03-02,0.0
1987-03-03,0.0
1987-03-04,0.0
1987-03-05,0.0
1987-03-06,0.0
1987-03-07,0.0
1987-03-08,0.0
1987-03-09,0.0
1987-03-10,0.0
1987-03-11,0.5238424
1987-03-12,29.365759
1987-03-13,0.0
1987-03-14,0.0
1987-03-15,0.0
1987-03-16,0.0
1987-03-17,0.0
1987-03-18,0.0
1987-03-19,0.0
1987-03-20,0.0
1987-03-21,0.0
1987-03-22,0.0
1987-03-23,0.0
1987-03-24,0.0
1987-03-25,0.0
1987-03-26,0.0
1987-03-27,0.0
1987-03-28,0.0
1987-03-29,0.0
1987-03-30,0.0
1987-03-31,0.0
1987-04-01,0.0
1987-04-02,0.0
1987-04-03,0.0
1987-04-04,0.0
1987-04-05,0.0
1987-04-06,0.0
1987-04-07,0.0
1987-04-08,0.0
1987-04-09,0.0
1987-04-10,0.0
1987-04-11,0.0
1987-04-12,0.0
1987-04-13,0.0
1987-04-14,0.0
1987-04-15,0.0
1987-04-16,0.0
1987-04-17,0.0
1987-04-18,0.0
1987-04-19,0.0
1987-04-20,0.0
1987-04-21,0.0
1987-04-22,0.0
1987-04-23,0.0
1987-04-24,0.0
1987-04-25,0.0
1987-04-26,0.0
1987-04-27,0.0
1987-04-28,0.0
1987-04-29,0.0
1987-04-30,0.0
1987-05-01,0.0
1987-05-02,0.0
1987-05-03,0.0
1987-05-04,0.0
1987-05-05,0.0
1987-05-06,0.0
1987-05-07,0.0
1987-05-08,0.0
1987-05-09,0.0
1987-05-10,0.0
1987-05-11,0.0
1987-05-12,0.0
1987-05-13,0.0
1987-05-14,0.0
1987-05-15,0.0
1987-05-16,0.0
1987-05-17,0.4623961
1987-05-18,0.0
1987-05-19,0.0
1987-05-20,0.0
1987-05-21,0.0
1987-05-22,0.0
1987-05-23,0.0
1987-05-24,0.0
1987-05-25,0.0
1987-05-26,0.0
1987-05-27,0.0
1987-05-28,0.0
1987-05-29,0.0
1987-05-30,0.0
1987-05-31,0.0
1987-06-01,0.0
1987-06-02,0.0
1987-06-03,0.0
1987-06-04,0.0
1987-06-05,0.0
1987-06-06,0.0
1987-06-07,2.7362628
1987-06-08,0.0
1987-06-09,0.0
1987-06-10,0.0
1987-06-11,8.782056
1987-06-12,8.308997
1987-06-13,0.10336258
1987-06-14,0.0
1987-06-15,0.27233425
1987-06-16,3.423055
1987-06-17,0.0
1987-06-18,0.4357348
1987-06-19,0.0
1987-06-20,0.0
1987-06-21,0.0
1987-06-22,0.0
1987-06-23,1.0879803
1987-06-24,1.7429392
1987-06-25,0.0
1987-06-26,1.283142
1987-06-27,8.977559
1987-06-28,21.82455
1987-06-29,0.7325169
1987-06-30,0.13616712
1987-07-01,0.0
1987-07-02,0.0
1987-07-03,0.0
1987-07-04,0.0
1987-07-05,0.8170028
1987-07-06,0.0
1987-07-07,0.0
1987-07-08,0.0
1987-07-09,0.0
1987-07-10,0.0
1987-07-11,0.0
1987-07-12,0.0
1987-07-13,0.0
1987-07-14,0.0
1987-07-15,0.0
1987-07-16,0.0
1987-07-17,0.0
1987-07-18,0.0
1987-07-19,0.0
1987-07-20,0.0
1987-07-21,0.0
1987-07-22,7.9531403
1987-07-23,0.0
1987-07-24,0.0
1987-07-25,0.0
1987-07-26,0.0
1987-07-27,0.0
1987-07-28,0.0
1987-07-29,0.0
1987-07-30,0.0
1987-07-31,0.0
1987-08-01,0.0
1987-08-02,0.0
1987-08-03,1.0476848
1987-08-04,8.863179
1987-08-05,0.0
1987-08-06,0.0
1987-08-07,3.5403452
1987-08-08,0.0
1987-08-09,0.40295568
1987-08-10,0.59433484
1987-08-11,3.3871396
1987-08-12,16.310192
1987-08-13,10.2785015
1987-08-14,0.0
1987-08-15,0.0
1987-08-16,0.0
1987-08-17,0.0
1987-08-18,0.0
1987-08-19,0.0
1987-08-20,1.5782944
1987-08-21,0.0
1987-08-22,0.0
1987-08-23,0.0
1987-08-24,0.0
1987-08-25,0.0
1987-08-26,0.0
1987-08-27,0.0
1987-08-28,0.0
1987-08-29,0.36176905
1987-08-30,0.0
1987-08-31,0.6460162
1987-09-01,16.166294
1987-09-02,1.2631335
1987-09-03,0.0
1987-09-04,0.0
1987-09-05,0.0
1987-09-06,22.557438
1987-09-07,3.3568354
1987-09-08,0.0
1987-09-09,0.0
1987-09-10,0.0
1987-09-11,3.1696842
1987-09-12,0.0
1987-09-13,10.622912
1987-09-14,84.68829
1987-09-15,0.0
1987-09-16,0.0
1987-09-17,1.9478017
1987-09-18,0.0
1987-09-19,0.3319041
1987-09-20,0.0
1987-09-21,0.0
1987-09-22,0.5091184
1987-09-23,19.142998
1987-09-24,0.0
1987-09-25,0.0
1987-09-26,0.0
1987-09-27,0.0
1987-09-28,9.200418
1987-09-29,0.0
1987-09-30,0.27844417
1987-10-01,1.0001807
1987-10-02,6.998131
1987-10-03,6.175138
1987-10-04,0.5873236
1987-10-05,0.8934627
1987-10-06,4.792187
1987-10-07,0.7651173
1987-10-08,2.580328
1987-10-09,0.15388474
1987-10-10,0.7590926
1987-10-11,2.793755
1987-10-12,0.6063638
1987-10-13,0.0
1987-10-14,0.51294905
1987-10-15,2.7120373
1987-10-16,0.43315828
1987-10-17,0.0
1987-10-18,1.1024796
1987-10-19,0.11640646
1987-10-20,18.754444
1987-10-21,16.51016
1987-10-22,8.907214
1987-10-23,7.788541
1987-10-24,4.2210016
1987-10-25,46.422157
1987-10-26,2.0348053
1987-10-27,2.886644
1987-10-28,1.3230911
1987-10-29,9.569307
1987-10-30,10.351762
1987-10-31,31.180054
1987-11-01,0.0
1987-11-02,0.0
1987-11-03,0.17890364
1987-11-04,21.650995
1987-11-05,58.90131
1987-11-06,8.093432
1987-11-07,1.0721072
1987-11-08,79.96163
1987-11-09,0.0
1987-11-10,0.38957918
1987-11-11,5.412749
1987-11-12,1.6266845
1987-11-13,0.0
1987-11-14,0.0
1987-11-15,0.0
1987-11-16,0.0
1987-11-17,0.0
1987-11-18,0.17890364
1987-11-19,0.68505263
1987-11-20,0.10113593
1987-11-21,0.0
1987-11-22,0.0
1987-11-23,11.450307
1987-11-24,10.220858
1987-11-25,0.0
1987-11-26,0.22014484
1987-11-27,0.0
1987-11-28,0.0
1987-11-29,0.0
1987-11-30,0.0
1987-12-01,0.0
1987-12-02,0.0
1987-12-03,0.0
1987-12-04,7.67976
1987-12-05,73.6103
1987-12-06,126.125465
1987-12-07,51.433964
1987-12-08,1.9300687
1987-12-09,17.07219
1987-12-10,9.678185
1987-12-11,4.532753
1987-12-12,0.3092985
1987-12-13,1.3182243
1987-12-14,0.0
1987-12-15,0.0
1987-12-16,1.8632724
1987-12-17,0.0
1987-12-18,0.0
1987-12-19,0.0
1987-12-20,0.0
1987-12-21,0.0
1987-12-22,0.0
1987-12-23,30.410109
1987-12-24,6.3550177
1987-12-25,0.18495843
1987-12-26,1.422773
1987-12-27,0.0
1987-12-28,0.0
1987-12-29,0.0
1987-12-30,0.10804058
1987-12-31,0.0
1988-01-01,0.0
1988-01-02,0.0
1988-01-03,0.0
1988-01-04,0.0
1988-01-05,0.0
1988-01-06,0.0
1988-01-07,0.0
1988-01-08,0.0
1988-01-09,0.0
1988-01-10,0.0
1988-01-11,0.0
1988-01-12,0.0
1988-01-13,0.0
1988-01-14,0.0
1988-01-15,0.0
1988-01-16,0.0
1988-01-17,0.43365735
1988-01-18,0.0
1988-01-19,0.0
1988-01-20,0.0
1988-01-21,0.0
1988-01-22,0.0
1988-01-23,0.0
1988-01-24,0.0
1988-01-25,0.0
1988-01-26,0.0
1988-01-27,0.0
1988-01-28,0.0
1988-01-29,0.0
1988-01-30,0.0
1988-01-31,0.0
1988-02-01,0.0
1988-02-02,0.0
1988-02-03,0.0
1988-02-04,0.0
1988-02-05,0.0
1988-02-06,0.0
1988-02-07,0.0
1988-02-08,0.0
1988-02-09,0.0
1988-02-10,0.0
1988-02-11,0.0
1988-02-12,0.0
1988-02-13,0.0
1988-02-14,0.0
1988-02-15,0.0
1988-02-16,0.0
1988-02-17,0.0
1988-02-18,0.0
1988-02-19,0.0
1988-02-20,0.0
1988-02-21,0.0
1988-02-22,0.0
1988-02-23,0.0
1988-02-24,0.0
1988-02-25,0.0
1988-02-26,0.0
1988-02-27,0.0
1988-02-28,0.0
1988-02-29,0.0
1988-03-01,0.0
1988-03-02,0.0
1988-03-03,0.0
1988-03-04,0.0
1988-03-05,0.0
1988-03-06,0.0
1988-03-07,0.0
1988-03-08,0.0
1988-03-09,0.0
1988-03-10,0.0
1988-03-11,0.0
1988-03-12,0.0
1988-03-13,0.0
1988-03-14,0.0
1988-03-15,0.0
1988-03-16,0.0
1988-03-17,0.0
1988-03-18,0.0
1988-03-19,0.0
1988-03-20,0.0
1988-03-21,0.0
1988-03-22,0.0
1988-03-23,0.0
1988-03-24,0.0
1988-03-25,0.0
1988-03-26,0.0
1988-03-27,0.0
1988-03-28,0.0
1988-03-29,0.0
1988-03-30,0.0
1988-03-31,0.0
1988-04-01,0.0
1988-04-02,0.0
1988-04-03,0.0
1988-04-04,0.0
1988-04-05,0.0
1988-04-06,0.0
1988-04-07,0.0
1988-04-08,0.0
1988-04-09,0.0
1988-04-10,0.0
1988-04-11,0.0
1988-04-12,1.4795504
1988-04-13,2.0926592
1988-04-14,0.0
1988-04-15,0.0
1988-04-16,0.0
1988-04-17,0.13404682
1988-04-18,2.5484962
1988-04-19,0.0
1988-04-20,0.0
1988-04-21,0.0
1988-04-22,0.44583136
1988-04-23,0.0
1988-04-24,0.0
1988-04-25,1.8585509
1988-04-26,0.84605503
1988-04-27,0.0
1988-04-28,0.0
1988-04-29,0.0
1988-04-30,0.0
1988-05-01,0.0
1988-05-02,0.0
1988-05-03,0.0
1988-05-04,10.363087
1988-05-05,0.0
1988-05-06,0.0
1988-05-07,0.0
1988-05-08,0.0
1988-05-09,0.0
1988-05-10,0.0
1988-05-11,0.0
1988-05-12,0.0
1988-05-13,0.0
1988-05-14,0.0
1988-05-15,0.0
1988-05-16,3.1613855
1988-05-17,0.0
1988-05-18,0.0
1988-05-19,0.0
1988-05-20,0.0
1988-05-21,0.0
1988-05-22,0.0
1988-05-23,0.0
1988-05-24,0.0
1988-05-25,0.0
1988-05-26,0.0
1988-05-27,0.0
1988-05-28,0.0
1988-05-29,0.0
1988-05-30,0.0
1988-05-31,0.0
1988-06-01,0.0
1988-06-02,50.42813
1988-06-03,0.0
1988-06-04,0.0
1988-06-05,0.0
1988-06-06,0.0
1988-06-07,0.0
1988-06-08,0.0
1988-06-09,0.0
1988-06-10,0.0
1988-06-11,0.0
1988-06-12,0.0
1988-06-13,0.0
1988-06-14,0.0
1988-06-15,0.0
1988-06-16,0.0
1988-06-17,0.0
1988-06-18,0.0
1988-06-19,0.0
1988-06-20,0.75744456
1988-06-21,0.0
1988-06-22,12.944047
1988-06-23,0.0
1988-06-24,0.0
1988-06-25,0.0
1988-06-26,0.0
1988-06-27,0.0
1988-06-28,0.0
1988-06-29,0.0
1988-06-30,0.0
1988-07-01,0.0
1988-07-02,0.0
1988-07-03,0.0
1988-07-04,0.0
1988-07-05,0.0
1988-07-06,0.0
1988-07-07,0.0
1988-07-08,0.0
1988-07-09,0.0
1988-07-10,0.0
1988-07-11,0.0
1988-07-12,9.439489
1988-07-13,0.0
1988-07-14,0.0
1988-07-15,0.0
1988-07-16,0.0
1988-07-17,0.0
1988-07-18,0.0
1988-07-19,0.0
1988-07-20,16.558115
1988-07-21,0.43160927
1988-07-22,0.0
1988-07-23,0.0
1988-07-24,38.953075
1988-07-25,0.0
1988-07-26,0.0
1988-07-27,0.0
1988-07-28,0.0
1988-07-29,0.0
1988-07-30,0.0
1988-07-31,0.0
1988-08-01,0.0
1988-08-02,0.0
1988-08-03,0.0
1988-08-04,0.0
1988-08-05,0.0
1988-08-06,1.4287581
1988-08-07,3.6601267
1988-08-08,0.0
1988-08-09,0.5052322
1988-08-10,0.2806846
1988-08-11,68.22847
1988-08-12,15.829299
1988-08-13,50.29579
1988-08-14,0.0
1988-08-15,0.0
1988-08-16,3.6895998
1988-08-17,0.0
1988-08-18,0.0
1988-08-19,0.0
1988-08-20,0.0
1988-08-21,0.0
1988-08-22,0.0
1988-08-23,63.63939
1988-08-24,37.051064
1988-08-25,0.0
1988-08-26,0.0
1988-08-27,0.0
1988-08-28,7.8247633
1988-08-29,1.601852
1988-08-30,2.3577507
1988-08-31,0.0
1988-09-01,0.0
1988-09-02,0.0
1988-09-03,0.0
1988-09-04,0.0
1988-09-05,0.0
1988-09-06,0.0
1988-09-07,0.0
1988-09-08,0.0
1988-09-09,19.112299
1988-09-10,27.180065
1988-09-11,0.0
1988-09-12,0.0
1988-09-13,1.0245154
1988-09-14,0.0
1988-09-15,3.2294767
1988-09-16,0.0
1988-09-17,45.3678
1988-09-18,0.0
1988-09-19,0.0
1988-09-20,0.0
1988-09-21,0.0
1988-09-22,0.0
1988-09-23,0.0
1988-09-24,0.0
1988-09-25,3.096475
1988-09-26,18.939377
1988-09-27,12.944047
1988-09-28,0.0
1988-09-29,0.0
1988-09-30,0.0
1988-10-01,0.0
1988-10-02,0.0
1988-10-03,0.44909534
1988-10-04,0.0
1988-10-05,0.0
1988-10-06,0.0
1988-10-07,0.0
1988-10-08,15.2521
1988-10-09,0.62516755
1988-10-10,0.663196
1988-10-11,0.0
1988-10-12,0.0
1988-10-13,0.0
1988-10-14,0.58594704
1988-10-15,0.0
1988-10-16,0.0
1988-10-17,0.0
1988-10-18,0.0
1988-10-19,0.0
1988-10-20,0.0
1988-10-21,0.0
1988-10-22,0.0
1988-10-23,0.0
1988-10-24,0.31718072
1988-10-25,0.72977996
1988-10-26,1.3403933
1988-10-27,0.0
1988-10-28,0.0
1988-10-29,0.0
1988-10-30,0.0
1988-10-31,0.0
1988-11-01,0.0
1988-11-02,0.15790582
1988-11-03,12.454602
1988-11-04,0.9862268
1988-11-05,19.753191
1988-11-06,95.57745
1988-11-07,73.80379
1988-11-08,54.952114
1988-11-09,12.965836
1988-11-10,0.0
1988-11-11,1.0280391
1988-11-12,5.7081122
1988-11-13,0.57546425
1988-11-14,16.472958
1988-11-15,0.112273835
1988-11-16,0.0
1988-11-17,3.582027
1988-11-18,0.0
1988-11-19,0.0
1988-11-20,0.0
1988-11-21,0.0
1988-11-22,0.0
1988-11-23,0.0
1988-11-24,0.0
1988-11-25,0.0
1988-11-26,0.0
1988-11-27,0.0
1988-11-28,0.0
1988-11-29,0.0
1988-11-30,0.0
1988-12-01,0.0
1988-12-02,0.0
1988-12-03,77.85796
1988-12-04,1.7255629
1988-12-05,0.0
1988-12-06,0.0
1988-12-07,0.0
1988-12-08,0.0
1988-12-09,0.0
1988-12-10,0.44909534
1988-12-11,0.0
1988-12-12,0.0
1988-12-13,0.0
1988-12-14,1.541746
1988-12-15,1.5999353
1988-12-16,0.14417306
1988-12-17,0.0
1988-12-18,4.8540173
1988-12-19,1.347286
1988-12-20,0.10527055
1988-12-21,2.4524941
1988-12-22,0.0
1988-12-23,0.0
1988-12-24,0.0
1988-12-25,0.0
1988-12-26,0.0
1988-12-27,0.0
1988-12-28,0.0
1988-12-29,0.0
1988-12-30,0.0
1988-12-31,0.0
1989-01-01,0.0
1989-01-02,0.0
1989-01-03,0.0
1989-01-04,0.63184553
1989-01-05,1.3062701
1989-01-06,0.0
1989-01-07,0.0
1989-01-08,0.0
1989-01-09,0.0
1989-01-10,0.0
1989-01-11,0.0
1989-01-12,0.0
1989-01-13,0.0
1989-01-14,0.0
1989-01-15,0.0
1989-01-16,0.0
1989-01-17,0.0
1989-01-18,0.0
1989-01-19,0.0
1989-01-20,0.0
1989-01-21,0.0
1989-01-22,0.0
1989-01-23,0.0
1989-01-24,0.0
1989-01-25,0.0
1989-01-26,0.0
1989-01-27,0.0
1989-01-28,0.0
1989-01-29,0.0
1989-01-30,0.0
1989-01-31,0.0
1989-02-01,0.0
1989-02-02,0.0
1989-02-03,0.0
1989-02-04,0.0
1989-02-05,0.0
1989-02-06,0.0
1989-02-07,0.0
1989-02-08,0.0
1989-02-09,0.0
1989-02-10,0.0
1989-02-11,0.0
1989-02-12,0.0
1989-02-13,0.0
1989-02-14,0.0
1989-02-15,0.0
1989-02-16,0.0
1989-02-17,0.0
1989-02-18,0.0
1989-02-19,0.0
1989-02-20,0.0
1989-02-21,0.0
1989-02-22,0.0
1989-02-23,0.0
1989-02-24,0.0
1989-02-25,0.0
1989-02-26,0.0
1989-02-27,0.0
1989-02-28,0.0
1989-03-01,0.0
1989-03-02,0.0
1989-03-03,0.0
1989-03-04,0.0
1989-03-05,0.0
1989-03-06,0.0
1989-03-07,0.0
1989-03-08,0.0
1989-03-09,0.0
1989-03-10,0.0
1989-03-11,0.37174538
1989-03-12,0.0
1989-03-13,0.0
1989-03-14,0.0
1989-03-15,0.0
1989-03-16,0.0
1989-03-17,0.0
1989-03-18,0.0
1989-03-19,0.0
1989-03-20,0.0
1989-03-21,0.0
1989-03-22,0.0
1989-03-23,0.0
1989-03-24,0.0
1989-03-25,0.0
1989-03-26,0.0
1989-03-27,0.0
1989-03-28,0.0
1989-03-29,0.0
1989-03-30,0.0
1989-03-31,0.0
1989-04-01,0.0
1989-04-02,0.0
1989-04-03,0.0
1989-04-04,0.0
1989-04-05,0.0
1989-04-06,0.0
1989-04-07,0.0
1989-04-08,0.0
1989-04-09,0.0
1989-04-10,0.0
1989-04-11,0.0
1989-04-12,0.0
1989-04-13,0.0
1989-04-14,0.0
1989-04-15,0.0
1989-04-16,0.0
1989-04-17,0.0
1989-04-18,0.0
1989-04-19,0.0
1989-04-20,0.0
1989-04-21,0.0
1989-04-22,0.0
1989-04-23,0.0
1989-04-24,0.0
1989-04-25,0.0
1989-04-26,0.0
1989-04-27,0.0
1989-04-28,0.0
1989-04-29,0.0
1989-04-30,0.0
1989-05-01,0.0
1989-05-02,0.0
1989-05-03,0.0
1989-05-04,0.0
1989-05-05,0.0
1989-05-06,0.0
1989-05-07,0.0
1989-05-08,0.0
1989-05-09,0.0
1989-05-10,0.0
1989-05-11,0.0
1989-05-12,0.0
1989-05-13,0.0
1989-05-14,0.0
1989-05-15,19.661661
1989-05-16,0.0
1989-05-17,0.0
1989-05-18,0.0
1989-05-19,0.0
1989-05-20,0.0
1989-05-21,0.0
1989-05-22,0.5576181
1989-05-23,0.0
1989-05-24,0.0
1989-05-25,0.0
1989-05-26,0.0
1989-05-27,0.0
1989-05-28,0.0
1989-05-29,0.0
1989-05-30,0.0
1989-05-31,0.0
1989-06-01,0.0
1989-06-02,0.0
1989-06-03,0.0
1989-06-04,0.0
1989-06-05,0.0
1989-06-06,27.897106
1989-06-07,0.0
1989-06-08,0.0
1989-06-09,0.0
1989-06-10,0.0
1989-06-11,0.0
1989-06-12,0.0
1989-06-13,0.0
1989-06-14,0.0
1989-06-15,0.0
1989-06-16,0.0
1989-06-17,0.0
1989-06-18,0.0
1989-06-19,1.8423605
1989-06-20,27.795528
1989-06-21,0.0
1989-06-22,0.0
1989-06-23,0.6115365
1989-06-24,0.2973963
1989-06-25,0.0
1989-06-26,0.0
1989-06-27,0.0
1989-06-28,0.52044356
1989-06-29,0.0
1989-06-30,0.0
1989-07-01,0.0
1989-07-02,0.0
1989-07-03,25.131746
1989-07-04,0.100926705
1989-07-05,36.355
1989-07-06,2.6935892
1989-07-07,0.0
1989-07-08,0.0
1989-07-09,0.0
1989-07-10,0.0
1989-07-11,0.0
1989-07-12,17.117615
1989-07-13,38.78992
1989-07-14,78.93409
1989-07-15,0.0
1989-07-16,0.0
1989-07-17,0.0
1989-07-18,0.0
1989-07-19,0.0
1989-07-20,0.0
1989-07-21,36.019497
1989-07-22,0.33457083
1989-07-23,0.0
1989-07-24,0.0
1989-07-25,0.0
1989-07-26,0.0
1989-07-27,0.0
1989-07-28,0.0
1989-07-29,0.0
1989-07-30,11.141997
1989-07-31,0.0
1989-08-01,0.0
1989-08-02,0.0
1989-08-03,0.47265136
1989-08-04,0.0
1989-08-05,0.12896189
1989-08-06,0.0
1989-08-07,0.0
1989-08-08,0.0
1989-08-09,4.816442
1989-08-10,0.44609442
1989-08-11,0.13456893
1989-08-12,0.0
1989-08-13,0.0
1989-08-14,0.0
1989-08-15,0.0
1989-08-16,0.0
1989-08-17,0.52044356
1989-08-18,0.0
1989-08-19,0.0
1989-08-20,0.0
1989-08-21,0.0
1989-08-22,6.3915877
1989-08-23,0.33457083
1989-08-24,0.0
1989-08-25,0.0
1989-08-26,0.0
1989-08-27,0.13456893
1989-08-28,0.0
1989-08-29,13.747777
1989-08-30,3.2881007
1989-08-31,13.78437
1989-09-01,0.0
1989-09-02,0.0
1989-09-03,0.0
1989-09-04,0.3368215
1989-09-05,34.497345
1989-09-06,1.8525182
1989-09-07,16.624676
1989-09-08,0.0
1989-09-09,0.0
1989-09-10,0.0
1989-09-11,0.0
1989-09-12,0.0
1989-09-13,0.0
1989-09-14,0.0
1989-09-15,0.0
1989-09-16,0.4036846
1989-09-17,1.0076233
1989-09-18,0.7634621
1989-09-19,1.7149749
1989-09-20,0.0
1989-09-21,0.17300768
1989-09-22,0.0
1989-09-23,0.0
1989-09-24,0.0
1989-09-25,0.565211
1989-09-26,0.0
1989-09-27,0.48442146
1989-09-28,1.4136478
1989-09-29,0.0
1989-09-30,0.0
1989-10-01,0.23781975
1989-10-02,0.0
1989-10-03,11.508352
1989-10-04,14.035024
1989-10-05,0.0
1989-10-06,0.0
1989-10-07,1.4126325
1989-10-08,0.48326898
1989-10-09,13.006794
1989-10-10,1.1452616
1989-10-11,0.0
1989-10-12,0.0
1989-10-13,0.41865888
1989-10-14,0.0
1989-10-15,0.0
1989-10-16,0.0
1989-10-17,0.0
1989-10-18,0.0
1989-10-19,0.0
1989-10-20,16.440504
1989-10-21,1.004455
1989-10-22,0.0
1989-10-23,0.0
1989-10-24,4.110126
1989-10-25,0.0
1989-10-26,0.0
1989-10-27,0.0
1989-10-28,22.673279
1989-10-29,2.242787
1989-10-30,21.580833
1989-10-31,8.255108
1989-11-01,28.002333
1989-11-02,24.726597
1989-11-03,29.805079
1989-11-04,0.82301146
1989-11-05,13.747195
1989-11-06,12.91329
1989-11-07,0.0
1989-11-08,0.0
1989-11-09,0.0
1989-11-10,57.420822
1989-11-11,1.5728325
1989-11-12,106.25444
1989-11-13,66.44636
1989-11-14,34.937855
1989-11-15,52.291172
1989-11-16,2.2351575
1989-11-17,0.6932156
1989-11-18,74.22613
1989-11-19,119.93459
1989-11-20,5.292626
1989-11-21,0.0
1989-11-22,0.0
1989-11-23,0.0
1989-11-24,0.0
1989-11-25,0.0
1989-11-26,0.0
1989-11-27,0.71551573
1989-11-28,0.37983862
1989-11-29,0.0
1989-11-30,21.99921
1989-12-01,4.6486025
1989-12-02,10.222665
1989-12-03,71.30362
1989-12-04,8.211726
1989-12-05,0.36509866
1989-12-06,0.0
1989-12-07,0.0
1989-12-08,0.0
1989-12-09,0.0
1989-12-10,0.0
1989-12-11,0.63529104
1989-12-12,0.21003763
1989-12-13,0.0
1989-12-14,0.0
1989-12-15,0.0
1989-12-16,0.0
1989-12-17,0.0
1989-12-18,0.0
1989-12-19,1.1746151
1989-12-20,12.606593
1989-12-21,0.0
1989-12-22,0.0
1989-12-23,0.0
1989-12-24,0.0
1989-12-25,0.0
1989-12-26,0.0
1989-12-27,0.0
1989-12-28,0.0
1989-12-29,0.0
1989-12-30,0.0
1989-12-31,0.0
1990-01-01,0.0
1990-01-02,0.0
1990-01-03,0.0
1990-01-04,0.0
1990-01-05,0.0
1990-01-06,62.355003
1990-01-07,38.008915
1990-01-08,4.208451
1990-01-09,1.1486876
1990-01-10,0.38532087
1990-01-11,0.0
1990-01-12,0.0
1990-01-13,0.0
1990-01-14,0.0
1990-01-15,0.0
1990-01-16,0.0
1990-01-17,0.0
1990-01-18,0.0
1990-01-19,0.0
1990-01-20,0.0
1990-01-21,0.0
1990-01-22,0.0
1990-01-23,0.0
1990-01-24,0.0
1990-01-25,0.0
1990-01-26,0.0
1990-01-27,0.0
1990-01-28,0.0
1990-01-29,0.0
1990-01-30,0.0
1990-01-31,0.0
1990-02-01,0.0
1990-02-02,0.0
1990-02-03,0.0
1990-02-04,0.0
1990-02-05,0.0
1990-02-06,0.0
1990-02-07,0.0
1990-02-08,0.0
1990-02-09,0.0
1990-02-10,0.0
1990-02-11,0.0
1990-02-12,0.0
1990-02-13,0.0
1990-02-14,0.0
1990-02-15,0.0
1990-02-16,0.0
1990-02-17,0.0
1990-02-18,1.1559627
1990-02-19,1.9957573
1990-02-20,69.13498
1990-02-21,0.0
1990-02-22,0.0
1990-02-23,0.0
1990-02-24,0.0
1990-02-25,0.0
1990-02-26,0.0
1990-02-27,0.0
1990-02-28,0.0
1990-03-01,0.0
1990-03-02,0.0
1990-03-03,0.0
1990-03-04,0.0
1990-03-05,0.0
1990-03-06,0.0
1990-03-07,0.0
1990-03-08,3.3774474
1990-03-09,0.6949482
1990-03-10,2.0951822
1990-03-11,6.9027724
1990-03-12,0.0
1990-03-13,0.0
1990-03-14,0.0
1990-03-15,0.0
1990-03-16,0.0
1990-03-17,0.0
1990-03-18,0.0
1990-03-19,0.0
1990-03-20,0.21674299
1990-03-21,0.21674299
1990-03-22,0.0
1990-03-23,0.0
1990-03-24,0.0
1990-03-25,0.0
1990-03-26,0.0
1990-03-27,0.0
1990-03-28,0.0
1990-03-29,0.0
1990-03-30,0.0
1990-03-31,0.0
1990-04-01,0.0
1990-04-02,0.0
1990-04-03,0.0
1990-04-04,0.0
1990-04-05,0.0
1990-04-06,0.0
1990-04-07,0.0
1990-04-08,0.0
1990-04-09,0.0
1990-04-10,0.0
1990-04-11,0.0
1990-04-12,0.0
1990-04-13,0.0
1990-04-14,0.0
1990-04-15,0.0
1990-04-16,0.0
1990-04-17,0.3130732
1990-04-18,0.0
1990-04-19,0.0
1990-04-20,0.0
1990-04-21,0.0
1990-04-22,0.0
1990-04-23,0.0
1990-04-24,0.0
1990-04-25,0.0
1990-04-26,0.0
1990-04-27,0.0
1990-04-28,0.0
1990-04-29,0.0
1990-04-30,0.0
1990-05-01,0.0
1990-05-02,0.0
1990-05-03,0.0
1990-05-04,0.0
1990-05-05,0.0
1990-05-06,0.0
1990-05-07,8.0883255
1990-05-08,3.6189556
1990-05-09,0.0
1990-05-10,0.0
1990-05-11,2.2665734
1990-05-12,0.37776223
1990-05-13,1.0341166
1990-05-14,0.0
1990-05-15,0.0
1990-05-16,0.0
1990-05-17,0.0
1990-05-18,0.0
1990-05-19,0.2805748
1990-05-20,2.835072
1990-05-21,1.1332867
1990-05-22,0.0
1990-05-23,1.4228714
1990-05-24,5.3137913
1990-05-25,0.0
1990-05-26,0.5298162
1990-05-27,0.45756853
1990-05-28,0.0
1990-05-29,0.0
1990-05-30,0.0
1990-05-31,0.0
1990-06-01,0.0
1990-06-02,1.1091672
1990-06-03,0.0
1990-06-04,0.0
1990-06-05,0.0
1990-06-06,0.0
1990-06-07,0.0
1990-06-08,0.0
1990-06-09,0.0
1990-06-10,1.1678292
1990-06-11,0.0
1990-06-12,0.0
1990-06-13,0.0
1990-06-14,0.0
1990-06-15,1.2575271
1990-06-16,0.60221
1990-06-17,0.0
1990-06-18,0.0
1990-06-19,0.0
1990-06-20,0.86731476
1990-06-21,0.20477417
1990-06-22,2.885511
1990-06-23,0.0
1990-06-24,0.0
1990-06-25,0.0
1990-06-26,0.0
1990-06-27,0.0
1990-06-28,0.0
1990-06-29,0.0
1990-06-30,0.0
1990-07-01,0.0
1990-07-02,0.0
1990-07-03,0.0
1990-07-04,0.0
1990-07-05,0.0
1990-07-06,0.0
1990-07-07,0.0
1990-07-08,0.0
1990-07-09,0.0
1990-07-10,0.0
1990-07-11,10.261131
1990-07-12,0.54966575
1990-07-13,0.0
1990-07-14,3.5008569
1990-07-15,0.0
1990-07-16,14.926798
1990-07-17,0.0
1990-07-18,0.0
1990-07-19,0.0
1990-07-20,0.0
1990-07-21,0.0
1990-07-22,0.8728685
1990-07-23,0.0
1990-07-24,0.0
1990-07-25,0.0
1990-07-26,0.0
1990-07-27,0.0
1990-07-28,0.0
1990-07-29,1.3651611
1990-07-30,5.148789
1990-07-31,1.0766432
1990-08-01,0.0
1990-08-02,1.671015
1990-08-03,26.289104
1990-08-04,2.8687098
1990-08-05,5.4290333
1990-08-06,39.861534
1990-08-07,44.1867
1990-08-08,0.0
1990-08-09,0.27108976
1990-08-10,1.0049692
1990-08-11,0.0
1990-08-12,0.0
1990-08-13,0.0
1990-08-14,7.8093686
1990-08-15,0.0
1990-08-16,1.3704666
1990-08-17,0.0
1990-08-18,0.0
1990-08-19,0.0
1990-08-20,0.0
1990-08-21,0.0
1990-08-22,0.0
1990-08-23,0.0
1990-08-24,0.0
1990-08-25,0.0
1990-08-26,0.0
1990-08-27,7.631508
1990-08-28,70.172874
1990-08-29,0.43365738
1990-08-30,0.0
1990-08-31,0.0
1990-09-01,0.0
1990-09-02,0.0
1990-09-03,0.0
1990-09-04,0.0
1990-09-05,1.1931888
1990-09-06,2.3135638
1990-09-07,3.0428975
1990-09-08,0.0
1990-09-09,0.84288937
1990-09-10,39.627037
1990-09-11,0.0
1990-09-12,26.178438
1990-09-13,0.0
1990-09-14,0.0
1990-09-15,51.28314
1990-09-16,0.0
1990-09-17,0.17553751
1990-09-18,0.0
1990-09-19,19.643637
1990-09-20,4.9032083
1990-09-21,0.0
1990-09-22,0.54221624
1990-09-23,0.19149548
1990-09-24,0.0
1990-09-25,30.004532
1990-09-26,0.0
1990-09-27,0.120412774
1990-09-28,0.0
1990-09-29,0.0
1990-09-30,0.0
1990-10-01,0.6450277
1990-10-02,0.0
1990-10-03,0.0
1990-10-04,0.0
1990-10-05,0.0
1990-10-06,0.0
1990-10-07,0.0
1990-10-08,0.0
1990-10-09,0.0
1990-10-10,0.0
1990-10-11,0.0
1990-10-12,0.0
1990-10-13,0.0
1990-10-14,0.0
1990-10-15,0.99371576
1990-10-16,0.0
1990-10-17,0.6261464
1990-10-18,0.7224766
1990-10-19,2.8962376
1990-10-20,32.99355
1990-10-21,18.366207
1990-10-22,4.436151
1990-10-23,28.22484
1990-10-24,2.711592
1990-10-25,3.652056
1990-10-26,5.131681
1990-10-27,51.850174
1990-10-28,77.65923
1990-10-29,73.89875
1990-10-30,34.95927
1990-10-31,33.005447
1990-11-01,23.937872
1990-11-02,0.49736682
1990-11-03,0.0
1990-11-04,0.0
1990-11-05,0.0
1990-11-06,0.0
1990-11-07,0.0
1990-11-08,0.0
1990-11-09,0.0
1990-11-10,0.0
1990-11-11,0.0
1990-11-12,0.0
1990-11-13,0.0
1990-11-14,0.0
1990-11-15,1.1332867
1990-11-16,0.0
1990-11-17,0.14449534
1990-11-18,0.0
1990-11-19,0.0
1990-11-20,0.0
1990-11-21,0.0
1990-11-22,0.0
1990-11-23,0.0
1990-11-24,0.0
1990-11-25,3.1814802
1990-11-26,16.801157
1990-11-27,47.957397
1990-11-28,7.7635727
1990-11-29,0.19701096
1990-11-30,0.0
1990-12-01,0.0
1990-12-02,0.0
1990-12-03,1.4041371
1990-12-04,8.179402
1990-12-05,70.38964
1990-12-06,4.971427
1990-12-07,0.43290347
1990-12-08,0.27644044
1990-12-09,0.57798135
1990-12-10,0.0
1990-12-11,0.0
1990-12-12,0.0
1990-12-13,0.14449534
1990-12-14,2.683519
1990-12-15,0.0
1990-12-16,0.0
1990-12-17,0.0
1990-12-18,0.0
1990-12-19,0.0
1990-12-20,0.0
1990-12-21,0.0
1990-12-22,0.0
1990-12-23,0.0
1990-12-24,0.0
1990-12-25,0.0
1990-12-26,0.0
1990-12-27,0.0
1990-12-28,0.0
1990-12-29,0.0
1990-12-30,0.5051512
1990-12-31,0.0
1991-01-01,0.0
1991-01-02,0.3612383
1991-01-03,0.0
1991-01-04,0.0
1991-01-05,0.0
1991-01-06,0.0
1991-01-07,0.0
1991-01-08,0.0
1991-01-09,0.0
1991-01-10,0.0
1991-01-11,0.21674299
1991-01-12,0.0
1991-01-13,0.0
1991-01-14,0.0
1991-01-15,0.0
1991-01-16,0.0
1991-01-17,0.0
1991-01-18,0.0
1991-01-19,0.0
1991-01-20,0.0
1991-01-21,0.0
1991-01-22,0.0
1991-01-23,0.0
1991-01-24,0.0
1991-01-25,0.0
1991-01-26,0.0
1991-01-27,0.0
1991-01-28,0.0
1991-01-29,0.0
1991-01-30,0.0
1991-01-31,0.0
1991-02-01,5.84064
1991-02-02,16.704826
1991-02-03,0.0
1991-02-04,0.0
1991-02-05,0.0
1991-02-06,0.0
1991-02-07,0.0
1991-02-08,0.0
1991-02-09,0.0
1991-02-10,0.0
1991-02-11,0.0
1991-02-12,0.0
1991-02-13,0.0
1991-02-14,0.0
1991-02-15,0.0
1991-02-16,0.0
1991-02-17,0.0
1991-02-18,0.0
1991-02-19,0.0
1991-02-20,0.0
1991-02-21,0.0
1991-02-22,0.0
1991-02-23,0.0
1991-02-24,0.0
1991-02-25,0.0
1991-02-26,0.0
1991-02-27,0.0
1991-02-28,0.0
1991-03-01,0.0
1991-03-02,0.0
1991-03-03,0.0
1991-03-04,0.0
1991-03-05,0.0
1991-03-06,0.0
1991-03-07,0.0
1991-03-08,0.0
1991-03-09,0.0
1991-03-10,0.0
1991-03-11,0.0
1991-03-12,0.0
1991-03-13,0.0
1991-03-14,0.0
1991-03-15,0.0
1991-03-16,0.0
1991-03-17,0.0
1991-03-18,0.0
1991-03-19,0.0
1991-03-20,0.0
1991-03-21,0.0
1991-03-22,0.0
1991-03-23,0.0
1991-03-24,0.0
1991-03-25,0.0
1991-03-26,0.0
1991-03-27,0.0
1991-03-28,0.0
1991-03-29,0.0
1991-03-30,0.0
1991-03-31,0.0
1991-04-01,0.0
1991-04-02,0.0
1991-04-03,0.0
1991-04-04,0.0
1991-04-05,0.0
1991-04-06,0.0
1991-04-07,0.0
1991-04-08,0.0
1991-04-09,0.0
1991-04-10,0.0
1991-04-11,0.0
1991-04-12,0.0
1991-04-13,0.0
1991-04-14,0.0
1991-04-15,0.0
1991-04-16,0.0
1991-04-17,0.0
1991-04-18,0.0
1991-04-19,0.0
1991-04-20,0.0
1991-04-21,0.0
1991-04-22,0.0
1991-04-23,0.0
1991-04-24,0.0
1991-04-25,0.0
1991-04-26,0.0
1991-04-27,0.0
1991-04-28,0.0
1991-04-29,0.0
1991-04-30,0.0
1991-05-01,0.0
1991-05-02,0.0
1991-05-03,0.0
1991-05-04,0.0
1991-05-05,0.0
1991-05-06,0.0
1991-05-07,0.0
1991-05-08,0.0
1991-05-09,0.0
1991-05-10,0.0
1991-05-11,0.0
1991-05-12,0.0
1991-05-13,0.0
1991-05-14,0.0
1991-05-15,0.0
1991-05-16,0.0
1991-05-17,0.0
1991-05-18,0.0
1991-05-19,0.0
1991-05-20,0.0
1991-05-21,0.0
1991-05-22,0.0
1991-05-23,0.0
1991-05-24,0.0
1991-05-25,0.0
1991-05-26,0.0
1991-05-27,0.0
1991-05-28,0.0
1991-05-29,0.0
1991-05-30,0.0
1991-05-31,0.0
1991-06-01,0.0
1991-06-02,0.0
1991-06-03,1.1225021
1991-06-04,14.937059
1991-06-05,7.7687287
1991-06-06,0.0
1991-06-07,1.3950768
1991-06-08,0.0
1991-06-09,0.0
1991-06-10,0.0
1991-06-11,0.0
1991-06-12,0.0
1991-06-13,0.0
1991-06-14,3.9888704
1991-06-15,6.073767
1991-06-16,0.81391615
1991-06-17,0.0
1991-06-18,0.0
1991-06-19,0.0
1991-06-20,0.0
1991-06-21,0.0
1991-06-22,0.0
1991-06-23,0.0
1991-06-24,0.0
1991-06-25,0.0
1991-06-26,0.0
1991-06-27,0.0
1991-06-28,0.0
1991-06-29,0.0
1991-06-30,0.0
1991-07-01,0.10192527
1991-07-02,0.0
1991-07-03,0.0
1991-07-04,0.0
1991-07-05,0.0
1991-07-06,0.0
1991-07-07,7.9291024
1991-07-08,0.0
1991-07-09,0.0
1991-07-10,0.0
1991-07-11,0.0
1991-07-12,0.0
1991-07-13,0.0
1991-07-14,0.0
1991-07-15,0.0
1991-07-16,0.0
1991-07-17,0.0
1991-07-18,0.0
1991-07-19,0.0
1991-07-20,0.0
1991-07-21,0.0
1991-07-22,0.0
1991-07-23,0.0
1991-07-24,0.0
1991-07-25,0.0
1991-07-26,0.0
1991-07-27,0.0
1991-07-28,0.9414422
1991-07-29,4.684853
1991-07-30,0.0
1991-07-31,0.0
1991-08-01,0.0
1991-08-02,0.54006994
1991-08-03,0.0
1991-08-04,28.290257
1991-08-05,33.459053
1991-08-06,0.0
1991-08-07,0.6883073
1991-08-08,1.3114626
1991-08-09,0.5898471
1991-08-10,4.295248
1991-08-11,0.37349984
1991-08-12,0.0
1991-08-13,2.3374732
1991-08-14,0.0
1991-08-15,0.0
1991-08-16,0.0
1991-08-17,0.25026822
1991-08-18,0.0
1991-08-19,0.0
1991-08-20,0.0
1991-08-21,0.0
1991-08-22,0.0
1991-08-23,0.4910945
1991-08-24,3.354268
1991-08-25,2.7766519
1991-08-26,1.4966786
1991-08-27,0.48834974
1991-08-28,0.2210479
1991-08-29,1.0748483
1991-08-30,0.12972307
1991-08-31,0.0
1991-09-01,0.0
1991-09-02,1.980201
1991-09-03,2.5875678
1991-09-04,1.7193545
1991-09-05,0.79093975
1991-09-06,0.88477063
1991-09-07,20.786037
1991-09-08,5.687234
1991-09-09,0.0
1991-09-10,0.0
1991-09-11,15.777945
1991-09-12,4.746165
1991-09-13,0.0
1991-09-14,0.0
1991-09-15,0.0
1991-09-16,0.0
1991-09-17,10.518629
1991-09-18,0.0
1991-09-19,0.0
1991-09-20,0.0
1991-09-21,0.0
1991-09-22,0.0
1991-09-23,0.0
1991-09-24,0.0
1991-09-25,0.0
1991-09-26,0.0
1991-09-27,0.0
1991-09-28,0.0
1991-09-29,0.0
1991-09-30,1.7274092
1991-10-01,0.33008167
1991-10-02,2.8470926
1991-10-03,9.767083
1991-10-04,1.4414184
1991-10-05,14.880467
1991-10-06,2.1873398
1991-10-07,24.628187
1991-10-08,0.120239384
1991-10-09,0.0
1991-10-10,0.0
1991-10-11,0.0
1991-10-12,0.0
1991-10-13,0.0
1991-10-14,0.0
1991-10-15,0.0
1991-10-16,0.0
1991-10-17,0.0
1991-10-18,4.208763
1991-10-19,2.2456613
1991-10-20,2.5882661
1991-10-21,2.5996482
1991-10-22,0.6750769
1991-10-23,1.6127219
1991-10-24,9.62936
1991-10-25,0.0
1991-10-26,0.0
1991-10-27,1.3976637
1991-10-28,43.894913
1991-10-29,145.65604
1991-10-30,0.15934977
1991-10-31,0.17177054
1991-11-01,0.34387317
1991-11-02,0.0
1991-11-03,6.9691124
1991-11-04,12.615005
1991-11-05,22.544662
1991-11-06,0.0
1991-11-07,0.0
1991-11-08,0.7261511
1991-11-09,0.0
1991-11-10,5.643601
1991-11-11,2.4554026
1991-11-12,0.0
1991-11-13,5.390709
1991-11-14,44.529816
1991-11-15,152.1458
1991-11-16,20.222479
1991-11-17,9.615795
1991-11-18,0.19149548
1991-11-19,0.0
1991-11-20,0.0
1991-11-21,21.20093
1991-11-22,0.3483478
1991-11-23,34.268803
1991-11-24,1.8774214
1991-11-25,12.523552
1991-11-26,27.784954
1991-11-27,0.0
1991-11-28,0.0
1991-11-29,0.0
1991-11-30,0.0
1991-12-01,0.0
1991-12-02,0.0
1991-12-03,0.0
1991-12-04,0.0
1991-12-05,0.0
1991-12-06,0.0
1991-12-07,0.0
1991-12-08,0.0
1991-12-09,0.0
1991-12-10,0.0
1991-12-11,0.0
1991-12-12,0.0
1991-12-13,1.4317812
1991-12-14,0.6261464
1991-12-15,0.0
1991-12-16,4.7152357
1991-12-17,12.109347
1991-12-18,0.0
1991-12-19,0.0
1991-12-20,0.0
1991-12-21,0.0
1991-12-22,1.9322518
1991-12-23,0.3612383
1991-12-24,0.0
1991-12-25,0.0
1991-12-26,0.0
1991-12-27,0.0
1991-12-28,0.0
1991-12-29,0.0
1991-12-30,0.0
1991-12-31,0.0
1992-01-01,0.0
1992-01-02,0.0
1992-01-03,0.0
1992-01-04,0.0
1992-01-05,0.0
1992-01-06,0.0
1992-01-07,0.0
1992-01-08,0.0
1992-01-09,0.0
1992-01-10,0.0
1992-01-11,0.0
1992-01-12,0.0
1992-01-13,0.0
1992-01-14,0.0
1992-01-15,0.0
1992-01-16,0.0
1992-01-17,0.0
1992-01-18,0.0
1992-01-19,0.0
1992-01-20,0.0
1992-01-21,0.0
1992-01-22,0.0
1992-01-23,0.0
1992-01-24,0.0
1992-01-25,0.0
1992-01-26,0.0
1992-01-27,0.0
1992-01-28,0.0
1992-01-29,0.0
1992-01-30,0.0
1992-01-31,0.0
1992-02-01,0.0
1992-02-02,0.0
1992-02-03,0.0
1992-02-04,0.0
1992-02-05,0.0
1992-02-06,0.0
1992-02-07,0.0
1992-02-08,0.0
1992-02-09,0.0
1992-02-10,0.0
1992-02-11,0.0
1992-02-12,0.0
1992-02-13,0.0
1992-02-14,0.0
1992-02-15,0.0
1992-02-16,0.0
1992-02-17,0.0
1992-02-18,0.0
1992-02-19,0.0
1992-02-20,0.0
1992-02-21,0.0
1992-02-22,0.0
1992-02-23,0.0
1992-02-24,0.0
1992-02-25,0.0
1992-02-26,0.0
1992-02-27,0.0
1992-02-28,0.0
1992-02-29,0.0
1992-03-01,0.0
1992-03-02,0.0
1992-03-03,0.0
1992-03-04,0.0
1992-03-05,0.0
1992-03-06,0.0
1992-03-07,0.0
1992-03-08,0.0
1992-03-09,0.0
1992-03-10,0.0
1992-03-11,0.0
1992-03-12,0.0
1992-03-13,0.0
1992-03-14,0.0
1992-03-15,0.0
1992-03-16,0.0
1992-03-17,0.0
1992-03-18,0.0
1992-03-19,0.0
1992-03-20,0.0
1992-03-21,0.0
1992-03-22,0.0
1992-03-23,0.0
1992-03-24,0.0
1992-03-25,0.0
1992-03-26,0.0
1992-03-27,0.0
1992-03-28,0.0
1992-03-29,0.0
1992-03-30,0.0
1992-03-31,0.0
1992-04-01,0.0
1992-04-02,0.0
1992-04-03,0.0
1992-04-04,0.0
1992-04-05,0.0
1992-04-06,0.0
1992-04-07,0.0
1992-04-08,0.0
1992-04-09,0.0
1992-04-10,0.0
1992-04-11,0.0
1992-04-12,0.0
1992-04-13,0.0
1992-04-14,0.0
1992-04-15,0.0
1992-04-16,0.0
1992-04-17,0.0
1992-04-18,0.0
1992-04-19,0.0
1992-04-20,0.0
1992-04-21,0.0
1992-04-22,0.0
1992-04-23,0.0
1992-04-24,0.0
1992-04-25,1.6616963
1992-04-26,0.24082555
1992-04-27,0.0
1992-04-28,0.0
1992-04-29,0.0
1992-04-30,0.0
1992-05-01,0.0
1992-05-02,0.0
1992-05-03,0.0
1992-05-04,0.0
1992-05-05,0.0
1992-05-06,0.0
1992-05-07,0.0
1992-05-08,0.0
1992-05-09,0.0
1992-05-10,0.0
1992-05-11,0.0
1992-05-12,0.0
1992-05-13,0.0
1992-05-14,11.996523
1992-05-15,0.26374313
1992-05-16,0.0
1992-05-17,0.0
1992-05-18,0.0
1992-05-19,0.0
1992-05-20,0.0
1992-05-21,0.0
1992-05-22,0.0
1992-05-23,0.0
1992-05-24,0.0
1992-05-25,0.0
1992-05-26,14.582765
1992-05-27,0.0
1992-05-28,0.0
1992-05-29,0.0
1992-05-30,0.0
1992-05-31,0.0
1992-06-01,0.0
1992-06-02,0.0
1992-06-03,0.0
1992-06-04,0.0
1992-06-05,0.0
1992-06-06,0.0
1992-06-07,0.0
1992-06-08,0.0
1992-06-09,0.0
1992-06-10,0.0
1992-06-11,1.4297819
1992-06-12,0.0
1992-06-13,0.0
1992-06-14,0.0
1992-06-15,0.0
1992-06-16,0.0
1992-06-17,0.0
1992-06-18,0.0
1992-06-19,0.0
1992-06-20,0.0
1992-06-21,0.0
1992-06-22,0.0
1992-06-23,0.0
1992-06-24,0.0
1992-06-25,0.0
1992-06-26,0.0
1992-06-27,0.7465592
1992-06-28,0.3408302
1992-06-29,0.0
1992-06-30,0.0
1992-07-01,0.0
1992-07-02,0.0
1992-07-03,0.24082555
1992-07-04,0.5585284
1992-07-05,4.682014
1992-07-06,0.0
1992-07-07,0.0
1992-07-08,0.0
1992-07-09,0.0
1992-07-10,0.0
1992-07-11,0.25532728
1992-07-12,0.0
1992-07-13,0.0
1992-07-14,0.0
1992-07-15,0.0
1992-07-16,0.0
1992-07-17,0.0
1992-07-18,0.0
1992-07-19,0.0
1992-07-20,0.0
1992-07-21,0.0
1992-07-22,0.0
1992-07-23,0.67747706
1992-07-24,5.629383
1992-07-25,0.0
1992-07-26,0.0
1992-07-27,0.0
1992-07-28,0.0
1992-07-29,0.0
1992-07-30,1.824564
1992-07-31,0.0
1992-08-01,22.996088
1992-08-02,0.0
1992-08-03,0.0
1992-08-04,0.0
1992-08-05,0.9258087
1992-08-06,0.0
1992-08-07,0.0
1992-08-08,1.6201651
1992-08-09,0.0
1992-08-10,0.0
1992-08-11,0.0
1992-08-12,1.7790449
1992-08-13,0.0
1992-08-14,0.0
1992-08-15,0.0
1992-08-16,0.0
1992-08-17,0.0
1992-08-18,0.0
1992-08-19,0.0
1992-08-20,0.0
1992-08-21,0.0
1992-08-22,0.0
1992-08-23,0.0
1992-08-24,0.0
1992-08-25,5.6780977
1992-08-26,3.094307
1992-08-27,0.0
1992-08-28,0.0
1992-08-29,0.15430145
1992-08-30,0.0
1992-08-31,0.0
1992-09-01,1.6628262
1992-09-02,0.0
1992-09-03,0.2325523
1992-09-04,3.4650638
1992-09-05,0.0
1992-09-06,0.14449534
1992-09-07,0.0
1992-09-08,0.0
1992-09-09,0.0
1992-09-10,0.0
1992-09-11,0.0
1992-09-12,0.0
1992-09-13,0.0
1992-09-14,0.0
1992-09-15,0.20837618
1992-09-16,0.0
1992-09-17,6.7200437
1992-09-18,5.5570154
1992-09-19,0.0
1992-09-20,0.0
1992-09-21,0.0
1992-09-22,0.0
1992-09-23,0.0
1992-09-24,4.6730328
1992-09-25,0.0
1992-09-26,0.0
1992-09-27,0.0
1992-09-28,46.946667
1992-09-29,0.0
1992-09-30,0.58725274
1992-10-01,0.0
1992-10-02,0.0
1992-10-03,17.393606
1992-10-04,15.845187
1992-10-05,0.0
1992-10-06,1.9434435
1992-10-07,26.342932
1992-10-08,12.601495
1992-10-09,0.0
1992-10-10,0.0
1992-10-11,11.405863
1992-10-12,0.0
1992-10-13,0.0
1992-10-14,1.6549618
1992-10-15,0.9292525
1992-10-16,9.071713
1992-10-17,42.062794
1992-10-18,0.0
1992-10-19,4.533147
1992-10-20,0.0
1992-10-21,0.0
1992-10-22,0.0
1992-10-23,0.0
1992-10-24,0.0
1992-10-25,0.0
1992-10-26,0.0
1992-10-27,0.0
1992-10-28,0.0
1992-10-29,0.0
1992-10-30,0.0
1992-10-31,1.0136149
1992-11-01,0.0
1992-11-02,0.0
1992-11-03,6.0441957
1992-11-04,4.831664
1992-11-05,12.017859
1992-11-06,0.69788516
1992-11-07,0.0
1992-11-08,4.7723565
1992-11-09,7.671535
1992-11-10,0.545532
1992-11-11,22.121046
1992-11-12,9.086096
1992-11-13,52.136852
1992-11-14,78.041
1992-11-15,12.503877
1992-11-16,4.297602
1992-11-17,7.5074544
1992-11-18,0.30465737
1992-11-19,0.0
1992-11-20,0.0
1992-11-21,0.0
1992-11-22,2.5004332
1992-11-23,8.739095
1992-11-24,3.0220978
1992-11-25,0.0
1992-11-26,0.0
1992-11-27,0.6743115
1992-11-28,0.0
1992-11-29,9.540687
1992-11-30,11.582551
1992-12-01,0.0
1992-12-02,0.0
1992-12-03,20.663252
1992-12-04,3.830922
1992-12-05,78.35646
1992-12-06,94.07005
1992-12-07,130.89061
1992-12-08,0.0
1992-12-09,0.0
1992-12-10,0.0
1992-12-11,0.0
1992-12-12,0.0
1992-12-13,0.0
1992-12-14,0.0
1992-12-15,0.0
1992-12-16,0.0
1992-12-17,0.0
1992-12-18,36.817455
1992-12-19,0.34387317
1992-12-20,9.290558
1992-12-21,0.0
1992-12-22,0.0
1992-12-23,0.0
1992-12-24,0.0
1992-12-25,0.0
1992-12-26,0.0
1992-12-27,0.0
1992-12-28,0.0
1992-12-29,0.0
1992-12-30,0.0
1992-12-31,0.0
1993-01-01,0.0
1993-01-02,0.0
1993-01-03,0.0
1993-01-04,0.0
1993-01-05,0.0
1993-01-06,0.0
1993-01-07,0.0
1993-01-08,0.0
1993-01-09,0.0
1993-01-10,0.0
1993-01-11,0.0
1993-01-12,0.0
1993-01-13,0.0
1993-01-14,0.0
1993-01-15,0.0
1993-01-16,0.0
1993-01-17,0.0
1993-01-18,0.0
1993-01-19,0.0
1993-01-20,0.0
1993-01-21,0.0
1993-01-22,0.0
1993-01-23,0.0
1993-01-24,0.0
1993-01-25,0.0
1993-01-26,0.0
1993-01-27,0.0
1993-01-28,0.0
1993-01-29,0.0
1993-01-30,0.0
1993-01-31,0.0
1993-02-01,0.0
1993-02-02,0.0
1993-02-03,0.0
1993-02-04,0.0
1993-02-05,0.0
1993-02-06,0.0
1993-02-07,0.0
1993-02-08,0.0
1993-02-09,0.0
1993-02-10,0.0
1993-02-11,0.0
1993-02-12,13.708014
1993-02-13,0.0
1993-02-14,0.0
1993-02-15,0.0
1993-02-16,0.0
1993-02-17,0.0
1993-02-18,0.0
1993-02-19,0.0
1993-02-20,0.0
1993-02-21,0.0
1993-02-22,0.0
1993-02-23,0.0
1993-02-24,0.0
1993-02-25,0.0
1993-02-26,0.0
1993-02-27,0.0
1993-02-28,0.0
1993-03-01,0.0
1993-03-02,0.0
1993-03-03,0.0
1993-03-04,0.0
1993-03-05,0.0
1993-03-06,0.0
1993-03-07,0.0
1993-03-08,0.0
1993-03-09,0.0
1993-03-10,0.0
1993-03-11,0.0
1993-03-12,0.0
1993-03-13,0.0
1993-03-14,0.0
1993-03-15,0.0
1993-03-16,0.0
1993-03-17,0.0
1993-03-18,0.0
1993-03-19,0.0
1993-03-20,0.0
1993-03-21,0.0
1993-03-22,0.0
1993-03-23,0.0
1993-03-24,0.0
1993-03-25,0.0
1993-03-26,0.0
1993-03-27,0.0
1993-03-28,0.0
1993-03-29,0.0
1993-03-30,0.0
1993-03-31,0.0
1993-04-01,0.0
1993-04-02,0.0
1993-04-03,0.0
1993-04-04,0.0
1993-04-05,0.0
1993-04-06,0.0
1993-04-07,0.0
1993-04-08,0.0
1993-04-09,0.0
1993-04-10,0.0
1993-04-11,0.0
1993-04-12,0.0
1993-04-13,0.29743555
1993-04-14,0.0
1993-04-15,0.0
1993-04-16,0.0
1993-04-17,0.0
1993-04-18,0.0
1993-04-19,0.0
1993-04-20,0.0
1993-04-21,0.0
1993-04-22,0.0
1993-04-23,0.0
1993-04-24,0.0
1993-04-25,0.0
1993-04-26,0.0
1993-04-27,0.0
1993-04-28,0.0
1993-04-29,0.0
1993-04-30,0.0
1993-05-01,0.0
1993-05-02,0.0
1993-05-03,0.0
1993-05-04,0.0
1993-05-05,0.0
1993-05-06,0.0
1993-05-07,0.0
1993-05-08,0.0
1993-05-09,0.0
1993-05-10,0.0
1993-05-11,0.0
1993-05-12,0.0
1993-05-13,0.0
1993-05-14,0.0
1993-05-15,0.0
1993-05-16,15.589694
1993-05-17,0.0
1993-05-18,0.0
1993-05-19,0.0
1993-05-20,0.0
1993-05-21,0.0
1993-05-22,0.0
1993-05-23,0.0
1993-05-24,0.0
1993-05-25,0.0
1993-05-26,0.0
1993-05-27,0.0
1993-05-28,0.0
1993-05-29,0.0
1993-05-30,0.0
1993-05-31,0.0
1993-06-01,0.0
1993-06-02,0.0
1993-06-03,0.0
1993-06-04,13.120561
1993-06-05,0.0
1993-06-06,0.15132028
1993-06-07,0.16555034
1993-06-08,0.4474861
1993-06-09,15.736326
1993-06-10,0.0
1993-06-11,0.0
1993-06-12,0.0
1993-06-13,0.0
1993-06-14,0.0
1993-06-15,0.8863045
1993-06-16,0.0
1993-06-17,0.0
1993-06-18,0.0
1993-06-19,0.0
1993-06-20,0.0
1993-06-21,0.0
1993-06-22,0.0
1993-06-23,0.0
1993-06-24,0.0
1993-06-25,0.0
1993-06-26,0.0
1993-06-27,0.0
1993-06-28,0.0
1993-06-29,0.0
1993-06-30,0.23617774
1993-07-01,0.0
1993-07-02,0.0
1993-07-03,0.0
1993-07-04,0.0
1993-07-05,0.0
1993-07-06,0.0
1993-07-07,0.0
1993-07-08,0.0
1993-07-09,0.0
1993-07-10,0.0
1993-07-11,0.0
1993-07-12,0.0
1993-07-13,0.0
1993-07-14,0.0
1993-07-15,0.0
1993-07-16,0.0
1993-07-17,0.0
1993-07-18,0.0
1993-07-19,0.0
1993-07-20,0.0
1993-07-21,0.0
1993-07-22,0.0
1993-07-23,23.893965
1993-07-24,90.04522
1993-07-25,30.349407
1993-07-26,0.0
1993-07-27,0.0
1993-07-28,0.0
1993-07-29,0.0
1993-07-30,0.0
1993-07-31,0.0
1993-08-01,0.0
1993-08-02,0.0
1993-08-03,0.0
1993-08-04,0.0
1993-08-05,2.078011
1993-08-06,0.0
1993-08-07,0.0
1993-08-08,8.596015
1993-08-09,1.2932563
1993-08-10,0.44735816
1993-08-11,3.597637
1993-08-12,0.0
1993-08-13,0.0
1993-08-14,0.65048605
1993-08-15,0.0
1993-08-16,0.0
1993-08-17,0.0
1993-08-18,0.0
1993-08-19,0.0
1993-08-20,0.0
1993-08-21,0.0
1993-08-22,0.0
1993-08-23,0.0
1993-08-24,0.0
1993-08-25,13.443862
1993-08-26,0.58282954
1993-08-27,0.0
1993-08-28,0.0
1993-08-29,2.5434213
1993-08-30,0.0
1993-08-31,0.0
1993-09-01,0.0
1993-09-02,22.61868
1993-09-03,0.26019442
1993-09-04,0.0
1993-09-05,0.0
1993-09-06,0.18531868
1993-09-07,0.32556647
1993-09-08,0.0
1993-09-09,0.0
1993-09-10,0.0
1993-09-11,17.693243
1993-09-12,0.65048605
1993-09-13,0.0
1993-09-14,0.14825495
1993-09-15,10.2387085
1993-09-16,0.0
1993-09-17,0.0
1993-09-18,0.0
1993-09-19,0.0
1993-09-20,80.412735
1993-09-21,0.40975654
1993-09-22,0.0
1993-09-23,0.0
1993-09-24,0.0
1993-09-25,0.0
1993-09-26,0.0
1993-09-27,0.0
1993-09-28,0.1545935
1993-09-29,0.0
1993-09-30,0.0
1993-10-01,0.0
1993-10-02,0.0
1993-10-03,0.0
1993-10-04,0.0
1993-10-05,11.524141
1993-10-06,0.0
1993-10-07,0.0
1993-10-08,5.9708824
1993-10-09,0.0
1993-10-10,0.0
1993-10-11,0.0
1993-10-12,40.65839
1993-10-13,4.94985
1993-10-14,3.9897702
1993-10-15,8.774668
1993-10-16,0.687441
1993-10-17,0.8298547
1993-10-18,2.6329923
1993-10-19,9.932805
1993-10-20,8.603246
1993-10-21,3.6639714
1993-10-22,0.19984697
1993-10-23,0.0
1993-10-24,0.0
1993-10-25,0.0
1993-10-26,0.0
1993-10-27,0.0
1993-10-28,33.124954
1993-10-29,7.3403363
1993-10-30,21.954666
1993-10-31,84.50872
1993-11-01,33.838184
1993-11-02,9.818823
1993-11-03,10.639231
1993-11-04,13.333598
1993-11-05,2.2849422
1993-11-06,0.16852774
1993-11-07,0.0
1993-11-08,17.890041
1993-11-09,58.921402
1993-11-10,62.741364
1993-11-11,29.295364
1993-11-12,6.307134
1993-11-13,4.029922
1993-11-14,0.0
1993-11-15,0.0
1993-11-16,3.6680436
1993-11-17,0.9758369
1993-11-18,0.0
1993-11-19,0.0
1993-11-20,0.0
1993-11-21,0.4255278
1993-11-22,3.7140458
1993-11-23,0.0
1993-11-24,55.58694
1993-11-25,51.05224
1993-11-26,0.68953115
1993-11-27,0.0
1993-11-28,0.0
1993-11-29,0.0
1993-11-30,0.4036975
1993-12-01,24.813993
1993-12-02,4.090578
1993-12-03,0.0
1993-12-04,97.73723
1993-12-05,87.05314
1993-12-06,5.939553
1993-12-07,4.029922
1993-12-08,0.0
1993-12-09,0.0
1993-12-10,0.0
1993-12-11,0.0
1993-12-12,0.0
1993-12-13,0.0
1993-12-14,0.0
1993-12-15,0.0
1993-12-16,0.0
1993-12-17,10.131906
1993-12-18,20.083393
1993-12-19,0.0
1993-12-20,32.708828
1993-12-21,18.63662
1993-12-22,106.52497
1993-12-23,62.87086
1993-12-24,14.682648
1993-12-25,0.0
1993-12-26,0.0
1993-12-27,0.0
1993-12-28,0.0
1993-12-29,6.605089
1993-12-30,2.0477417
1993-12-31,0.5645168
1994-01-01,0.0
1994-01-02,0.0
1994-01-03,0.0
1994-01-04,1.0841434
1994-01-05,0.0
1994-01-06,0.0
1994-01-07,0.18531868
1994-01-08,0.0
1994-01-09,0.0
1994-01-10,0.0
1994-01-11,0.0
1994-01-12,0.0
1994-01-13,0.0
1994-01-14,0.0
1994-01-15,0.0
1994-01-16,0.0
1994-01-17,0.0
1994-01-18,0.0
1994-01-19,0.0
1994-01-20,0.0
1994-01-21,0.0
1994-01-22,0.0
1994-01-23,0.0
1994-01-24,0.0
1994-01-25,0.0
1994-01-26,0.0
1994-01-27,0.0
1994-01-28,0.0
1994-01-29,0.0
1994-01-30,0.0
1994-01-31,0.0
1994-02-01,0.0
1994-02-02,0.0
1994-02-03,0.0
1994-02-04,0.0
1994-02-05,18.876472
1994-02-06,0.0
1994-02-07,23.585297
1994-02-08,18.465904
1994-02-09,0.0
1994-02-10,18.49781
1994-02-11,1.0841434
1994-02-12,0.0
1994-02-13,0.0
1994-02-14,0.0
1994-02-15,0.0
1994-02-16,0.0
1994-02-17,0.0
1994-02-18,0.0
1994-02-19,0.0
1994-02-20,0.0
1994-02-21,0.0
1994-02-22,0.0
1994-02-23,0.0
1994-02-24,0.0
1994-02-25,0.0
1994-02-26,0.0
1994-02-27,0.0
1994-02-28,0.0
1994-03-01,0.0
1994-03-02,0.0
1994-03-03,0.0
1994-03-04,0.0
1994-03-05,0.0
1994-03-06,0.0
1994-03-07,0.0
1994-03-08,0.0
1994-03-09,0.0
1994-03-10,0.0
1994-03-11,0.0
1994-03-12,0.0
1994-03-13,0.0
1994-03-14,0.0
1994-03-15,0.0
1994-03-16,0.0
1994-03-17,0.0
1994-03-18,0.0
1994-03-19,0.0
1994-03-20,0.0
1994-03-21,0.0
1994-03-22,0.0
1994-03-23,0.0
1994-03-24,0.0
1994-03-25,0.0
1994-03-26,0.0
1994-03-27,0.0
1994-03-28,0.0
1994-03-29,0.0
1994-03-30,0.0
1994-03-31,0.0
1994-04-01,0.0
1994-04-02,0.0
1994-04-03,0.0
1994-04-04,0.0
1994-04-05,0.0
1994-04-06,0.0
1994-04-07,0.0
1994-04-08,0.0
1994-04-09,0.0
1994-04-10,0.0
1994-04-11,0.0
1994-04-12,0.0
1994-04-13,0.0
1994-04-14,0.0
1994-04-15,2.0401275
1994-04-16,0.0
1994-04-17,0.0
1994-04-18,0.0
1994-04-19,0.0
1994-04-20,0.0
1994-04-21,0.0
1994-04-22,0.0
1994-04-23,0.0
1994-04-24,0.0
1994-04-25,0.0
1994-04-26,0.0
1994-04-27,0.0
1994-04-28,0.0
1994-04-29,0.0
1994-04-30,0.0
1994-05-01,0.0
1994-05-02,0.0
1994-05-03,0.0
1994-05-04,0.0
1994-05-05,0.0
1994-05-06,0.0
1994-05-07,0.0
1994-05-08,0.0
1994-05-09,2.5554163
1994-05-10,0.0
1994-05-11,0.0
1994-05-12,0.0
1994-05-13,0.0
1994-05-14,0.0
1994-05-15,0.0
1994-05-16,0.0
1994-05-17,0.0
1994-05-18,0.0
1994-05-19,0.0
1994-05-20,0.0
1994-05-21,0.0
1994-05-22,0.0
1994-05-23,0.0
1994-05-24,0.0
1994-05-25,1.9523963
1994-05-26,1.0841434
1994-05-27,0.0
1994-05-28,0.0
1994-05-29,0.0
1994-05-30,0.0
1994-05-31,0.0
1994-06-01,0.0
1994-06-02,0.0
1994-06-03,0.0
1994-06-04,0.0
1994-06-05,0.0
1994-06-06,0.0
1994-06-07,0.9305212
1994-06-08,0.0
1994-06-09,3.7165196
1994-06-10,4.4595194
1994-06-11,0.0
1994-06-12,0.0
1994-06-13,0.0
1994-06-14,0.0
1994-06-15,0.0
1994-06-16,0.0
1994-06-17,0.0
1994-06-18,0.0
1994-06-19,0.0
1994-06-20,0.0
1994-06-21,0.0
1994-06-22,0.0
1994-06-23,0.0
1994-06-24,0.0
1994-06-25,0.0
1994-06-26,6.505939
1994-06-27,0.0
1994-06-28,0.0
1994-06-29,0.0
1994-06-30,0.0
1994-07-01,0.0
1994-07-02,0.0
1994-07-03,0.0
1994-07-04,0.35210547
1994-07-05,1.0841434
1994-07-06,0.0
1994-07-07,0.0
1994-07-08,2.1682868
1994-07-09,0.46329668
1994-07-10,0.0
1994-07-11,0.0
1994-07-12,0.0
1994-07-13,0.0
1994-07-14,0.0
1994-07-15,0.0
1994-07-16,0.0
1994-07-17,0.0
1994-07-18,0.0
1994-07-19,0.0
1994-07-20,1.0841434
1994-07-21,8.190967
1994-07-22,0.0
1994-07-23,0.0
1994-07-24,0.0
1994-07-25,16.343304
1994-07-26,0.0
1994-07-27,0.0
1994-07-28,0.0
1994-07-29,0.0
1994-07-30,0.0
1994-07-31,0.0
1994-08-01,0.0
1994-08-02,0.0
1994-08-03,0.0
1994-08-04,7.469997
1994-08-05,19.969477
1994-08-06,22.28882
1994-08-07,0.0
1994-08-08,7.711182
1994-08-09,0.0
1994-08-10,0.0
1994-08-11,0.0
1994-08-12,0.0
1994-08-13,0.0
1994-08-14,0.0
1994-08-15,0.0
1994-08-16,29.368025
1994-08-17,21.40405
1994-08-18,0.0
1994-08-19,0.0
1994-08-20,0.0
1994-08-21,0.0
1994-08-22,0.0
1994-08-23,0.0
1994-08-24,0.0
1994-08-25,15.150653
1994-08-26,0.0
1994-08-27,0.0
1994-08-28,0.0
1994-08-29,0.0
1994-08-30,0.0
1994-08-31,0.0
1994-09-01,0.32556647
1994-09-02,0.0
1994-09-03,19.506418
1994-09-04,0.0
1994-09-05,0.0
1994-09-06,1.5193101
1994-09-07,0.0
1994-09-08,0.0
1994-09-09,0.0
1994-09-10,0.0
1994-09-11,0.0
1994-09-12,0.0
1994-09-13,10.2387085
1994-09-14,0.0
1994-09-15,0.37982753
1994-09-16,0.0
1994-09-17,0.0
1994-09-18,0.0
1994-09-19,0.0
1994-09-20,0.0
1994-09-21,0.0
1994-09-22,0.0
1994-09-23,0.0
1994-09-24,0.21704431
1994-09-25,0.0
1994-09-26,0.0
1994-09-27,0.0
1994-09-28,0.0
1994-09-29,0.0
1994-09-30,0.0
1994-10-01,0.0
1994-10-02,0.0
1994-10-03,3.4129028
1994-10-04,3.4129028
1994-10-05,0.0
1994-10-06,0.0
1994-10-07,0.0
1994-10-08,0.0
1994-10-09,0.0
1994-10-10,0.0
1994-10-11,0.0
1994-10-12,0.0
1994-10-13,0.0
1994-10-14,0.0
1994-10-15,14.3106
1994-10-16,4.3365736
1994-10-17,0.7809318
1994-10-18,2.1682868
1994-10-19,7.4167857
1994-10-20,0.12972307
1994-10-21,0.0
1994-10-22,3.481019
1994-10-23,0.4255278
1994-10-24,0.0
1994-10-25,0.0
1994-10-26,0.0
1994-10-27,5.4639874
1994-10-28,14.284623
1994-10-29,0.0
1994-10-30,0.0
1994-10-31,0.0
1994-11-01,0.0
1994-11-02,0.24091427
1994-11-03,14.668632
1994-11-04,16.275774
1994-11-05,155.34767
1994-11-06,48.371624
1994-11-07,36.297314
1994-11-08,17.89433
1994-11-09,20.290577
1994-11-10,44.255745
1994-11-11,53.074867
1994-11-12,32.786655
1994-11-13,5.5811896
1994-11-14,0.277978
1994-11-15,0.0
1994-11-16,0.9224384
1994-11-17,1.4838082
1994-11-18,0.0
1994-11-19,1.8980596
1994-11-20,0.28787333
1994-11-21,1.9412423
1994-11-22,9.4220915
1994-11-23,5.539659
1994-11-24,0.120457135
1994-11-25,2.3072758
1994-11-26,0.21704431
1994-11-27,0.0
1994-11-28,0.0
1994-11-29,0.0
1994-11-30,0.0
1994-12-01,0.0
1994-12-02,0.0
1994-12-03,0.0
1994-12-04,0.0
1994-12-05,0.0
1994-12-06,0.0
1994-12-07,0.0
1994-12-08,0.0
1994-12-09,0.0
1994-12-10,0.0
1994-12-11,0.0
1994-12-12,0.0
1994-12-13,0.0
1994-12-14,0.0
1994-12-15,0.0
1994-12-16,0.0
1994-12-17,0.0
1994-12-18,0.0
1994-12-19,15.040992
1994-12-20,13.940968
1994-12-21,28.672709
1994-12-22,47.98855
1994-12-23,0.0
1994-12-24,0.0
1994-12-25,0.0
1994-12-26,0.0
1994-12-27,0.0
1994-12-28,0.0
1994-12-29,0.0
1994-12-30,0.0
1994-12-31,0.0
1995-01-01,0.0
1995-01-02,0.0
1995-01-03,0.0
1995-01-04,0.0
1995-01-05,0.0
1995-01-06,0.0
1995-01-07,0.0
1995-01-08,1.0841434
1995-01-09,0.0
1995-01-10,0.0
1995-01-11,0.0
1995-01-12,0.0
1995-01-13,0.0
1995-01-14,3.025205
1995-01-15,14.732804
1995-01-16,4.3365736
1995-01-17,13.651611
1995-01-18,28.558878
1995-01-19,6.966571
1995-01-20,4.8405156
1995-01-21,0.0
1995-01-22,0.0
1995-01-23,0.0
1995-01-24,0.0
1995-01-25,0.0
1995-01-26,0.0
1995-01-27,0.0
1995-01-28,0.0
1995-01-29,0.0
1995-01-30,0.0
1995-01-31,0.48182854
1995-02-01,5.3129954
1995-02-02,5.0705705
1995-02-03,0.24751116
1995-02-04,0.0
1995-02-05,0.18531868
1995-02-06,0.0
1995-02-07,0.0
1995-02-08,0.0
1995-02-09,0.0
1995-02-10,0.0
1995-02-11,0.0
1995-02-12,0.0
1995-02-13,0.0
1995-02-14,0.0
1995-02-15,0.0
1995-02-16,0.0
1995-02-17,0.0
1995-02-18,0.0
1995-02-19,0.0
1995-02-20,0.0
1995-02-21,0.0
1995-02-22,0.0
1995-02-23,0.0
1995-02-24,0.0
1995-02-25,0.0
1995-02-26,0.0
1995-02-27,0.0
1995-02-28,0.0
1995-03-01,0.0
1995-03-02,0.0
1995-03-03,0.0
1995-03-04,0.0
1995-03-05,0.0
1995-03-06,0.0
1995-03-07,0.0
1995-03-08,0.0
1995-03-09,0.0
1995-03-10,0.0
1995-03-11,0.0
1995-03-12,0.0
1995-03-13,0.0
1995-03-14,0.0
1995-03-15,0.0
1995-03-16,0.0
1995-03-17,0.0
1995-03-18,0.0
1995-03-19,0.0
1995-03-20,0.0
1995-03-21,0.0
1995-03-22,0.0
1995-03-23,0.0
1995-03-24,0.0
1995-03-25,0.0
1995-03-26,0.0
1995-03-27,10.398331
1995-03-28,0.0
1995-03-29,4.932213
1995-03-30,0.0
1995-03-31,0.0
1995-04-01,0.0
1995-04-02,0.0
1995-04-03,0.0
1995-04-04,0.0
1995-04-05,0.0
1995-04-06,0.0
1995-04-07,0.0
1995-04-08,0.0
1995-04-09,0.0
1995-04-10,0.0
1995-04-11,0.0
1995-04-12,0.0
1995-04-13,0.0
1995-04-14,0.0
1995-04-15,0.0
1995-04-16,0.0
1995-04-17,0.0
1995-04-18,0.0
1995-04-19,0.0
1995-04-20,0.0
1995-04-21,0.0
1995-04-22,0.0
1995-04-23,0.0
1995-04-24,0.0
1995-04-25,0.0
1995-04-26,0.0
1995-04-27,0.0
1995-04-28,0.0
1995-04-29,2.1682868
1995-04-30,0.0
1995-05-01,0.0
1995-05-02,0.0
1995-05-03,0.0
1995-05-04,0.0
1995-05-05,1.2231324
1995-05-06,91.9207
1995-05-07,36.595238
1995-05-08,25.61977
1995-05-09,1.139739
1995-05-10,0.0
1995-05-11,5.5377946
1995-05-12,0.0
1995-05-13,0.0
1995-05-14,0.0
1995-05-15,0.0
1995-05-16,0.0
1995-05-17,0.0
1995-05-18,0.0
1995-05-19,0.0
1995-05-20,0.0
1995-05-21,0.16278324
1995-05-22,0.0
1995-05-23,0.0
1995-05-24,0.0
1995-05-25,0.0
1995-05-26,0.0
1995-05-27,0.0
1995-05-28,0.0
1995-05-29,0.0
1995-05-30,0.0
1995-05-31,0.0
1995-06-01,0.0
1995-06-02,0.0
1995-06-03,0.0
1995-06-04,0.0
1995-06-05,0.0
1995-06-06,0.0
1995-06-07,0.0
1995-06-08,0.0
1995-06-09,0.0
1995-06-10,0.0
1995-06-11,0.0
1995-06-12,0.0
1995-06-13,1.0841434
1995-06-14,0.0
1995-06-15,0.0
1995-06-16,0.0
1995-06-17,0.0
1995-06-18,0.0
1995-06-19,0.0
1995-06-20,0.0
1995-06-21,0.0
1995-06-22,30.951723
1995-06-23,0.0
1995-06-24,5.473821
1995-06-25,0.0
1995-06-26,0.0
1995-06-27,7.9145703
1995-06-28,0.0
1995-06-29,0.0
1995-06-30,0.0
1995-07-01,0.0
1995-07-02,0.0
1995-07-03,0.0
1995-07-04,0.0
1995-07-05,0.0
1995-07-06,0.0
1995-07-07,0.0
1995-07-08,0.0
1995-07-09,2.1775527
1995-07-10,1.1304731
1995-07-11,9.376573
1995-07-12,0.0
1995-07-13,0.0
1995-07-14,0.0
1995-07-15,6.8258057
1995-07-16,0.0
1995-07-17,0.0
1995-07-18,0.0
1995-07-19,0.0
1995-07-20,0.0
1995-07-21,0.0
1995-07-22,0.0
1995-07-23,0.0
1995-07-24,10.755909
1995-07-25,1.0841434
1995-07-26,0.46989357
1995-07-27,7.9399695
1995-07-28,13.119044
1995-07-29,0.0
1995-07-30,0.0
1995-07-31,0.0
1995-08-01,0.0
1995-08-02,0.0
1995-08-03,0.0
1995-08-04,0.0
1995-08-05,0.0
1995-08-06,0.22238241
1995-08-07,4.4993567
1995-08-08,16.135916
1995-08-09,0.0
1995-08-10,0.37063736
1995-08-11,0.0
1995-08-12,0.59687185
1995-08-13,0.0
1995-08-14,0.0
1995-08-15,0.0
1995-08-16,11.505397
1995-08-17,10.620378
1995-08-18,0.0
1995-08-19,0.0
1995-08-20,0.0
1995-08-21,0.0
1995-08-22,0.0
1995-08-23,3.2524302
1995-08-24,6.4704795
1995-08-25,0.108522154
1995-08-26,9.053021
1995-08-27,4.601102
1995-08-28,0.0
1995-08-29,0.0
1995-08-30,1.0841434
1995-08-31,0.0
1995-09-01,0.0
1995-09-02,0.0
1995-09-03,0.0
1995-09-04,0.0
1995-09-05,0.0
1995-09-06,0.38249663
1995-09-07,6.5280256
1995-09-08,12.114864
1995-09-09,0.0
1995-09-10,0.0
1995-09-11,29.962578
1995-09-12,0.0
1995-09-13,0.0
1995-09-14,0.0
1995-09-15,0.0
1995-09-16,0.0
1995-09-17,12.268877
1995-09-18,0.0
1995-09-19,0.0
1995-09-20,0.0
1995-09-21,17.43075
1995-09-22,0.0
1995-09-23,0.0
1995-09-24,16.818174
1995-09-25,0.0
1995-09-26,3.4129028
1995-09-27,0.0
1995-09-28,0.0
1995-09-29,61.021194
1995-09-30,8.09491
1995-10-01,0.0
1995-10-02,0.0
1995-10-03,0.0
1995-10-04,0.0
1995-10-05,0.2501802
1995-10-06,1.1304731
1995-10-07,0.0
1995-10-08,7.443642
1995-10-09,0.0
1995-10-10,0.5426108
1995-10-11,0.0
1995-10-12,10.950504
1995-10-13,0.0
1995-10-14,0.0
1995-10-15,0.0
1995-10-16,0.0
1995-10-17,0.0
1995-10-18,0.0
1995-10-19,5.5811896
1995-10-20,0.0
1995-10-21,5.568972
1995-10-22,0.0
1995-10-23,10.283679
1995-10-24,11.613562
1995-10-25,20.860823
1995-10-26,1.0841434
1995-10-27,0.0
1995-10-28,0.0
1995-10-29,2.529658
1995-10-30,0.26141006
1995-10-31,0.0
1995-11-01,0.0
1995-11-02,6.9245105
1995-11-03,13.89676
1995-11-04,56.830677
1995-11-05,35.8375
1995-11-06,44.16125
1995-11-07,4.6267695
1995-11-08,7.288209
1995-11-09,0.0
1995-11-10,0.0
1995-11-11,0.0
1995-11-12,0.2501802
1995-11-13,0.0
1995-11-14,0.0
1995-11-15,0.0
1995-11-16,0.0
1995-11-17,0.0
1995-11-18,0.0
1995-11-19,0.0
1995-11-20,0.0
1995-11-21,0.0
1995-11-22,0.0
1995-11-23,0.0
1995-11-24,0.6352701
1995-11-25,0.0
1995-11-26,0.0
1995-11-27,1.0841434
1995-11-28,6.143225
1995-11-29,0.0
1995-11-30,0.0
1995-12-01,0.0
1995-12-02,0.0
1995-12-03,0.0
1995-12-04,0.0
1995-12-05,0.0
1995-12-06,0.0
1995-12-07,0.1667868
1995-12-08,0.8351928
1995-12-09,0.5718188
1995-12-10,0.1667868
1995-12-11,3.481019
1995-12-12,0.0
1995-12-13,0.0
1995-12-14,0.0
1995-12-15,0.0
1995-12-16,0.0
1995-12-17,0.0
1995-12-18,0.0
1995-12-19,0.0
1995-12-20,0.0
1995-12-21,0.0
1995-12-22,0.0
1995-12-23,0.0
1995-12-24,0.0
1995-12-25,0.0
1995-12-26,0.0
1995-12-27,0.0
1995-12-28,0.0
1995-12-29,0.30373618
1995-12-30,0.0
1995-12-31,0.0
1996-01-01,0.0
1996-01-02,0.0
1996-01-03,0.0
1996-01-04,0.0
1996-01-05,0.0
1996-01-06,0.0
1996-01-07,0.0
1996-01-08,0.0
1996-01-09,0.0
1996-01-10,0.0
1996-01-11,0.0
1996-01-12,0.0
1996-01-13,0.0
1996-01-14,0.0
1996-01-15,0.0
1996-01-16,0.0
1996-01-17,0.0
1996-01-18,0.0
1996-01-19,0.0
1996-01-20,0.0
1996-01-21,0.0
1996-01-22,0.0
1996-01-23,0.0
1996-01-24,0.0
1996-01-25,0.0
1996-01-26,0.0
1996-01-27,0.0
1996-01-28,0.0
1996-01-29,0.0
1996-01-30,0.0
1996-01-31,0.0
1996-02-01,0.0
1996-02-02,0.0
1996-02-03,0.0
1996-02-04,0.0
1996-02-05,0.0
1996-02-06,0.0
1996-02-07,0.0
1996-02-08,0.0
1996-02-09,0.0
1996-02-10,0.0
1996-02-11,0.0
1996-02-12,0.0
1996-02-13,0.0
1996-02-14,0.0
1996-02-15,0.0
1996-02-16,0.0
1996-02-17,0.0
1996-02-18,0.0
1996-02-19,0.0
1996-02-20,0.0
1996-02-21,0.0
1996-02-22,0.0
1996-02-23,0.0
1996-02-24,0.0
1996-02-25,0.0
1996-02-26,0.0
1996-02-27,0.0
1996-02-28,0.0
1996-02-29,0.0
1996-03-01,0.0
1996-03-02,0.0
1996-03-03,0.0
1996-03-04,0.0
1996-03-05,0.0
1996-03-06,0.0
1996-03-07,0.0
1996-03-08,0.0
1996-03-09,0.0
1996-03-10,0.0
1996-03-11,0.0
1996-03-12,0.0
1996-03-13,0.0
1996-03-14,0.0
1996-03-15,0.0
1996-03-16,0.0
1996-03-17,0.0
1996-03-18,0.0
1996-03-19,0.0
1996-03-20,0.0
1996-03-21,0.0
1996-03-22,0.0
1996-03-23,0.0
1996-03-24,0.0
1996-03-25,0.0
1996-03-26,0.0
1996-03-27,0.0
1996-03-28,0.0
1996-03-29,0.0
1996-03-30,0.0
1996-03-31,0.0
1996-04-01,0.0
1996-04-02,0.0
1996-04-03,0.0
1996-04-04,0.0
1996-04-05,0.0
1996-04-06,0.0
1996-04-07,1.4041913
1996-04-08,0.80150324
1996-04-09,0.0
1996-04-10,0.0
1996-04-11,0.0
1996-04-12,0.0
1996-04-13,3.8862607
1996-04-14,0.21704431
1996-04-15,3.5796897
1996-04-16,0.0
1996-04-17,0.0
1996-04-18,0.0
1996-04-19,0.0
1996-04-20,0.0
1996-04-21,0.0
1996-04-22,0.0
1996-04-23,0.0
1996-04-24,0.0
1996-04-25,0.0
1996-04-26,0.0
1996-04-27,0.0
1996-04-28,0.0
1996-04-29,0.0
1996-04-30,0.0
1996-05-01,1.4097098
1996-05-02,0.0
1996-05-03,0.0
1996-05-04,0.0
1996-05-05,0.0
1996-05-06,1.9534745
1996-05-07,0.0
1996-05-08,0.0
1996-05-09,0.0
1996-05-10,0.0
1996-05-11,0.0
1996-05-12,0.0
1996-05-13,0.0
1996-05-14,0.0
1996-05-15,0.0
1996-05-16,0.0
1996-05-17,0.0
1996-05-18,0.0
1996-05-19,0.0
1996-05-20,0.0
1996-05-21,0.0
1996-05-22,0.0
1996-05-23,0.0
1996-05-24,0.0
1996-05-25,0.0
1996-05-26,0.0
1996-05-27,0.0
1996-05-28,0.0
1996-05-29,0.0
1996-05-30,0.0
1996-05-31,0.0
1996-06-01,0.0
1996-06-02,0.0
1996-06-03,0.0
1996-06-04,0.0
1996-06-05,0.0
1996-06-06,0.0
1996-06-07,0.0
1996-06-08,0.0
1996-06-09,1.1582708
1996-06-10,4.4669333
1996-06-11,16.112022
1996-06-12,30.639057
1996-06-13,54.50972
1996-06-14,23.542164
1996-06-15,11.238996
1996-06-16,0.0
1996-06-17,0.0
1996-06-18,0.0
1996-06-19,0.0
1996-06-20,0.0
1996-06-21,0.0
1996-06-22,3.4129028
1996-06-23,5.055657
1996-06-24,0.0
1996-06-25,0.0
1996-06-26,0.0
1996-06-27,0.0
1996-06-28,0.0
1996-06-29,0.0
1996-06-30,0.0
1996-07-01,0.0
1996-07-02,0.0
1996-07-03,0.0
1996-07-04,0.0
1996-07-05,0.0
1996-07-06,0.0
1996-07-07,0.0
1996-07-08,0.0
1996-07-09,0.0
1996-07-10,0.0
1996-07-11,0.24617663
1996-07-12,0.0
1996-07-13,0.3335736
1996-07-14,0.0
1996-07-15,0.0
1996-07-16,0.0
1996-07-17,0.0
1996-07-18,0.0
1996-07-19,0.0
1996-07-20,0.108522154
1996-07-21,0.0
1996-07-22,0.0
1996-07-23,0.0
1996-07-24,0.0
1996-07-25,0.0
1996-07-26,0.0
1996-07-27,0.0
1996-07-28,0.0
1996-07-29,0.0
1996-07-30,0.0
1996-07-31,0.0
1996-08-01,0.0
1996-08-02,0.0
1996-08-03,0.0
1996-08-04,0.0
1996-08-05,0.0
1996-08-06,0.22238241
1996-08-07,0.16278324
1996-08-08,10.715199
1996-08-09,3.2524302
1996-08-10,0.37063736
1996-08-11,0.0
1996-08-12,0.59687185
1996-08-13,3.295796
1996-08-14,2.2333355
1996-08-15,0.0
1996-08-16,0.0
1996-08-17,10.620378
1996-08-18,0.0
1996-08-19,0.0
1996-08-20,2.1682868
1996-08-21,0.0
1996-08-22,0.0
1996-08-23,0.0
1996-08-24,6.4704795
1996-08-25,0.108522154
1996-08-26,1.4640175
1996-08-27,1.3486712
1996-08-28,0.0
1996-08-29,0.0
1996-08-30,0.0
1996-08-31,0.0
1996-09-01,0.0
1996-09-02,4.3365736
1996-09-03,0.0
1996-09-04,0.0
1996-09-05,0.0
1996-09-06,0.0
1996-09-07,0.0
1996-09-08,1.0841434
1996-09-09,0.0
1996-09-10,0.0
1996-09-11,1.0841434
1996-09-12,3.2524302
1996-09-13,2.1682868
1996-09-14,0.0
1996-09-15,0.0
1996-09-16,0.0
1996-09-17,0.0
1996-09-18,0.0
1996-09-19,0.0
1996-09-20,0.0
1996-09-21,0.0
1996-09-22,41.390694
1996-09-23,0.0
1996-09-24,21.867863
1996-09-25,0.0
1996-09-26,12.14977
1996-09-27,0.0
1996-09-28,0.0
1996-09-29,0.51777166
1996-09-30,0.0
1996-10-01,0.16278324
1996-10-02,0.0
1996-10-03,0.0
1996-10-04,0.0
1996-10-05,0.0
1996-10-06,0.0
1996-10-07,0.0
1996-10-08,13.534875
1996-10-09,2.481906
1996-10-10,4.5551305
1996-10-11,20.987993
1996-10-12,3.5820003
1996-10-13,11.472066
1996-10-14,3.3415983
1996-10-15,12.027859
1996-10-16,9.228654
1996-10-17,8.330023
1996-10-18,0.70413524
1996-10-19,9.000273
1996-10-20,0.0
1996-10-21,0.0
1996-10-22,0.0
1996-10-23,0.0
1996-10-24,0.0
1996-10-25,0.0
1996-10-26,0.0
1996-10-27,0.0
1996-10-28,0.0
1996-10-29,0.0
1996-10-30,0.0
1996-10-31,0.0
1996-11-01,0.0
1996-11-02,0.0
1996-11-03,0.0
1996-11-04,0.0
1996-11-05,0.0
1996-11-06,0.0
1996-11-07,0.0
1996-11-08,0.0
1996-11-09,0.22330171
1996-11-10,0.0
1996-11-11,0.0
1996-11-12,0.0
1996-11-13,0.0
1996-11-14,0.0
1996-11-15,1.7922676
1996-11-16,2.9489841
1996-11-17,4.8341346
1996-11-18,39.965363
1996-11-19,24.743402
1996-11-20,0.0
1996-11-21,9.673578
1996-11-22,41.313484
1996-11-23,27.058434
1996-11-24,37.847294
1996-11-25,36.761784
1996-11-26,69.28818
1996-11-27,7.4723043
1996-11-28,12.10563
1996-11-29,0.0
1996-11-30,0.0
1996-12-01,0.0
1996-12-02,0.0
1996-12-03,0.0
1996-12-04,0.0
1996-12-05,0.0
1996-12-06,0.0
1996-12-07,4.2331376
1996-12-08,6.0673
1996-12-09,155.97002
1996-12-10,72.009834
1996-12-11,119.24212
1996-12-12,25.437511
1996-12-13,108.60977
1996-12-14,105.1411
1996-12-15,114.32138
1996-12-16,92.97365
1996-12-17,0.31896958
1996-12-18,1.1569363
1996-12-19,0.0
1996-12-20,0.0
1996-12-21,0.0
1996-12-22,0.0
1996-12-23,0.0
1996-12-24,0.0
1996-12-25,0.0
1996-12-26,0.0
1996-12-27,0.0
1996-12-28,0.0
1996-12-29,0.0
1996-12-30,0.0
1996-12-31,0.0
1997-01-01,0.0
1997-01-02,0.0
1997-01-03,0.0
1997-01-04,0.0
1997-01-05,0.0
1997-01-06,0.0
1997-01-07,0.0
1997-01-08,3.3883505
1997-01-09,0.0
1997-01-10,0.15618636
1997-01-11,2.7374365
1997-01-12,0.0
1997-01-13,0.0
1997-01-14,0.0
1997-01-15,0.0
1997-01-16,0.0
1997-01-17,0.0
1997-01-18,0.0
1997-01-19,0.0
1997-01-20,0.0
1997-01-21,0.0
1997-01-22,0.0
1997-01-23,0.0
1997-01-24,0.0
1997-01-25,0.0
1997-01-26,0.0
1997-01-27,0.0
1997-01-28,0.0
1997-01-29,0.0
1997-01-30,0.0
1997-01-31,0.0
1997-02-01,0.0
1997-02-02,0.0
1997-02-03,0.0
1997-02-04,0.0
1997-02-05,0.0
1997-02-06,0.0
1997-02-07,0.0
1997-02-08,0.0
1997-02-09,0.0
1997-02-10,0.0
1997-02-11,0.0
1997-02-12,0.0
1997-02-13,0.0
1997-02-14,0.0
1997-02-15,0.0
1997-02-16,0.0
1997-02-17,0.0
1997-02-18,0.0
1997-02-19,0.0
1997-02-20,0.0
1997-02-21,0.0
1997-02-22,0.0
1997-02-23,0.0
1997-02-24,0.0
1997-02-25,0.0
1997-02-26,0.0
1997-02-27,0.0
1997-02-28,0.0
1997-03-01,0.0
1997-03-02,0.0
1997-03-03,0.0
1997-03-04,0.0
1997-03-05,0.0
1997-03-06,0.0
1997-03-07,0.0
1997-03-08,0.0
1997-03-09,0.0
1997-03-10,0.0
1997-03-11,0.0
1997-03-12,0.0
1997-03-13,0.0
1997-03-14,0.0
1997-03-15,0.0
1997-03-16,0.0
1997-03-17,0.0
1997-03-18,0.0
1997-03-19,0.0
1997-03-20,0.0
1997-03-21,0.0
1997-03-22,0.0
1997-03-23,0.0
1997-03-24,0.0
1997-03-25,0.0
1997-03-26,0.0
1997-03-27,0.0
1997-03-28,0.0
1997-03-29,0.0
1997-03-30,0.0
1997-03-31,0.0
1997-04-01,0.0
1997-04-02,0.0
1997-04-03,0.0
1997-04-04,0.0
1997-04-05,0.0
1997-04-06,1.4945815
1997-04-07,0.0
1997-04-08,0.0
1997-04-09,0.0
1997-04-10,0.0
1997-04-11,0.0
1997-04-12,0.0
1997-04-13,0.0
1997-04-14,0.0
1997-04-15,0.0
1997-04-16,0.0
1997-04-17,0.0
1997-04-18,0.0
1997-04-19,0.0
1997-04-20,0.0
1997-04-21,0.0
1997-04-22,0.0
1997-04-23,0.0
1997-04-24,0.0
1997-04-25,0.0
1997-04-26,0.0
1997-04-27,0.0
1997-04-28,0.0
1997-04-29,0.0
1997-04-30,0.0
1997-05-01,0.0
1997-05-02,0.0
1997-05-03,0.0
1997-05-04,0.0
1997-05-05,0.0
1997-05-06,0.0
1997-05-07,0.0
1997-05-08,0.0
1997-05-09,0.12639579
1997-05-10,0.0
1997-05-11,0.0
1997-05-12,0.0
1997-05-13,0.0
1997-05-14,0.0
1997-05-15,0.0
1997-05-16,0.0
1997-05-17,0.0
1997-05-18,0.0
1997-05-19,0.0
1997-05-20,0.0
1997-05-21,0.0
1997-05-22,0.0
1997-05-23,0.0
1997-05-24,0.0
1997-05-25,0.0
1997-05-26,5.9700785
1997-05-27,0.0
1997-05-28,0.0
1997-05-29,0.0
1997-05-30,0.0
1997-05-31,0.0
1997-06-01,0.0
1997-06-02,0.0
1997-06-03,0.0
1997-06-04,0.0
1997-06-05,0.0
1997-06-06,0.0
1997-06-07,0.0
1997-06-08,0.0
1997-06-09,0.0
1997-06-10,0.0
1997-06-11,0.0
1997-06-12,0.941595
1997-06-13,11.885233
1997-06-14,0.0
1997-06-15,0.0
1997-06-16,0.0
1997-06-17,0.0
1997-06-18,0.0
1997-06-19,0.0
1997-06-20,0.0
1997-06-21,0.0
1997-06-22,0.0
1997-06-23,0.0
1997-06-24,15.902505
1997-06-25,2.3045094
1997-06-26,0.0
1997-06-27,0.0
1997-06-28,0.0
1997-06-29,0.0
1997-06-30,1.1244866
1997-07-01,0.0
1997-07-02,0.0
1997-07-03,0.0
1997-07-04,0.0
1997-07-05,0.0
1997-07-06,0.0
1997-07-07,0.0
1997-07-08,0.0
1997-07-09,0.0
1997-07-10,0.92690253
1997-07-11,2.8812807
1997-07-12,0.0
1997-07-13,0.0
1997-07-14,0.0
1997-07-15,0.0
1997-07-16,0.0
1997-07-17,0.0
1997-07-18,0.16852774
1997-07-19,0.0
1997-07-20,0.0
1997-07-21,0.0
1997-07-22,0.12639579
1997-07-23,9.453613
1997-07-24,0.16852774
1997-07-25,0.0
1997-07-26,0.0
1997-07-27,0.16852774
1997-07-28,3.9898322
1997-07-29,0.0
1997-07-30,0.0
1997-07-31,0.0
1997-08-01,0.0
1997-08-02,0.0
1997-08-03,0.0
1997-08-04,0.29492354
1997-08-05,0.0
1997-08-06,0.0
1997-08-07,0.0
1997-08-08,0.0
1997-08-09,0.0
1997-08-10,0.0
1997-08-11,0.753276
1997-08-12,11.352164
1997-08-13,0.0
1997-08-14,0.0
1997-08-15,1.2365186
1997-08-16,0.16852774
1997-08-17,26.032797
1997-08-18,15.565449
1997-08-19,1.88319
1997-08-20,0.0
1997-08-21,0.0
1997-08-22,3.6380844
1997-08-23,0.0
1997-08-24,4.4697657
1997-08-25,0.0
1997-08-26,0.0
1997-08-27,0.0
1997-08-28,0.0
1997-08-29,0.0
1997-08-30,0.0
1997-08-31,0.25279158
1997-09-01,0.0
1997-09-02,0.0
1997-09-03,0.16852774
1997-09-04,0.0
1997-09-05,0.0
1997-09-06,0.0
1997-09-07,0.0
1997-09-08,5.843683
1997-09-09,12.738096
1997-09-10,0.0
1997-09-11,0.0
1997-09-12,0.0
1997-09-13,0.0
1997-09-14,0.0
1997-09-15,0.0
1997-09-16,0.0
1997-09-17,8.765525
1997-09-18,0.0
1997-09-19,0.0
1997-09-20,0.0
1997-09-21,9.5111065
1997-09-22,0.21065967
1997-09-23,0.941595
1997-09-24,0.0
1997-09-25,0.0
1997-09-26,0.0
1997-09-27,0.0
1997-09-28,0.0
1997-09-29,0.0
1997-09-30,2.824785
1997-10-01,0.0
1997-10-02,3.6842082
1997-10-03,12.293476
1997-10-04,0.0
1997-10-05,0.0
1997-10-06,0.0
1997-10-07,0.0
1997-10-08,0.0
1997-10-09,0.0
1997-10-10,0.0
1997-10-11,0.0
1997-10-12,0.62733877
1997-10-13,0.941046
1997-10-14,2.7849202
1997-10-15,0.0
1997-10-16,5.751446
1997-10-17,9.421997
1997-10-18,3.6283298
1997-10-19,0.416967
1997-10-20,0.8271857
1997-10-21,6.3961577
1997-10-22,6.4342585
1997-10-23,13.319055
1997-10-24,0.0
1997-10-25,1.1382239
1997-10-26,4.601282
1997-10-27,0.0
1997-10-28,1.9905384
1997-10-29,1.1026753
1997-10-30,9.395419
1997-10-31,1.7926528
1997-11-01,0.0
1997-11-02,1.4865062
1997-11-03,11.79477
1997-11-04,72.15455
1997-11-05,3.9075668
1997-11-06,81.52845
1997-11-07,38.6464
1997-11-08,100.26283
1997-11-09,48.688213
1997-11-10,7.39589
1997-11-11,0.0
1997-11-12,0.0
1997-11-13,0.0
1997-11-14,0.0
1997-11-15,13.202435
1997-11-16,39.66666
1997-11-17,46.96306
1997-11-18,0.0
1997-11-19,8.608076
1997-11-20,20.325697
1997-11-21,12.261717
1997-11-22,13.08352
1997-11-23,0.31103817
1997-11-24,12.074986
1997-11-25,14.284443
1997-11-26,0.1667868
1997-11-27,0.0
1997-11-28,34.916042
1997-11-29,0.10059075
1997-11-30,53.70206
1997-12-01,0.0
1997-12-02,0.138989
1997-12-03,0.0
1997-12-04,0.0
1997-12-05,112.896355
1997-12-06,78.302505
1997-12-07,43.667072
1997-12-08,55.845715
1997-12-09,0.0
1997-12-10,27.851774
1997-12-11,0.30770186
1997-12-12,2.0501041
1997-12-13,0.0
1997-12-14,0.69494504
1997-12-15,3.816242
1997-12-16,0.0
1997-12-17,0.0
1997-12-18,0.5883489
1997-12-19,5.4654717
1997-12-20,39.61597
1997-12-21,40.79943
1997-12-22,0.0
1997-12-23,0.0
1997-12-24,0.0
1997-12-25,0.0
1997-12-26,0.0
1997-12-27,0.0
1997-12-28,0.0
1997-12-29,0.0
1997-12-30,0.0
1997-12-31,0.0
1998-01-01,0.0
1998-01-02,0.0
1998-01-03,0.0
1998-01-04,0.0
1998-01-05,0.0
1998-01-06,0.0
1998-01-07,0.0
1998-01-08,0.0
1998-01-09,0.0
1998-01-10,0.0
1998-01-11,0.0
1998-01-12,0.0
1998-01-13,0.0
1998-01-14,0.0
1998-01-15,0.0
1998-01-16,0.0
1998-01-17,0.0
1998-01-18,0.0
1998-01-19,0.0
1998-01-20,0.0
1998-01-21,0.0
1998-01-22,0.0
1998-01-23,0.0
1998-01-24,0.0
1998-01-25,0.0
1998-01-26,0.0
1998-01-27,0.0
1998-01-28,1.7615029
1998-01-29,0.5510144
1998-01-30,0.0
1998-01-31,0.0
1998-02-01,0.0
1998-02-02,0.0
1998-02-03,0.0
1998-02-04,0.0
1998-02-05,0.0
1998-02-06,0.0
1998-02-07,0.0
1998-02-08,0.0
1998-02-09,0.0
1998-02-10,0.85097367
1998-02-11,0.0
1998-02-12,0.0
1998-02-13,0.0
1998-02-14,0.0
1998-02-15,0.0
1998-02-16,0.0
1998-02-17,0.0
1998-02-18,0.0
1998-02-19,0.0
1998-02-20,0.0
1998-02-21,0.0
1998-02-22,0.0
1998-02-23,0.0
1998-02-24,0.0
1998-02-25,0.0
1998-02-26,0.0
1998-02-27,0.0
1998-02-28,0.0
1998-03-01,0.0
1998-03-02,0.0
1998-03-03,0.0
1998-03-04,0.0
1998-03-05,0.0
1998-03-06,0.0
1998-03-07,0.0
1998-03-08,0.0
1998-03-09,0.0
1998-03-10,0.0
1998-03-11,0.0
1998-03-12,0.0
1998-03-13,0.0
1998-03-14,0.0
1998-03-15,0.0
1998-03-16,0.0
1998-03-17,0.0
1998-03-18,0.0
1998-03-19,0.0
1998-03-20,0.0
1998-03-21,0.0
1998-03-22,0.0
1998-03-23,0.0
1998-03-24,0.0
1998-03-25,0.0
1998-03-26,0.0
1998-03-27,0.0
1998-03-28,0.0
1998-03-29,0.0
1998-03-30,0.0
1998-03-31,0.0
1998-04-01,0.0
1998-04-02,0.0
1998-04-03,0.0
1998-04-04,0.0
1998-04-05,0.0
1998-04-06,0.0
1998-04-07,0.0
1998-04-08,0.0
1998-04-09,0.0
1998-04-10,0.0
1998-04-11,0.0
1998-04-12,0.0
1998-04-13,0.0
1998-04-14,0.0
1998-04-15,0.0
1998-04-16,0.0
1998-04-17,0.0
1998-04-18,0.0
1998-04-19,0.0
1998-04-20,0.0
1998-04-21,0.0
1998-04-22,0.0
1998-04-23,0.0
1998-04-24,0.0
1998-04-25,0.0
1998-04-26,0.0
1998-04-27,0.0
1998-04-28,0.0
1998-04-29,0.0
1998-04-30,0.0
1998-05-01,0.0
1998-05-02,0.0
1998-05-03,0.0
1998-05-04,0.0
1998-05-05,0.0
1998-05-06,0.0
1998-05-07,0.0
1998-05-08,0.0
1998-05-09,0.0
1998-05-10,0.0
1998-05-11,0.0
1998-05-12,0.18576317
1998-05-13,0.0
1998-05-14,8.901523
1998-05-15,54.46748
1998-05-16,21.233522
1998-05-17,27.68153
1998-05-18,0.0
1998-05-19,0.0
1998-05-20,0.0
1998-05-21,0.0
1998-05-22,0.0
1998-05-23,0.0
1998-05-24,0.0
1998-05-25,0.0
1998-05-26,0.0
1998-05-27,0.0
1998-05-28,0.0
1998-05-29,0.0
1998-05-30,0.0
1998-05-31,0.0
1998-06-01,0.0
1998-06-02,0.0
1998-06-03,0.0
1998-06-04,0.0
1998-06-05,0.0
1998-06-06,0.0
1998-06-07,0.0
1998-06-08,0.0
1998-06-09,0.0
1998-06-10,0.3876097
1998-06-11,3.3954968
1998-06-12,0.0
1998-06-13,0.0
1998-06-14,0.0
1998-06-15,0.0
1998-06-16,0.0
1998-06-17,0.0
1998-06-18,0.0
1998-06-19,0.0
1998-06-20,0.0
1998-06-21,0.0
1998-06-22,0.0
1998-06-23,0.0
1998-06-24,0.0
1998-06-25,0.0
1998-06-26,0.0
1998-06-27,0.0
1998-06-28,0.0
1998-06-29,0.0
1998-06-30,0.0
1998-07-01,0.0
1998-07-02,0.0
1998-07-03,0.0
1998-07-04,0.0
1998-07-05,0.0
1998-07-06,0.0
1998-07-07,0.0
1998-07-08,0.0
1998-07-09,0.0
1998-07-10,0.0
1998-07-11,0.0
1998-07-12,5.3912234
1998-07-13,4.598715
1998-07-14,13.498058
1998-07-15,0.0
1998-07-16,0.0
1998-07-17,0.0
1998-07-18,0.0
1998-07-19,2.3675044
1998-07-20,0.0
1998-07-21,0.2501802
1998-07-22,3.6138017
1998-07-23,0.0
1998-07-24,1.0960739
1998-07-25,0.0
1998-07-26,0.0
1998-07-27,0.0
1998-07-28,0.0
1998-07-29,0.0
1998-07-30,0.0
1998-07-31,0.0
1998-08-01,0.0
1998-08-02,0.0
1998-08-03,0.0
1998-08-04,0.0
1998-08-05,47.06772
1998-08-06,0.0
1998-08-07,0.0
1998-08-08,4.6999197
1998-08-09,0.0
1998-08-10,0.0
1998-08-11,0.818746
1998-08-12,0.0
1998-08-13,6.000361
1998-08-14,2.705973
1998-08-15,28.942432
1998-08-16,0.0
1998-08-17,0.0
1998-08-18,5.370717
1998-08-19,0.0
1998-08-20,0.0
1998-08-21,14.307227
1998-08-22,3.1029406
1998-08-23,0.70526105
1998-08-24,1.7863548
1998-08-25,1.8952231
1998-08-26,3.9870784
1998-08-27,0.0
1998-08-28,0.0
1998-08-29,0.0
1998-08-30,0.0
1998-08-31,0.0
1998-09-01,0.0
1998-09-02,0.0
1998-09-03,0.0
1998-09-04,0.0
1998-09-05,16.262152
1998-09-06,0.5016192
1998-09-07,0.0
1998-09-08,0.0
1998-09-09,0.0
1998-09-10,0.0
1998-09-11,0.0
1998-09-12,0.0
1998-09-13,0.0
1998-09-14,10.713648
1998-09-15,17.110844
1998-09-16,0.0
1998-09-17,0.0
1998-09-18,0.0
1998-09-19,0.0
1998-09-20,0.28724393
1998-09-21,0.0
1998-09-22,0.0
1998-09-23,0.0
1998-09-24,1.1304731
1998-09-25,0.11582417
1998-09-26,1.410788
1998-09-27,2.5852246
1998-09-28,0.0
1998-09-29,0.0
1998-09-30,1.0841434
1998-10-01,54.045532
1998-10-02,4.9957137
1998-10-03,36.35919
1998-10-04,10.798843
1998-10-05,0.36663377
1998-10-06,0.0
1998-10-07,3.2524302
1998-10-08,0.99233603
1998-10-09,6.8909187
1998-10-10,0.0
1998-10-11,2.1562636
1998-10-12,0.20568858
1998-10-13,3.3923638
1998-10-14,0.18264963
1998-10-15,0.0
1998-10-16,0.0
1998-10-17,0.0
1998-10-18,0.0
1998-10-19,10.700114
1998-10-20,0.0
1998-10-21,0.0
1998-10-22,0.8784222
1998-10-23,0.0
1998-10-24,0.0
1998-10-25,0.0
1998-10-26,0.0
1998-10-27,1.3471978
1998-10-28,0.24462649
1998-10-29,0.8598903
1998-10-30,0.0
1998-10-31,0.0
1998-11-01,0.0
1998-11-02,14.2788315
1998-11-03,54.497044
1998-11-04,247.60916
1998-11-05,35.97077
1998-11-06,22.917158
1998-11-07,15.974737
1998-11-08,20.91967
1998-11-09,13.702818
1998-11-10,24.579702
1998-11-11,1.8464104
1998-11-12,0.0
1998-11-13,0.0
1998-11-14,0.0
1998-11-15,0.0
1998-11-16,0.0
1998-11-17,0.0
1998-11-18,0.0
1998-11-19,0.0
1998-11-20,21.572063
1998-11-21,0.0
1998-11-22,0.0
1998-11-23,0.0
1998-11-24,0.0
1998-11-25,0.0
1998-11-26,0.0
1998-11-27,0.0
1998-11-28,0.0
1998-11-29,0.0
1998-11-30,0.11302925
1998-12-01,1.7624273
1998-12-02,0.0
1998-12-03,0.0
1998-12-04,1.7292585
1998-12-05,54.190136
1998-12-06,0.8710015
1998-12-07,0.0
1998-12-08,52.803
1998-12-09,81.66198
1998-12-10,104.39176
1998-12-11,62.231262
1998-12-12,0.32389677
1998-12-13,13.502314
1998-12-14,17.964293
1998-12-15,20.370207
1998-12-16,0.0
1998-12-17,0.0
1998-12-18,0.0
1998-12-19,0.0
1998-12-20,0.0
1998-12-21,0.0
1998-12-22,0.0
1998-12-23,0.0
1998-12-24,0.0
1998-12-25,0.0
1998-12-26,0.0
1998-12-27,0.9664882
1998-12-28,0.0
1998-12-29,0.0
1998-12-30,0.0
1998-12-31,0.0
1999-01-01,0.0
1999-01-02,0.0
1999-01-03,0.0
1999-01-04,0.0
1999-01-05,0.0
1999-01-06,0.0
1999-01-07,0.0
1999-01-08,0.0
1999-01-09,0.0
1999-01-10,0.0
1999-01-11,0.0
1999-01-12,0.0
1999-01-13,0.0
1999-01-14,0.0
1999-01-15,2.570008
1999-01-16,0.0
1999-01-17,0.0
1999-01-18,0.0
1999-01-19,0.0
1999-01-20,0.0
1999-01-21,0.0
1999-01-22,0.0
1999-01-23,0.0
1999-01-24,0.0
1999-01-25,0.0
1999-01-26,0.0
1999-01-27,0.0
1999-01-28,0.0
1999-01-29,0.0
1999-01-30,0.8671984
1999-01-31,0.0
1999-02-01,0.0
1999-02-02,0.11571509
1999-02-03,0.0
1999-02-04,0.0
1999-02-05,0.0
1999-02-06,0.0
1999-02-07,0.0
1999-02-08,0.0
1999-02-09,0.0
1999-02-10,0.0
1999-02-11,0.0
1999-02-12,0.0
1999-02-13,0.0
1999-02-14,0.0
1999-02-15,0.0
1999-02-16,0.0
1999-02-17,0.0
1999-02-18,0.0
1999-02-19,0.0
1999-02-20,5.6067567
1999-02-21,1.7834802
1999-02-22,0.0
1999-02-23,0.0
1999-02-24,0.0
1999-02-25,0.0
1999-02-26,0.0
1999-02-27,0.0
1999-02-28,0.0
1999-03-01,0.0
1999-03-02,0.0
1999-03-03,0.0
1999-03-04,0.0
1999-03-05,0.0
1999-03-06,0.0
1999-03-07,0.0
1999-03-08,0.0
1999-03-09,0.0
1999-03-10,0.0
1999-03-11,0.0
1999-03-12,0.0
1999-03-13,0.0
1999-03-14,0.0
1999-03-15,0.0
1999-03-16,0.0
1999-03-17,0.0
1999-03-18,0.0
1999-03-19,0.0
1999-03-20,0.0
1999-03-21,0.0
1999-03-22,0.0
1999-03-23,0.0
1999-03-24,0.0
1999-03-25,0.0
1999-03-26,0.0
1999-03-27,0.0
1999-03-28,0.0
1999-03-29,0.0
1999-03-30,0.0
1999-03-31,0.0
1999-04-01,0.0
1999-04-02,0.0
1999-04-03,0.0
1999-04-04,0.0
1999-04-05,0.0
1999-04-06,0.0
1999-04-07,0.0
1999-04-08,0.0
1999-04-09,0.0
1999-04-10,0.0
1999-04-11,0.0
1999-04-12,0.0
1999-04-13,0.0
1999-04-14,0.0
1999-04-15,0.0
1999-04-16,0.0
1999-04-17,0.0
1999-04-18,0.0
1999-04-19,0.0
1999-04-20,0.0
1999-04-21,0.6619851
1999-04-22,49.035744
1999-04-23,30.69418
1999-04-24,0.0
1999-04-25,0.0
1999-04-26,0.0
1999-04-27,0.0
1999-04-28,0.0
1999-04-29,0.0
1999-04-30,0.0
1999-05-01,1.818313
1999-05-02,0.0
1999-05-03,0.0
1999-05-04,0.0
1999-05-05,1.0841434
1999-05-06,5.4606442
1999-05-07,0.17363545
1999-05-08,15.950003
1999-05-09,0.0
1999-05-10,0.0
1999-05-11,0.0
1999-05-12,9.249249
1999-05-13,0.0
1999-05-14,0.0
1999-05-15,0.0
1999-05-16,0.0
1999-05-17,0.0
1999-05-18,0.0
1999-05-19,0.0
1999-05-20,0.138989
1999-05-21,0.0
1999-05-22,0.0
1999-05-23,0.0
1999-05-24,0.0
1999-05-25,0.0
1999-05-26,0.0
1999-05-27,0.0
1999-05-28,0.0
1999-05-29,0.0
1999-05-30,0.0
1999-05-31,0.0
1999-06-01,0.0
1999-06-02,4.8472824
1999-06-03,1.0841434
1999-06-04,0.0
1999-06-05,0.0
1999-06-06,0.0
1999-06-07,0.0
1999-06-08,0.0
1999-06-09,1.3633511
1999-06-10,7.981227
1999-06-11,0.0
1999-06-12,0.6938518
1999-06-13,0.0
1999-06-14,0.0
1999-06-15,0.10655824
1999-06-16,0.66636634
1999-06-17,0.0
1999-06-18,0.0
1999-06-19,0.0
1999-06-20,0.0
1999-06-21,0.0
1999-06-22,0.0
1999-06-23,0.0
1999-06-24,0.0
1999-06-25,0.0
1999-06-26,0.0
1999-06-27,0.0
1999-06-28,0.0
1999-06-29,0.0
1999-06-30,0.0
1999-07-01,0.5057336
1999-07-02,0.0
1999-07-03,0.0
1999-07-04,0.0
1999-07-05,0.0
1999-07-06,0.0
1999-07-07,0.0
1999-07-08,4.7222505
1999-07-09,0.0
1999-07-10,0.0
1999-07-11,0.0
1999-07-12,13.830895
1999-07-13,48.966034
1999-07-14,0.121280454
1999-07-15,0.0
1999-07-16,0.0
1999-07-17,0.0
1999-07-18,0.0
1999-07-19,0.0
1999-07-20,0.0
1999-07-21,0.0
1999-07-22,0.0
1999-07-23,1.3240315
1999-07-24,0.0
1999-07-25,0.0
1999-07-26,0.0
1999-07-27,0.0
1999-07-28,0.0
1999-07-29,0.0
1999-07-30,0.0
1999-07-31,0.0
1999-08-01,0.0
1999-08-02,0.0
1999-08-03,0.0
1999-08-04,0.0
1999-08-05,0.120412774
1999-08-06,22.671665
1999-08-07,0.0
1999-08-08,0.0
1999-08-09,0.0
1999-08-10,0.0
1999-08-11,0.2649081
1999-08-12,0.0
1999-08-13,12.456218
1999-08-14,2.322641
1999-08-15,0.0
1999-08-16,0.0
1999-08-17,26.666769
1999-08-18,0.0
1999-08-19,0.0
1999-08-20,0.0
1999-08-21,0.0
1999-08-22,3.418951
1999-08-23,0.0
1999-08-24,6.538839
1999-08-25,0.0
1999-08-26,0.0
1999-08-27,0.0
1999-08-28,0.0
1999-08-29,0.3612383
1999-08-30,0.0
1999-08-31,0.0
1999-09-01,0.0
1999-09-02,0.70215005
1999-09-03,4.890605
1999-09-04,0.0
1999-09-05,0.0
1999-09-06,0.0
1999-09-07,0.0
1999-09-08,0.0
1999-09-09,0.0
1999-09-10,0.0
1999-09-11,0.0
1999-09-12,0.0
1999-09-13,0.24082555
1999-09-14,0.24082555
1999-09-15,18.358084
1999-09-16,0.6743115
1999-09-17,0.84288937
1999-09-18,0.0
1999-09-19,0.0
1999-09-20,0.0
1999-09-21,0.0
1999-09-22,0.0
1999-09-23,0.0
1999-09-24,0.0
1999-09-25,0.0
1999-09-26,0.0
1999-09-27,0.0
1999-09-28,0.0
1999-09-29,0.0
1999-09-30,0.0
1999-10-01,6.051306
1999-10-02,3.973446
1999-10-03,0.58114684
1999-10-04,1.503826
1999-10-05,0.9633022
1999-10-06,6.8793554
1999-10-07,28.603458
1999-10-08,38.440025
1999-10-09,26.168028
1999-10-10,0.6450277
1999-10-11,0.0
1999-10-12,12.591795
1999-10-13,0.43348598
1999-10-14,25.822973
1999-10-15,0.0
1999-10-16,1.5036328
1999-10-17,0.51602215
1999-10-18,0.0
1999-10-19,17.501606
1999-10-20,30.391186
1999-10-21,15.936002
1999-10-22,5.4315505
1999-10-23,2.4351513
1999-10-24,0.0
1999-10-25,0.14449534
1999-10-26,0.35107502
1999-10-27,0.0
1999-10-28,0.0
1999-10-29,0.0
1999-10-30,27.047747
1999-10-31,0.0
1999-11-01,0.0
1999-11-02,0.0
1999-11-03,0.19266044
1999-11-04,17.748978
1999-11-05,10.091151
1999-11-06,84.148445
1999-11-07,124.60523
1999-11-08,114.05148
1999-11-09,5.8121786
1999-11-10,0.0
1999-11-11,0.0
1999-11-12,0.0
1999-11-13,53.89535
1999-11-14,82.45
1999-11-15,4.7197165
1999-11-16,0.0
1999-11-17,0.0
1999-11-18,0.0
1999-11-19,1.586536
1999-11-20,1.8888113
1999-11-21,4.204719
1999-11-22,0.0
1999-11-23,0.0
1999-11-24,0.0
1999-11-25,0.0
1999-11-26,0.0
1999-11-27,0.0
1999-11-28,0.0
1999-11-29,0.0
1999-11-30,0.0
1999-12-01,4.8860183
1999-12-02,0.6135962
1999-12-03,3.6804473
1999-12-04,0.0
1999-12-05,0.0
1999-12-06,0.0
1999-12-07,0.0
1999-12-08,0.0
1999-12-09,0.0
1999-12-10,0.0
1999-12-11,0.0
1999-12-12,0.0
1999-12-13,12.946173
1999-12-14,12.084137
1999-12-15,3.8418214
1999-12-16,0.0
1999-12-17,0.0
1999-12-18,0.0
1999-12-19,0.0
1999-12-20,0.0
1999-12-21,0.0
1999-12-22,5.0017695
1999-12-23,16.087706
1999-12-24,0.0
1999-12-25,10.014903
1999-12-26,0.0
1999-12-27,0.0
1999-12-28,0.0
1999-12-29,0.5895136
1999-12-30,0.0
1999-12-31,0.4010366
2000-01-01,0.0
2000-01-02,0.0
2000-01-03,0.0
2000-01-04,0.0
2000-01-05,0.0
2000-01-06,3.0005252
2000-01-07,0.27797803
2000-01-08,0.15618637
2000-01-09,0.21203372
2000-01-10,7.645136
2000-01-11,38.314163
2000-01-12,9.800656
2000-01-13,0.0
2000-01-14,0.0
2000-01-15,0.0
2000-01-16,0.0
2000-01-17,0.0
2000-01-18,0.0
2000-01-19,0.0
2000-01-20,0.0
2000-01-21,0.0
2000-01-22,0.0
2000-01-23,0.0
2000-01-24,0.0
2000-01-25,0.0
2000-01-26,0.0
2000-01-27,0.0
2000-01-28,0.0
2000-01-29,0.0
2000-01-30,0.0
2000-01-31,0.0
2000-02-01,0.0
2000-02-02,0.0
2000-02-03,0.0
2000-02-04,0.0
2000-02-05,7.4142075
2000-02-06,3.2524302
2000-02-07,0.0
2000-02-08,0.0
2000-02-09,2.1682868
2000-02-10,0.0
2000-02-11,0.0
2000-02-12,0.0
2000-02-13,0.0
2000-02-14,0.0
2000-02-15,0.0
2000-02-16,0.0
2000-02-17,0.0
2000-02-18,0.0
2000-02-19,0.0
2000-02-20,0.0
2000-02-21,0.0
2000-02-22,4.4409165
2000-02-23,17.052893
2000-02-24,16.197887
2000-02-25,14.158914
2000-02-26,158.46674
2000-02-27,38.787117
2000-02-28,20.598724
2000-02-29,0.0
2000-03-01,0.0
2000-03-02,0.0
2000-03-03,0.0
2000-03-04,0.0
2000-03-05,0.0
2000-03-06,0.0
2000-03-07,0.0
2000-03-08,0.0
2000-03-09,0.0
2000-03-10,0.0
2000-03-11,0.0
2000-03-12,0.0
2000-03-13,0.0
2000-03-14,0.0
2000-03-15,0.0
2000-03-16,0.0
2000-03-17,0.0
2000-03-18,0.0
2000-03-19,0.0
2000-03-20,0.0
2000-03-21,0.0
2000-03-22,0.0
2000-03-23,0.0
2000-03-24,0.0
2000-03-25,0.0
2000-03-26,0.0
2000-03-27,0.0
2000-03-28,0.0
2000-03-29,0.0
2000-03-30,0.0
2000-03-31,0.0
2000-04-01,0.7729246
2000-04-02,6.6670866
2000-04-03,8.673147
2000-04-04,2.0477417
2000-04-05,0.0
2000-04-06,0.0
2000-04-07,0.0
2000-04-08,0.0
2000-04-09,0.0
2000-04-10,0.0
2000-04-11,0.0
2000-04-12,0.0
2000-04-13,0.0
2000-04-14,0.0
2000-04-15,0.0
2000-04-16,0.0
2000-04-17,0.0
2000-04-18,0.0
2000-04-19,0.0
2000-04-20,0.0
2000-04-21,0.0
2000-04-22,0.0
2000-04-23,0.0
2000-04-24,0.0
2000-04-25,0.0
2000-04-26,0.0
2000-04-27,0.0
2000-04-28,0.0
2000-04-29,0.0
2000-04-30,0.0
2000-05-01,0.0
2000-05-02,0.0
2000-05-03,0.0
2000-05-04,0.0
2000-05-05,0.0
2000-05-06,0.0
2000-05-07,0.0
2000-05-08,0.0
2000-05-09,0.0
2000-05-10,0.0
2000-05-11,0.0
2000-05-12,0.0
2000-05-13,0.0
2000-05-14,0.0
2000-05-15,0.0
2000-05-16,0.0
2000-05-17,0.0
2000-05-18,0.0
2000-05-19,0.0
2000-05-20,0.0
2000-05-21,0.0
2000-05-22,0.0
2000-05-23,0.20313427
2000-05-24,1.762722
2000-05-25,0.0
2000-05-26,0.0
2000-05-27,0.0
2000-05-28,0.0
2000-05-29,0.0
2000-05-30,0.0
2000-05-31,0.5653469
2000-06-01,13.213559
2000-06-02,0.0
2000-06-03,0.0
2000-06-04,11.505044
2000-06-05,1.0841434
2000-06-06,0.0
2000-06-07,0.0
2000-06-08,0.0
2000-06-09,0.0
2000-06-10,0.0
2000-06-11,0.0
2000-06-12,0.3799033
2000-06-13,0.0
2000-06-14,0.0
2000-06-15,0.0
2000-06-16,0.0
2000-06-17,0.0
2000-06-18,0.0
2000-06-19,0.0
2000-06-20,0.0
2000-06-21,2.1349413
2000-06-22,3.0009983
2000-06-23,2.2116525
2000-06-24,3.2524302
2000-06-25,0.0
2000-06-26,0.0
2000-06-27,1.1211782
2000-06-28,0.0
2000-06-29,0.0
2000-06-30,0.0
2000-07-01,0.0
2000-07-02,0.0
2000-07-03,0.0
2000-07-04,0.0
2000-07-05,0.0
2000-07-06,0.0
2000-07-07,0.33357364
2000-07-08,1.1344721
2000-07-09,16.7459
2000-07-10,3.412903
2000-07-11,1.3651612
2000-07-12,0.0
2000-07-13,0.0
2000-07-14,0.0
2000-07-15,0.19458461
2000-07-16,0.0
2000-07-17,0.0
2000-07-18,0.0
2000-07-19,0.0
2000-07-20,0.0
2000-07-21,0.0
2000-07-22,1.0841434
2000-07-23,0.0
2000-07-24,0.0
2000-07-25,0.0
2000-07-26,1.0841434
2000-07-27,0.0
2000-07-28,0.0
2000-07-29,0.0
2000-07-30,0.0
2000-07-31,0.0
2000-08-01,0.0
2000-08-02,0.14825496
2000-08-03,0.0
2000-08-04,0.0
2000-08-05,0.0
2000-08-06,0.0
2000-08-07,0.0
2000-08-08,0.0
2000-08-09,0.0
2000-08-10,0.0
2000-08-11,0.0
2000-08-12,0.0
2000-08-13,0.0
2000-08-14,0.0
2000-08-15,1.4670866
2000-08-16,2.4709876
2000-08-17,24.545458
2000-08-18,11.008737
2000-08-19,1.1746408
2000-08-20,0.0
2000-08-21,0.0
2000-08-22,0.0
2000-08-23,0.0
2000-08-24,0.0
2000-08-25,0.0
2000-08-26,0.0
2000-08-27,0.0
2000-08-28,0.0
2000-08-29,0.0
2000-08-30,0.0
2000-08-31,0.0
2000-09-01,0.5774044
2000-09-02,0.0
2000-09-03,0.0
2000-09-04,1.1548088
2000-09-05,3.464426
2000-09-06,11.548087
2000-09-07,1.2902883
2000-09-08,0.0
2000-09-09,0.0
2000-09-10,2.5805767
2000-09-11,0.0
2000-09-12,0.0
2000-09-13,8.661066
2000-09-14,0.0
2000-09-15,0.0
2000-09-16,0.0
2000-09-17,0.0
2000-09-18,0.0
2000-09-19,3.6630595
2000-09-20,0.0
2000-09-21,0.0
2000-09-22,0.0
2000-09-23,2.932344
2000-09-24,0.5331758
2000-09-25,0.9878217
2000-09-26,46.530178
2000-09-27,28.57134
2000-09-28,1.4033862
2000-09-29,0.0
2000-09-30,8.386649
2000-10-01,0.7108202
2000-10-02,0.0
2000-10-03,0.0
2000-10-04,0.0
2000-10-05,0.0
2000-10-06,15.462246
2000-10-07,16.556967
2000-10-08,6.613275
2000-10-09,15.229245
2000-10-10,19.957497
2000-10-11,8.781562
2000-10-12,19.209553
2000-10-13,19.610378
2000-10-14,4.3799396
2000-10-15,0.0
2000-10-16,0.0
2000-10-17,0.0
2000-10-18,0.0
2000-10-19,0.0
2000-10-20,0.0
2000-10-21,0.0
2000-10-22,17.064514
2000-10-23,9.551574
2000-10-24,0.0
2000-10-25,0.0
2000-10-26,0.0
2000-10-27,0.0
2000-10-28,0.0
2000-10-29,0.0
2000-10-30,0.0
2000-10-31,0.0
2000-11-01,0.0
2000-11-02,0.0
2000-11-03,0.0
2000-11-04,17.761072
2000-11-05,8.7675905
2000-11-06,0.0
2000-11-07,0.16278325
2000-11-08,0.71347696
2000-11-09,0.9265934
2000-11-10,4.2344723
2000-11-11,3.1926384
2000-11-12,1.8933976
2000-11-13,4.466192
2000-11-14,14.594775
2000-11-15,3.2524302
2000-11-16,0.0
2000-11-17,0.0
2000-11-18,6.305104
2000-11-19,8.096701
2000-11-20,21.89128
2000-11-21,33.095898
2000-11-22,48.693245
2000-11-23,29.224447
2000-11-24,10.8848
2000-11-25,0.0
2000-11-26,0.0
2000-11-27,0.0
2000-11-28,9.764689
2000-11-29,109.82103
2000-11-30,3.2524302
2000-12-01,15.492679
2000-12-02,0.0
2000-12-03,0.0
2000-12-04,0.10059075
2000-12-05,8.940803
2000-12-06,6.6613336
2000-12-07,0.0
2000-12-08,0.0
2000-12-09,0.0
2000-12-10,0.0
2000-12-11,0.0
2000-12-12,0.0
2000-12-13,0.0
2000-12-14,0.0
2000-12-15,0.0
2000-12-16,0.0
2000-12-17,0.0
2000-12-18,0.0
2000-12-19,0.0
2000-12-20,0.0
2000-12-21,0.0
2000-12-22,0.0
2000-12-23,0.0
2000-12-24,0.0
2000-12-25,0.0
2000-12-26,0.0
2000-12-27,6.571025
2000-12-28,52.08493
2000-12-29,132.96487
2000-12-30,9.260505
2000-12-31,0.0
2001-01-01,4.326531
2001-01-02,0.0
2001-01-03,0.0
2001-01-04,0.0
2001-01-05,0.0
2001-01-06,0.0
2001-01-07,0.0
2001-01-08,0.17726995
2001-01-09,0.0
2001-01-10,0.0
2001-01-11,0.0
2001-01-12,0.0
2001-01-13,0.12029734
2001-01-14,0.0
2001-01-15,0.0
2001-01-16,0.0
2001-01-17,0.0
2001-01-18,0.0
2001-01-19,0.0
2001-01-20,0.0
2001-01-21,0.0
2001-01-22,0.0
2001-01-23,0.0
2001-01-24,0.0
2001-01-25,0.0
2001-01-26,0.0
2001-01-27,0.0
2001-01-28,0.0
2001-01-29,0.0
2001-01-30,0.0
2001-01-31,0.0
2001-02-01,0.0
2001-02-02,0.0
2001-02-03,0.0
2001-02-04,0.0
2001-02-05,0.0
2001-02-06,0.0
2001-02-07,0.0
2001-02-08,0.0
2001-02-09,0.0
2001-02-10,0.0
2001-02-11,0.0
2001-02-12,0.0
2001-02-13,0.0
2001-02-14,0.0
2001-02-15,0.0
2001-02-16,0.0
2001-02-17,0.0
2001-02-18,0.0
2001-02-19,0.0
2001-02-20,0.0
2001-02-21,0.0
2001-02-22,0.0
2001-02-23,0.0
2001-02-24,0.0
2001-02-25,0.0
2001-02-26,0.0
2001-02-27,0.0
2001-02-28,0.0
2001-03-01,0.0
2001-03-02,0.0
2001-03-03,0.0
2001-03-04,0.0
2001-03-05,0.0
2001-03-06,0.0
2001-03-07,0.0
2001-03-08,0.0
2001-03-09,0.0
2001-03-10,0.0
2001-03-11,0.0
2001-03-12,0.0
2001-03-13,0.0
2001-03-14,0.0
2001-03-15,0.0
2001-03-16,0.0
2001-03-17,0.0
2001-03-18,0.0
2001-03-19,0.0
2001-03-20,0.0
2001-03-21,0.0
2001-03-22,0.0
2001-03-23,0.0
2001-03-24,0.0
2001-03-25,0.0
2001-03-26,0.0
2001-03-27,0.0
2001-03-28,0.0
2001-03-29,0.0
2001-03-30,0.0
2001-03-31,0.0
2001-04-01,0.0
2001-04-02,0.0
2001-04-03,0.0
2001-04-04,0.0
2001-04-05,0.0
2001-04-06,0.0
2001-04-07,0.0
2001-04-08,0.0
2001-04-09,0.0
2001-04-10,0.0
2001-04-11,0.0
2001-04-12,21.607763
2001-04-13,3.5612457
2001-04-14,2.0894384
2001-04-15,0.37063736
2001-04-16,0.0
2001-04-17,0.0
2001-04-18,0.0
2001-04-19,1.4944087
2001-04-20,0.0
2001-04-21,0.0
2001-04-22,0.0
2001-04-23,0.0
2001-04-24,0.0
2001-04-25,0.0
2001-04-26,0.0
2001-04-27,0.0
2001-04-28,0.0
2001-04-29,0.0
2001-04-30,0.0
2001-05-01,0.0
2001-05-02,0.0
2001-05-03,0.0
2001-05-04,0.0
2001-05-05,0.0
2001-05-06,0.0
2001-05-07,31.449783
2001-05-08,0.0
2001-05-09,0.0
2001-05-10,0.0
2001-05-11,0.0
2001-05-12,0.0
2001-05-13,22.883839
2001-05-14,0.0
2001-05-15,0.0
2001-05-16,0.0
2001-05-17,7.36182
2001-05-18,0.0
2001-05-19,0.0
2001-05-20,0.0
2001-05-21,0.0
2001-05-22,0.0
2001-05-23,0.0
2001-05-24,0.0
2001-05-25,0.0
2001-05-26,0.0
2001-05-27,0.0
2001-05-28,0.0
2001-05-29,0.0
2001-05-30,2.0940714
2001-05-31,0.0
2001-06-01,0.0
2001-06-02,0.0
2001-06-03,3.8065155
2001-06-04,2.158933
2001-06-05,9.961882
2001-06-06,21.677197
2001-06-07,0.0
2001-06-08,0.0
2001-06-09,0.0
2001-06-10,0.0
2001-06-11,0.0
2001-06-12,0.0
2001-06-13,0.0
2001-06-14,0.0
2001-06-15,0.0
2001-06-16,0.0
2001-06-17,0.0
2001-06-18,0.0
2001-06-19,0.0
2001-06-20,0.0
2001-06-21,0.0
2001-06-22,0.0
2001-06-23,2.1682868
2001-06-24,0.0
2001-06-25,0.0
2001-06-26,0.0
2001-06-27,4.405541
2001-06-28,0.0
2001-06-29,0.0
2001-06-30,0.0
2001-07-01,0.0
2001-07-02,0.0
2001-07-03,0.0
2001-07-04,0.0
2001-07-05,0.16678682
2001-07-06,0.0
2001-07-07,0.0
2001-07-08,0.0
2001-07-09,0.0
2001-07-10,0.0
2001-07-11,0.0
2001-07-12,0.0
2001-07-13,3.3728874
2001-07-14,1.7670399
2001-07-15,0.0
2001-07-16,7.003307
2001-07-17,1.450351
2001-07-18,2.3890321
2001-07-19,0.0
2001-07-20,0.0
2001-07-21,0.0
2001-07-22,0.0
2001-07-23,0.0
2001-07-24,0.0
2001-07-25,0.0
2001-07-26,1.7187595
2001-07-27,3.91784
2001-07-28,0.0
2001-07-29,0.0
2001-07-30,3.2524302
2001-07-31,0.0
2001-08-01,11.297501
2001-08-02,0.0
2001-08-03,0.0
2001-08-04,0.0
2001-08-05,0.0
2001-08-06,0.0
2001-08-07,0.0
2001-08-08,0.0
2001-08-09,0.0
2001-08-10,0.0
2001-08-11,0.0
2001-08-12,0.0
2001-08-13,0.0
2001-08-14,0.0
2001-08-15,0.0
2001-08-16,0.0
2001-08-17,0.76032394
2001-08-18,1.5825068
2001-08-19,0.0
2001-08-20,0.0
2001-08-21,0.0
2001-08-22,0.0
2001-08-23,0.0
2001-08-24,0.0
2001-08-25,0.0
2001-08-26,0.5889884
2001-08-27,4.7501817
2001-08-28,0.10655825
2001-08-29,0.0
2001-08-30,0.0
2001-08-31,0.0
2001-09-01,0.0
2001-09-02,0.0
2001-09-03,0.0
2001-09-04,0.0
2001-09-05,0.0
2001-09-06,0.0
2001-09-07,0.0
2001-09-08,0.0
2001-09-09,0.0
2001-09-10,0.0
2001-09-11,1.9304184
2001-09-12,6.5048604
2001-09-13,0.0
2001-09-14,0.0
2001-09-15,0.0
2001-09-16,0.14825496
2001-09-17,0.0
2001-09-18,0.0
2001-09-19,0.0
2001-09-20,0.0
2001-09-21,0.0
2001-09-22,0.0
2001-09-23,0.0
2001-09-24,0.17167154
2001-09-25,2.3498015
2001-09-26,0.9926258
2001-09-27,10.786124
2001-09-28,0.0
2001-09-29,0.0
2001-09-30,0.0
2001-10-01,0.0
2001-10-02,0.0
2001-10-03,0.0
2001-10-04,1.7994605
2001-10-05,12.1135235
2001-10-06,11.493339
2001-10-07,0.0
2001-10-08,0.0
2001-10-09,0.12600912
2001-10-10,0.0
2001-10-11,0.0
2001-10-12,0.0
2001-10-13,0.0
2001-10-14,3.372032
2001-10-15,3.6587079
2001-10-16,0.0
2001-10-17,0.0
2001-10-18,0.0
2001-10-19,0.0
2001-10-20,0.5390105
2001-10-21,0.2959487
2001-10-22,0.13554488
2001-10-23,3.609997
2001-10-24,0.7950495
2001-10-25,0.4835029
2001-10-26,4.471278
2001-10-27,2.839275
2001-10-28,0.5939434
2001-10-29,0.0
2001-10-30,0.0
2001-10-31,0.0
2001-11-01,0.0
2001-11-02,0.0
2001-11-03,0.0
2001-11-04,0.0
2001-11-05,1.0841434
2001-11-06,1.8563722
2001-11-07,1.0934093
2001-11-08,3.314074
2001-11-09,0.0
2001-11-10,0.0
2001-11-11,0.0
2001-11-12,0.0
2001-11-13,0.0
2001-11-14,0.0
2001-11-15,0.0
2001-11-16,2.1940641
2001-11-17,0.0
2001-11-18,7.482135
2001-11-19,0.98071
2001-11-20,0.23257199
2001-11-21,13.245187
2001-11-22,5.4791684
2001-11-23,2.0392954
2001-11-24,0.2384414
2001-11-25,1.3899193
2001-11-26,0.34512553
2001-11-27,4.62182
2001-11-28,0.55803436
2001-11-29,0.0
2001-11-30,0.0
2001-12-01,1.6466075
2001-12-02,1.9228051
2001-12-03,0.0
2001-12-04,0.0
2001-12-05,0.0
2001-12-06,0.0
2001-12-07,0.0
2001-12-08,0.0
2001-12-09,0.0
2001-12-10,0.0
2001-12-11,0.0
2001-12-12,0.0
2001-12-13,0.0
2001-12-14,0.0
2001-12-15,0.0
2001-12-16,0.0
2001-12-17,0.0
2001-12-18,2.4919138
2001-12-19,0.46190113
2001-12-20,0.0
2001-12-21,11.548975
2001-12-22,9.893
2001-12-23,5.842479
2001-12-24,1.6546223
2001-12-25,4.988216
2001-12-26,0.16215385
2001-12-27,0.95856136
2001-12-28,0.0
2001-12-29,0.0
2001-12-30,0.0
2001-12-31,0.12972309
2002-01-01,0.0
2002-01-02,0.0
2002-01-03,0.0
2002-01-04,0.0
2002-01-05,20.604338
2002-01-06,0.0
2002-01-07,0.0
2002-01-08,0.0
2002-01-09,0.32117325
2002-01-10,0.95010906
2002-01-11,0.0
2002-01-12,0.0
2002-01-13,0.0
2002-01-14,0.0
2002-01-15,0.0
2002-01-16,0.0
2002-01-17,0.0
2002-01-18,0.0
2002-01-19,0.0
2002-01-20,0.0
2002-01-21,0.0
2002-01-22,0.0
2002-01-23,0.0
2002-01-24,0.0
2002-01-25,0.0
2002-01-26,0.0
2002-01-27,0.0
2002-01-28,0.0
2002-01-29,0.0
2002-01-30,0.0
2002-01-31,0.0
2002-02-01,0.0
2002-02-02,6.0959225
2002-02-03,15.415359
2002-02-04,1.208515
2002-02-05,0.0
2002-02-06,0.0
2002-02-07,0.0
2002-02-08,0.0
2002-02-09,0.0
2002-02-10,0.0
2002-02-11,0.0
2002-02-12,0.0
2002-02-13,0.0
2002-02-14,0.0
2002-02-15,0.0
2002-02-16,0.0
2002-02-17,0.0
2002-02-18,0.0
2002-02-19,0.0
2002-02-20,0.0
2002-02-21,0.0
2002-02-22,0.0
2002-02-23,0.0
2002-02-24,0.0
2002-02-25,0.0
2002-02-26,0.0
2002-02-27,0.0
2002-02-28,0.0
2002-03-01,0.0
2002-03-02,0.0
2002-03-03,0.0
2002-03-04,0.0
2002-03-05,0.0
2002-03-06,0.0
2002-03-07,0.0
2002-03-08,0.0
2002-03-09,0.0
2002-03-10,0.0
2002-03-11,0.0
2002-03-12,0.0
2002-03-13,0.0
2002-03-14,0.0
2002-03-15,0.0
2002-03-16,0.0
2002-03-17,0.0
2002-03-18,0.0
2002-03-19,0.0
2002-03-20,0.0
2002-03-21,0.0
2002-03-22,0.0
2002-03-23,0.0
2002-03-24,0.0
2002-03-25,0.0
2002-03-26,0.0
2002-03-27,0.0
2002-03-28,0.0
2002-03-29,0.0
2002-03-30,0.0
2002-03-31,0.0
2002-04-01,0.0
2002-04-02,0.0
2002-04-03,0.0
2002-04-04,0.0
2002-04-05,0.0
2002-04-06,0.0
2002-04-07,0.0
2002-04-08,0.0
2002-04-09,0.0
2002-04-10,0.0
2002-04-11,0.0
2002-04-12,0.0
2002-04-13,0.0
2002-04-14,0.0
2002-04-15,0.0
2002-04-16,0.0
2002-04-17,0.0
2002-04-18,0.0
2002-04-19,0.0
2002-04-20,0.0
2002-04-21,0.0
2002-04-22,0.0
2002-04-23,0.0
2002-04-24,0.0
2002-04-25,0.0
2002-04-26,0.0
2002-04-27,0.0
2002-04-28,0.0
2002-04-29,0.0
2002-04-30,0.0
2002-05-01,0.0
2002-05-02,0.0
2002-05-03,0.2731209
2002-05-04,1.5145794
2002-05-05,4.0368333
2002-05-06,0.0
2002-05-07,0.0
2002-05-08,0.0
2002-05-09,0.0
2002-05-10,0.0
2002-05-11,0.4619235
2002-05-12,0.0
2002-05-13,0.0
2002-05-14,0.0
2002-05-15,0.0
2002-05-16,0.0
2002-05-17,0.0
2002-05-18,0.0
2002-05-19,0.0
2002-05-20,0.0
2002-05-21,1.1819695
2002-05-22,0.0
2002-05-23,0.0
2002-05-24,0.0
2002-05-25,0.0
2002-05-26,0.0
2002-05-27,0.0
2002-05-28,0.2887022
2002-05-29,2.539492
2002-05-30,0.0
2002-05-31,0.0
2002-06-01,0.0
2002-06-02,0.0
2002-06-03,0.0
2002-06-04,0.0
2002-06-05,0.0
2002-06-06,0.0
2002-06-07,0.0
2002-06-08,0.34741145
2002-06-09,0.0
2002-06-10,0.0
2002-06-11,0.0
2002-06-12,1.1165742
2002-06-13,0.0
2002-06-14,0.0
2002-06-15,3.0664475
2002-06-16,1.4464695
2002-06-17,0.0
2002-06-18,0.0
2002-06-19,9.455131
2002-06-20,0.0
2002-06-21,0.0
2002-06-22,0.0
2002-06-23,0.0
2002-06-24,0.0
2002-06-25,0.0
2002-06-26,0.0
2002-06-27,0.0
2002-06-28,0.0
2002-06-29,0.0
2002-06-30,0.0
2002-07-01,0.0
2002-07-02,0.0
2002-07-03,0.81185573
2002-07-04,7.8330464
2002-07-05,0.0
2002-07-06,1.0841434
2002-07-07,0.0
2002-07-08,0.0
2002-07-09,0.0
2002-07-10,0.0
2002-07-11,0.0
2002-07-12,0.34150964
2002-07-13,0.0
2002-07-14,0.0
2002-07-15,0.0
2002-07-16,0.0
2002-07-17,0.0
2002-07-18,0.0
2002-07-19,0.0
2002-07-20,0.0
2002-07-21,0.110747896
2002-07-22,0.0
2002-07-23,0.0
2002-07-24,0.0
2002-07-25,0.5420717
2002-07-26,1.4337759
2002-07-27,0.0
2002-07-28,0.0
2002-07-29,0.74064904
2002-07-30,0.0
2002-07-31,0.0
2002-08-01,4.818402
2002-08-02,0.0
2002-08-03,0.0
2002-08-04,0.0
2002-08-05,0.0
2002-08-06,0.0
2002-08-07,0.0
2002-08-08,0.0
2002-08-09,0.0
2002-08-10,2.1682868
2002-08-11,0.0
2002-08-12,0.0
2002-08-13,0.0
2002-08-14,0.0
2002-08-15,0.0
2002-08-16,0.0
2002-08-17,1.4455148
2002-08-18,0.0
2002-08-19,0.0
2002-08-20,0.0
2002-08-21,0.0
2002-08-22,0.0
2002-08-23,0.0
2002-08-24,0.0
2002-08-25,0.0
2002-08-26,0.0
2002-08-27,0.0
2002-08-28,0.0
2002-08-29,4.4486814
2002-08-30,0.0
2002-08-31,0.0
2002-09-01,0.0
2002-09-02,0.0
2002-09-03,0.0
2002-09-04,0.0
2002-09-05,0.0
2002-09-06,0.0
2002-09-07,0.0
2002-09-08,0.122313246
2002-09-09,0.0
2002-09-10,0.120457135
2002-09-11,0.0
2002-09-12,0.0
2002-09-13,0.0
2002-09-14,0.0
2002-09-15,0.0
2002-09-16,8.988726
2002-09-17,0.0
2002-09-18,0.69339573
2002-09-19,0.0
2002-09-20,0.0
2002-09-21,0.0
2002-09-22,2.3439665
2002-09-23,0.0
2002-09-24,0.0
2002-09-25,0.0
2002-09-26,0.0
2002-09-27,0.0
2002-09-28,0.0
2002-09-29,0.0
2002-09-30,0.0
2002-10-01,0.0
2002-10-02,0.16002618
2002-10-03,0.0
2002-10-04,0.0
2002-10-05,0.0
2002-10-06,3.054173
2002-10-07,4.8070083
2002-10-08,0.15685362
2002-10-09,7.5577774
2002-10-10,8.199275
2002-10-11,4.842836
2002-10-12,0.111191206
2002-10-13,0.0
2002-10-14,0.0
2002-10-15,0.0
2002-10-16,0.0
2002-10-17,0.0
2002-10-18,0.0
2002-10-19,0.0
2002-10-20,9.250365
2002-10-21,0.0
2002-10-22,0.0
2002-10-23,0.0
2002-10-24,0.0
2002-10-25,0.0
2002-10-26,0.0
2002-10-27,5.205172
2002-10-28,8.868433
2002-10-29,0.0
2002-10-30,3.9986198
2002-10-31,16.720743
2002-11-01,8.318882
2002-11-02,27.959631
2002-11-03,0.78151095
2002-11-04,4.240969
2002-11-05,7.153223
2002-11-06,0.94992566
2002-11-07,1.0887764
2002-11-08,3.142802
2002-11-09,6.0908904
2002-11-10,1.7151875
2002-11-11,0.0
2002-11-12,0.0
2002-11-13,0.0
2002-11-14,0.0
2002-11-15,0.0
2002-11-16,0.0
2002-11-17,0.0
2002-11-18,0.0
2002-11-19,1.6929047
2002-11-20,1.0266473
2002-11-21,2.5413406
2002-11-22,0.14362197
2002-11-23,0.0
2002-11-24,0.0
2002-11-25,0.0
2002-11-26,0.0
2002-11-27,0.0
2002-11-28,0.0
2002-11-29,0.0
2002-11-30,0.0
2002-12-01,0.0
2002-12-02,0.0
2002-12-03,0.0
2002-12-04,0.0
2002-12-05,0.0
2002-12-06,8.673147
2002-12-07,16.080786
2002-12-08,3.8287592
2002-12-09,0.0
2002-12-10,0.14057527
2002-12-11,0.0
2002-12-12,0.0
2002-12-13,0.0
2002-12-14,0.0
2002-12-15,0.0
2002-12-16,0.0
2002-12-17,0.0
2002-12-18,0.0
2002-12-19,0.0
2002-12-20,0.0
2002-12-21,0.0
2002-12-22,0.0
2002-12-23,0.0
2002-12-24,0.0
2002-12-25,0.0
2002-12-26,0.0
2002-12-27,0.0
2002-12-28,0.0
2002-12-29,0.0
2002-12-30,0.0
2002-12-31,0.0
2003-01-01,0.0
2003-01-02,0.0
2003-01-03,0.0
2003-01-04,0.0
2003-01-05,0.0
2003-01-06,0.0
2003-01-07,0.0
2003-01-08,0.0
2003-01-09,0.0
2003-01-10,0.0
2003-01-11,0.0
2003-01-12,0.0
2003-01-13,0.0
2003-01-14,0.0
2003-01-15,0.0
2003-01-16,0.0
2003-01-17,0.0
2003-01-18,0.0
2003-01-19,0.0
2003-01-20,0.0
2003-01-21,0.0
2003-01-22,0.0
2003-01-23,0.0
2003-01-24,0.0
2003-01-25,0.0
2003-01-26,0.0
2003-01-27,0.0
2003-01-28,0.0
2003-01-29,0.0
2003-01-30,0.0
2003-01-31,0.0
2003-02-01,0.0
2003-02-02,0.0
2003-02-03,0.0
2003-02-04,0.0
2003-02-05,0.0
2003-02-06,0.0
2003-02-07,0.0
2003-02-08,0.0
2003-02-09,0.0
2003-02-10,0.0
2003-02-11,0.0
2003-02-12,0.0
2003-02-13,0.0
2003-02-14,0.0
2003-02-15,0.0
2003-02-16,0.0
2003-02-17,0.0
2003-02-18,0.0
2003-02-19,0.0
2003-02-20,0.0
2003-02-21,0.0
2003-02-22,0.0
2003-02-23,0.0
2003-02-24,0.0
2003-02-25,0.0
2003-02-26,0.0
2003-02-27,0.0
2003-02-28,0.0
2003-03-01,0.0
2003-03-02,0.0
2003-03-03,0.0
2003-03-04,0.0
2003-03-05,0.0
2003-03-06,0.0
2003-03-07,0.0
2003-03-08,0.0
2003-03-09,0.0
2003-03-10,0.0
2003-03-11,0.0
2003-03-12,0.0
2003-03-13,0.0
2003-03-14,0.0
2003-03-15,0.0
2003-03-16,0.0
2003-03-17,0.0
2003-03-18,0.0
2003-03-19,0.0
2003-03-20,0.0
2003-03-21,0.0
2003-03-22,0.0
2003-03-23,0.0
2003-03-24,0.0
2003-03-25,0.0
2003-03-26,0.0
2003-03-27,0.0
2003-03-28,0.0
2003-03-29,0.0
2003-03-30,0.0
2003-03-31,0.0
2003-04-01,0.0
2003-04-02,0.0
2003-04-03,0.0
2003-04-04,0.0
2003-04-05,0.0
2003-04-06,0.0
2003-04-07,0.0
2003-04-08,0.0
2003-04-09,0.0
2003-04-10,0.0
2003-04-11,0.0
2003-04-12,0.0
2003-04-13,0.0
2003-04-14,0.0
2003-04-15,0.0
2003-04-16,0.0
2003-04-17,0.0
2003-04-18,0.0
2003-04-19,0.0
2003-04-20,0.0
2003-04-21,0.0
2003-04-22,0.0
2003-04-23,0.0
2003-04-24,0.0
2003-04-25,0.0
2003-04-26,0.0
2003-04-27,0.0
2003-04-28,0.0
2003-04-29,0.6143225
2003-04-30,3.6193535
2003-05-01,0.0
2003-05-02,0.0
2003-05-03,0.0
2003-05-04,0.0
2003-05-05,0.0
2003-05-06,0.0
2003-05-07,0.0
2003-05-08,0.0
2003-05-09,0.0
2003-05-10,0.0
2003-05-11,0.0
2003-05-12,0.0
2003-05-13,0.0
2003-05-14,15.956178
2003-05-15,0.0
2003-05-16,0.0
2003-05-17,0.0
2003-05-18,10.873865
2003-05-19,0.0
2003-05-20,0.0
2003-05-21,0.0
2003-05-22,0.0
2003-05-23,0.0
2003-05-24,0.0
2003-05-25,0.0
2003-05-26,0.0
2003-05-27,0.0
2003-05-28,0.0
2003-05-29,0.47780636
2003-05-30,0.3505562
2003-05-31,0.0
2003-06-01,0.0
2003-06-02,0.0
2003-06-03,0.0
2003-06-04,0.0
2003-06-05,0.0
2003-06-06,0.0
2003-06-07,0.0
2003-06-08,0.0
2003-06-09,0.0
2003-06-10,0.0
2003-06-11,0.0
2003-06-12,0.0
2003-06-13,0.0
2003-06-14,0.0
2003-06-15,0.0
2003-06-16,0.0
2003-06-17,0.0
2003-06-18,0.0
2003-06-19,0.0
2003-06-20,0.0
2003-06-21,0.0
2003-06-22,0.0
2003-06-23,0.0
2003-06-24,0.0
2003-06-25,0.0
2003-06-26,0.0
2003-06-27,0.0
2003-06-28,0.0
2003-06-29,0.0
2003-06-30,0.0
2003-07-01,0.0
2003-07-02,0.0
2003-07-03,0.0
2003-07-04,0.0
2003-07-05,0.0
2003-07-06,0.0
2003-07-07,0.0
2003-07-08,0.0
2003-07-09,0.60629296
2003-07-10,0.0
2003-07-11,0.0
2003-07-12,0.0
2003-07-13,0.0
2003-07-14,0.0
2003-07-15,0.0
2003-07-16,0.0
2003-07-17,0.0
2003-07-18,0.15193102
2003-07-19,0.12972307
2003-07-20,1.673141
2003-07-21,0.0
2003-07-22,0.0
2003-07-23,2.6687756
2003-07-24,0.0
2003-07-25,0.0
2003-07-26,0.0
2003-07-27,0.0
2003-07-28,0.0
2003-07-29,0.0
2003-07-30,0.0
2003-07-31,0.0
2003-08-01,3.4097998
2003-08-02,2.4449797
2003-08-03,0.28724393
2003-08-04,8.090973
2003-08-05,0.0
2003-08-06,0.0
2003-08-07,0.0
2003-08-08,0.0
2003-08-09,1.0841434
2003-08-10,0.0
2003-08-11,7.5936365
2003-08-12,0.0
2003-08-13,1.5370024
2003-08-14,0.0
2003-08-15,0.0
2003-08-16,0.52073956
2003-08-17,8.413338
2003-08-18,0.25697324
2003-08-19,0.0
2003-08-20,0.0
2003-08-21,0.0
2003-08-22,16.853811
2003-08-23,0.0
2003-08-24,0.0
2003-08-25,10.062956
2003-08-26,0.0
2003-08-27,0.0
2003-08-28,0.0
2003-08-29,0.0
2003-08-30,0.0
2003-08-31,0.0
2003-09-01,1.971498
2003-09-02,0.0
2003-09-03,1.2206595
2003-09-04,0.0
2003-09-05,0.0
2003-09-06,0.0
2003-09-07,0.0
2003-09-08,0.0
2003-09-09,0.0
2003-09-10,0.0
2003-09-11,0.0
2003-09-12,0.0
2003-09-13,0.0
2003-09-14,0.0
2003-09-15,0.0
2003-09-16,0.0
2003-09-17,0.0
2003-09-18,0.8168293
2003-09-19,0.0
2003-09-20,1.1844903
2003-09-21,0.0
2003-09-22,0.0
2003-09-23,0.0
2003-09-24,0.0
2003-09-25,0.0
2003-09-26,0.0
2003-09-27,7.0307083
2003-09-28,0.0
2003-09-29,1.9912225
2003-09-30,0.0
2003-10-01,0.0
2003-10-02,0.0
2003-10-03,3.4767373
2003-10-04,0.0
2003-10-05,0.0
2003-10-06,9.375113
2003-10-07,0.0
2003-10-08,0.0
2003-10-09,0.0
2003-10-10,0.0
2003-10-11,3.833305
2003-10-12,0.0
2003-10-13,0.20477417
2003-10-14,1.0841434
2003-10-15,0.11198434
2003-10-16,0.0
2003-10-17,0.0
2003-10-18,11.153559
2003-10-19,6.2797
2003-10-20,7.6698365
2003-10-21,1.1026753
2003-10-22,0.0
2003-10-23,0.29843593
2003-10-24,24.100489
2003-10-25,0.0
2003-10-26,1.0841434
2003-10-27,0.0
2003-10-28,0.0
2003-10-29,0.0
2003-10-30,1.1753423
2003-10-31,6.970195
2003-11-01,1.9400799
2003-11-02,0.0
2003-11-03,3.5537314
2003-11-04,4.042887
2003-11-05,0.5847145
2003-11-06,4.6347227
2003-11-07,6.3946733
2003-11-08,9.900598
2003-11-09,20.104687
2003-11-10,3.1317363
2003-11-11,0.0
2003-11-12,0.14114907
2003-11-13,2.2634223
2003-11-14,11.534298
2003-11-15,2.4786038
2003-11-16,14.421087
2003-11-17,0.0
2003-11-18,0.0
2003-11-19,0.0
2003-11-20,0.0
2003-11-21,0.0
2003-11-22,3.734425
2003-11-23,2.0602715
2003-11-24,0.0
2003-11-25,0.0
2003-11-26,0.0
2003-11-27,0.0
2003-11-28,8.900011
2003-11-29,6.028696
2003-11-30,11.668528
2003-12-01,2.460682
2003-12-02,0.0
2003-12-03,0.0
2003-12-04,0.0
2003-12-05,0.0
2003-12-06,0.0
2003-12-07,0.0
2003-12-08,0.0
2003-12-09,0.0
2003-12-10,0.0
2003-12-11,0.0
2003-12-12,0.0
2003-12-13,0.0
2003-12-14,0.0
2003-12-15,0.0
2003-12-16,0.0
2003-12-17,0.0
2003-12-18,0.0
2003-12-19,0.0
2003-12-20,0.0
2003-12-21,0.0
2003-12-22,0.0
2003-12-23,0.0
2003-12-24,0.0
2003-12-25,0.0
2003-12-26,0.0
2003-12-27,0.34129027
2003-12-28,0.0
2003-12-29,0.0
2003-12-30,0.0
2003-12-31,0.21470277
2004-01-01,5.532035
2004-01-02,6.0053506
2004-01-03,0.0
2004-01-04,0.0
2004-01-05,0.0
2004-01-06,1.0980422
2004-01-07,0.0
2004-01-08,0.0
2004-01-09,0.0
2004-01-10,0.0
2004-01-11,0.0
2004-01-12,0.0
2004-01-13,0.0
2004-01-14,0.0
2004-01-15,0.0
2004-01-16,0.0
2004-01-17,0.0
2004-01-18,0.0
2004-01-19,0.0
2004-01-20,0.0
2004-01-21,0.0
2004-01-22,0.0
2004-01-23,0.0
2004-01-24,0.0
2004-01-25,0.0
2004-01-26,0.0
2004-01-27,0.0
2004-01-28,0.0
2004-01-29,0.0
2004-01-30,0.0
2004-01-31,0.0
2004-02-01,0.0
2004-02-02,0.0
2004-02-03,0.0
2004-02-04,0.0
2004-02-05,0.0
2004-02-06,0.0
2004-02-07,0.0
2004-02-08,0.0
2004-02-09,0.0
2004-02-10,0.0
2004-02-11,0.0
2004-02-12,0.0
2004-02-13,0.0
2004-02-14,0.0
2004-02-15,0.0
2004-02-16,0.0
2004-02-17,0.0
2004-02-18,0.0
2004-02-19,0.0
2004-02-20,0.0
2004-02-21,0.0
2004-02-22,0.0
2004-02-23,0.0
2004-02-24,0.0
2004-02-25,0.0
2004-02-26,0.0
2004-02-27,0.0
2004-02-28,0.0
2004-02-29,0.0
2004-03-01,0.0
2004-03-02,0.0
2004-03-03,0.0
2004-03-04,0.0
2004-03-05,0.0
2004-03-06,0.0
2004-03-07,0.0
2004-03-08,0.0
2004-03-09,1.0934093
2004-03-10,2.1729198
2004-03-11,0.0
2004-03-12,0.0
2004-03-13,0.0
2004-03-14,0.0
2004-03-15,0.0
2004-03-16,0.0
2004-03-17,0.0
2004-03-18,0.0
2004-03-19,0.0
2004-03-20,0.0
2004-03-21,0.0
2004-03-22,0.0
2004-03-23,0.0
2004-03-24,0.0
2004-03-25,0.0
2004-03-26,0.0
2004-03-27,0.0
2004-03-28,0.0
2004-03-29,0.0
2004-03-30,0.0
2004-03-31,0.0
2004-04-01,0.0
2004-04-02,0.0
2004-04-03,0.0
2004-04-04,0.0
2004-04-05,0.0
2004-04-06,0.0
2004-04-07,0.0
2004-04-08,0.0
2004-04-09,0.0
2004-04-10,0.0
2004-04-11,0.0
2004-04-12,0.0
2004-04-13,0.0
2004-04-14,0.0
2004-04-15,0.0
2004-04-16,0.0
2004-04-17,0.0
2004-04-18,0.0
2004-04-19,0.0
2004-04-20,0.0
2004-04-21,0.0
2004-04-22,0.0
2004-04-23,0.0
2004-04-24,0.0
2004-04-25,0.0
2004-04-26,0.0
2004-04-27,0.0
2004-04-28,0.0
2004-04-29,0.0
2004-04-30,0.0
2004-05-01,0.0
2004-05-02,0.0
2004-05-03,11.178659
2004-05-04,55.758457
2004-05-05,8.4187355
2004-05-06,3.482399
2004-05-07,1.5567061
2004-05-08,0.21404012
2004-05-09,0.0
2004-05-10,0.33687666
2004-05-11,0.93116987
2004-05-12,0.0
2004-05-13,0.0
2004-05-14,0.0
2004-05-15,0.0
2004-05-16,2.2238824
2004-05-17,0.6545172
2004-05-18,0.0
2004-05-19,0.0
2004-05-20,0.0
2004-05-21,0.0
2004-05-22,0.0
2004-05-23,0.0
2004-05-24,0.0
2004-05-25,0.0
2004-05-26,2.9640744
2004-05-27,0.0
2004-05-28,0.0
2004-05-29,0.0
2004-05-30,0.42988122
2004-05-31,0.0
2004-06-01,2.370111
2004-06-02,1.0841434
2004-06-03,1.9032401
2004-06-04,0.0
2004-06-05,0.0
2004-06-06,0.0
2004-06-07,0.0
2004-06-08,2.5651727
2004-06-09,0.0
2004-06-10,0.0
2004-06-11,0.0
2004-06-12,0.0
2004-06-13,0.0
2004-06-14,0.0
2004-06-15,0.0
2004-06-16,0.0
2004-06-17,0.0
2004-06-18,0.0
2004-06-19,0.0
2004-06-20,0.0
2004-06-21,0.0
2004-06-22,0.0
2004-06-23,0.0
2004-06-24,0.0
2004-06-25,0.0
2004-06-26,0.0
2004-06-27,0.32205412
2004-06-28,0.0
2004-06-29,0.0
2004-06-30,0.44025776
2004-07-01,0.0
2004-07-02,0.52477044
2004-07-03,0.0
2004-07-04,0.0
2004-07-05,0.0
2004-07-06,0.0
2004-07-07,0.0
2004-07-08,0.0
2004-07-09,0.0
2004-07-10,0.2010286
2004-07-11,31.801586
2004-07-12,0.0
2004-07-13,0.30622512
2004-07-14,0.0
2004-07-15,0.0
2004-07-16,0.0
2004-07-17,0.0
2004-07-18,0.0
2004-07-19,0.0
2004-07-20,0.0
2004-07-21,0.0
2004-07-22,0.0
2004-07-23,0.0
2004-07-24,0.0
2004-07-25,13.627722
2004-07-26,0.0
2004-07-27,0.0
2004-07-28,0.0
2004-07-29,0.0
2004-07-30,0.0
2004-07-31,0.0
2004-08-01,0.0
2004-08-02,0.0
2004-08-03,0.0
2004-08-04,0.0
2004-08-05,0.0
2004-08-06,0.0
2004-08-07,1.267432
2004-08-08,9.085148
2004-08-09,0.0
2004-08-10,0.0
2004-08-11,0.0
2004-08-12,0.0
2004-08-13,0.0
2004-08-14,0.0
2004-08-15,0.0
2004-08-16,0.0
2004-08-17,0.0
2004-08-18,0.0
2004-08-19,0.0
2004-08-20,0.0
2004-08-21,0.0
2004-08-22,0.0
2004-08-23,0.0
2004-08-24,0.0
2004-08-25,0.0
2004-08-26,0.0
2004-08-27,0.6464753
2004-08-28,0.0
2004-08-29,3.6491833
2004-08-30,0.23171562
2004-08-31,9.478551
2004-09-01,37.991394
2004-09-02,0.0
2004-09-03,0.66348785
2004-09-04,0.0
2004-09-05,0.17342827
2004-09-06,33.083683
2004-09-07,0.0
2004-09-08,0.0
2004-09-09,0.0
2004-09-10,0.23092744
2004-09-11,0.0
2004-09-12,7.27414
2004-09-13,0.0
2004-09-14,0.0
2004-09-15,0.0
2004-09-16,1.2226342
2004-09-17,0.0
2004-09-18,0.0
2004-09-19,2.7255445
2004-09-20,7.6062894
2004-09-21,11.36613
2004-09-22,0.0
2004-09-23,9.265345
2004-09-24,2.8786569
2004-09-25,0.47635025
2004-09-26,4.4959936
2004-09-27,47.347507
2004-09-28,63.908646
2004-09-29,6.572477
2004-09-30,13.635875
2004-10-01,0.0
2004-10-02,4.5438476
2004-10-03,0.1275326
2004-10-04,0.0
2004-10-05,0.0
2004-10-06,0.0
2004-10-07,0.0
2004-10-08,0.0
2004-10-09,0.0
2004-10-10,0.0
2004-10-11,0.0
2004-10-12,0.0
2004-10-13,0.0
2004-10-14,0.0
2004-10-15,0.0
2004-10-16,0.0
2004-10-17,0.0
2004-10-18,51.02652
2004-10-19,5.5042496
2004-10-20,13.786858
2004-10-21,6.5061984
2004-10-22,1.6521116
2004-10-23,28.179745
2004-10-24,21.254889
2004-10-25,22.885221
2004-10-26,9.436189
2004-10-27,5.712372
2004-10-28,11.645474
2004-10-29,135.9027
2004-10-30,68.77486
2004-10-31,113.0564
2004-11-01,0.0
2004-11-02,0.0
2004-11-03,2.3585923
2004-11-04,0.0
2004-11-05,55.087673
2004-11-06,55.406387
2004-11-07,28.271633
2004-11-08,87.599815
2004-11-09,7.250524
2004-11-10,0.0
2004-11-11,22.986124
2004-11-12,2.502109
2004-11-13,0.9561338
2004-11-14,0.29882762
2004-11-15,0.0
2004-11-16,0.0
2004-11-17,0.0
2004-11-18,0.0
2004-11-19,0.0
2004-11-20,0.0
2004-11-21,0.0
2004-11-22,0.0
2004-11-23,22.96247
2004-11-24,0.60885113
2004-11-25,0.8891497
2004-11-26,32.918617
2004-11-27,15.754334
2004-11-28,0.0
2004-11-29,0.0
2004-11-30,0.0
2004-12-01,0.0
2004-12-02,0.0
2004-12-03,17.955868
2004-12-04,0.0
2004-12-05,0.0
2004-12-06,0.0
2004-12-07,0.0
2004-12-08,0.0
2004-12-09,0.0
2004-12-10,0.0
2004-12-11,0.0
2004-12-12,0.0
2004-12-13,0.0
2004-12-14,0.6704954
2004-12-15,0.0
2004-12-16,0.0
2004-12-17,0.0
2004-12-18,0.0
2004-12-19,0.0
2004-12-20,0.0
2004-12-21,0.0
2004-12-22,0.0
2004-12-23,0.0
2004-12-24,0.0
2004-12-25,0.0
2004-12-26,0.0
2004-12-27,0.0
2004-12-28,0.0
2004-12-29,0.0
2004-12-30,0.0
2004-12-31,0.0
2005-01-01,0.0
2005-01-02,0.0
2005-01-03,0.0
2005-01-04,0.0
2005-01-05,0.0
2005-01-06,0.0
2005-01-07,0.0
2005-01-08,0.0
2005-01-09,0.0
2005-01-10,0.0
2005-01-11,0.0
2005-01-12,0.0
2005-01-13,0.0
2005-01-14,0.0
2005-01-15,0.0
2005-01-16,0.0
2005-01-17,0.0
2005-01-18,0.0
2005-01-19,0.0
2005-01-20,0.0
2005-01-21,0.0
2005-01-22,0.22254162
2005-01-23,4.549445
2005-01-24,0.0
2005-01-25,0.0
2005-01-26,0.0
2005-01-27,0.0
2005-01-28,0.0
2005-01-29,0.0
2005-01-30,0.0
2005-01-31,0.0
2005-02-01,0.0
2005-02-02,0.1198301
2005-02-03,0.0
2005-02-04,1.1469452
2005-02-05,0.0
2005-02-06,0.0
2005-02-07,0.0
2005-02-08,0.0
2005-02-09,0.0
2005-02-10,0.0
2005-02-11,0.0
2005-02-12,0.0
2005-02-13,0.0
2005-02-14,0.0
2005-02-15,0.0
2005-02-16,0.0
2005-02-17,0.0
2005-02-18,0.0
2005-02-19,0.0
2005-02-20,0.0
2005-02-21,0.0
2005-02-22,0.0
2005-02-23,0.0
2005-02-24,0.0
2005-02-25,0.0
2005-02-26,0.0
2005-02-27,0.0
2005-02-28,0.0
2005-03-01,0.0
2005-03-02,0.0
2005-03-03,0.0
2005-03-04,0.0
2005-03-05,0.0
2005-03-06,0.0
2005-03-07,0.0
2005-03-08,0.0
2005-03-09,0.0
2005-03-10,0.0
2005-03-11,0.0
2005-03-12,0.0
2005-03-13,0.0
2005-03-14,0.0
2005-03-15,0.0
2005-03-16,0.0
2005-03-17,0.0
2005-03-18,0.0
2005-03-19,0.0
2005-03-20,0.0
2005-03-21,0.0
2005-03-22,0.0
2005-03-23,0.0
2005-03-24,0.0
2005-03-25,0.27389738
2005-03-26,0.0
2005-03-27,0.0
2005-03-28,0.0
2005-03-29,0.0
2005-03-30,0.0
2005-03-31,0.0
2005-04-01,0.0
2005-04-02,0.0
2005-04-03,0.0
2005-04-04,41.97804
2005-04-05,31.861074
2005-04-06,24.950148
2005-04-07,0.58034277
2005-04-08,1.3905903
2005-04-09,0.0
2005-04-10,0.0
2005-04-11,0.15918577
2005-04-12,0.0
2005-04-13,0.0
2005-04-14,0.0
2005-04-15,0.0
2005-04-16,0.0
2005-04-17,0.0
2005-04-18,0.0
2005-04-19,0.0
2005-04-20,0.0
2005-04-21,0.0
2005-04-22,0.0
2005-04-23,0.0
2005-04-24,0.0
2005-04-25,0.0
2005-04-26,0.0
2005-04-27,0.0
2005-04-28,0.0
2005-04-29,0.0
2005-04-30,0.0
2005-05-01,0.0
2005-05-02,34.05567
2005-05-03,0.0
2005-05-04,0.0
2005-05-05,26.214735
2005-05-06,0.0
2005-05-07,0.0
2005-05-08,0.0
2005-05-09,0.0
2005-05-10,0.0
2005-05-11,0.0
2005-05-12,0.0
2005-05-13,0.0
2005-05-14,0.0
2005-05-15,0.0
2005-05-16,0.0
2005-05-17,0.0
2005-05-18,0.0
2005-05-19,0.0
2005-05-20,0.0
2005-05-21,0.0
2005-05-22,0.0
2005-05-23,0.0
2005-05-24,0.0
2005-05-25,0.0
2005-05-26,0.0
2005-05-27,0.0
2005-05-28,0.0
2005-05-29,0.0
2005-05-30,0.0
2005-05-31,0.0
2005-06-01,0.0
2005-06-02,0.0
2005-06-03,0.0
2005-06-04,0.0
2005-06-05,0.0
2005-06-06,0.0
2005-06-07,0.0
2005-06-08,0.0
2005-06-09,0.0
2005-06-10,0.0
2005-06-11,0.0
2005-06-12,0.0
2005-06-13,0.0
2005-06-14,0.0
2005-06-15,0.0
2005-06-16,0.0
2005-06-17,0.0
2005-06-18,0.0
2005-06-19,0.0
2005-06-20,0.0
2005-06-21,0.0
2005-06-22,0.0
2005-06-23,0.0
2005-06-24,0.0
2005-06-25,0.0
2005-06-26,0.11127081
2005-06-27,0.0
2005-06-28,0.0
2005-06-29,0.0
2005-06-30,0.0
2005-07-01,0.0
2005-07-02,0.0
2005-07-03,0.0
2005-07-04,0.0
2005-07-05,0.102836825
2005-07-06,0.0
2005-07-07,0.0
2005-07-08,0.0
2005-07-09,0.0
2005-07-10,0.0
2005-07-11,0.52211684
2005-07-12,0.0
2005-07-13,0.0
2005-07-14,0.0
2005-07-15,0.0
2005-07-16,0.0
2005-07-17,9.139743
2005-07-18,4.5919085
2005-07-19,0.0
2005-07-20,0.0
2005-07-21,0.0
2005-07-22,0.0
2005-07-23,0.0
2005-07-24,0.0
2005-07-25,0.0
2005-07-26,0.0
2005-07-27,0.0
2005-07-28,0.18830445
2005-07-29,0.20542304
2005-07-30,4.549445
2005-07-31,0.0
2005-08-01,0.0
2005-08-02,0.0
2005-08-03,0.0
2005-08-04,0.0
2005-08-05,0.0
2005-08-06,0.0
2005-08-07,0.0
2005-08-08,0.0
2005-08-09,0.0
2005-08-10,0.0
2005-08-11,0.0
2005-08-12,18.368965
2005-08-13,0.68474346
2005-08-14,0.0
2005-08-15,4.549445
2005-08-16,0.0
2005-08-17,0.0
2005-08-18,0.0
2005-08-19,0.0
2005-08-20,0.0
2005-08-21,0.0
2005-08-22,0.0
2005-08-23,0.0
2005-08-24,0.0
2005-08-25,4.3994765
2005-08-26,20.665611
2005-08-27,5.6095314
2005-08-28,0.0
2005-08-29,0.0
2005-08-30,0.0
2005-08-31,0.0
2005-09-01,0.5539247
2005-09-02,0.0
2005-09-03,0.0
2005-09-04,0.0
2005-09-05,2.3880427
2005-09-06,0.0
2005-09-07,12.254577
2005-09-08,0.0
2005-09-09,9.12787
2005-09-10,0.0
2005-09-11,0.20184468
2005-09-12,0.0
2005-09-13,0.0
2005-09-14,0.0
2005-09-15,0.0
2005-09-16,0.58545876
2005-09-17,40.945007
2005-09-18,0.0
2005-09-19,0.0
2005-09-20,0.0
2005-09-21,0.0
2005-09-22,0.0
2005-09-23,0.0
2005-09-24,0.0
2005-09-25,0.0
2005-09-26,54.61046
2005-09-27,27.29667
2005-09-28,18.241
2005-09-29,19.407082
2005-09-30,4.729851
2005-10-01,0.0
2005-10-02,0.0
2005-10-03,4.549445
2005-10-04,0.0
2005-10-05,0.0
2005-10-06,0.0
2005-10-07,0.0
2005-10-08,0.0
2005-10-09,0.44034815
2005-10-10,0.0
2005-10-11,0.20093866
2005-10-12,1.5524948
2005-10-13,0.0
2005-10-14,14.004124
2005-10-15,0.0
2005-10-16,0.0
2005-10-17,0.0
2005-10-18,4.5683727
2005-10-19,1.1089463
2005-10-20,26.302462
2005-10-21,0.0
2005-10-22,0.105881155
2005-10-23,23.182545
2005-10-24,4.7274337
2005-10-25,10.2669935
2005-10-26,24.164375
2005-10-27,20.972786
2005-10-28,5.722069
2005-10-29,0.0
2005-10-30,9.201602
2005-10-31,0.0
2005-11-01,0.0
2005-11-02,4.593594
2005-11-03,18.481266
2005-11-04,13.881462
2005-11-05,57.741997
2005-11-06,89.70025
2005-11-07,55.5082
2005-11-08,222.54568
2005-11-09,81.86612
2005-11-10,9.808294
2005-11-11,0.0
2005-11-12,0.0
2005-11-13,4.6808085
2005-11-14,0.0
2005-11-15,0.0
2005-11-16,0.0
2005-11-17,0.0
2005-11-18,0.0
2005-11-19,0.0
2005-11-20,0.0
2005-11-21,14.430186
2005-11-22,208.21231
2005-11-23,40.156628
2005-11-24,113.83655
2005-11-25,46.33853
2005-11-26,1.6723586
2005-11-27,6.1654296
2005-11-28,28.037546
2005-11-29,0.0
2005-11-30,0.0
2005-12-01,0.0
2005-12-02,0.0
2005-12-03,9.88166
2005-12-04,131.78178
2005-12-05,0.0
2005-12-06,0.0
2005-12-07,0.0
2005-12-08,0.0
2005-12-09,0.0
2005-12-10,35.396343
2005-12-11,20.612486
2005-12-12,4.722424
2005-12-13,6.228542
2005-12-14,3.0833378
2005-12-15,0.0
2005-12-16,0.0
2005-12-17,0.0
2005-12-18,1.0130906
2005-12-19,0.18900882
2005-12-20,0.0
2005-12-21,0.0
2005-12-22,0.0
2005-12-23,0.0
2005-12-24,0.0
2005-12-25,0.0
2005-12-26,0.0
2005-12-27,0.0
2005-12-28,0.0
2005-12-29,0.20542304
2005-12-30,0.0
2005-12-31,0.0
2006-01-01,0.0
2006-01-02,0.0
2006-01-03,0.0
2006-01-04,0.0
2006-01-05,26.578524
2006-01-06,21.204023
2006-01-07,4.615313
2006-01-08,6.996377
2006-01-09,2.6321616
2006-01-10,0.0
2006-01-11,0.0
2006-01-12,0.0
2006-01-13,0.0
2006-01-14,0.0
2006-01-15,0.0
2006-01-16,0.0
2006-01-17,0.0
2006-01-18,0.0
2006-01-19,0.0
2006-01-20,0.0
2006-01-21,0.0
2006-01-22,0.0
2006-01-23,0.0
2006-01-24,0.0
2006-01-25,0.0
2006-01-26,0.0
2006-01-27,0.0
2006-01-28,0.0
2006-01-29,0.0
2006-01-30,0.0
2006-01-31,0.0
2006-02-01,0.0
2006-02-02,0.0
2006-02-03,0.0
2006-02-04,0.0
2006-02-05,0.0
2006-02-06,0.0
2006-02-07,0.0
2006-02-08,0.0
2006-02-09,0.0
2006-02-10,0.0
2006-02-11,0.0
2006-02-12,0.0
2006-02-13,0.0
2006-02-14,0.0
2006-02-15,0.0
2006-02-16,0.0
2006-02-17,0.0
2006-02-18,0.0
2006-02-19,0.0
2006-02-20,0.0
2006-02-21,0.0
2006-02-22,0.0
2006-02-23,0.0
2006-02-24,0.0
2006-02-25,0.0
2006-02-26,0.0
2006-02-27,0.0
2006-02-28,0.0
2006-03-01,0.0
2006-03-02,0.0
2006-03-03,0.0
2006-03-04,1.1827775
2006-03-05,0.0
2006-03-06,0.0
2006-03-07,0.0
2006-03-08,0.0
2006-03-09,0.0
2006-03-10,0.0
2006-03-11,11.538283
2006-03-12,21.176172
2006-03-13,0.0
2006-03-14,0.0
2006-03-15,0.0
2006-03-16,0.0
2006-03-17,0.0
2006-03-18,0.0
2006-03-19,0.0
2006-03-20,0.0
2006-03-21,0.0
2006-03-22,0.0
2006-03-23,0.0
2006-03-24,0.0
2006-03-25,0.0
2006-03-26,0.0
2006-03-27,0.0
2006-03-28,0.0
2006-03-29,0.0
2006-03-30,0.0
2006-03-31,0.0
2006-04-01,0.0
2006-04-02,0.0
2006-04-03,0.0
2006-04-04,0.0
2006-04-05,0.0
2006-04-06,0.0
2006-04-07,0.0
2006-04-08,0.0
2006-04-09,0.0
2006-04-10,0.0
2006-04-11,0.0
2006-04-12,0.0
2006-04-13,0.0
2006-04-14,0.0
2006-04-15,0.0
2006-04-16,0.0
2006-04-17,0.0
2006-04-18,3.1829088
2006-04-19,0.0
2006-04-20,0.0
2006-04-21,0.0
2006-04-22,0.0
2006-04-23,15.073102
2006-04-24,0.0
2006-04-25,0.0
2006-04-26,0.0
2006-04-27,0.0
2006-04-28,0.0
2006-04-29,0.0
2006-04-30,0.0
2006-05-01,0.0
2006-05-02,0.0
2006-05-03,0.0
2006-05-04,0.26881307
2006-05-05,0.0
2006-05-06,0.0
2006-05-07,0.0
2006-05-08,0.0
2006-05-09,0.0
2006-05-10,0.0
2006-05-11,0.0
2006-05-12,0.0
2006-05-13,0.0
2006-05-14,0.0
2006-05-15,0.0
2006-05-16,0.0
2006-05-17,0.0
2006-05-18,0.0
2006-05-19,12.189974
2006-05-20,0.0
2006-05-21,0.0
2006-05-22,0.0
2006-05-23,0.0
2006-05-24,0.0
2006-05-25,0.0
2006-05-26,2.3248682
2006-05-27,22.039995
2006-05-28,0.0
2006-05-29,0.0
2006-05-30,0.0
2006-05-31,0.0
2006-06-01,0.0
2006-06-02,0.0
2006-06-03,0.0
2006-06-04,0.17811923
2006-06-05,11.839906
2006-06-06,0.0
2006-06-07,0.0
2006-06-08,0.0
2006-06-09,0.0
2006-06-10,0.0
2006-06-11,0.0
2006-06-12,0.0
2006-06-13,0.0
2006-06-14,7.8427505
2006-06-15,0.2589049
2006-06-16,0.0
2006-06-17,2.1374307
2006-06-18,0.0
2006-06-19,0.0
2006-06-20,0.0
2006-06-21,0.0
2006-06-22,0.0
2006-06-23,0.0
2006-06-24,0.0
2006-06-25,0.0
2006-06-26,0.0
2006-06-27,0.0
2006-06-28,0.0
2006-06-29,0.0
2006-06-30,0.0
2006-07-01,0.0
2006-07-02,0.0
2006-07-03,0.0
2006-07-04,0.0
2006-07-05,0.0
2006-07-06,0.0
2006-07-07,0.0
2006-07-08,0.0
2006-07-09,0.0
2006-07-10,0.0
2006-07-11,1.648326
2006-07-12,4.5874662
2006-07-13,0.0
2006-07-14,0.0
2006-07-15,0.88236725
2006-07-16,0.6302623
2006-07-17,0.0
2006-07-18,9.830284
2006-07-19,0.0
2006-07-20,2.4724894
2006-07-21,0.0
2006-07-22,0.0
2006-07-23,0.0
2006-07-24,0.0
2006-07-25,0.0
2006-07-26,0.0
2006-07-27,0.0
2006-07-28,0.0
2006-07-29,0.0
2006-07-30,0.0
2006-07-31,0.0
2006-08-01,0.0
2006-08-02,0.0
2006-08-03,0.0
2006-08-04,0.0
2006-08-05,0.0
2006-08-06,0.0
2006-08-07,0.0
2006-08-08,7.7509384
2006-08-09,1.0097183
2006-08-10,1.2468346
2006-08-11,0.0
2006-08-12,0.0
2006-08-13,0.0
2006-08-14,0.0
2006-08-15,1.9997591
2006-08-16,0.108394384
2006-08-17,0.0
2006-08-18,0.4268489
2006-08-19,0.94880676
2006-08-20,0.0
2006-08-21,1.2468346
2006-08-22,0.0
2006-08-23,0.0
2006-08-24,33.763268
2006-08-25,7.4099283
2006-08-26,0.0
2006-08-27,0.0
2006-08-28,0.0
2006-08-29,0.0
2006-08-30,0.0
2006-08-31,0.0
2006-09-01,5.232882
2006-09-02,7.5841665
2006-09-03,0.0
2006-09-04,0.47671565
2006-09-05,0.0
2006-09-06,0.0
2006-09-07,0.0
2006-09-08,0.21183126
2006-09-09,0.0
2006-09-10,0.0
2006-09-11,0.0
2006-09-12,0.0
2006-09-13,0.0
2006-09-14,0.0
2006-09-15,0.0
2006-09-16,0.0
2006-09-17,0.0
2006-09-18,0.0
2006-09-19,0.0
2006-09-20,0.0
2006-09-21,0.0
2006-09-22,0.0
2006-09-23,0.0
2006-09-24,0.2824417
2006-09-25,1.9930238
2006-09-26,6.259228
2006-09-27,0.0
2006-09-28,2.2096758
2006-09-29,0.31880698
2006-09-30,8.065995
2006-10-01,0.0
2006-10-02,0.0
2006-10-03,0.0
2006-10-04,0.0
2006-10-05,13.796336
2006-10-06,0.0
2006-10-07,17.739141
2006-10-08,3.8023772
2006-10-09,24.39802
2006-10-10,0.0
2006-10-11,0.0
2006-10-12,4.661214
2006-10-13,0.0
2006-10-14,0.0
2006-10-15,0.0
2006-10-16,22.577707
2006-10-17,7.158876
2006-10-18,0.53435767
2006-10-19,5.2080407
2006-10-20,15.404522
2006-10-21,1.6798382
2006-10-22,10.15844
2006-10-23,26.654385
2006-10-24,98.59959
2006-10-25,13.885674
2006-10-26,94.91784
2006-10-27,134.84058
2006-10-28,89.61574
2006-10-29,78.3048
2006-10-30,0.0
2006-10-31,0.0
2006-11-01,0.3381251
2006-11-02,27.173641
2006-11-03,20.971163
2006-11-04,11.855121
2006-11-05,4.261779
2006-11-06,5.8414235
2006-11-07,19.057522
2006-11-08,20.187544
2006-11-09,0.0
2006-11-10,3.6262438
2006-11-11,50.261646
2006-11-12,23.152884
2006-11-13,46.809875
2006-11-14,76.71193
2006-11-15,9.72178
2006-11-16,39.66433
2006-11-17,16.542627
2006-11-18,33.16612
2006-11-19,12.6890335
2006-11-20,5.852176
2006-11-21,65.30091
2006-11-22,4.3968363
2006-11-23,0.0
2006-11-24,0.0
2006-11-25,0.0
2006-11-26,2.8298948
2006-11-27,6.7637296
2006-11-28,12.457069
2006-11-29,0.21744892
2006-11-30,5.0938983
2006-12-01,0.0
2006-12-02,0.0
2006-12-03,0.0
2006-12-04,0.0
2006-12-05,0.0
2006-12-06,0.0
2006-12-07,0.0
2006-12-08,0.0
2006-12-09,9.075778
2006-12-10,49.873688
2006-12-11,20.30915
2006-12-12,65.209015
2006-12-13,0.0
2006-12-14,0.0
2006-12-15,0.0
2006-12-16,0.0
2006-12-17,0.0
2006-12-18,0.0
2006-12-19,0.0
2006-12-20,0.0
2006-12-21,0.0
2006-12-22,0.0
2006-12-23,0.0
2006-12-24,0.0
2006-12-25,0.0
2006-12-26,0.0
2006-12-27,0.0
2006-12-28,0.0
2006-12-29,0.0
2006-12-30,0.0
2006-12-31,0.0
2007-01-01,0.0
2007-01-02,0.0
2007-01-03,0.0
2007-01-04,0.0
2007-01-05,0.0
2007-01-06,0.0
2007-01-07,0.0
2007-01-08,0.0
2007-01-09,0.0
2007-01-10,0.0
2007-01-11,0.0
2007-01-12,0.0
2007-01-13,0.0
2007-01-14,0.0
2007-01-15,0.0
2007-01-16,0.0
2007-01-17,0.0
2007-01-18,0.0
2007-01-19,0.0
2007-01-20,0.0
2007-01-21,0.0
2007-01-22,0.0
2007-01-23,0.0
2007-01-24,0.0
2007-01-25,0.0
2007-01-26,0.0
2007-01-27,0.0
2007-01-28,0.0
2007-01-29,0.0
2007-01-30,0.0
2007-01-31,0.0
2007-02-01,0.0
2007-02-02,0.0
2007-02-03,0.0
2007-02-04,0.0
2007-02-05,0.0
2007-02-06,0.0
2007-02-07,0.0
2007-02-08,0.0
2007-02-09,0.0
2007-02-10,0.0
2007-02-11,1.1649767
2007-02-12,0.0
2007-02-13,0.0
2007-02-14,0.0
2007-02-15,0.0
2007-02-16,0.0
2007-02-17,0.0
2007-02-18,16.22605
2007-02-19,0.0
2007-02-20,0.0
2007-02-21,0.0
2007-02-22,0.0
2007-02-23,0.0
2007-02-24,0.0
2007-02-25,0.0
2007-02-26,0.0
2007-02-27,0.0
2007-02-28,0.0
2007-03-01,0.0
2007-03-02,0.0
2007-03-03,0.0
2007-03-04,0.0
2007-03-05,0.0
2007-03-06,0.0
2007-03-07,0.0
2007-03-08,0.0
2007-03-09,0.0
2007-03-10,0.0
2007-03-11,0.0
2007-03-12,0.0
2007-03-13,0.0
2007-03-14,0.0
2007-03-15,0.0
2007-03-16,0.0
2007-03-17,0.0
2007-03-18,0.0
2007-03-19,0.0
2007-03-20,0.0
2007-03-21,0.0
2007-03-22,0.0
2007-03-23,0.0
2007-03-24,0.0
2007-03-25,0.0
2007-03-26,0.0
2007-03-27,0.0
2007-03-28,0.0
2007-03-29,0.0
2007-03-30,0.0
2007-03-31,0.0
2007-04-01,0.0
2007-04-02,0.0
2007-04-03,0.0
2007-04-04,0.0
2007-04-05,0.0
2007-04-06,0.0
2007-04-07,0.0
2007-04-08,0.0
2007-04-09,0.0
2007-04-10,0.0
2007-04-11,0.0
2007-04-12,0.0
2007-04-13,0.0
2007-04-14,0.0
2007-04-15,0.0
2007-04-16,0.0
2007-04-17,0.0
2007-04-18,15.093964
2007-04-19,0.0
2007-04-20,0.35083345
2007-04-21,0.0
2007-04-22,0.0
2007-04-23,0.0
2007-04-24,0.0
2007-04-25,0.0
2007-04-26,0.0
2007-04-27,0.0
2007-04-28,0.0
2007-04-29,0.0
2007-04-30,0.0
2007-05-01,0.0
2007-05-02,0.0
2007-05-03,14.090495
2007-05-04,0.0
2007-05-05,0.0
2007-05-06,0.0
2007-05-07,0.0
2007-05-08,0.0
2007-05-09,0.0
2007-05-10,0.0
2007-05-11,0.0
2007-05-12,0.0
2007-05-13,0.0
2007-05-14,0.0
2007-05-15,0.0
2007-05-16,0.0
2007-05-17,0.0
2007-05-18,0.0
2007-05-19,0.0
2007-05-20,0.0
2007-05-21,0.0
2007-05-22,0.0
2007-05-23,0.0
2007-05-24,0.0
2007-05-25,0.0
2007-05-26,0.0
2007-05-27,0.0
2007-05-28,0.0
2007-05-29,0.0
2007-05-30,0.0
2007-05-31,0.0
2007-06-01,0.0
2007-06-02,0.0
2007-06-03,0.0
2007-06-04,0.0
2007-06-05,0.0
2007-06-06,0.0
2007-06-07,0.0
2007-06-08,13.658161
2007-06-09,0.0
2007-06-10,0.0
2007-06-11,0.0
2007-06-12,1.7477603
2007-06-13,0.0
2007-06-14,0.0
2007-06-15,0.9924159
2007-06-16,0.0
2007-06-17,0.0
2007-06-18,0.0
2007-06-19,1.8125443
2007-06-20,0.0
2007-06-21,0.0
2007-06-22,0.0
2007-06-23,0.0
2007-06-24,0.0
2007-06-25,0.0
2007-06-26,0.58248836
2007-06-27,0.0
2007-06-28,0.0
2007-06-29,0.0
2007-06-30,0.0
2007-07-01,0.0
2007-07-02,0.0
2007-07-03,0.0
2007-07-04,0.0
2007-07-05,0.0
2007-07-06,0.0
2007-07-07,0.0
2007-07-08,0.0
2007-07-09,0.0
2007-07-10,2.912442
2007-07-11,0.0
2007-07-12,21.382376
2007-07-13,0.0
2007-07-14,1.1867682
2007-07-15,0.0
2007-07-16,0.0
2007-07-17,0.0
2007-07-18,0.0
2007-07-19,0.0
2007-07-20,0.0
2007-07-21,2.3735363
2007-07-22,0.0
2007-07-23,0.0
2007-07-24,0.970814
2007-07-25,0.0
2007-07-26,3.3687725
2007-07-27,29.146658
2007-07-28,0.0
2007-07-29,0.0
2007-07-30,18.016026
2007-07-31,4.6816983
2007-08-01,1.7001715
2007-08-02,44.658417
2007-08-03,0.0
2007-08-04,0.0
2007-08-05,0.0
2007-08-06,0.0
2007-08-07,0.0
2007-08-08,0.0
2007-08-09,1.1206362
2007-08-10,7.5568657
2007-08-11,0.0
2007-08-12,0.0
2007-08-13,0.0
2007-08-14,0.0
2007-08-15,0.0
2007-08-16,0.0
2007-08-17,0.0
2007-08-18,0.0
2007-08-19,10.464175
2007-08-20,0.0
2007-08-21,0.29236123
2007-08-22,0.4093057
2007-08-23,0.0
2007-08-24,4.324497
2007-08-25,1.8407073
2007-08-26,17.067774
2007-08-27,0.0
2007-08-28,0.0
2007-08-29,6.0990186
2007-08-30,25.031078
2007-08-31,0.0
2007-09-01,0.0
2007-09-02,0.0
2007-09-03,0.0
2007-09-04,0.0
2007-09-05,0.0
2007-09-06,0.0
2007-09-07,0.0
2007-09-08,0.71764845
2007-09-09,0.0
2007-09-10,0.0
2007-09-11,0.0
2007-09-12,0.0
2007-09-13,0.0
2007-09-14,0.4784323
2007-09-15,0.0
2007-09-16,12.022476
2007-09-17,3.4917603
2007-09-18,9.367559
2007-09-19,0.0
2007-09-20,0.0
2007-09-21,0.0
2007-09-22,0.0
2007-09-23,0.0
2007-09-24,0.0
2007-09-25,0.0
2007-09-26,0.0
2007-09-27,0.0
2007-09-28,0.0
2007-09-29,6.0420737
2007-09-30,0.0
2007-10-01,0.0
2007-10-02,0.0
2007-10-03,0.0
2007-10-04,0.0
2007-10-05,0.0
2007-10-06,0.0
2007-10-07,0.0
2007-10-08,0.0
2007-10-09,0.0
2007-10-10,0.0
2007-10-11,0.0
2007-10-12,0.0
2007-10-13,0.0
2007-10-14,24.179987
2007-10-15,8.737326
2007-10-16,0.0
2007-10-17,0.0
2007-10-18,13.609246
2007-10-19,5.69056
2007-10-20,11.811168
2007-10-21,7.519648
2007-10-22,11.732594
2007-10-23,24.545824
2007-10-24,121.205376
2007-10-25,161.64569
2007-10-26,36.888386
2007-10-27,108.485954
2007-10-28,29.691246
2007-10-29,4.870432
2007-10-30,12.316336
2007-10-31,2.6905603
2007-11-01,6.62158
2007-11-02,0.0
2007-11-03,0.0
2007-11-04,11.48254
2007-11-05,24.606514
2007-11-06,0.0
2007-11-07,0.0
2007-11-08,0.0
2007-11-09,0.0
2007-11-10,0.0
2007-11-11,0.0
2007-11-12,0.0
2007-11-13,0.0
2007-11-14,0.0
2007-11-15,0.0
2007-11-16,0.0
2007-11-17,0.0
2007-11-18,0.0
2007-11-19,5.124105
2007-11-20,5.738525
2007-11-21,20.54804
2007-11-22,0.0
2007-11-23,0.0
2007-11-24,0.0
2007-11-25,0.0
2007-11-26,0.0
2007-11-27,0.0
2007-11-28,0.0
2007-11-29,0.0
2007-11-30,0.0
2007-12-01,0.0
2007-12-02,0.0
2007-12-03,3.0290847
2007-12-04,0.0
2007-12-05,7.182578
2007-12-06,0.23388898
2007-12-07,12.249706
2007-12-08,0.0
2007-12-09,0.0
2007-12-10,0.0
2007-12-11,0.0
2007-12-12,0.0
2007-12-13,0.0
2007-12-14,58.357876
2007-12-15,18.332575
2007-12-16,0.0
2007-12-17,4.5023627
2007-12-18,56.95478
2007-12-19,86.71313
2007-12-20,38.280518
2007-12-21,9.538327
2007-12-22,0.0
2007-12-23,0.0
2007-12-24,0.0
2007-12-25,0.0
2007-12-26,0.0
2007-12-27,0.0
2007-12-28,0.0
2007-12-29,0.0
2007-12-30,0.0
2007-12-31,0.0
2008-01-01,0.0
2008-01-02,0.0
2008-01-03,0.0
2008-01-04,7.620886
2008-01-05,85.92097
2008-01-06,0.0
2008-01-07,0.0
2008-01-08,0.0
2008-01-09,0.0
2008-01-10,0.0
2008-01-11,0.0
2008-01-12,0.0
2008-01-13,0.0
2008-01-14,0.0
2008-01-15,0.0
2008-01-16,0.0
2008-01-17,0.0
2008-01-18,0.0
2008-01-19,0.0
2008-01-20,0.0
2008-01-21,0.0
2008-01-22,0.0
2008-01-23,0.0
2008-01-24,0.0
2008-01-25,0.0
2008-01-26,0.0
2008-01-27,0.0
2008-01-28,0.0
2008-01-29,0.0
2008-01-30,0.0
2008-01-31,0.0
2008-02-01,0.0
2008-02-02,0.0
2008-02-03,0.0
2008-02-04,0.0
2008-02-05,0.0
2008-02-06,0.0
2008-02-07,0.0
2008-02-08,0.0
2008-02-09,0.62668097
2008-02-10,7.6280055
2008-02-11,0.39836016
2008-02-12,0.799501
2008-02-13,0.0
2008-02-14,0.0
2008-02-15,0.0
2008-02-16,0.3786285
2008-02-17,0.0
2008-02-18,0.0
2008-02-19,0.0
2008-02-20,0.0
2008-02-21,0.0
2008-02-22,0.0
2008-02-23,0.0
2008-02-24,0.0
2008-02-25,0.0
2008-02-26,0.0
2008-02-27,0.0
2008-02-28,0.0
2008-02-29,0.0
2008-03-01,4.076612
2008-03-02,2.2713726
2008-03-03,8.046241
2008-03-04,0.0
2008-03-05,0.0
2008-03-06,0.0
2008-03-07,0.0
2008-03-08,0.0
2008-03-09,0.0
2008-03-10,0.0
2008-03-11,2.1743686
2008-03-12,43.367916
2008-03-13,25.1751
2008-03-14,1.9848317
2008-03-15,3.3745706
2008-03-16,1.2455297
2008-03-17,0.733586
2008-03-18,2.1082976
2008-03-19,1.5206275
2008-03-20,3.8351736
2008-03-21,14.758093
2008-03-22,46.300453
2008-03-23,30.978134
2008-03-24,2.78823
2008-03-25,0.5425215
2008-03-26,0.0
2008-03-27,0.0
2008-03-28,0.0
2008-03-29,0.0
2008-03-30,0.0
2008-03-31,1.7518048
2008-04-01,26.937342
2008-04-02,0.0
2008-04-03,0.0
2008-04-04,0.0
2008-04-05,0.0
2008-04-06,0.0
2008-04-07,0.0
2008-04-08,0.0
2008-04-09,0.0
2008-04-10,0.0
2008-04-11,0.10721902
2008-04-12,0.0
2008-04-13,0.0
2008-04-14,0.0
2008-04-15,0.0
2008-04-16,0.0
2008-04-17,0.0
2008-04-18,0.0
2008-04-19,0.0
2008-04-20,0.0
2008-04-21,0.0
2008-04-22,0.0
2008-04-23,0.0
2008-04-24,0.0
2008-04-25,0.0
2008-04-26,2.9196043
2008-04-27,0.0
2008-04-28,0.0
2008-04-29,0.0
2008-04-30,0.0
2008-05-01,0.0
2008-05-02,0.0
2008-05-03,0.0
2008-05-04,1.1375251
2008-05-05,0.0
2008-05-06,0.0
2008-05-07,0.0
2008-05-08,0.0
2008-05-09,0.0
2008-05-10,0.0
2008-05-11,0.0
2008-05-12,0.0
2008-05-13,10.586155
2008-05-14,0.0
2008-05-15,8.435973
2008-05-16,0.0
2008-05-17,0.0
2008-05-18,0.0
2008-05-19,0.0
2008-05-20,0.0
2008-05-21,0.0
2008-05-22,0.22618362
2008-05-23,16.622654
2008-05-24,0.0
2008-05-25,0.0
2008-05-26,0.0
2008-05-27,0.0
2008-05-28,0.0
2008-05-29,0.0
2008-05-30,0.0
2008-05-31,0.0
2008-06-01,0.0
2008-06-02,0.0
2008-06-03,0.0
2008-06-04,0.0
2008-06-05,0.7841807
2008-06-06,0.0
2008-06-07,0.0
2008-06-08,1.5300157
2008-06-09,38.40815
2008-06-10,0.0
2008-06-11,0.0
2008-06-12,26.542252
2008-06-13,0.56876254
2008-06-14,0.0
2008-06-15,0.0
2008-06-16,0.0
2008-06-17,0.85314375
2008-06-18,0.0
2008-06-19,1.9906687
2008-06-20,0.0
2008-06-21,0.0
2008-06-22,0.0
2008-06-23,0.47153425
2008-06-24,0.0
2008-06-25,0.0
2008-06-26,0.0
2008-06-27,0.0
2008-06-28,0.0
2008-06-29,0.0
2008-06-30,0.0
2008-07-01,0.0
2008-07-02,1.3281262
2008-07-03,0.0
2008-07-04,0.0
2008-07-05,0.0
2008-07-06,0.0
2008-07-07,1.4219064
2008-07-08,0.28438127
2008-07-09,0.0
2008-07-10,0.0
2008-07-11,0.0
2008-07-12,0.0
2008-07-13,0.0
2008-07-14,0.0
2008-07-15,0.0
2008-07-16,0.0
2008-07-17,0.0
2008-07-18,6.6441846
2008-07-19,0.34917367
2008-07-20,0.0
2008-07-21,37.06732
2008-07-22,0.0
2008-07-23,0.0
2008-07-24,0.0
2008-07-25,2.7604861
2008-07-26,0.0
2008-07-27,0.0
2008-07-28,0.0
2008-07-29,0.0
2008-07-30,7.109532
2008-07-31,0.0
2008-08-01,12.891952
2008-08-02,0.8548793
2008-08-03,0.0
2008-08-04,34.318752
2008-08-05,0.22990859
2008-08-06,0.0
2008-08-07,0.0
2008-08-08,0.0
2008-08-09,0.0
2008-08-10,0.0
2008-08-11,0.0
2008-08-12,0.2713779
2008-08-13,0.0
2008-08-14,0.52408177
2008-08-15,0.28438127
2008-08-16,0.28546524
2008-08-17,1.5001535
2008-08-18,0.2097916
2008-08-19,4.7614646
2008-08-20,0.123402074
2008-08-21,0.13108848
2008-08-22,0.87547415
2008-08-23,11.375251
2008-08-24,2.2750502
2008-08-25,0.581908
2008-08-26,0.0
2008-08-27,0.0
2008-08-28,0.0
2008-08-29,0.0
2008-08-30,0.0
2008-08-31,0.1867661
2008-09-01,0.0
2008-09-02,0.0
2008-09-03,0.0
2008-09-04,0.0
2008-09-05,0.0
2008-09-06,0.116391234
2008-09-07,14.015395
2008-09-08,0.337843
2008-09-09,0.6466179
2008-09-10,0.0
2008-09-11,0.0
2008-09-12,0.0
2008-09-13,0.0
2008-09-14,0.0
2008-09-15,0.0
2008-09-16,0.0
2008-09-17,0.0
2008-09-18,0.0
2008-09-19,0.0
2008-09-20,0.7500768
2008-09-21,24.40445
2008-09-22,0.0
2008-09-23,0.0
2008-09-24,0.0
2008-09-25,0.0
2008-09-26,0.0
2008-09-27,0.0
2008-09-28,0.0
2008-09-29,0.0
2008-09-30,0.0
2008-10-01,0.0
2008-10-02,0.0
2008-10-03,0.0
2008-10-04,24.077614
2008-10-05,0.0
2008-10-06,0.0
2008-10-07,0.0
2008-10-08,0.0
2008-10-09,0.0
2008-10-10,0.0
2008-10-11,0.0
2008-10-12,19.689281
2008-10-13,24.063463
2008-10-14,15.906579
2008-10-15,17.251442
2008-10-16,34.542473
2008-10-17,3.3947048
2008-10-18,6.3186097
2008-10-19,62.951122
2008-10-20,3.390083
2008-10-21,89.3229
2008-10-22,12.040177
2008-10-23,13.032204
2008-10-24,3.2548206
2008-10-25,0.0
2008-10-26,1.8192286
2008-10-27,1.923672
2008-10-28,0.0
2008-10-29,0.0
2008-10-30,0.0
2008-10-31,0.0
2008-11-01,0.0
2008-11-02,0.0
2008-11-03,0.0
2008-11-04,0.0
2008-11-05,0.0
2008-11-06,0.0
2008-11-07,0.0
2008-11-08,0.0
2008-11-09,0.0
2008-11-10,0.0
2008-11-11,0.28689846
2008-11-12,0.61914766
2008-11-13,0.0
2008-11-14,0.0
2008-11-15,0.0
2008-11-16,0.0
2008-11-17,0.0
2008-11-18,2.3720815
2008-11-19,16.021414
2008-11-20,25.596352
2008-11-21,0.24844882
2008-11-22,51.51829
2008-11-23,22.336214
2008-11-24,92.322014
2008-11-25,70.00535
2008-11-26,215.68987
2008-11-27,111.595406
2008-11-28,209.42099
2008-11-29,5.8772125
2008-11-30,29.41691
2008-12-01,4.7655525
2008-12-02,0.0
2008-12-03,0.0
2008-12-04,0.0
2008-12-05,0.0
2008-12-06,0.0
2008-12-07,0.0
2008-12-08,0.28564203
2008-12-09,40.903206
2008-12-10,18.059275
2008-12-11,0.9739384
2008-12-12,0.0
2008-12-13,0.117554545
2008-12-14,2.2026088
2008-12-15,24.130644
2008-12-16,0.5795885
2008-12-17,0.0
2008-12-18,0.0
2008-12-19,0.0
2008-12-20,0.0
2008-12-21,0.0
2008-12-22,0.0
2008-12-23,0.0
2008-12-24,0.0
2008-12-25,0.0
2008-12-26,0.0
2008-12-27,0.0
2008-12-28,0.0
2008-12-29,0.0
2008-12-30,0.0
2008-12-31,0.0
2009-01-01,0.0
2009-01-02,0.0
2009-01-03,0.0
2009-01-04,0.0
2009-01-05,0.0
2009-01-06,0.21398236
2009-01-07,21.012785
2009-01-08,19.20502
2009-01-09,0.0
2009-01-10,0.0
2009-01-11,0.0
2009-01-12,0.0
2009-01-13,0.0
2009-01-14,0.0
2009-01-15,8.246147
2009-01-16,0.0
2009-01-17,0.0
2009-01-18,0.0
2009-01-19,0.0
2009-01-20,0.0
2009-01-21,0.0
2009-01-22,0.0
2009-01-23,0.0
2009-01-24,0.0
2009-01-25,0.0
2009-01-26,0.0
2009-01-27,0.0
2009-01-28,0.0
2009-01-29,0.0
2009-01-30,0.0
2009-01-31,0.0
2009-02-01,0.0
2009-02-02,0.0
2009-02-03,0.0
2009-02-04,0.0
2009-02-05,0.0
2009-02-06,0.0
2009-02-07,0.0
2009-02-08,0.0
2009-02-09,0.0
2009-02-10,0.0
2009-02-11,0.0
2009-02-12,0.0
2009-02-13,0.0
2009-02-14,0.0
2009-02-15,0.0
2009-02-16,0.0
2009-02-17,0.0
2009-02-18,0.0
2009-02-19,0.0
2009-02-20,0.0
2009-02-21,0.0
2009-02-22,0.0
2009-02-23,0.0
2009-02-24,0.0
2009-02-25,0.0
2009-02-26,0.0
2009-02-27,0.0
2009-02-28,0.0
2009-03-01,0.0
2009-03-02,0.0
2009-03-03,0.0
2009-03-04,0.0
2009-03-05,0.0
2009-03-06,0.0
2009-03-07,0.0
2009-03-08,0.0
2009-03-09,4.549445
2009-03-10,120.55942
2009-03-11,9.806886
2009-03-12,0.0
2009-03-13,0.0
2009-03-14,0.0
2009-03-15,0.0
2009-03-16,0.0
2009-03-17,0.0
2009-03-18,0.0
2009-03-19,0.0
2009-03-20,0.0
2009-03-21,0.0
2009-03-22,0.0
2009-03-23,0.0
2009-03-24,0.0
2009-03-25,0.0
2009-03-26,0.0
2009-03-27,0.0
2009-03-28,0.0
2009-03-29,0.0
2009-03-30,0.0
2009-03-31,0.0
2009-04-01,0.0
2009-04-02,0.0
2009-04-03,0.0
2009-04-04,0.0
2009-04-05,0.0
2009-04-06,0.0
2009-04-07,0.0
2009-04-08,0.0
2009-04-09,0.0
2009-04-10,0.0
2009-04-11,14.591815
2009-04-12,27.122885
2009-04-13,0.0
2009-04-14,0.0
2009-04-15,0.0
2009-04-16,0.0
2009-04-17,0.0
2009-04-18,0.0
2009-04-19,0.0
2009-04-20,0.0
2009-04-21,0.0
2009-04-22,0.0
2009-04-23,0.0
2009-04-24,0.0
2009-04-25,0.0
2009-04-26,0.0
2009-04-27,0.0
2009-04-28,0.0
2009-04-29,0.0
2009-04-30,0.0
2009-05-01,0.0
2009-05-02,0.0
2009-05-03,0.0
2009-05-04,0.0
2009-05-05,0.20542306
2009-05-06,0.0
2009-05-07,0.0
2009-05-08,0.0
2009-05-09,0.0
2009-05-10,0.0
2009-05-11,0.0
2009-05-12,0.0
2009-05-13,0.0
2009-05-14,0.0
2009-05-15,0.0
2009-05-16,0.14127117
2009-05-17,0.0
2009-05-18,0.0
2009-05-19,0.0
2009-05-20,0.0
2009-05-21,0.0
2009-05-22,0.0
2009-05-23,0.0
2009-05-24,2.733555
2009-05-25,0.0
2009-05-26,0.0
2009-05-27,1.5149951
2009-05-28,0.0
2009-05-29,0.0
2009-05-30,0.0
2009-05-31,0.0
2009-06-01,0.0
2009-06-02,0.0
2009-06-03,0.0
2009-06-04,0.0
2009-06-05,0.0
2009-06-06,0.0
2009-06-07,0.0
2009-06-08,0.0
2009-06-09,0.0
2009-06-10,0.0
2009-06-11,0.0
2009-06-12,0.0
2009-06-13,0.0
2009-06-14,0.0
2009-06-15,0.0
2009-06-16,0.0
2009-06-17,0.0
2009-06-18,0.0
2009-06-19,0.0
2009-06-20,0.0
2009-06-21,0.0
2009-06-22,0.0
2009-06-23,0.0
2009-06-24,0.0
2009-06-25,0.0
2009-06-26,0.0
2009-06-27,0.0
2009-06-28,0.0
2009-06-29,0.0
2009-06-30,0.0
2009-07-01,0.0
2009-07-02,0.0
2009-07-03,0.0
2009-07-04,0.0
2009-07-05,5.3369
2009-07-06,0.0
2009-07-07,0.0
2009-07-08,0.0
2009-07-09,0.0
2009-07-10,0.0
2009-07-11,0.0
2009-07-12,0.0
2009-07-13,0.0
2009-07-14,0.0
2009-07-15,0.0
2009-07-16,0.3081346
2009-07-17,0.77033645
2009-07-18,0.0
2009-07-19,0.0
2009-07-20,0.0
2009-07-21,0.0
2009-07-22,0.0
2009-07-23,0.0
2009-07-24,0.0
2009-07-25,0.0
2009-07-26,0.0
2009-07-27,0.0
2009-07-28,0.0
2009-07-29,0.0
2009-07-30,17.443535
2009-07-31,6.0729995
2009-08-01,13.308584
2009-08-02,0.37333235
2009-08-03,0.0
2009-08-04,0.0
2009-08-05,0.10271153
2009-08-06,0.0
2009-08-07,0.0
2009-08-08,0.0
2009-08-09,0.0
2009-08-10,0.0
2009-08-11,0.14368983
2009-08-12,0.0
2009-08-13,0.17678078
2009-08-14,0.50828904
2009-08-15,0.0
2009-08-16,0.0
2009-08-17,3.0404062
2009-08-18,0.0
2009-08-19,0.0
2009-08-20,0.0
2009-08-21,0.0
2009-08-22,0.0
2009-08-23,0.0
2009-08-24,6.4469943
2009-08-25,0.0
2009-08-26,0.0
2009-08-27,0.0
2009-08-28,0.0
2009-08-29,0.0
2009-08-30,0.0
2009-08-31,0.86448866
2009-09-01,0.0
2009-09-02,12.741968
2009-09-03,0.0
2009-09-04,6.369223
2009-09-05,0.0
2009-09-06,0.0
2009-09-07,5.8076615
2009-09-08,0.0
2009-09-09,0.0
2009-09-10,0.0
2009-09-11,0.0
2009-09-12,0.0
2009-09-13,0.0
2009-09-14,0.0
2009-09-15,0.0
2009-09-16,7.3729954
2009-09-17,0.0
2009-09-18,0.0
2009-09-19,0.0
2009-09-20,34.59203
2009-09-21,2.1997385
2009-09-22,0.0
2009-09-23,0.0
2009-09-24,0.0
2009-09-25,0.0
2009-09-26,10.00878
2009-09-27,0.0
2009-09-28,0.0
2009-09-29,0.0
2009-09-30,3.6395562
2009-10-01,0.0
2009-10-02,0.0
2009-10-03,0.0
2009-10-04,0.0
2009-10-05,0.0
2009-10-06,0.0
2009-10-07,0.0
2009-10-08,0.0
2009-10-09,72.79112
2009-10-10,0.0
2009-10-11,0.0
2009-10-12,0.3021713
2009-10-13,0.0
2009-10-14,0.0
2009-10-15,0.0
2009-10-16,0.0
2009-10-17,0.0
2009-10-18,0.0
2009-10-19,0.0
2009-10-20,0.0
2009-10-21,0.0
2009-10-22,0.0
2009-10-23,0.0
2009-10-24,0.0
2009-10-25,0.0
2009-10-26,0.0
2009-10-27,0.0
2009-10-28,20.09075
2009-10-29,36.288765
2009-10-30,31.970564
2009-10-31,18.50499
2009-11-01,5.686347
2009-11-02,40.767075
2009-11-03,5.071504
2009-11-04,20.202787
2009-11-05,93.01497
2009-11-06,51.046463
2009-11-07,53.89163
2009-11-08,175.85146
2009-11-09,57.279106
2009-11-10,37.747845
2009-11-11,9.726629
2009-11-12,0.0
2009-11-13,0.0
2009-11-14,10.062681
2009-11-15,97.22283
2009-11-16,20.21084
2009-11-17,0.0
2009-11-18,24.40854
2009-11-19,31.846117
2009-11-20,0.0
2009-11-21,0.0
2009-11-22,34.54012
2009-11-23,2.894278
2009-11-24,2.80933
2009-11-25,0.0
2009-11-26,0.0
2009-11-27,0.0
2009-11-28,0.0
2009-11-29,0.1535509
2009-11-30,30.525888
2009-12-01,5.1944604
2009-12-02,25.922338
2009-12-03,28.862274
2009-12-04,0.15319872
2009-12-05,15.2296505
2009-12-06,0.0
2009-12-07,0.0
2009-12-08,0.0
2009-12-09,0.0
2009-12-10,0.0
2009-12-11,0.0
2009-12-12,0.0
2009-12-13,48.840904
2009-12-14,13.075674
2009-12-15,43.229362
2009-12-16,101.93721
2009-12-17,82.6007
2009-12-18,0.47550914
2009-12-19,0.0
2009-12-20,0.2975875
2009-12-21,0.4480887
2009-12-22,22.078543
2009-12-23,25.925632
2009-12-24,5.459334
2009-12-25,0.0
2009-12-26,0.0
2009-12-27,0.0
2009-12-28,0.0
2009-12-29,0.0
2009-12-30,0.0
2009-12-31,0.0
2010-01-01,0.0
2010-01-02,0.0
2010-01-03,0.0
2010-01-04,0.0
2010-01-05,0.0
2010-01-06,0.0
2010-01-07,0.0
2010-01-08,0.0
2010-01-09,15.325678
2010-01-10,12.89819
2010-01-11,2.055367
2010-01-12,0.0
2010-01-13,24.030296
2010-01-14,20.944523
2010-01-15,0.0
2010-01-16,0.0
2010-01-17,0.0
2010-01-18,0.0
2010-01-19,0.0
2010-01-20,0.0
2010-01-21,0.0
2010-01-22,0.0
2010-01-23,0.0
2010-01-24,0.0
2010-01-25,0.0
2010-01-26,0.0
2010-01-27,0.0
2010-01-28,0.0
2010-01-29,0.0
2010-01-30,0.0
2010-01-31,0.0
2010-02-01,0.0
2010-02-02,0.0
2010-02-03,0.0
2010-02-04,0.0
2010-02-05,0.0
2010-02-06,0.0
2010-02-07,0.0
2010-02-08,0.0
2010-02-09,0.0
2010-02-10,0.0
2010-02-11,0.0
2010-02-12,0.0
2010-02-13,0.0
2010-02-14,0.0
2010-02-15,0.0
2010-02-16,0.0
2010-02-17,0.0
2010-02-18,0.0
2010-02-19,0.0
2010-02-20,0.0
2010-02-21,0.0
2010-02-22,0.0
2010-02-23,0.0
2010-02-24,0.0
2010-02-25,0.0
2010-02-26,0.0
2010-02-27,0.0
2010-02-28,0.0
2010-03-01,0.0
2010-03-02,0.0
2010-03-03,0.0
2010-03-04,0.0
2010-03-05,0.0
2010-03-06,0.0
2010-03-07,0.0
2010-03-08,0.0
2010-03-09,0.0
2010-03-10,0.0
2010-03-11,0.0
2010-03-12,0.0
2010-03-13,0.0
2010-03-14,0.0
2010-03-15,0.0
2010-03-16,0.0
2010-03-17,0.0
2010-03-18,0.0
2010-03-19,0.0
2010-03-20,0.0
2010-03-21,0.0
2010-03-22,0.0
2010-03-23,0.0
2010-03-24,0.0
2010-03-25,0.0
2010-03-26,0.0
2010-03-27,0.0
2010-03-28,0.0
2010-03-29,0.0
2010-03-30,0.0
2010-03-31,0.0
2010-04-01,0.0
2010-04-02,0.0
2010-04-03,0.0
2010-04-04,0.0
2010-04-05,0.0
2010-04-06,0.0
2010-04-07,0.0
2010-04-08,0.0
2010-04-09,0.0
2010-04-10,0.0
2010-04-11,0.0
2010-04-12,0.0
2010-04-13,0.0
2010-04-14,0.0
2010-04-15,0.0
2010-04-16,0.0
2010-04-17,0.0
2010-04-18,0.0
2010-04-19,0.0
2010-04-20,0.0
2010-04-21,0.0
2010-04-22,0.0
2010-04-23,0.0
2010-04-24,0.0
2010-04-25,0.0
2010-04-26,0.0
2010-04-27,0.0
2010-04-28,0.0
2010-04-29,0.0
2010-04-30,0.0
2010-05-01,48.442795
2010-05-02,0.6883661
2010-05-03,0.0
2010-05-04,0.0
2010-05-05,13.903512
2010-05-06,0.0
2010-05-07,0.0
2010-05-08,0.0
2010-05-09,0.0
2010-05-10,0.0
2010-05-11,0.0
2010-05-12,0.0
2010-05-13,0.0
2010-05-14,0.0
2010-05-15,0.0
2010-05-16,0.0
2010-05-17,0.0
2010-05-18,0.0
2010-05-19,9.453301
2010-05-20,0.0
2010-05-21,0.0
2010-05-22,0.0
2010-05-23,0.0
2010-05-24,0.0
2010-05-25,0.0
2010-05-26,0.0
2010-05-27,0.0
2010-05-28,0.0
2010-05-29,0.0
2010-05-30,0.0
2010-05-31,0.0
2010-06-01,0.0
2010-06-02,0.0
2010-06-03,0.0
2010-06-04,0.0
2010-06-05,0.34418306
2010-06-06,0.0
2010-06-07,3.2698705
2010-06-08,0.2312021
2010-06-09,0.0
2010-06-10,0.0
2010-06-11,33.633656
2010-06-12,0.0
2010-06-13,0.0
2010-06-14,0.0
2010-06-15,0.0
2010-06-16,0.0
2010-06-17,0.0
2010-06-18,0.9670515
2010-06-19,0.0
2010-06-20,0.0
2010-06-21,0.0
2010-06-22,9.767551
2010-06-23,0.0
2010-06-24,2.6372426
2010-06-25,0.0
2010-06-26,0.0
2010-06-27,0.0
2010-06-28,0.0
2010-06-29,0.0
2010-06-30,0.0
2010-07-01,0.0
2010-07-02,0.0
2010-07-03,0.0
2010-07-04,0.0
2010-07-05,0.0
2010-07-06,0.0
2010-07-07,0.0
2010-07-08,0.0
2010-07-09,0.0
2010-07-10,0.0
2010-07-11,0.0
2010-07-12,0.0
2010-07-13,0.0
2010-07-14,0.0
2010-07-15,0.0
2010-07-16,4.573466
2010-07-17,7.9031634
2010-07-18,0.0
2010-07-19,0.0
2010-07-20,0.0
2010-07-21,0.0
2010-07-22,24.087885
2010-07-23,0.0
2010-07-24,0.0
2010-07-25,0.0
2010-07-26,0.0
2010-07-27,0.0
2010-07-28,0.0
2010-07-29,0.0
2010-07-30,0.0
2010-07-31,0.61510265
2010-08-01,0.0
2010-08-02,0.0
2010-08-03,0.13211548
2010-08-04,7.7574663
2010-08-05,0.0
2010-08-06,5.8208222
2010-08-07,5.7841907
2010-08-08,5.9456515
2010-08-09,0.0
2010-08-10,0.13211548
2010-08-11,0.0
2010-08-12,0.0
2010-08-13,0.0
2010-08-14,1.486299
2010-08-15,1.0325491
2010-08-16,11.798171
2010-08-17,0.0
2010-08-18,4.2211123
2010-08-19,0.0
2010-08-20,6.2571635
2010-08-21,7.3260894
2010-08-22,48.37524
2010-08-23,3.6594203
2010-08-24,3.2719164
2010-08-25,1.3482656
2010-08-26,0.0
2010-08-27,12.203822
2010-08-28,0.0
2010-08-29,0.6883661
2010-08-30,7.4119997
2010-08-31,0.0
2010-09-01,0.0
2010-09-02,0.0
2010-09-03,0.3302887
2010-09-04,1.4070374
2010-09-05,0.0
2010-09-06,0.0
2010-09-07,0.0
2010-09-08,0.0
2010-09-09,0.0
2010-09-10,0.0
2010-09-11,1.4955134
2010-09-12,12.663337
2010-09-13,17.213491
2010-09-14,16.597065
2010-09-15,0.0
2010-09-16,0.0
2010-09-17,0.0
2010-09-18,0.0
2010-09-19,0.0
2010-09-20,0.0
2010-09-21,0.0
2010-09-22,4.6901245
2010-09-23,0.0
2010-09-24,0.0
2010-09-25,0.0
2010-09-26,0.34418306
2010-09-27,0.0
2010-09-28,3.1854086
2010-09-29,1.0325491
2010-09-30,3.0386686
2010-10-01,0.0
2010-10-02,12.873193
2010-10-03,2.1356595
2010-10-04,0.0
2010-10-05,0.0
2010-10-06,0.0
2010-10-07,0.0
2010-10-08,0.0
2010-10-09,0.6883661
2010-10-10,0.0
2010-10-11,0.0
2010-10-12,0.0
2010-10-13,0.0
2010-10-14,5.162746
2010-10-15,0.0
2010-10-16,3.8443918
2010-10-17,0.0
2010-10-18,0.0
2010-10-19,0.0
2010-10-20,0.30755132
2010-10-21,0.0
2010-10-22,0.0
2010-10-23,0.0
2010-10-24,0.0
2010-10-25,0.0
2010-10-26,0.0
2010-10-27,6.883661
2010-10-28,8.690043
2010-10-29,37.09895
2010-10-30,38.49156
2010-10-31,0.14532702
2010-11-01,18.317722
2010-11-02,1.6146445
2010-11-03,7.6620693
2010-11-04,1.0899527
2010-11-05,14.741168
2010-11-06,0.6883661
2010-11-07,7.9751368
2010-11-08,31.451239
2010-11-09,0.0
2010-11-10,17.926443
2010-11-11,9.922484
2010-11-12,0.0
2010-11-13,0.0
2010-11-14,0.0
2010-11-15,0.0
2010-11-16,2.5919046
2010-11-17,4.706903
2010-11-18,7.891507
2010-11-19,24.457848
2010-11-20,39.306633
2010-11-21,24.847025
2010-11-22,0.34418306
2010-11-23,1.4070374
2010-11-24,25.627195
2010-11-25,12.813537
2010-11-26,28.148626
2010-11-27,198.29533
2010-11-28,9.014572
2010-11-29,24.990385
2010-11-30,0.0
2010-12-01,148.52684
2010-12-02,77.38934
2010-12-03,21.854715
2010-12-04,24.280083
2010-12-05,22.68364
2010-12-06,30.281424
2010-12-07,0.34418306
2010-12-08,0.0
2010-12-09,0.0
2010-12-10,0.0
2010-12-11,0.0
2010-12-12,0.0
2010-12-13,0.0
2010-12-14,0.34418306
2010-12-15,0.5753851
2010-12-16,11.939228
2010-12-17,11.6136055
2010-12-18,2.6892455
2010-12-19,0.2312021
2010-12-20,25.593554
2010-12-21,36.720074
2010-12-22,0.0
2010-12-23,0.0
2010-12-24,0.0
2010-12-25,0.0
2010-12-26,0.0
2010-12-27,0.0
2010-12-28,0.0
2010-12-29,26.240084
2010-12-30,1.5269051
2010-12-31,1.1022313
2011-01-01,5.5504355
2011-01-02,5.4222393
2011-01-03,0.0
2011-01-04,4.9738846
2011-01-05,0.3946403
2011-01-06,0.0
2011-01-07,0.782509
2011-01-08,2.3050127
2011-01-09,6.9634643
2011-01-10,0.0
2011-01-11,0.26088965
2011-01-12,0.0
2011-01-13,0.0
2011-01-14,0.0
2011-01-15,0.0
2011-01-16,0.0
2011-01-17,0.0
2011-01-18,0.0
2011-01-19,0.0
2011-01-20,0.0
2011-01-21,0.0
2011-01-22,0.0
2011-01-23,0.0
2011-01-24,0.0
2011-01-25,0.0
2011-01-26,0.0
2011-01-27,0.0
2011-01-28,0.0
2011-01-29,0.0
2011-01-30,0.0
2011-01-31,0.0
2011-02-01,0.0
2011-02-02,0.0
2011-02-03,0.0
2011-02-04,0.0
2011-02-05,0.0
2011-02-06,0.0
2011-02-07,0.0
2011-02-08,0.0
2011-02-09,0.230787
2011-02-10,0.0
2011-02-11,0.0
2011-02-12,0.0
2011-02-13,0.0
2011-02-14,0.0
2011-02-15,0.0
2011-02-16,0.0
2011-02-17,0.0
2011-02-18,0.0
2011-02-19,0.0
2011-02-20,0.0
2011-02-21,0.0
2011-02-22,26.806604
2011-02-23,8.767858
2011-02-24,1.4264103
2011-02-25,12.380723
2011-02-26,11.622121
2011-02-27,7.33345
2011-02-28,0.0
2011-03-01,0.0
2011-03-02,0.0
2011-03-03,0.0
2011-03-04,0.0
2011-03-05,0.0
2011-03-06,0.0
2011-03-07,0.0
2011-03-08,0.0
2011-03-09,0.0
2011-03-10,0.0
2011-03-11,0.0
2011-03-12,0.0
2011-03-13,0.0
2011-03-14,7.5294285
2011-03-15,0.0
2011-03-16,0.0
2011-03-17,0.0
2011-03-18,0.0
2011-03-19,0.0
2011-03-20,0.0
2011-03-21,0.0
2011-03-22,0.0
2011-03-23,6.4240413
2011-03-24,0.0
2011-03-25,1.9615393
2011-03-26,0.9560301
2011-03-27,2.90596
2011-03-28,0.0
2011-03-29,3.0062876
2011-03-30,9.227281
2011-03-31,0.0
2011-04-01,0.0
2011-04-02,0.0
2011-04-03,0.9526665
2011-04-04,1.8558015
2011-04-05,0.0
2011-04-06,0.0
2011-04-07,0.0
2011-04-08,0.0
2011-04-09,0.0
2011-04-10,6.0656066
2011-04-11,0.0
2011-04-12,3.3541982
2011-04-13,0.34094313
2011-04-14,0.80923647
2011-04-15,0.30928966
2011-04-16,1.2459842
2011-04-17,0.0
2011-04-18,8.738405
2011-04-19,8.45003
2011-04-20,0.28301945
2011-04-21,9.976859
2011-04-22,11.559276
2011-04-23,9.358328
2011-04-24,3.712186
2011-04-25,7.253618
2011-04-26,1.4488865
2011-04-27,4.560579
2011-04-28,1.0366765
2011-04-29,7.816065
2011-04-30,0.36991012
2011-05-01,0.8664078
2011-05-02,0.10064887
2011-05-03,1.3906394
2011-05-04,3.3318512
2011-05-05,0.17829216
2011-05-06,0.71218747
2011-05-07,0.7846157
2011-05-08,0.0
2011-05-09,0.0
2011-05-10,0.0
2011-05-11,0.0
2011-05-12,0.4331324
2011-05-13,0.0
2011-05-14,0.0
2011-05-15,0.0
2011-05-16,0.0
2011-05-17,0.29854822
2011-05-18,2.7804105
2011-05-19,1.7812418
2011-05-20,0.79426503
2011-05-21,1.880456
2011-05-22,0.0
2011-05-23,0.0
2011-05-24,0.22988622
2011-05-25,1.3312701
2011-05-26,2.5705047
2011-05-27,2.4780223
2011-05-28,4.8627877
2011-05-29,3.7961476
2011-05-30,11.589778
2011-05-31,5.3249254
2011-06-01,27.615969
2011-06-02,27.63653
2011-06-03,15.406077
2011-06-04,10.328102
2011-06-05,16.923323
2011-06-06,10.89978
2011-06-07,10.112367
2011-06-08,0.40909556
2011-06-09,4.3710694
2011-06-10,3.1517184
2011-06-11,4.496985
2011-06-12,8.833637
2011-06-13,0.3786471
2011-06-14,11.338241
2011-06-15,13.428866
2011-06-16,1.2777389
2011-06-17,5.348271
2011-06-18,15.061994
2011-06-19,1.4622821
2011-06-20,1.1795563
2011-06-21,2.1910453
2011-06-22,0.0
2011-06-23,0.579964
2011-06-24,4.5200467
2011-06-25,2.3777158
2011-06-26,6.1795173
2011-06-27,6.4851875
2011-06-28,5.7548985
2011-06-29,1.1224006
2011-06-30,0.0
2011-07-01,0.6694877
2011-07-02,24.945803
2011-07-03,1.9168563
2011-07-04,0.4447199
2011-07-05,1.2445927
2011-07-06,17.74176
2011-07-07,0.25608793
2011-07-08,0.0
2011-07-09,0.0
2011-07-10,0.2565487
2011-07-11,1.1818191
2011-07-12,3.6482584
2011-07-13,11.094354
2011-07-14,7.4567204
2011-07-15,6.8853717
2011-07-16,9.069274
2011-07-17,14.983613
2011-07-18,3.809859
2011-07-19,11.845683
2011-07-20,1.1162874
2011-07-21,1.2978779
2011-07-22,3.4296067
2011-07-23,1.5651855
2011-07-24,19.758568
2011-07-25,13.160434
2011-07-26,5.7249904
2011-07-27,14.173252
2011-07-28,7.7203407
2011-07-29,0.0
2011-07-30,4.23478
2011-07-31,2.7760737
2011-08-01,4.9666834
2011-08-02,1.5330802
2011-08-03,5.504036
2011-08-04,2.8943574
2011-08-05,8.060776
2011-08-06,13.844949
2011-08-07,26.25724
2011-08-08,1.011966
2011-08-09,16.378227
2011-08-10,8.835304
2011-08-11,5.530176
2011-08-12,4.51431
2011-08-13,8.748537
2011-08-14,0.0
2011-08-15,0.0
2011-08-16,47.86095
2011-08-17,6.169612
2011-08-18,43.56036
2011-08-19,5.3985596
2011-08-20,1.641142
2011-08-21,6.3933983
2011-08-22,0.57036465
2011-08-23,0.36071798
2011-08-24,0.28044868
2011-08-25,0.377563
2011-08-26,12.575714
2011-08-27,0.0
2011-08-28,2.0795364
2011-08-29,2.2142377
2011-08-30,7.6826496
2011-08-31,9.337651
2011-09-01,26.390703
2011-09-02,8.893158
2011-09-03,16.67682
2011-09-04,3.4685116
2011-09-05,1.8163176
2011-09-06,0.0
2011-09-07,4.816511
2011-09-08,1.0528263
2011-09-09,0.0
2011-09-10,2.0378232
2011-09-11,21.086277
2011-09-12,2.6279507
2011-09-13,16.483118
2011-09-14,6.2419066
2011-09-15,4.4768786
2011-09-16,18.977455
2011-09-17,0.0
2011-09-18,0.0
2011-09-19,0.3367202
2011-09-20,3.2979705
2011-09-21,3.344448
2011-09-22,2.8690908
2011-09-23,3.289921
2011-09-24,0.0
2011-09-25,0.0
2011-09-26,0.0
2011-09-27,0.0
2011-09-28,0.0
2011-09-29,0.0
2011-09-30,0.0
2011-10-01,3.816276
2011-10-02,0.32398194
2011-10-03,0.54401803
2011-10-04,1.7834468
2011-10-05,0.0
2011-10-06,0.0
2011-10-07,0.0
2011-10-08,4.556151
2011-10-09,0.32134113
2011-10-10,4.235548
2011-10-11,0.0
2011-10-12,3.0018497
2011-10-13,3.8102207
2011-10-14,6.680094
2011-10-15,2.8544536
2011-10-16,0.31145418
2011-10-17,5.72914
2011-10-18,1.8257328
2011-10-19,0.4008574
2011-10-20,0.0
2011-10-21,0.0
2011-10-22,3.6733773
2011-10-23,3.5943651
2011-10-24,11.828166
2011-10-25,8.382634
2011-10-26,4.5556345
2011-10-27,13.793978
2011-10-28,16.610012
2011-10-29,0.39937735
2011-10-30,15.165573
2011-10-31,5.5460777
2011-11-01,1.5500703
2011-11-02,16.993624
2011-11-03,8.146612
2011-11-04,10.918051
2011-11-05,6.3726406
2011-11-06,11.624655
2011-11-07,25.85866
2011-11-08,11.061636
2011-11-09,0.0
2011-11-10,0.0
2011-11-11,0.0
2011-11-12,0.0
2011-11-13,0.0
2011-11-14,0.0
2011-11-15,2.124422
2011-11-16,0.0
2011-11-17,0.0
2011-11-18,0.0
2011-11-19,0.40801352
2011-11-20,0.0
2011-11-21,0.0
2011-11-22,0.0
2011-11-23,0.0
2011-11-24,0.0
2011-11-25,2.8347168
2011-11-26,12.309208
2011-11-27,23.519196
2011-11-28,10.538622
2011-11-29,0.8078375
2011-11-30,12.680226
2011-12-01,0.55096585
2011-12-02,0.19065697
2011-12-03,39.65705
2011-12-04,0.44134635
2011-12-05,5.4059763
2011-12-06,0.0
2011-12-07,0.0
2011-12-08,0.0
2011-12-09,0.0
2011-12-10,2.7880924
2011-12-11,0.0
2011-12-12,0.6819691
2011-12-13,0.1467607
2011-12-14,0.39747885
2011-12-15,0.0
2011-12-16,0.0
2011-12-17,0.0
2011-12-18,0.0
2011-12-19,0.0
2011-12-20,0.10034901
2011-12-21,0.0
2011-12-22,0.0
2011-12-23,0.0
2011-12-24,0.0
2011-12-25,8.020579
2011-12-26,0.0
2011-12-27,0.0
2011-12-28,0.0
2011-12-29,0.0
2011-12-30,0.49258173
2011-12-31,48.90401
2012-01-01,5.454943
2012-01-02,0.22225195
2012-01-03,0.0
2012-01-04,0.0
2012-01-05,0.0
2012-01-06,0.0
2012-01-07,0.0
2012-01-08,0.0
2012-01-09,0.0
2012-01-10,0.0
2012-01-11,0.0
2012-01-12,0.0
2012-01-13,0.0
2012-01-14,0.0
2012-01-15,0.0
2012-01-16,0.0
2012-01-17,0.0
2012-01-18,0.0
2012-01-19,0.0
2012-01-20,0.0
2012-01-21,0.0
2012-01-22,0.0
2012-01-23,0.0
2012-01-24,0.0
2012-01-25,0.0
2012-01-26,0.0
2012-01-27,0.0
2012-01-28,0.0
2012-01-29,0.0
2012-01-30,0.0
2012-01-31,0.0
2012-02-01,0.0
2012-02-02,0.0
2012-02-03,0.0
2012-02-04,0.0
2012-02-05,0.0
2012-02-06,0.0
2012-02-07,0.0
2012-02-08,0.0
2012-02-09,0.0
2012-02-10,1.633448
2012-02-11,0.81039596
2012-02-12,3.0453005
2012-02-13,0.0
2012-02-14,0.0
2012-02-15,0.0
2012-02-16,0.0
2012-02-17,0.0
2012-02-18,0.0
2012-02-19,0.0
2012-02-20,0.0
2012-02-21,0.0
2012-02-22,0.0
2012-02-23,0.0
2012-02-24,0.0
2012-02-25,0.0
2012-02-26,0.0
2012-02-27,0.0
2012-02-28,0.0
2012-02-29,0.0
2012-03-01,0.0
2012-03-02,0.0
2012-03-03,0.0
2012-03-04,0.0
2012-03-05,0.0
2012-03-06,3.4917543
2012-03-07,0.0
2012-03-08,0.0
2012-03-09,0.0
2012-03-10,0.0
2012-03-11,2.5058954
2012-03-12,3.8080862
2012-03-13,0.0
2012-03-14,0.0
2012-03-15,0.0
2012-03-16,0.0
2012-03-17,1.3998784
2012-03-18,0.8352986
2012-03-19,0.0
2012-03-20,0.0
2012-03-21,1.0318394
2012-03-22,0.0
2012-03-23,0.0
2012-03-24,0.0
2012-03-25,0.0
2012-03-26,0.0
2012-03-27,0.0
2012-03-28,0.0
2012-03-29,0.0
2012-03-30,8.347184
2012-03-31,0.0
2012-04-01,0.0
2012-04-02,8.551845
2012-04-03,3.1718102
2012-04-04,0.0
2012-04-05,2.788638
2012-04-06,0.0
2012-04-07,0.78616315
2012-04-08,0.0
2012-04-09,10.614017
2012-04-10,0.0
2012-04-11,0.24344759
2012-04-12,4.2271094
2012-04-13,0.7861314
2012-04-14,0.0
2012-04-15,8.009038
2012-04-16,4.685471
2012-04-17,2.6533012
2012-04-18,0.0
2012-04-19,0.78616315
2012-04-20,0.0
2012-04-21,3.2553241
2012-04-22,0.0
2012-04-23,0.9145364
2012-04-24,23.516058
2012-04-25,11.845092
2012-04-26,7.90803
2012-04-27,12.0960655
2012-04-28,9.4631
2012-04-29,0.70878094
2012-04-30,4.4791145
2012-05-01,4.331978
2012-05-02,2.4852374
2012-05-03,4.0687594
2012-05-04,0.86699015
2012-05-05,11.139497
2012-05-06,0.5696797
2012-05-07,0.0
2012-05-08,0.0
2012-05-09,0.0
2012-05-10,0.0
2012-05-11,7.5181727
2012-05-12,9.84681
2012-05-13,0.0
2012-05-14,0.0
2012-05-15,0.0
2012-05-16,1.550788
2012-05-17,1.0327239
2012-05-18,0.0
2012-05-19,0.12270966
2012-05-20,0.0
2012-05-21,0.0
2012-05-22,4.0546722
2012-05-23,0.0
2012-05-24,0.0
2012-05-25,0.29559997
2012-05-26,0.0
2012-05-27,0.0
2012-05-28,0.51599884
2012-05-29,0.20458806
2012-05-30,0.17981505
2012-05-31,0.0
2012-06-01,0.14950344
2012-06-02,0.0
2012-06-03,1.7980008
2012-06-04,0.49376953
2012-06-05,0.0
2012-06-06,0.97209144
2012-06-07,8.838471
2012-06-08,11.772054
2012-06-09,0.107813604
2012-06-10,1.9149804
2012-06-11,1.1299149
2012-06-12,0.0
2012-06-13,1.7769855
2012-06-14,2.3248303
2012-06-15,3.2804956
2012-06-16,12.906802
2012-06-17,13.479913
2012-06-18,23.500475
2012-06-19,12.716721
2012-06-20,4.888487
2012-06-21,2.5117226
2012-06-22,3.0053196
2012-06-23,3.7692196
2012-06-24,0.30357715
2012-06-25,0.7115055
2012-06-26,0.13140212
2012-06-27,2.9636178
2012-06-28,1.0599861
2012-06-29,0.29092255
2012-06-30,2.5641332
2012-07-01,2.470123
2012-07-02,12.604568
2012-07-03,11.222915
2012-07-04,4.8063984
2012-07-05,1.6870564
2012-07-06,0.14038664
2012-07-07,0.15223369
2012-07-08,2.8705866
2012-07-09,1.0571896
2012-07-10,23.841003
2012-07-11,36.38076
2012-07-12,2.1930459
2012-07-13,0.0
2012-07-14,10.585475
2012-07-15,7.6294494
2012-07-16,3.1603317
2012-07-17,0.5946927
2012-07-18,4.1012344
2012-07-19,0.47991648
2012-07-20,0.13106717
2012-07-21,3.8282173
2012-07-22,5.0052657
2012-07-23,6.0940094
2012-07-24,1.4490715
2012-07-25,3.2245681
2012-07-26,3.774974
2012-07-27,5.0803623
2012-07-28,3.7260857
2012-07-29,4.182107
2012-07-30,0.15196632
2012-07-31,0.52930737
2012-08-01,1.6578307
2012-08-02,0.45939884
2012-08-03,1.1183013
2012-08-04,11.756
2012-08-05,4.89341
2012-08-06,0.4652791
2012-08-07,10.987369
2012-08-08,2.5307486
2012-08-09,7.41371
2012-08-10,1.4664731
2012-08-11,4.468596
2012-08-12,2.5566013
2012-08-13,0.4264647
2012-08-14,2.691324
2012-08-15,22.204466
2012-08-16,2.5483143
2012-08-17,10.398515
2012-08-18,10.397444
2012-08-19,2.7359312
2012-08-20,0.0
2012-08-21,0.0
2012-08-22,7.116895
2012-08-23,1.5666513
2012-08-24,1.4707159
2012-08-25,4.3055353
2012-08-26,39.30744
2012-08-27,0.47765255
2012-08-28,8.292069
2012-08-29,1.6515245
2012-08-30,14.301422
2012-08-31,20.198343
2012-09-01,12.276944
2012-09-02,4.0364947
2012-09-03,1.3637053
2012-09-04,21.08126
2012-09-05,12.854092
2012-09-06,1.1887492
2012-09-07,2.013035
2012-09-08,6.984718
2012-09-09,1.5618602
2012-09-10,4.2260203
2012-09-11,0.43493223
2012-09-12,0.8125469
2012-09-13,1.9539285
2012-09-14,10.221909
2012-09-15,2.241905
2012-09-16,4.283996
2012-09-17,0.0
2012-09-18,0.0
2012-09-19,0.0
2012-09-20,0.15210259
2012-09-21,11.824296
2012-09-22,0.16076775
2012-09-23,2.0848548
2012-09-24,0.0
2012-09-25,0.0
2012-09-26,0.0
2012-09-27,9.112375
2012-09-28,2.343786
2012-09-29,10.58364
2012-09-30,0.0
2012-10-01,1.028566
2012-10-02,26.156801
2012-10-03,0.0
2012-10-04,0.0
2012-10-05,0.0
2012-10-06,0.0
2012-10-07,3.2540836
2012-10-08,0.0
2012-10-09,0.2898012
2012-10-10,1.2087388
2012-10-11,3.7132823
2012-10-12,1.4948593
2012-10-13,11.982533
2012-10-14,5.8943343
2012-10-15,13.764899
2012-10-16,2.206398
2012-10-17,16.358046
2012-10-18,4.126182
2012-10-19,14.960551
2012-10-20,34.614132
2012-10-21,30.24959
2012-10-22,12.6644125
2012-10-23,1.5389413
2012-10-24,4.9101977
2012-10-25,1.7868198
2012-10-26,0.0
2012-10-27,0.0
2012-10-28,0.8453672
2012-10-29,3.9365318
2012-10-30,1.5339652
2012-10-31,28.724266
2012-11-01,34.88525
2012-11-02,4.1712074
2012-11-03,3.1757307
2012-11-04,2.0514529
2012-11-05,10.82391
2012-11-06,1.4224753
2012-11-07,1.0046138
2012-11-08,6.452824
2012-11-09,0.38992608
2012-11-10,0.9173608
2012-11-11,0.12933144
2012-11-12,2.5794415
2012-11-13,0.0
2012-11-14,2.3998442
2012-11-15,0.0
2012-11-16,0.0
2012-11-17,1.1834879
2012-11-18,0.0
2012-11-19,0.0
2012-11-20,0.0
2012-11-21,0.0
2012-11-22,26.359604
2012-11-23,64.84247
2012-11-24,3.55204
2012-11-25,4.6772294
2012-11-26,0.0
2012-11-27,0.0
2012-11-28,0.73464614
2012-11-29,0.0
2012-11-30,0.0
2012-12-01,0.0
2012-12-02,0.0
2012-12-03,8.356673
2012-12-04,49.234974
2012-12-05,32.900925
2012-12-06,8.983468
2012-12-07,0.0
2012-12-08,0.0
2012-12-09,0.0
2012-12-10,0.0
2012-12-11,0.0
2012-12-12,0.0
2012-12-13,0.0
2012-12-14,0.0
2012-12-15,0.0
2012-12-16,0.0
2012-12-17,0.0
2012-12-18,1.3713397
2012-12-19,0.24488203
2012-12-20,0.0
2012-12-21,0.0
2012-12-22,0.0
2012-12-23,0.0
2012-12-24,0.0
2012-12-25,0.0
2012-12-26,0.0
2012-12-27,0.6271795
2012-12-28,0.22579722
2012-12-29,2.3582757
2012-12-30,15.340747
2012-12-31,2.3617346
2013-01-01,0.0
2013-01-02,0.0
2013-01-03,0.0
2013-01-04,0.0
2013-01-05,0.0
2013-01-06,0.0
2013-01-07,0.0
2013-01-08,0.0
2013-01-09,0.0
2013-01-10,0.0
2013-01-11,0.0
2013-01-12,0.0
2013-01-13,0.0
2013-01-14,0.0
2013-01-15,0.0
2013-01-16,0.0
2013-01-17,0.0
2013-01-18,0.0
2013-01-19,0.0
2013-01-20,0.0
2013-01-21,0.0
2013-01-22,0.0
2013-01-23,0.0
2013-01-24,0.0
2013-01-25,0.0
2013-01-26,0.0
2013-01-27,0.0
2013-01-28,0.0
2013-01-29,0.0
2013-01-30,0.0
2013-01-31,0.0
2013-02-01,0.0
2013-02-02,0.0
2013-02-03,0.0
2013-02-04,0.0
2013-02-05,0.0
2013-02-06,0.0
2013-02-07,0.0
2013-02-08,0.0
2013-02-09,0.0
2013-02-10,0.0
2013-02-11,0.0
2013-02-12,0.0
2013-02-13,0.0
2013-02-14,0.0
2013-02-15,9.90521
2013-02-16,0.0
2013-02-17,0.0
2013-02-18,0.0
2013-02-19,0.0
2013-02-20,0.0
2013-02-21,0.0
2013-02-22,0.0
2013-02-23,0.0
2013-02-24,0.0
2013-02-25,0.0
2013-02-26,0.0
2013-02-27,0.0
2013-02-28,0.0
2013-03-01,0.0
2013-03-02,0.0
2013-03-03,0.0
2013-03-04,0.0
2013-03-05,0.0
2013-03-06,8.491911
2013-03-07,25.78849
2013-03-08,0.0
2013-03-09,0.0
2013-03-10,0.0
2013-03-11,0.0
2013-03-12,0.0
2013-03-13,0.0
2013-03-14,0.0
2013-03-15,0.0
2013-03-16,0.0
2013-03-17,0.0
2013-03-18,0.0
2013-03-19,0.0
2013-03-20,0.0
2013-03-21,0.0
2013-03-22,0.0
2013-03-23,0.0
2013-03-24,0.0
2013-03-25,0.0
2013-03-26,0.0
2013-03-27,0.0
2013-03-28,0.0
2013-03-29,0.0
2013-03-30,0.0
2013-03-31,0.0
2013-04-01,0.0
2013-04-02,0.0
2013-04-03,0.0
2013-04-04,0.0
2013-04-05,0.0
2013-04-06,0.0
2013-04-07,0.0
2013-04-08,0.0
2013-04-09,0.0
2013-04-10,0.0
2013-04-11,0.0
2013-04-12,0.0
2013-04-13,0.0
2013-04-14,0.0
2013-04-15,0.0
2013-04-16,0.0
2013-04-17,0.0
2013-04-18,0.0
2013-04-19,0.0
2013-04-20,0.0
2013-04-21,0.0
2013-04-22,0.0
2013-04-23,0.0
2013-04-24,0.0
2013-04-25,0.0
2013-04-26,0.0
2013-04-27,0.0
2013-04-28,0.0
2013-04-29,0.0
2013-04-30,0.0
2013-05-01,0.0
2013-05-02,0.0
2013-05-03,0.0
2013-05-04,0.0
2013-05-05,0.0
2013-05-06,0.0
2013-05-07,0.0
2013-05-08,0.0
2013-05-09,0.0
2013-05-10,0.0
2013-05-11,0.0
2013-05-12,0.0
2013-05-13,0.0
2013-05-14,0.0
2013-05-15,0.0
2013-05-16,0.0
2013-05-17,0.0
2013-05-18,0.0
2013-05-19,0.0
2013-05-20,0.0
2013-05-21,0.0
2013-05-22,0.0
2013-05-23,0.0
2013-05-24,0.0
2013-05-25,0.0
2013-05-26,0.0
2013-05-27,0.0
2013-05-28,0.0
2013-05-29,3.3830647
2013-05-30,0.0
2013-05-31,20.941399
2013-06-01,0.0
2013-06-02,0.0
2013-06-03,0.0
2013-06-04,6.908562
2013-06-05,0.34418306
2013-06-06,0.0
2013-06-07,10.484802
2013-06-08,1.3034687
2013-06-09,0.0
2013-06-10,0.0
2013-06-11,0.0
2013-06-12,0.0
2013-06-13,0.0
2013-06-14,0.0
2013-06-15,0.0
2013-06-16,2.5142221
2013-06-17,0.0
2013-06-18,0.0
2013-06-19,4.520978
2013-06-20,0.0
2013-06-21,4.596057
2013-06-22,1.4879996
2013-06-23,0.0
2013-06-24,0.0
2013-06-25,0.0
2013-06-26,0.0
2013-06-27,0.0
2013-06-28,5.6592193
2013-06-29,0.52846193
2013-06-30,0.0
2013-07-01,3.7638793
2013-07-02,0.0
2013-07-03,6.4850345
2013-07-04,0.0
2013-07-05,0.30755132
2013-07-06,0.0
2013-07-07,5.2162094
2013-07-08,0.0
2013-07-09,0.0
2013-07-10,0.0
2013-07-11,0.0
2013-07-12,0.0
2013-07-13,0.0
2013-07-14,0.0
2013-07-15,0.0
2013-07-16,0.0
2013-07-17,0.0
2013-07-18,0.57800525
2013-07-19,0.0
2013-07-20,0.0
2013-07-21,3.8887475
2013-07-22,0.0
2013-07-23,0.0
2013-07-24,0.0
2013-07-25,0.0
2013-07-26,0.0
2013-07-27,0.0
2013-07-28,0.0
2013-07-29,0.0
2013-07-30,0.0
2013-07-31,0.0
2013-08-01,0.0
2013-08-02,0.0
2013-08-03,0.0
2013-08-04,0.0
2013-08-05,0.0
2013-08-06,44.839645
2013-08-07,1.5377567
2013-08-08,0.0
2013-08-09,34.778637
2013-08-10,31.56755
2013-08-11,0.30755132
2013-08-12,1.0217407
2013-08-13,0.0
2013-08-14,25.680925
2013-08-15,5.5501246
2013-08-16,18.837584
2013-08-17,24.751265
2013-08-18,0.0
2013-08-19,0.0
2013-08-20,0.0
2013-08-21,1.1111356
2013-08-22,0.0
2013-08-23,0.0
2013-08-24,0.0
2013-08-25,2.1397338
2013-08-26,18.378815
2013-08-27,2.189491
2013-08-28,0.0
2013-08-29,18.800869
2013-08-30,0.0
2013-08-31,0.0
2013-09-01,0.0
2013-09-02,0.0
2013-09-03,0.0
2013-09-04,0.0
2013-09-05,0.0
2013-09-06,19.984362
2013-09-07,27.21837
2013-09-08,19.61678
2013-09-09,0.0
2013-09-10,14.157269
2013-09-11,0.0
2013-09-12,6.845931
2013-09-13,4.5865564
2013-09-14,0.0
2013-09-15,16.259865
2013-09-16,0.0
2013-09-17,0.0
2013-09-18,4.218001
2013-09-19,2.8412254
2013-09-20,0.0
2013-09-21,0.0
2013-09-22,0.0
2013-09-23,0.0
2013-09-24,0.0
2013-09-25,0.0
2013-09-26,0.0
2013-09-27,0.0
2013-09-28,0.0
2013-09-29,0.0
2013-09-30,0.0
2013-10-01,0.0
2013-10-02,0.0
2013-10-03,0.0
2013-10-04,0.0
2013-10-05,0.0
2013-10-06,0.0
2013-10-07,0.0
2013-10-08,1.9990836
2013-10-09,0.1845308
2013-10-10,44.840252
2013-10-11,0.15377566
2013-10-12,0.0
2013-10-13,0.0
2013-10-14,0.0
2013-10-15,21.70268
2013-10-16,1.0325491
2013-10-17,0.0
2013-10-18,0.0
2013-10-19,0.0
2013-10-20,44.26264
2013-10-21,14.203061
2013-10-22,0.0
2013-10-23,2.3450623
2013-10-24,0.0
2013-10-25,0.0
2013-10-26,0.0
2013-10-27,0.0
2013-10-28,0.0
2013-10-29,4.4083652
2013-10-30,0.0
2013-10-31,0.0
2013-11-01,0.0
2013-11-02,0.7280007
2013-11-03,22.44491
2013-11-04,10.162136
2013-11-05,64.8206
2013-11-06,27.522694
2013-11-07,8.482952
2013-11-08,0.34418306
2013-11-09,0.0
2013-11-10,0.0
2013-11-11,0.0
2013-11-12,0.0
2013-11-13,0.0
2013-11-14,0.0
2013-11-15,0.0
2013-11-16,42.54414
2013-11-17,58.778725
2013-11-18,1.8760499
2013-11-19,4.842632
2013-11-20,0.0
2013-11-21,0.0
2013-11-22,0.0
2013-11-23,0.0
2013-11-24,55.61976
2013-11-25,44.060028
2013-11-26,0.0
2013-11-27,0.0
2013-11-28,0.0
2013-11-29,0.0
2013-11-30,0.0
2013-12-01,11.067055
2013-12-02,5.547446
2013-12-03,68.45238
2013-12-04,0.37721193
2013-12-05,8.812342
2013-12-06,0.0
2013-12-07,0.0
2013-12-08,0.0
2013-12-09,0.0
2013-12-10,0.0
2013-12-11,0.0
2013-12-12,0.38712057
2013-12-13,21.609383
2013-12-14,0.0
2013-12-15,0.0
2013-12-16,0.0
2013-12-17,0.0
2013-12-18,0.0
2013-12-19,0.0
2013-12-20,0.0
2013-12-21,0.0
2013-12-22,0.0
2013-12-23,0.0
2013-12-24,0.0
2013-12-25,0.0
2013-12-26,0.0
2013-12-27,0.0
2013-12-28,0.0
2013-12-29,0.0
2013-12-30,0.0
2013-12-31,0.0
2014-01-01,0.0
2014-01-02,0.0
2014-01-03,0.0
2014-01-04,0.0
2014-01-05,0.0
2014-01-06,0.0
2014-01-07,0.0
2014-01-08,0.0
2014-01-09,0.0
2014-01-10,0.0
2014-01-11,0.0
2014-01-12,0.0
2014-01-13,0.0
2014-01-14,0.0
2014-01-15,0.0
2014-01-16,0.0
2014-01-17,0.0
2014-01-18,0.0
2014-01-19,0.0
2014-01-20,0.0
2014-01-21,4.6828895
2014-01-22,0.34418306
2014-01-23,0.0
2014-01-24,0.0
2014-01-25,0.0
2014-01-26,0.0
2014-01-27,0.0
2014-01-28,0.0
2014-01-29,0.0
2014-01-30,0.0
2014-01-31,0.0
2014-02-01,0.0
2014-02-02,0.0
2014-02-03,0.0
2014-02-04,0.0
2014-02-05,0.0
2014-02-06,0.0
2014-02-07,0.0
2014-02-08,0.0
2014-02-09,0.0
2014-02-10,0.0
2014-02-11,0.0
2014-02-12,0.0
2014-02-13,0.0
2014-02-14,0.0
2014-02-15,0.0
2014-02-16,0.0
2014-02-17,0.0
2014-02-18,0.0
2014-02-19,0.0
2014-02-20,0.0
2014-02-21,0.0
2014-02-22,0.0
2014-02-23,0.0
2014-02-24,10.590226
2014-02-25,7.81555
2014-02-26,0.0
2014-02-27,0.0
2014-02-28,0.0
2014-03-01,0.0
2014-03-02,0.0
2014-03-03,0.0
2014-03-04,0.0
2014-03-05,0.0
2014-03-06,0.0
2014-03-07,0.0
2014-03-08,0.0
2014-03-09,0.0
2014-03-10,0.0
2014-03-11,0.0
2014-03-12,0.0
2014-03-13,0.0
2014-03-14,0.0
2014-03-15,0.0
2014-03-16,0.0
2014-03-17,0.0
2014-03-18,0.0
2014-03-19,0.0
2014-03-20,0.0
2014-03-21,0.0
2014-03-22,0.0
2014-03-23,0.0
2014-03-24,0.0
2014-03-25,0.0
2014-03-26,0.0
2014-03-27,0.0
2014-03-28,0.0
2014-03-29,0.0
2014-03-30,0.0
2014-03-31,0.0
2014-04-01,0.0
2014-04-02,0.0
2014-04-03,0.0
2014-04-04,0.0
2014-04-05,0.0
2014-04-06,0.0
2014-04-07,0.0
2014-04-08,0.0
2014-04-09,0.0
2014-04-10,0.0
2014-04-11,0.0
2014-04-12,0.0
2014-04-13,0.0
2014-04-14,0.0
2014-04-15,0.0
2014-04-16,0.0
2014-04-17,0.0
2014-04-18,0.0
2014-04-19,0.0
2014-04-20,0.0
2014-04-21,0.0
2014-04-22,0.0
2014-04-23,0.0
2014-04-24,0.0
2014-04-25,0.0
2014-04-26,0.0
2014-04-27,0.0
2014-04-28,0.0
2014-04-29,0.0
2014-04-30,0.0
2014-05-01,0.0
2014-05-02,0.0
2014-05-03,0.0
2014-05-04,0.0
2014-05-05,33.464355
2014-05-06,17.02425
2014-05-07,77.314766
2014-05-08,57.577534
2014-05-09,0.96838063
2014-05-10,0.0
2014-05-11,0.0
2014-05-12,0.0
2014-05-13,0.0
2014-05-14,0.0
2014-05-15,7.5041995
2014-05-16,0.0
2014-05-17,0.0
2014-05-18,0.0
2014-05-19,0.0
2014-05-20,0.0
2014-05-21,0.0
2014-05-22,0.0
2014-05-23,0.0
2014-05-24,0.0
2014-05-25,0.0
2014-05-26,0.0
2014-05-27,27.91607
2014-05-28,0.0
2014-05-29,5.617739
2014-05-30,0.0
2014-05-31,0.0
2014-06-01,0.0
2014-06-02,0.0
2014-06-03,19.660664
2014-06-04,0.0
2014-06-05,0.0
2014-06-06,0.0
2014-06-07,0.0
2014-06-08,0.0
2014-06-09,0.0
2014-06-10,0.0
2014-06-11,0.0
2014-06-12,0.0
2014-06-13,0.0
2014-06-14,0.0
2014-06-15,0.0
2014-06-16,0.0
2014-06-17,0.0
2014-06-18,0.0
2014-06-19,0.0
2014-06-20,0.0
2014-06-21,8.911236
2014-06-22,0.0
2014-06-23,0.0
2014-06-24,0.0
2014-06-25,0.0
2014-06-26,0.0
2014-06-27,0.0
2014-06-28,0.0
2014-06-29,0.0
2014-06-30,24.796776
2014-07-01,0.0
2014-07-02,0.0
2014-07-03,0.0
2014-07-04,0.0
2014-07-05,0.0
2014-07-06,0.0
2014-07-07,14.7540245
2014-07-08,12.055088
2014-07-09,0.0
2014-07-10,0.0
2014-07-11,0.0
2014-07-12,0.0
2014-07-13,0.0
2014-07-14,0.0
2014-07-15,0.0
2014-07-16,4.3215265
2014-07-17,0.0
2014-07-18,0.0
2014-07-19,0.0
2014-07-20,0.0
2014-07-21,0.0
2014-07-22,0.0
2014-07-23,0.0
2014-07-24,0.0
2014-07-25,0.0
2014-07-26,0.0
2014-07-27,1.506124
2014-07-28,10.74765
2014-07-29,0.0
2014-07-30,0.0
2014-07-31,0.0
2014-08-01,0.0
2014-08-02,0.0
2014-08-03,0.0
2014-08-04,0.26423097
2014-08-05,0.0
2014-08-06,0.0
2014-08-07,0.0
2014-08-08,0.0
2014-08-09,5.5828323
2014-08-10,22.04043
2014-08-11,0.0
2014-08-12,17.602573
2014-08-13,26.81958
2014-08-14,1.8760499
2014-08-15,10.617513
2014-08-16,29.192131
2014-08-17,25.503521
2014-08-18,7.2468553
2014-08-19,0.0
2014-08-20,0.0
2014-08-21,0.76887834
2014-08-22,0.0
2014-08-23,3.596965
2014-08-24,19.143133
2014-08-25,0.0
2014-08-26,0.0
2014-08-27,0.0
2014-08-28,0.0
2014-08-29,0.46132702
2014-08-30,0.0
2014-08-31,0.0
2014-09-01,0.0
2014-09-02,0.0
2014-09-03,0.0
2014-09-04,0.0
2014-09-05,0.0
2014-09-06,4.487946
2014-09-07,0.0
2014-09-08,0.0
2014-09-09,0.0
2014-09-10,5.4007354
2014-09-11,0.0
2014-09-12,0.0
2014-09-13,0.6883661
2014-09-14,0.0
2014-09-15,0.0
2014-09-16,14.466573
2014-09-17,0.0
2014-09-18,13.445391
2014-09-19,0.0
2014-09-20,2.8140748
2014-09-21,13.63439
2014-09-22,1.0764297
2014-09-23,0.0
2014-09-24,0.0
2014-09-25,0.0
2014-09-26,0.0
2014-09-27,0.0
2014-09-28,8.771486
2014-09-29,3.2161503
2014-09-30,0.0
2014-10-01,0.0
2014-10-02,0.34418306
2014-10-03,0.0
2014-10-04,0.0
2014-10-05,0.0
2014-10-06,0.0
2014-10-07,3.2754018
2014-10-08,0.0
2014-10-09,0.0
2014-10-10,0.0
2014-10-11,3.5930805
2014-10-12,0.0
2014-10-13,7.1290593
2014-10-14,0.0
2014-10-15,0.8485785
2014-10-16,24.354631
2014-10-17,26.665594
2014-10-18,100.926636
2014-10-19,62.307724
2014-10-20,70.65388
2014-10-21,55.677223
2014-10-22,17.415644
2014-10-23,19.042004
2014-10-24,34.83033
2014-10-25,22.205061
2014-10-26,6.4925995
2014-10-27,1.5258625
2014-10-28,2.908599
2014-10-29,0.7471352
2014-10-30,0.0
2014-10-31,0.0
2014-11-01,0.2741396
2014-11-02,40.1623
2014-11-03,14.986056
2014-11-04,3.993145
2014-11-05,0.0
2014-11-06,0.0
2014-11-07,0.0
2014-11-08,0.0
2014-11-09,0.0
2014-11-10,3.7520998
2014-11-11,0.0
2014-11-12,1.2709786
2014-11-13,35.005596
2014-11-14,82.74676
2014-11-15,14.530145
2014-11-16,4.7571125
2014-11-17,0.13211548
2014-11-18,0.0
2014-11-19,28.203321
2014-11-20,0.0
2014-11-21,0.0
2014-11-22,1.1316358
2014-11-23,2.8999448
2014-11-24,0.0
2014-11-25,0.0
2014-11-26,0.0
2014-11-27,0.0
2014-11-28,0.0
2014-11-29,33.260185
2014-11-30,39.360764
2014-12-01,8.027732
2014-12-02,0.0
2014-12-03,0.0
2014-12-04,0.0
2014-12-05,0.0
2014-12-06,0.0
2014-12-07,0.0
2014-12-08,0.0
2014-12-09,0.0
2014-12-10,0.0
2014-12-11,0.0
2014-12-12,12.188126
2014-12-13,9.043588
2014-12-14,15.401101
2014-12-15,0.0
2014-12-16,9.052518
2014-12-17,76.294556
2014-12-18,47.511948
2014-12-19,3.0854442
2014-12-20,0.0
2014-12-21,0.0
2014-12-22,0.0
2014-12-23,0.0
2014-12-24,0.13872124
2014-12-25,0.0
2014-12-26,0.0
2014-12-27,0.0
2014-12-28,0.13211548
2014-12-29,24.082338
2014-12-30,16.191607
2014-12-31,0.0
2015-01-01,0.0
2015-01-02,4.997389
2015-01-03,0.0
2015-01-04,0.0
2015-01-05,0.0
2015-01-06,0.0
2015-01-07,0.0
2015-01-08,0.0
2015-01-09,0.0
2015-01-10,0.0
2015-01-11,0.0
2015-01-12,0.0
2015-01-13,0.0
2015-01-14,0.0
2015-01-15,0.0
2015-01-16,0.0
2015-01-17,0.0
2015-01-18,0.0
2015-01-19,0.0
2015-01-20,0.0
2015-01-21,0.0
2015-01-22,0.0
2015-01-23,6.9982734
2015-01-24,3.3849108
2015-01-25,0.0
2015-01-26,0.0
2015-01-27,0.0
2015-01-28,0.0
2015-01-29,0.0
2015-01-30,0.0
2015-01-31,0.0
2015-02-01,0.0
2015-02-02,0.0
2015-02-03,0.0
2015-02-04,0.0
2015-02-05,0.0
2015-02-06,0.0
2015-02-07,0.0
2015-02-08,0.0
2015-02-09,0.0
2015-02-10,0.0
2015-02-11,0.0
2015-02-12,0.0
2015-02-13,0.0
2015-02-14,0.0
2015-02-15,0.0
2015-02-16,0.0
2015-02-17,0.0
2015-02-18,0.0
2015-02-19,0.0
2015-02-20,0.0
2015-02-21,0.0
2015-02-22,0.0
2015-02-23,0.0
2015-02-24,0.0
2015-02-25,0.0
2015-02-26,0.0
2015-02-27,0.0
2015-02-28,0.0
2015-03-01,0.0
2015-03-02,1.5144054
2015-03-03,0.0
2015-03-04,0.0
2015-03-05,0.0
2015-03-06,0.0
2015-03-07,0.0
2015-03-08,0.0
2015-03-09,0.0
2015-03-10,0.0
2015-03-11,0.0
2015-03-12,0.0
2015-03-13,0.0
2015-03-14,0.0
2015-03-15,0.0
2015-03-16,0.0
2015-03-17,0.0
2015-03-18,0.0
2015-03-19,0.0
2015-03-20,0.0
2015-03-21,0.0
2015-03-22,0.0
2015-03-23,0.0
2015-03-24,0.0
2015-03-25,0.0
2015-03-26,0.0
2015-03-27,0.0
2015-03-28,0.0
2015-03-29,0.0
2015-03-30,0.0
2015-03-31,0.0
2015-04-01,0.0
2015-04-02,0.0
2015-04-03,0.0
2015-04-04,0.0
2015-04-05,0.0
2015-04-06,0.0
2015-04-07,0.0
2015-04-08,0.0
2015-04-09,0.0
2015-04-10,0.0
2015-04-11,0.0
2015-04-12,0.0
2015-04-13,0.0
2015-04-14,0.0
2015-04-15,1.3767322
2015-04-16,0.6883661
2015-04-17,1.3839811
2015-04-18,11.075596
2015-04-19,0.0
2015-04-20,0.0
2015-04-21,0.0
2015-04-22,0.0
2015-04-23,0.0
2015-04-24,0.0
2015-04-25,25.601505
2015-04-26,0.0
2015-04-27,2.5571804
2015-04-28,1.0661381
2015-04-29,0.0
2015-04-30,0.0
2015-05-01,0.0
2015-05-02,0.0
2015-05-03,0.0
2015-05-04,0.0
2015-05-05,0.8457662
2015-05-06,0.79963344
2015-05-07,0.0
2015-05-08,2.521921
2015-05-09,0.0
2015-05-10,0.0
2015-05-11,0.0
2015-05-12,0.0
2015-05-13,6.501605
2015-05-14,15.039725
2015-05-15,8.50421
2015-05-16,23.44612
2015-05-17,15.8574915
2015-05-18,0.0
2015-05-19,0.0
2015-05-20,0.0
2015-05-21,0.0
2015-05-22,0.0
2015-05-23,0.0
2015-05-24,0.0
2015-05-25,0.0
2015-05-26,0.0
2015-05-27,0.0
2015-05-28,31.811071
2015-05-29,0.0
2015-05-30,0.0
2015-05-31,0.0
2015-06-01,0.0
2015-06-02,0.0
2015-06-03,0.0
2015-06-04,0.0
2015-06-05,0.0
2015-06-06,7.58572
2015-06-07,0.0
2015-06-08,0.0
2015-06-09,0.0
2015-06-10,1.4650103
2015-06-11,3.688488
2015-06-12,0.0
2015-06-13,0.0
2015-06-14,0.0
2015-06-15,4.2211123
2015-06-16,0.0
2015-06-17,29.657707
2015-06-18,0.0
2015-06-19,19.776085
2015-06-20,0.0
2015-06-21,0.0
2015-06-22,0.0
2015-06-23,0.0
2015-06-24,0.26423097
2015-06-25,0.0
2015-06-26,0.0
2015-06-27,0.0
2015-06-28,15.855508
2015-06-29,0.0
2015-06-30,0.0
2015-07-01,0.0
2015-07-02,0.0
2015-07-03,0.0
2015-07-04,3.3102753
2015-07-05,0.0
2015-07-06,0.0
2015-07-07,0.0
2015-07-08,0.0
2015-07-09,0.9534091
2015-07-10,0.0
2015-07-11,0.0
2015-07-12,0.0
2015-07-13,0.0
2015-07-14,3.3776114
2015-07-15,0.2510194
2015-07-16,0.0
2015-07-17,6.139063
2015-07-18,0.0
2015-07-19,0.0
2015-07-20,0.0
2015-07-21,1.7512203
2015-07-22,6.7445145
2015-07-23,0.0
2015-07-24,16.941591
2015-07-25,0.0
2015-07-26,9.849261
2015-07-27,10.853755
2015-07-28,17.61594
2015-07-29,8.079966
2015-07-30,0.0
2015-07-31,0.0
2015-08-01,2.3314173
2015-08-02,42.41766
2015-08-03,0.0
2015-08-04,0.0
2015-08-05,0.0
2015-08-06,0.0
2015-08-07,0.87264496
2015-08-08,0.0
2015-08-09,0.0
2015-08-10,0.0
2015-08-11,0.0
2015-08-12,0.0
2015-08-13,0.0
2015-08-14,0.0
2015-08-15,5.6215415
2015-08-16,3.7290432
2015-08-17,0.0
2015-08-18,0.0
2015-08-19,0.0
2015-08-20,0.0
2015-08-21,0.0
2015-08-22,0.0
2015-08-23,52.5168
2015-08-24,0.6883661
2015-08-25,0.0
2015-08-26,0.0
2015-08-27,0.0
2015-08-28,18.139635
2015-08-29,0.0
2015-08-30,0.0
2015-08-31,2.2261229
2015-09-01,0.0
2015-09-02,1.8019875
2015-09-03,0.0
2015-09-04,0.0
2015-09-05,0.0
2015-09-06,0.0
2015-09-07,0.0
2015-09-08,0.0
2015-09-09,0.0
2015-09-10,0.4293753
2015-09-11,0.0
2015-09-12,0.0
2015-09-13,0.49543303
2015-09-14,0.0
2015-09-15,0.0
2015-09-16,0.0
2015-09-17,0.0
2015-09-18,0.0
2015-09-19,0.0
2015-09-20,0.0
2015-09-21,8.563519
2015-09-22,0.0
2015-09-23,0.0
2015-09-24,0.0
2015-09-25,0.0
2015-09-26,0.0
2015-09-27,0.0
2015-09-28,0.0
2015-09-29,0.0
2015-09-30,0.0
2015-10-01,5.9832273
2015-10-02,3.5493617
2015-10-03,1.4070374
2015-10-04,7.973212
2015-10-05,2.3373902
2015-10-06,17.539436
2015-10-07,2.0057855
2015-10-08,0.0
2015-10-09,0.0
2015-10-10,0.0
2015-10-11,0.0
2015-10-12,25.546026
2015-10-13,2.19762
2015-10-14,0.0
2015-10-15,0.0
2015-10-16,0.0
2015-10-17,0.0
2015-10-18,9.905034
2015-10-19,25.886862
2015-10-20,0.0
2015-10-21,0.30755132
2015-10-22,0.0
2015-10-23,0.0
2015-10-24,0.0
2015-10-25,0.0
2015-10-26,0.0
2015-10-27,0.11229816
2015-10-28,3.2822082
2015-10-29,2.847101
2015-10-30,8.948882
2015-10-31,16.018614
2015-11-01,2.5341911
2015-11-02,5.6887684
2015-11-03,4.598216
2015-11-04,0.42276952
2015-11-05,14.319723
2015-11-06,0.2312021
2015-11-07,44.48515
2015-11-08,15.044341
2015-11-09,124.07327
2015-11-10,327.30197
2015-11-11,0.0
2015-11-12,0.0
2015-11-13,0.0
2015-11-14,19.412443
2015-11-15,81.13026
2015-11-16,76.12139
2015-11-17,8.805463
2015-11-18,0.0
2015-11-19,3.4152026
2015-11-20,19.335857
2015-11-21,31.514593
2015-11-22,24.464289
2015-11-23,101.426414
2015-11-24,22.535418
2015-11-25,0.20662186
2015-11-26,0.0
2015-11-27,4.9233675
2015-11-28,0.0
2015-11-29,3.587294
2015-11-30,38.42351
2015-12-01,116.58899
2015-12-02,48.09516
2015-12-03,60.18608
2015-12-04,46.811424
2015-12-05,53.927216
2015-12-06,92.396866
2015-12-07,19.97649
2015-12-08,12.778599
2015-12-09,14.804464
2015-12-10,13.866574
2015-12-11,0.36331758
2015-12-12,4.97292
2015-12-13,0.0
2015-12-14,0.0
2015-12-15,0.0
2015-12-16,0.0
2015-12-17,0.0
2015-12-18,0.0
2015-12-19,0.0
2015-12-20,0.0
2015-12-21,0.0
2015-12-22,0.0
2015-12-23,0.0
2015-12-24,0.0
2015-12-25,0.0
2015-12-26,0.0
2015-12-27,0.0
2015-12-28,0.0
2015-12-29,0.0
2015-12-30,0.0
2015-12-31,0.0
2016-01-01,0.0
2016-01-02,0.0
2016-01-03,0.0
2016-01-04,0.0
2016-01-05,0.0
2016-01-06,0.0
2016-01-07,0.0
2016-01-08,0.0
2016-01-09,0.0
2016-01-10,0.0
2016-01-11,0.0
2016-01-12,0.0
2016-01-13,0.0
2016-01-14,0.0
2016-01-15,0.0
2016-01-16,0.0
2016-01-17,0.0
2016-01-18,0.0
2016-01-19,0.0
2016-01-20,0.0
2016-01-21,0.0
2016-01-22,0.0
2016-01-23,0.0
2016-01-24,2.8140748
2016-01-25,0.0
2016-01-26,0.0
2016-01-27,0.0
2016-01-28,0.0
2016-01-29,0.0
2016-01-30,0.0
2016-01-31,0.0
2016-02-01,0.0
2016-02-02,0.0
2016-02-03,0.0
2016-02-04,0.0
2016-02-05,0.0
2016-02-06,0.0
2016-02-07,0.0
2016-02-08,0.0
2016-02-09,0.0
2016-02-10,0.0
2016-02-11,0.0
2016-02-12,0.0
2016-02-13,0.0
2016-02-14,0.0
2016-02-15,0.0
2016-02-16,0.0
2016-02-17,0.0
2016-02-18,0.0
2016-02-19,0.0
2016-02-20,0.0
2016-02-21,0.0
2016-02-22,0.0
2016-02-23,0.0
2016-02-24,0.0
2016-02-25,0.0
2016-02-26,0.0
2016-02-27,0.0
2016-02-28,0.0
2016-02-29,0.0
2016-03-01,0.0
2016-03-02,0.0
2016-03-03,0.0
2016-03-04,0.0
2016-03-05,0.0
2016-03-06,0.0
2016-03-07,0.0
2016-03-08,0.0
2016-03-09,0.0
2016-03-10,0.0
2016-03-11,0.0
2016-03-12,0.0
2016-03-13,0.0
2016-03-14,0.0
2016-03-15,0.0
2016-03-16,0.0
2016-03-17,0.0
2016-03-18,0.0
2016-03-19,0.0
2016-03-20,0.0
2016-03-21,0.0
2016-03-22,0.0
2016-03-23,0.0
2016-03-24,0.0
2016-03-25,0.0
2016-03-26,0.0
2016-03-27,0.0
2016-03-28,0.0
2016-03-29,0.0
2016-03-30,2.1105561
2016-03-31,0.0
2016-04-01,0.0
2016-04-02,0.0
2016-04-03,0.0
2016-04-04,0.0
2016-04-05,0.0
2016-04-06,0.0
2016-04-07,0.0
2016-04-08,0.0
2016-04-09,0.0
2016-04-10,0.0
2016-04-11,0.0
2016-04-12,0.0
2016-04-13,0.0
2016-04-14,0.0
2016-04-15,0.0
2016-04-16,0.0
2016-04-17,0.0
2016-04-18,0.0
2016-04-19,0.0
2016-04-20,0.0
2016-04-21,0.0
2016-04-22,0.0
2016-04-23,0.0
2016-04-24,0.0
2016-04-25,0.0
2016-04-26,0.0
2016-04-27,0.0
2016-04-28,0.0
2016-04-29,0.0
2016-04-30,0.0
2016-05-01,0.0
2016-05-02,0.0
2016-05-03,0.0
2016-05-04,0.0
2016-05-05,0.0
2016-05-06,0.0
2016-05-07,0.0
2016-05-08,0.0
2016-05-09,0.0
2016-05-10,0.0
2016-05-11,0.0
2016-05-12,0.0
2016-05-13,0.0
2016-05-14,0.0
2016-05-15,0.0
2016-05-16,0.65173435
2016-05-17,51.033463
2016-05-18,11.399315
2016-05-19,4.715054
2016-05-20,17.428179
2016-05-21,0.0
2016-05-22,0.0
2016-05-23,0.0
2016-05-24,0.0
2016-05-25,0.0
2016-05-26,0.0
2016-05-27,0.0
2016-05-28,0.0
2016-05-29,0.0
2016-05-30,0.0
2016-05-31,0.0
2016-06-01,0.0
2016-06-02,0.0
2016-06-03,0.0
2016-06-04,0.0
2016-06-05,18.04023
2016-06-06,4.487379
2016-06-07,0.0
2016-06-08,0.0
2016-06-09,0.0
2016-06-10,0.0
2016-06-11,0.0
2016-06-12,0.0
2016-06-13,0.0
2016-06-14,0.0
2016-06-15,0.0
2016-06-16,0.0
2016-06-17,0.0
2016-06-18,0.0
2016-06-19,22.984587
2016-06-20,0.0
2016-06-21,8.065524
2016-06-22,36.93456
2016-06-23,5.9979835
2016-06-24,0.0
2016-06-25,0.0
2016-06-26,0.0
2016-06-27,0.0
2016-06-28,0.0
2016-06-29,0.0
2016-06-30,2.8140748
2016-07-01,0.0
2016-07-02,0.0
2016-07-03,0.0
2016-07-04,0.0
2016-07-05,0.0
2016-07-06,0.0
2016-07-07,0.0
2016-07-08,0.0
2016-07-09,10.277129
2016-07-10,0.0
2016-07-11,0.0
2016-07-12,0.0
2016-07-13,0.0
2016-07-14,0.0
2016-07-15,0.0
2016-07-16,0.34418306
2016-07-17,0.0
2016-07-18,0.0
2016-07-19,0.0
2016-07-20,5.3805566
2016-07-21,6.5361085
2016-07-22,0.0
2016-07-23,1.5429472
2016-07-24,0.0
2016-07-25,4.1826982
2016-07-26,1.5992669
2016-07-27,0.0
2016-07-28,0.0
2016-07-29,1.6915324
2016-07-30,0.34418306
2016-07-31,0.0
2016-08-01,0.0
2016-08-02,0.0
2016-08-03,0.0
2016-08-04,0.0
2016-08-05,0.0
2016-08-06,0.0
2016-08-07,0.0
2016-08-08,0.4293753
2016-08-09,3.347984
2016-08-10,0.0
2016-08-11,3.1348825
2016-08-12,0.0
2016-08-13,2.3780785
2016-08-14,10.803844
2016-08-15,0.0
2016-08-16,0.0
2016-08-17,0.0
2016-08-18,0.0
2016-08-19,0.0
2016-08-20,0.0
2016-08-21,6.1457443
2016-08-22,0.0
2016-08-23,22.982862
2016-08-24,0.39634642
2016-08-25,1.9650704
2016-08-26,2.1539364
2016-08-27,19.581957
2016-08-28,0.0
2016-08-29,11.9977665
2016-08-30,26.62836
2016-08-31,0.34418306
2016-09-01,17.729416
2016-09-02,9.38832
2016-09-03,0.7186161
2016-09-04,0.0
2016-09-05,1.4089371
2016-09-06,0.0
2016-09-07,9.16073
2016-09-08,0.0
2016-09-09,0.0
2016-09-10,0.0
2016-09-11,0.0
2016-09-12,0.0
2016-09-13,5.034535
2016-09-14,1.5488236
2016-09-15,0.0
2016-09-16,1.3129698
2016-09-17,0.8917794
2016-09-18,0.0
2016-09-19,0.0
2016-09-20,0.0
2016-09-21,0.0
2016-09-22,3.549703
2016-09-23,0.0
2016-09-24,0.0
2016-09-25,0.0
2016-09-26,0.0
2016-09-27,0.0
2016-09-28,0.5162746
2016-09-29,0.0
2016-09-30,24.211126
2016-10-01,0.0
2016-10-02,0.0
2016-10-03,0.0
2016-10-04,0.0
2016-10-05,1.1130614
2016-10-06,15.008399
2016-10-07,2.3450623
2016-10-08,0.0
2016-10-09,0.0
2016-10-10,0.0
2016-10-11,0.0
2016-10-12,13.042465
2016-10-13,3.2842364
2016-10-14,0.0
2016-10-15,0.0
2016-10-16,0.0
2016-10-17,0.0
2016-10-18,0.0
2016-10-19,0.0
2016-10-20,0.0
2016-10-21,0.0
2016-10-22,0.0
2016-10-23,0.0
2016-10-24,0.0
2016-10-25,0.0
2016-10-26,0.0
2016-10-27,0.0
2016-10-28,0.0
2016-10-29,0.0
2016-10-30,17.33288
2016-10-31,4.6652646
2016-11-01,20.513088
2016-11-02,1.5565896
2016-11-03,9.554004
2016-11-04,0.0
2016-11-05,0.0
2016-11-06,0.0
2016-11-07,0.0
2016-11-08,0.15377566
2016-11-09,0.0
2016-11-10,0.0
2016-11-11,0.0
2016-11-12,0.0
2016-11-13,9.163382
2016-11-14,1.329809
2016-11-15,1.9669563
2016-11-16,0.608414
2016-11-17,0.15377566
2016-11-18,0.6605774
2016-11-19,0.0
2016-11-20,0.0
2016-11-21,0.0
2016-11-22,0.0
2016-11-23,0.0
2016-11-24,0.0
2016-11-25,0.0
2016-11-26,0.0
2016-11-27,0.0
2016-11-28,0.0
2016-11-29,0.0
2016-11-30,0.0
2016-12-01,4.323402
2016-12-02,18.681812
2016-12-03,0.0
2016-12-04,0.0
2016-12-05,3.631863
2016-12-06,0.0
2016-12-07,0.0
2016-12-08,1.399352
2016-12-09,0.0
2016-12-10,0.0
2016-12-11,0.0
2016-12-12,0.0
2016-12-13,6.115705
2016-12-14,2.3450623
2016-12-15,0.0
2016-12-16,0.0
2016-12-17,5.3590517
2016-12-18,0.0
2016-12-19,0.0
2016-12-20,0.0
2016-12-21,0.0
2016-12-22,0.0
2016-12-23,0.0
2016-12-24,0.0
2016-12-25,0.0
2016-12-26,0.0
2016-12-27,0.0
2016-12-28,0.6442218
2016-12-29,0.0
2016-12-30,0.0
2016-12-31,0.0
2017-01-01,0.0
2017-01-02,0.0
2017-01-03,0.0
2017-01-04,0.0
2017-01-05,0.0
2017-01-06,0.0
2017-01-07,0.0
2017-01-08,0.0
2017-01-09,0.0
2017-01-10,0.0
2017-01-11,0.0
2017-01-12,0.0
2017-01-13,0.0
2017-01-14,0.0
2017-01-15,0.0
2017-01-16,0.0
2017-01-17,0.0
2017-01-18,0.0
2017-01-19,0.0
2017-01-20,0.0
2017-01-21,43.532837
2017-01-22,0.3302887
2017-01-23,0.0
2017-01-24,0.0
2017-01-25,0.0
2017-01-26,0.61397177
2017-01-27,74.13712
2017-01-28,22.725004
2017-01-29,0.4029522
2017-01-30,0.0
2017-01-31,0.0
2017-02-01,0.0
2017-02-02,0.0
2017-02-03,0.0
2017-02-04,0.0
2017-02-05,0.0
2017-02-06,0.0
2017-02-07,0.0
2017-02-08,0.0
2017-02-09,0.0
2017-02-10,0.0
2017-02-11,0.0
2017-02-12,0.0
2017-02-13,0.0
2017-02-14,0.4130197
2017-02-15,0.0
2017-02-16,0.0
2017-02-17,0.0
2017-02-18,0.0
2017-02-19,0.0
2017-02-20,0.0
2017-02-21,0.0
2017-02-22,0.0
2017-02-23,0.0
2017-02-24,0.0
2017-02-25,0.0
2017-02-26,0.0
2017-02-27,0.0
2017-02-28,0.0
2017-03-01,0.0
2017-03-02,0.0
2017-03-03,0.0
2017-03-04,0.0
2017-03-05,0.0
2017-03-06,0.0
2017-03-07,0.0
2017-03-08,0.0
2017-03-09,0.0
2017-03-10,0.0
2017-03-11,0.0
2017-03-12,0.0
2017-03-13,4.7670455
2017-03-14,0.0
2017-03-15,8.948759
2017-03-16,0.0
2017-03-17,0.0
2017-03-18,0.0
2017-03-19,0.0
2017-03-20,0.0
2017-03-21,0.0
2017-03-22,0.0
2017-03-23,0.0
2017-03-24,0.0
2017-03-25,0.0
2017-03-26,0.0
2017-03-27,0.0
2017-03-28,0.0
2017-03-29,0.0
2017-03-30,0.0
2017-03-31,0.0
2017-04-01,0.0
2017-04-02,0.0
2017-04-03,0.0
2017-04-04,0.0
2017-04-05,0.0
2017-04-06,0.0
2017-04-07,0.0
2017-04-08,0.0
2017-04-09,0.0
2017-04-10,0.0
2017-04-11,0.0
2017-04-12,0.0
2017-04-13,0.0
2017-04-14,0.0
2017-04-15,0.0
2017-04-16,0.0
2017-04-17,0.0
2017-04-18,0.0
2017-04-19,0.0
2017-04-20,0.0
2017-04-21,0.0
2017-04-22,0.0
2017-04-23,0.0
2017-04-24,0.0
2017-04-25,0.0
2017-04-26,0.0
2017-04-27,0.0
2017-04-28,0.0
2017-04-29,0.0
2017-04-30,0.0
2017-05-01,0.0
2017-05-02,0.0
2017-05-03,0.0
2017-05-04,0.0
2017-05-05,0.0
2017-05-06,0.0
2017-05-07,0.0
2017-05-08,0.0
2017-05-09,0.0
2017-05-10,0.0
2017-05-11,0.0
2017-05-12,0.0
2017-05-13,0.0
2017-05-14,0.0
2017-05-15,0.0
2017-05-16,0.0
2017-05-17,0.0
2017-05-18,0.0
2017-05-19,0.0
2017-05-20,0.0
2017-05-21,0.0
2017-05-22,0.0
2017-05-23,0.0
2017-05-24,0.0
2017-05-25,0.0
2017-05-26,0.0
2017-05-27,0.0
2017-05-28,0.0
2017-05-29,0.0
2017-05-30,0.0
2017-05-31,0.0
2017-06-01,0.0
2017-06-02,0.0
2017-06-03,0.0
2017-06-04,0.0
2017-06-05,0.0
2017-06-06,1.4942704
2017-06-07,11.931139
2017-06-08,0.0
2017-06-09,0.0
2017-06-10,0.0
2017-06-11,0.0
2017-06-12,0.0
2017-06-13,0.0
2017-06-14,0.0
2017-06-15,21.71688
2017-06-16,11.000541
2017-06-17,19.309553
2017-06-18,0.0
2017-06-19,0.0
2017-06-20,7.085228
2017-06-21,16.570139
2017-06-22,0.0
2017-06-23,0.0
2017-06-24,3.584539
2017-06-25,0.0
2017-06-26,0.0
2017-06-27,0.0
2017-06-28,0.0
2017-06-29,0.0
2017-06-30,0.0
2017-07-01,0.4130197
2017-07-02,2.5081093
2017-07-03,0.0
2017-07-04,0.63341856
2017-07-05,10.061354
2017-07-06,0.0
2017-07-07,2.6158988
2017-07-08,0.0
2017-07-09,0.0
2017-07-10,0.0
2017-07-11,4.0869246
2017-07-12,20.38801
2017-07-13,0.0
2017-07-14,0.0
2017-07-15,0.0
2017-07-16,2.6846278
2017-07-17,0.0
2017-07-18,0.0
2017-07-19,0.0
2017-07-20,0.0
2017-07-21,0.0
2017-07-22,0.0
2017-07-23,0.0
2017-07-24,0.0
2017-07-25,0.0
2017-07-26,0.0
2017-07-27,0.0
2017-07-28,15.193694
2017-07-29,13.8639
2017-07-30,0.0
2017-07-31,0.0
2017-08-01,0.0
2017-08-02,1.3674597
2017-08-03,11.256299
2017-08-04,0.0
2017-08-05,0.0
2017-08-06,0.0
2017-08-07,1.4070374
2017-08-08,1.3541837
2017-08-09,29.143389
2017-08-10,13.734207
2017-08-11,3.5598967
2017-08-12,4.408594
2017-08-13,27.72856
2017-08-14,0.0
2017-08-15,12.9634285
2017-08-16,0.0
2017-08-17,9.688254
2017-08-18,0.0
2017-08-19,55.54978
2017-08-20,8.4704895
2017-08-21,11.390474
2017-08-22,0.0
2017-08-23,0.0
2017-08-24,0.0
2017-08-25,0.0
2017-08-26,0.0
2017-08-27,38.938473
2017-08-28,0.0
2017-08-29,0.0
2017-08-30,0.0
2017-08-31,0.0
2017-09-01,0.0
2017-09-02,0.0
2017-09-03,0.0
2017-09-04,0.0
2017-09-05,0.0
2017-09-06,1.3839811
2017-09-07,0.0
2017-09-08,3.1240308
2017-09-09,2.391267
2017-09-10,0.0
2017-09-11,16.415436
2017-09-12,2.7181914
2017-09-13,1.5377567
2017-09-14,5.0431623
2017-09-15,0.0
2017-09-16,0.0
2017-09-17,9.084515
2017-09-18,0.0
2017-09-19,0.0
2017-09-20,0.0
2017-09-21,0.0
2017-09-22,0.0
2017-09-23,1.0325491
2017-09-24,0.0
2017-09-25,21.962261
2017-09-26,22.5355
2017-09-27,0.0
2017-09-28,17.345774
2017-09-29,0.0
2017-09-30,0.0
2017-10-01,0.0
2017-10-02,0.0
2017-10-03,0.0
2017-10-04,3.6379006
2017-10-05,1.4070374
2017-10-06,12.581152
2017-10-07,0.0
2017-10-08,3.0755134
2017-10-09,1.3401004
2017-10-10,1.1130614
2017-10-11,0.0
2017-10-12,0.0
2017-10-13,0.0
2017-10-14,0.0
2017-10-15,0.0
2017-10-16,0.0
2017-10-17,4.4906726
2017-10-18,0.0
2017-10-19,0.0
2017-10-20,0.0
2017-10-21,0.19817321
2017-10-22,0.71084493
2017-10-23,0.0
2017-10-24,0.0
2017-10-25,0.0
2017-10-26,17.821394
2017-10-27,0.0
2017-10-28,2.9877522
2017-10-29,3.077168
2017-10-30,17.116137
2017-10-31,212.76027
2017-11-01,51.168434
2017-11-02,36.267517
2017-11-03,102.40144
2017-11-04,72.381516
2017-11-05,54.164436
2017-11-06,116.811584
2017-11-07,23.9582
2017-11-08,1.4890304
2017-11-09,0.37721193
2017-11-10,0.0
2017-11-11,38.369926
2017-11-12,0.0
2017-11-13,0.15377566
2017-11-14,0.0
2017-11-15,4.4471273
2017-11-16,0.0
2017-11-17,0.0
2017-11-18,0.0
2017-11-19,0.0
2017-11-20,1.3958666
2017-11-21,0.34418306
2017-11-22,0.0
2017-11-23,0.0
2017-11-24,0.0
2017-11-25,0.0
2017-11-26,25.820068
2017-11-27,43.226185
2017-11-28,30.24193
2017-11-29,1.7844005
2017-11-30,35.632534
2017-12-01,17.700579
2017-12-02,132.38596
2017-12-03,23.92319
2017-12-04,17.600904
2017-12-05,0.0
2017-12-06,0.0
2017-12-07,0.0
2017-12-08,0.0
2017-12-09,0.0
2017-12-10,0.0
2017-12-11,0.0
2017-12-12,0.0
2017-12-13,0.0
2017-12-14,0.0
2017-12-15,0.0
2017-12-16,25.212893
2017-12-17,0.0
2017-12-18,6.8787084
2017-12-19,0.0
2017-12-20,0.0
2017-12-21,0.0
2017-12-22,10.704216
2017-12-23,0.0
2017-12-24,0.0
2017-12-25,0.0
2017-12-26,0.0
2017-12-27,0.0
2017-12-28,0.0
2017-12-29,0.0
2017-12-30,0.0
2017-12-31,0.0
2018-01-01,0.0
2018-01-02,0.0
2018-01-03,0.0
2018-01-04,0.0
2018-01-05,0.0
2018-01-06,0.0
2018-01-07,0.0
2018-01-08,0.0
2018-01-09,0.0
2018-01-10,47.39949
2018-01-11,36.296753
2018-01-12,0.0
2018-01-13,0.0
2018-01-14,0.0
2018-01-15,0.0
2018-01-16,0.0
2018-01-17,0.0
2018-01-18,0.0
2018-01-19,0.0
2018-01-20,0.0
2018-01-21,0.0
2018-01-22,0.0
2018-01-23,0.0
2018-01-24,0.0
2018-01-25,0.0
2018-01-26,0.0
2018-01-27,0.0
2018-01-28,0.0
2018-01-29,0.0
2018-01-30,0.0
2018-01-31,0.0
2018-02-01,0.0
2018-02-02,0.0
2018-02-03,0.0
2018-02-04,0.0
2018-02-05,0.0
2018-02-06,0.0
2018-02-07,0.0
2018-02-08,0.0
2018-02-09,0.0
2018-02-10,0.0
2018-02-11,0.0
2018-02-12,0.0
2018-02-13,0.0
2018-02-14,0.0
2018-02-15,0.0
2018-02-16,0.0
2018-02-17,0.0
2018-02-18,0.0
2018-02-19,0.0
2018-02-20,0.0
2018-02-21,0.0
2018-02-22,0.0
2018-02-23,0.0
2018-02-24,0.0
2018-02-25,0.0
2018-02-26,0.0
2018-02-27,0.0
2018-02-28,0.0
2018-03-01,0.0
2018-03-02,0.0
2018-03-03,0.0
2018-03-04,0.0
2018-03-05,0.0
2018-03-06,0.0
2018-03-07,0.0
2018-03-08,0.0
2018-03-09,0.0
2018-03-10,0.0
2018-03-11,0.0
2018-03-12,0.0
2018-03-13,0.0
2018-03-14,0.0
2018-03-15,0.0
2018-03-16,0.0
2018-03-17,4.2211123
2018-03-18,5.5888133
2018-03-19,0.0
2018-03-20,0.0
2018-03-21,0.0
2018-03-22,0.0
2018-03-23,0.0
2018-03-24,0.0
2018-03-25,0.0
2018-03-26,0.0
2018-03-27,0.0
2018-03-28,0.0
2018-03-29,0.0
2018-03-30,0.0
2018-03-31,0.0
2018-04-01,0.0
2018-04-02,0.0
2018-04-03,0.0
2018-04-04,0.0
2018-04-05,0.0
2018-04-06,0.0
2018-04-07,0.0
2018-04-08,0.0
2018-04-09,0.34418306
2018-04-10,0.0
2018-04-11,0.0
2018-04-12,0.0
2018-04-13,0.0
2018-04-14,0.0
2018-04-15,0.0
2018-04-16,0.0
2018-04-17,0.0
2018-04-18,0.0
2018-04-19,0.0
2018-04-20,0.0
2018-04-21,0.0
2018-04-22,0.0
2018-04-23,0.0
2018-04-24,0.0
2018-04-25,0.0
2018-04-26,0.0
2018-04-27,0.0
2018-04-28,0.0
2018-04-29,0.0
2018-04-30,0.0
2018-05-01,0.0
2018-05-02,0.0
2018-05-03,0.0
2018-05-04,0.0
2018-05-05,0.0
2018-05-06,0.0
2018-05-07,0.0
2018-05-08,0.0
2018-05-09,0.0
2018-05-10,1.0625405
2018-05-11,0.0
2018-05-12,0.0
2018-05-13,0.0
2018-05-14,0.0
2018-05-15,0.0
2018-05-16,0.0
2018-05-17,0.0
2018-05-18,0.0
2018-05-19,0.0
2018-05-20,0.0
2018-05-21,0.0
2018-05-22,0.0
2018-05-23,0.0
2018-05-24,0.0
2018-05-25,0.0
2018-05-26,0.0
2018-05-27,0.0
2018-05-28,0.0
2018-05-29,0.0
2018-05-30,0.0
2018-05-31,0.0
2018-06-01,0.0
2018-06-02,0.0
2018-06-03,0.0
2018-06-04,0.60815054
2018-06-05,0.0
2018-06-06,15.29558
2018-06-07,14.313697
2018-06-08,1.2851529
2018-06-09,0.0
2018-06-10,0.0
2018-06-11,0.0
2018-06-12,0.0
2018-06-13,0.0
2018-06-14,0.0
2018-06-15,0.0
2018-06-16,0.0
2018-06-17,19.326118
2018-06-18,4.6901245
2018-06-19,0.0
2018-06-20,0.0
2018-06-21,0.0
2018-06-22,0.0
2018-06-23,0.0
2018-06-24,0.0
2018-06-25,0.0
2018-06-26,0.0
2018-06-27,0.0
2018-06-28,0.0
2018-06-29,0.0
2018-06-30,0.0
2018-07-01,2.581373
2018-07-02,17.276575
2018-07-03,0.0
2018-07-04,0.0
2018-07-05,0.0
2018-07-06,0.0
2018-07-07,0.0
2018-07-08,0.0
2018-07-09,0.0
2018-07-10,0.0
2018-07-11,0.0
2018-07-12,0.0
2018-07-13,0.0
2018-07-14,0.0
2018-07-15,0.0
2018-07-16,0.0
2018-07-17,0.0
2018-07-18,0.0
2018-07-19,0.0
2018-07-20,0.34418306
2018-07-21,0.0
2018-07-22,0.0
2018-07-23,0.0
2018-07-24,0.0
2018-07-25,0.0
2018-07-26,24.233513
2018-07-27,0.34418306
2018-07-28,0.0
2018-07-29,0.30755132
2018-07-30,0.0
2018-07-31,3.6774774
2018-08-01,0.34418306
2018-08-02,0.0
2018-08-03,8.54332
2018-08-04,0.0
2018-08-05,0.0
2018-08-06,0.0
2018-08-07,0.16270688
2018-08-08,0.0
2018-08-09,7.1812773
2018-08-10,0.0
2018-08-11,0.8248739
2018-08-12,0.0
2018-08-13,0.0
2018-08-14,0.22459632
2018-08-15,7.3121986
2018-08-16,0.0
2018-08-17,0.0
2018-08-18,0.0
2018-08-19,0.0
2018-08-20,0.0
2018-08-21,0.0
2018-08-22,0.0
2018-08-23,0.0
2018-08-24,14.012331
2018-08-25,0.5152504
2018-08-26,0.0
2018-08-27,0.0
2018-08-28,5.4435744
2018-08-29,0.0
2018-08-30,25.096933
2018-08-31,78.90667
2018-09-01,9.957361
2018-09-02,0.0
2018-09-03,0.0
2018-09-04,0.0
2018-09-05,0.0
2018-09-06,0.0
2018-09-07,0.0
2018-09-08,0.0
2018-09-09,0.0
2018-09-10,0.0
2018-09-11,0.0
2018-09-12,0.0
2018-09-13,0.0
2018-09-14,0.0
2018-09-15,0.0
2018-09-16,4.243457
2018-09-17,1.135804
2018-09-18,0.0
2018-09-19,15.385918
2018-09-20,0.0
2018-09-21,0.0
2018-09-22,0.0
2018-09-23,0.0
2018-09-24,0.0
2018-09-25,0.0
2018-09-26,0.0
2018-09-27,0.0
2018-09-28,1.5259339
2018-09-29,2.1683533
2018-09-30,0.0
2018-10-01,0.0
2018-10-02,1.5971311
2018-10-03,7.8553534
2018-10-04,53.63146
2018-10-05,39.73172
2018-10-06,33.897205
2018-10-07,9.911207
2018-10-08,0.7610296
2018-10-09,4.5573378
2018-10-10,0.0
2018-10-11,0.0
2018-10-12,0.0
2018-10-13,0.0
2018-10-14,0.0
2018-10-15,0.0
2018-10-16,2.3450623
2018-10-17,17.884384
2018-10-18,0.0
2018-10-19,0.7969494
2018-10-20,24.01859
2018-10-21,7.2009883
2018-10-22,47.181187
2018-10-23,1.3607894
2018-10-24,0.0
2018-10-25,0.0
2018-10-26,0.0
2018-10-27,0.26423097
2018-10-28,0.0
2018-10-29,0.0
2018-10-30,0.0
2018-10-31,0.0
2018-11-01,4.3110137
2018-11-02,52.414936
2018-11-03,38.03591
2018-11-04,0.21799053
2018-11-05,3.2682805
2018-11-06,0.0
2018-11-07,0.0
2018-11-08,13.540863
2018-11-09,27.158417
2018-11-10,0.20650984
2018-11-11,0.0
2018-11-12,0.0
2018-11-13,0.0
2018-11-14,0.0
2018-11-15,0.0
2018-11-16,58.89198
2018-11-17,10.144823
2018-11-18,0.0
2018-11-19,14.742603
2018-11-20,0.92939234
2018-11-21,42.762245
2018-11-22,7.8948197
2018-11-23,50.565144
2018-11-24,46.977737
2018-11-25,2.2727115
2018-11-26,0.0
2018-11-27,0.0
2018-11-28,0.0
2018-11-29,52.672974
2018-11-30,16.312405
2018-12-01,0.0
2018-12-02,0.0
2018-12-03,0.0
2018-12-04,24.733265
2018-12-05,3.5841212
2018-12-06,12.546044
2018-12-07,0.0
2018-12-08,0.0
2018-12-09,0.0
2018-12-10,0.0
2018-12-11,0.0
2018-12-12,0.0
2018-12-13,0.0
2018-12-14,0.0
2018-12-15,0.0
2018-12-16,0.0
2018-12-17,0.0
2018-12-18,0.0
2018-12-19,0.6539478
2018-12-20,0.0
2018-12-21,0.0
2018-12-22,0.31231424
2018-12-23,28.120754
2018-12-24,15.525065
2018-12-25,0.0
2018-12-26,0.0
2018-12-27,0.0
2018-12-28,0.0
2018-12-29,0.0
2018-12-30,0.0
2018-12-31,0.0
2019-01-01,0.0
2019-01-02,0.0
2019-01-03,0.0
2019-01-04,0.0
2019-01-05,0.0
2019-01-06,0.0
2019-01-07,0.0
2019-01-08,0.0
2019-01-09,0.0
2019-01-10,0.0
2019-01-11,0.0
2019-01-12,0.0
2019-01-13,0.0
2019-01-14,0.0
2019-01-15,0.0
2019-01-16,0.0
2019-01-17,0.0
2019-01-18,0.0
2019-01-19,0.0
2019-01-20,0.0
2019-01-21,0.0
2019-01-22,0.0
2019-01-23,0.0
2019-01-24,0.0
2019-01-25,0.0
2019-01-26,0.0
2019-01-27,0.0
2019-01-28,0.0
2019-01-29,0.0
2019-01-30,2.470572
2019-01-31,0.0
2019-02-01,0.0
2019-02-02,0.0
2019-02-03,0.0
2019-02-04,0.0
2019-02-05,0.0
2019-02-06,0.0
2019-02-07,0.0
2019-02-08,0.0
2019-02-09,0.0
2019-02-10,0.0
2019-02-11,0.0
2019-02-12,0.0
2019-02-13,0.0
2019-02-14,0.0
2019-02-15,0.0
2019-02-16,0.0
2019-02-17,0.0
2019-02-18,0.0
2019-02-19,0.0
2019-02-20,0.0
2019-02-21,0.0
2019-02-22,0.0
2019-02-23,0.0
2019-02-24,0.0
2019-02-25,0.0
2019-02-26,0.0
2019-02-27,0.0
2019-02-28,0.0
2019-03-01,0.0
2019-03-02,0.0
2019-03-03,0.0
2019-03-04,0.0
2019-03-05,0.0
2019-03-06,0.0
2019-03-07,0.0
2019-03-08,0.0
2019-03-09,0.0
2019-03-10,0.0
2019-03-11,0.0
2019-03-12,0.0
2019-03-13,0.0
2019-03-14,0.0
2019-03-15,0.0
2019-03-16,0.0
2019-03-17,0.0
2019-03-18,0.0
2019-03-19,0.0
2019-03-20,0.0
2019-03-21,0.0
2019-03-22,0.0
2019-03-23,0.0
2019-03-24,0.0
2019-03-25,0.0
2019-03-26,0.0
2019-03-27,0.0
2019-03-28,0.0
2019-03-29,0.0
2019-03-30,0.0
2019-03-31,0.0
2019-04-01,0.0
2019-04-02,0.0
2019-04-03,0.0
2019-04-04,0.0
2019-04-05,0.0
2019-04-06,0.0
2019-04-07,0.0
2019-04-08,0.0
2019-04-09,0.0
2019-04-10,0.0
2019-04-11,0.0
2019-04-12,0.0
2019-04-13,0.0
2019-04-14,0.0
2019-04-15,0.0
2019-04-16,0.0
2019-04-17,0.0
2019-04-18,0.0
2019-04-19,0.0
2019-04-20,0.0
2019-04-21,0.0
2019-04-22,0.0
2019-04-23,0.0
2019-04-24,0.0
2019-04-25,0.0
2019-04-26,0.0
2019-04-27,0.0
2019-04-28,0.0
2019-04-29,0.0
2019-04-30,0.0
2019-05-01,0.0
2019-05-02,2.220233
2019-05-03,0.0
2019-05-04,0.0
2019-05-05,0.0
2019-05-06,0.0
2019-05-07,0.0
2019-05-08,0.0
2019-05-09,0.0
2019-05-10,0.0
2019-05-11,0.0
2019-05-12,0.0
2019-05-13,0.0
2019-05-14,0.0
2019-05-15,0.0
2019-05-16,0.0
2019-05-17,0.0
2019-05-18,0.0
2019-05-19,0.0
2019-05-20,0.0
2019-05-21,0.0
2019-05-22,0.0
2019-05-23,0.0
2019-05-24,0.0
2019-05-25,0.0
2019-05-26,0.0
2019-05-27,0.0
2019-05-28,0.0
2019-05-29,0.0
2019-05-30,0.0
2019-05-31,0.0
2019-06-01,0.0
2019-06-02,0.0
2019-06-03,0.0
2019-06-04,0.0
2019-06-05,0.0
2019-06-06,0.0
2019-06-07,0.0
2019-06-08,0.0
2019-06-09,0.0
2019-06-10,0.0
2019-06-11,0.0
2019-06-12,0.0
2019-06-13,0.0
2019-06-14,0.0
2019-06-15,0.0
2019-06-16,0.0
2019-06-17,0.0
2019-06-18,0.0
2019-06-19,0.0
2019-06-20,0.0
2019-06-21,0.0
2019-06-22,0.0
2019-06-23,0.0
2019-06-24,0.0
2019-06-25,0.0
2019-06-26,15.01755
2019-06-27,0.0
2019-06-28,0.0
2019-06-29,0.0
2019-06-30,0.0
2019-07-01,0.0
2019-07-02,0.0
2019-07-03,0.0
2019-07-04,0.0
2019-07-05,0.0
2019-07-06,0.0
2019-07-07,0.0
2019-07-08,0.0
2019-07-09,0.0
2019-07-10,6.43984
2019-07-11,0.48185626
2019-07-12,0.0
2019-07-13,6.118232
2019-07-14,0.0
2019-07-15,0.0
2019-07-16,2.242303
2019-07-17,0.0
2019-07-18,0.0
2019-07-19,4.2252064
2019-07-20,0.9380199
2019-07-21,6.6350107
2019-07-22,0.0
2019-07-23,0.4130197
2019-07-24,0.6839393
2019-07-25,0.0
2019-07-26,0.1783559
2019-07-27,0.0
2019-07-28,0.0
2019-07-29,1.9762702
2019-07-30,34.9497
2019-07-31,0.0
2019-08-01,0.0
2019-08-02,0.0
2019-08-03,0.0
2019-08-04,0.0
2019-08-05,0.0
2019-08-06,0.0
2019-08-07,0.0
2019-08-08,1.0068614
2019-08-09,0.0
2019-08-10,0.0
2019-08-11,0.0
2019-08-12,0.6195295
2019-08-13,0.13767323
2019-08-14,12.454026
2019-08-15,0.0
2019-08-16,0.0
2019-08-17,9.518854
2019-08-18,18.60125
2019-08-19,0.0
2019-08-20,6.367995
2019-08-21,19.672462
2019-08-22,42.715668
2019-08-23,4.0968676
2019-08-24,0.97275573
2019-08-25,0.0
2019-08-26,0.53399056
2019-08-27,0.0
2019-08-28,0.0
2019-08-29,0.0
2019-08-30,26.153725
2019-08-31,0.0
2019-09-01,3.9236867
2019-09-02,0.0
2019-09-03,7.116867
2019-09-04,12.361207
2019-09-05,5.935701
2019-09-06,0.0
2019-09-07,0.30976474
2019-09-08,0.0
2019-09-09,0.0
2019-09-10,0.48185626
2019-09-11,0.0
2019-09-12,53.860397
2019-09-13,9.387211
2019-09-14,7.1379375
2019-09-15,0.0
2019-09-16,21.50321
2019-09-17,8.530479
2019-09-18,10.355928
2019-09-19,4.528486
2019-09-20,0.19156744
2019-09-21,0.0
2019-09-22,3.2830873
2019-09-23,0.0
2019-09-24,4.4888377
2019-09-25,0.0
2019-09-26,15.192353
2019-09-27,0.0
2019-09-28,0.0
2019-09-29,0.0
2019-09-30,9.346421
2019-10-01,0.0
2019-10-02,0.0
2019-10-03,0.0
2019-10-04,0.0
2019-10-05,0.0
2019-10-06,0.0
2019-10-07,0.0
2019-10-08,0.0
2019-10-09,0.0
2019-10-10,0.0
2019-10-11,0.0
2019-10-12,0.0
2019-10-13,0.0
2019-10-14,1.7209152
2019-10-15,5.737409
2019-10-16,8.123729
2019-10-17,20.307568
2019-10-18,5.367546
2019-10-19,1.0377892
2019-10-20,36.41232
2019-10-21,21.432835
2019-10-22,7.620377
2019-10-23,1.130953
2019-10-24,17.855837
2019-10-25,0.0
2019-10-26,0.0
2019-10-27,0.0
2019-10-28,4.245321
2019-10-29,17.269613
2019-10-30,51.983242
2019-10-31,24.539286
2019-11-01,12.793455
2019-11-02,0.0
2019-11-03,0.0
2019-11-04,0.27744249
2019-11-05,0.15377566
2019-11-06,0.0
2019-11-07,0.0
2019-11-08,0.0
2019-11-09,0.0
2019-11-10,0.0
2019-11-11,3.7520998
2019-11-12,0.0
2019-11-13,0.0
2019-11-14,0.608414
2019-11-15,2.574124
2019-11-16,2.3060262
2019-11-17,23.045258
2019-11-18,11.60808
2019-11-19,10.759802
2019-11-20,13.357943
2019-11-21,3.654731
2019-11-22,48.966927
2019-11-23,38.587875
2019-11-24,0.32368293
2019-11-25,0.0
2019-11-26,0.48222148
2019-11-27,2.9701152
2019-11-28,52.19627
2019-11-29,20.216719
2019-11-30,55.143795
2019-12-01,120.15242
2019-12-02,39.989456
2019-12-03,63.40831
2019-12-04,0.0
2019-12-05,0.0
2019-12-06,0.0
2019-12-07,0.0
2019-12-08,5.2552814
2019-12-09,0.0
2019-12-10,0.0
2019-12-11,0.0
2019-12-12,0.0
2019-12-13,0.0
2019-12-14,28.00053
2019-12-15,5.7563744
2019-12-16,0.10569238
2019-12-17,2.164185
2019-12-18,5.8001566
2019-12-19,0.0
2019-12-20,0.0
2019-12-21,0.0
2019-12-22,0.0
2019-12-23,0.0
2019-12-24,4.0715327
2019-12-25,4.307754
2019-12-26,2.272056
2019-12-27,0.0
2019-12-28,0.0
2019-12-29,0.0
2019-12-30,0.0
2019-12-31,11.502047
2020-01-01,2.6781511
2020-01-02,9.293652
2020-01-03,0.0
2020-01-04,0.0
2020-01-05,0.0
2020-01-06,14.787777
2020-01-07,3.8124094
2020-01-08,0.10569238
2020-01-09,0.0
2020-01-10,0.0
2020-01-11,0.0
2020-01-12,0.0
2020-01-13,0.0
2020-01-14,0.0
2020-01-15,0.0
2020-01-16,0.0
2020-01-17,0.0
2020-01-18,0.0
2020-01-19,2.4047637
2020-01-20,0.0
2020-01-21,0.0
2020-01-22,0.0
2020-01-23,0.0
2020-01-24,0.0
2020-01-25,0.0
2020-01-26,0.0
2020-01-27,0.0
2020-01-28,0.0
2020-01-29,0.0
2020-01-30,0.0
2020-01-31,0.0
2020-02-01,0.0
2020-02-02,0.0
2020-02-03,0.0
2020-02-04,0.0
2020-02-05,0.0
2020-02-06,0.0
2020-02-07,0.0
2020-02-08,0.0
2020-02-09,0.0
2020-02-10,0.0
2020-02-11,0.0
2020-02-12,3.9718258
2020-02-13,0.0
2020-02-14,0.0
2020-02-15,0.0
2020-02-16,0.0
2020-02-17,0.0
2020-02-18,0.0
2020-02-19,0.0
2020-02-20,0.0
2020-02-21,0.0
2020-02-22,0.0
2020-02-23,0.0
2020-02-24,0.0
2020-02-25,0.0
2020-02-26,0.0
2020-02-27,0.0
2020-02-28,0.0
2020-02-29,0.0
2020-03-01,0.0
2020-03-02,0.0
2020-03-03,0.0
2020-03-04,0.0
2020-03-05,0.0
2020-03-06,0.0
2020-03-07,0.0
2020-03-08,0.0
2020-03-09,0.0
2020-03-10,0.0
2020-03-11,0.0
2020-03-12,0.0
2020-03-13,0.0
2020-03-14,0.0
2020-03-15,0.0
2020-03-16,0.0
2020-03-17,0.0
2020-03-18,0.0
2020-03-19,0.0
2020-03-20,0.0
2020-03-21,0.0
2020-03-22,0.0
2020-03-23,0.0
2020-03-24,0.0
2020-03-25,0.0
2020-03-26,0.0
2020-03-27,0.0
2020-03-28,0.0
2020-03-29,0.0
2020-03-30,0.0
2020-03-31,0.0
2020-04-01,0.0
2020-04-02,0.0
2020-04-03,0.0
2020-04-04,0.0
2020-04-05,0.0
2020-04-06,0.0
2020-04-07,0.0
2020-04-08,0.0
2020-04-09,0.0
2020-04-10,0.0
2020-04-11,0.0
2020-04-12,0.0
2020-04-13,0.0
2020-04-14,0.0
2020-04-15,0.0
2020-04-16,0.0
2020-04-17,0.0
2020-04-18,0.0
2020-04-19,0.0
2020-04-20,0.0
2020-04-21,0.0
2020-04-22,0.0
2020-04-23,0.0
2020-04-24,0.0
2020-04-25,0.0
2020-04-26,0.0
2020-04-27,1.4070374
2020-04-28,0.0
2020-04-29,0.0
2020-04-30,0.0
2020-05-01,0.0
2020-05-02,0.0
2020-05-03,0.0
2020-05-04,0.0
2020-05-05,0.0
2020-05-06,0.0
2020-05-07,0.0
2020-05-08,0.0
2020-05-09,0.0
2020-05-10,0.0
2020-05-11,0.0
2020-05-12,0.0
2020-05-13,0.0
2020-05-14,0.0
2020-05-15,0.0
2020-05-16,0.0
2020-05-17,0.0
2020-05-18,0.0
2020-05-19,9.25542
2020-05-20,0.0
2020-05-21,14.070374
2020-05-22,0.0
2020-05-23,0.0
2020-05-24,0.0
2020-05-25,0.0
2020-05-26,0.0
2020-05-27,0.0
2020-05-28,0.0
2020-05-29,0.0
2020-05-30,0.0
2020-05-31,0.0
2020-06-01,0.0
2020-06-02,0.0
2020-06-03,0.0
2020-06-04,0.0
2020-06-05,0.0
2020-06-06,3.2830873
2020-06-07,0.0
2020-06-08,0.0
2020-06-09,0.0
2020-06-10,0.30755132
2020-06-11,0.0
2020-06-12,0.0
2020-06-13,0.0
2020-06-14,0.0
2020-06-15,0.0
2020-06-16,0.0
2020-06-17,0.0
2020-06-18,0.0
2020-06-19,0.0
2020-06-20,0.0
2020-06-21,0.0
2020-06-22,1.4542994
2020-06-23,0.0
2020-06-24,2.3450623
2020-06-25,0.0
2020-06-26,0.0
2020-06-27,0.0
2020-06-28,0.0
2020-06-29,0.15377566
2020-06-30,13.367997
2020-07-01,6.9524975
2020-07-02,0.0
2020-07-03,0.4293753
2020-07-04,4.1174603
2020-07-05,0.0
2020-07-06,0.0
2020-07-07,0.37860134
2020-07-08,0.0
2020-07-09,0.0
2020-07-10,13.30922
2020-07-11,0.0
2020-07-12,7.6274014
2020-07-13,0.0
2020-07-14,0.0
2020-07-15,1.3170747
2020-07-16,0.0
2020-07-17,0.0
2020-07-18,0.0
2020-07-19,0.0
2020-07-20,0.0
2020-07-21,1.4147362
2020-07-22,0.0
2020-07-23,0.0
2020-07-24,0.0
2020-07-25,0.0
2020-07-26,29.386713
2020-07-27,0.0
2020-07-28,1.7307997
2020-07-29,29.733913
2020-07-30,0.35010603
2020-07-31,2.1528594
2020-08-01,1.2881259
2020-08-02,0.0
2020-08-03,0.0
2020-08-04,0.0
2020-08-05,0.0
2020-08-06,0.0
2020-08-07,0.0
2020-08-08,0.0
2020-08-09,4.04428
2020-08-10,0.0
2020-08-11,0.0
2020-08-12,0.0
2020-08-13,0.0
2020-08-14,0.0
2020-08-15,0.0
2020-08-16,0.0
2020-08-17,0.0
2020-08-18,0.0
2020-08-19,0.0
2020-08-20,0.13872124
2020-08-21,0.0
2020-08-22,0.0
2020-08-23,0.0
2020-08-24,9.257282
2020-08-25,0.0
2020-08-26,0.10325492
2020-08-27,0.37652907
2020-08-28,22.031128
2020-08-29,0.0
2020-08-30,0.0
2020-08-31,0.0
2020-09-01,0.0
2020-09-02,12.504977
2020-09-03,1.3327742
2020-09-04,0.0
2020-09-05,0.0
2020-09-06,0.0
2020-09-07,3.337086
2020-09-08,0.0
2020-09-09,1.3767322
2020-09-10,14.301262
2020-09-11,0.0
2020-09-12,0.0
2020-09-13,0.0
2020-09-14,0.17209153
2020-09-15,0.0
2020-09-16,0.0
2020-09-17,4.36035
2020-09-18,0.0
2020-09-19,0.0
2020-09-20,0.0
2020-09-21,0.0
2020-09-22,0.0
2020-09-23,0.0
2020-09-24,0.0
2020-09-25,0.5228373
2020-09-26,0.0
2020-09-27,0.0
2020-09-28,5.2097945
2020-09-29,49.60127
2020-09-30,66.8241
2020-10-01,17.487316
2020-10-02,0.0
2020-10-03,29.390612
2020-10-04,0.0
2020-10-05,0.0
2020-10-06,0.0
2020-10-07,0.0
2020-10-08,16.014198
2020-10-09,0.0
2020-10-10,14.122506
2020-10-11,0.39981672
2020-10-12,0.39634642
2020-10-13,0.0
2020-10-14,0.0
2020-10-15,0.0
2020-10-16,0.0
2020-10-17,0.0
2020-10-18,7.9726315
2020-10-19,3.492312
2020-10-20,0.0
2020-10-21,0.16514435
2020-10-22,5.6130443
2020-10-23,0.0
2020-10-24,0.0
2020-10-25,0.0
2020-10-26,0.0
2020-10-27,0.0
2020-10-28,0.8303886
2020-10-29,0.0
2020-10-30,0.0
2020-10-31,0.0
2020-11-01,0.0
2020-11-02,0.0
2020-11-03,0.0
2020-11-04,0.0
2020-11-05,2.866376
2020-11-06,4.082579
2020-11-07,13.02784
2020-11-08,30.938068
2020-11-09,0.46901247
2020-11-10,0.0
2020-11-11,0.0
2020-11-12,0.98426527
2020-11-13,12.259475
2020-11-14,64.578545
2020-11-15,39.75917
2020-11-16,60.257545
2020-11-17,28.552757
2020-11-18,1.4804151
2020-11-19,14.820794
2020-11-20,0.0
2020-11-21,0.0
2020-11-22,0.0
2020-11-23,0.0
2020-11-24,0.0
2020-11-25,14.801853
2020-11-26,151.31203
2020-11-27,0.0
2020-11-28,6.162824
2020-11-29,2.579997
2020-11-30,1.0846711
2020-12-01,0.0
2020-12-02,2.914367
2020-12-03,58.40613
2020-12-04,279.58652
2020-12-05,91.5433
2020-12-06,38.62213
2020-12-07,19.201347
2020-12-08,36.713547
2020-12-09,10.392532
2020-12-10,3.2357962
2020-12-11,0.0
2020-12-12,0.0
2020-12-13,0.0
2020-12-14,0.0
2020-12-15,0.0
2020-12-16,9.857369
2020-12-17,57.751312
2020-12-18,49.481834
2020-12-19,44.78955
2020-12-20,0.13767323
2020-12-21,0.0
2020-12-22,0.0
2020-12-23,0.0
2020-12-24,0.0
2020-12-25,0.0
2020-12-26,0.0
2020-12-27,0.0
2020-12-28,0.0
2020-12-29,0.0
2020-12-30,3.1150594
2020-12-31,16.301172
2021-01-01,8.829933
2021-01-02,0.0
2021-01-03,5.349524
2021-01-04,22.507662
2021-01-05,15.120493
2021-01-06,7.9250083
2021-01-07,60.079124
2021-01-08,2.2393258
2021-01-09,3.3050861
2021-01-10,1.6608093
2021-01-11,59.938877
2021-01-12,31.600452
2021-01-13,222.76726
2021-01-14,3.2425942
2021-01-15,1.0356933
2021-01-16,7.392035
2021-01-17,0.0
2021-01-18,0.0
2021-01-19,0.0
2021-01-20,0.0
2021-01-21,0.0
2021-01-22,0.0
2021-01-23,0.0
2021-01-24,0.0
2021-01-25,0.0
2021-01-26,0.0
2021-01-27,0.0
2021-01-28,0.0
2021-01-29,0.0
2021-01-30,0.0
2021-01-31,0.0
2021-02-01,0.0
2021-02-02,0.0
2021-02-03,0.0
2021-02-04,0.0
2021-02-05,0.0
2021-02-06,0.0
2021-02-07,0.0
2021-02-08,0.0
2021-02-09,0.0
2021-02-10,0.0
2021-02-11,0.0
2021-02-12,0.0
2021-02-13,0.0
2021-02-14,0.0
2021-02-15,0.0
2021-02-16,0.0
2021-02-17,0.0
2021-02-18,0.0
2021-02-19,0.0
2021-02-20,0.0
2021-02-21,42.620224
2021-02-22,33.963303
2021-02-23,0.0
2021-02-24,0.0
2021-02-25,0.0
2021-02-26,0.0
2021-02-27,0.0
2021-02-28,0.0
2021-03-01,0.0
2021-03-02,0.0
2021-03-03,0.0
2021-03-04,0.0
2021-03-05,0.0
2021-03-06,0.0
2021-03-07,0.0
2021-03-08,0.0
2021-03-09,0.0
2021-03-10,1.0325491
2021-03-11,0.0
2021-03-12,0.0
2021-03-13,0.0
2021-03-14,0.0
2021-03-15,0.0
2021-03-16,0.0
2021-03-17,0.0
2021-03-18,0.0
2021-03-19,0.0
2021-03-20,0.0
2021-03-21,0.0
2021-03-22,0.0
2021-03-23,0.0
2021-03-24,0.0
2021-03-25,0.0
2021-03-26,0.0
2021-03-27,0.0
2021-03-28,0.0
2021-03-29,0.0
2021-03-30,0.0
2021-03-31,0.0
2021-04-01,0.0
2021-04-02,0.0
2021-04-03,0.0
2021-04-04,0.0
2021-04-05,0.0
2021-04-06,0.0
2021-04-07,0.0
2021-04-08,0.0
2021-04-09,0.0
2021-04-10,0.0
2021-04-11,0.0
2021-04-12,0.0
2021-04-13,2.49567
2021-04-14,0.0
2021-04-15,0.96699476
2021-04-16,0.6883661
2021-04-17,0.0
2021-04-18,0.0
2021-04-19,0.0
2021-04-20,0.0
2021-04-21,0.0
2021-04-22,0.0
2021-04-23,0.0
2021-04-24,0.0
2021-04-25,0.0
2021-04-26,0.0
2021-04-27,0.0
2021-04-28,0.0
2021-04-29,0.0
2021-04-30,0.0
2021-05-01,0.0
2021-05-02,0.0
2021-05-03,0.0
2021-05-04,0.0
2021-05-05,0.24604107
2021-05-06,0.0
2021-05-07,0.0
2021-05-08,0.0
2021-05-09,0.0
2021-05-10,1.1994503
2021-05-11,3.4138198
2021-05-12,0.0
2021-05-13,0.0
2021-05-14,0.5945196
2021-05-15,0.0
2021-05-16,0.0
2021-05-17,0.0
2021-05-18,0.0
2021-05-19,0.0
2021-05-20,0.0
2021-05-21,46.679386
2021-05-22,1.1545761
2021-05-23,0.0
2021-05-24,0.0
2021-05-25,0.0
2021-05-26,27.034958
2021-05-27,0.0
2021-05-28,0.0
2021-05-29,0.0
2021-05-30,0.0
2021-05-31,0.0
2021-06-01,0.0
2021-06-02,0.0
2021-06-03,0.0
2021-06-04,0.0
2021-06-05,0.8604576
2021-06-06,0.13767323
2021-06-07,0.0
2021-06-08,0.0
2021-06-09,46.26834
2021-06-10,0.0
2021-06-11,0.0
2021-06-12,0.0
2021-06-13,15.172728
2021-06-14,0.0
2021-06-15,0.0
2021-06-16,0.0
2021-06-17,0.0
2021-06-18,0.0
2021-06-19,0.0
2021-06-20,0.0
2021-06-21,0.0
2021-06-22,21.48154
2021-06-23,0.0
2021-06-24,0.0
2021-06-25,0.0
2021-06-26,0.0
2021-06-27,1.0846736
2021-06-28,0.0
2021-06-29,0.0
2021-06-30,0.0
2021-07-01,0.562815
2021-07-02,34.185513
2021-07-03,0.0
2021-07-04,0.0
2021-07-05,1.4202414
2021-07-06,0.0
2021-07-07,0.0
2021-07-08,0.0
2021-07-09,0.0
2021-07-10,1.50084
2021-07-11,0.0
2021-07-12,0.0
2021-07-13,0.0
2021-07-14,0.0
2021-07-15,11.39877
2021-07-16,0.0
2021-07-17,0.0
2021-07-18,4.1685104
2021-07-19,0.0
2021-07-20,0.0
2021-07-21,0.0
2021-07-22,0.0
2021-07-23,0.0
2021-07-24,6.166051
2021-07-25,0.0
2021-07-26,0.0
2021-07-27,35.000057
2021-07-28,0.0
2021-07-29,0.0
2021-07-30,0.0
2021-07-31,0.0
2021-08-01,0.0
2021-08-02,0.0
2021-08-03,0.0
2021-08-04,0.562815
2021-08-05,0.0
2021-08-06,3.5658114
2021-08-07,0.0
2021-08-08,6.5528593
2021-08-09,0.0
2021-08-10,0.0
2021-08-11,2.3958127
2021-08-12,3.7009969
2021-08-13,1.12563
2021-08-14,0.0
2021-08-15,35.9934
2021-08-16,0.0
2021-08-17,0.2312021
2021-08-18,20.196087
2021-08-19,0.0
2021-08-20,0.0
2021-08-21,0.0
2021-08-22,0.0
2021-08-23,2.552676
2021-08-24,0.0
2021-08-25,0.0
2021-08-26,0.0
2021-08-27,2.7492185
2021-08-28,27.74305
2021-08-29,4.247434
2021-08-30,0.15377566
2021-08-31,0.0
2021-09-01,0.0
2021-09-02,0.0
2021-09-03,14.595606
2021-09-04,6.131166
2021-09-05,0.0
2021-09-06,33.447365
2021-09-07,0.0
2021-09-08,0.0
2021-09-09,0.0
2021-09-10,0.0
2021-09-11,0.0
2021-09-12,0.0
2021-09-13,1.399352
2021-09-14,0.0
2021-09-15,0.0
2021-09-16,0.7674286
2021-09-17,0.5913842
2021-09-18,19.714357
2021-09-19,0.0
2021-09-20,0.583151
2021-09-21,12.625982
2021-09-22,0.0
2021-09-23,0.93802494
2021-09-24,0.0
2021-09-25,0.0
2021-09-26,27.38801
2021-09-27,0.13211548
2021-09-28,0.0
2021-09-29,0.0
2021-09-30,0.0
2021-10-01,0.7035187
2021-10-02,1.626391
2021-10-03,5.7337103
2021-10-04,0.86114377
2021-10-05,20.79545
2021-10-06,16.118677
2021-10-07,0.0
2021-10-08,0.0
2021-10-09,44.044903
2021-10-10,15.682747
2021-10-11,3.8569915
2021-10-12,10.377718
2021-10-13,10.665524
2021-10-14,17.240711
2021-10-15,3.2528102
2021-10-16,2.8602276
2021-10-17,0.17209153
2021-10-18,0.0
2021-10-19,0.0
2021-10-20,0.0
2021-10-21,0.0
2021-10-22,1.0318274
2021-10-23,0.0
2021-10-24,1.0325491
2021-10-25,1.5575544
2021-10-26,0.15193279
2021-10-27,0.0
2021-10-28,1.0352188
2021-10-29,13.394255
2021-10-30,87.538666
2021-10-31,29.162554
2021-11-01,65.51986
2021-11-02,37.787838
2021-11-03,71.92181
2021-11-04,29.893929
2021-11-05,0.0
2021-11-06,49.13339
2021-11-07,2.8808541
2021-11-08,60.302227
2021-11-09,43.002117
2021-11-10,105.08392
2021-11-11,30.788042
2021-11-12,7.5496516
2021-11-13,0.0
2021-11-14,7.5597396
2021-11-15,10.363483
2021-11-16,1.0083567
2021-11-17,0.0
2021-11-18,37.051746
2021-11-19,40.825474
2021-11-20,4.2750525
2021-11-21,34.38911
2021-11-22,1.5946424
2021-11-23,6.7920976
2021-11-24,0.0
2021-11-25,15.431835
2021-11-26,34.11091
2021-11-27,117.77969
2021-11-28,59.332558
2021-11-29,83.337425
2021-11-30,15.357941
2021-12-01,11.325633
2021-12-02,6.4995556
2021-12-03,0.0
2021-12-04,0.0
2021-12-05,0.0
2021-12-06,0.0
2021-12-07,1.7342387
2021-12-08,0.0
2021-12-09,0.0
2021-12-10,0.7572027
2021-12-11,0.0
2021-12-12,14.090982
2021-12-13,1.2971215
2021-12-14,18.082035
2021-12-15,6.69286
2021-12-16,0.0
2021-12-17,0.0
2021-12-18,0.0
2021-12-19,0.0
2021-12-20,0.0
2021-12-21,0.0
2021-12-22,0.0
2021-12-23,0.0
2021-12-24,0.0
2021-12-25,0.0
2021-12-26,0.0
2021-12-27,0.0
2021-12-28,0.0
2021-12-29,0.0
2021-12-30,0.838074
2021-12-31,38.739822
2022-01-01,49.01754
2022-01-02,6.86435
2022-01-03,0.0
2022-01-04,0.0
2022-01-05,0.0
2022-01-06,0.0
2022-01-07,0.0
2022-01-08,0.0
2022-01-09,0.0
2022-01-10,0.0
2022-01-11,0.0
2022-01-12,0.0
2022-01-13,0.0
2022-01-14,0.0
2022-01-15,0.0
2022-01-16,0.0
2022-01-17,1.5730678
2022-01-18,0.34418306
2022-01-19,0.0
2022-01-20,0.0
2022-01-21,0.0
2022-01-22,0.0
2022-01-23,0.0
2022-01-24,0.0
2022-01-25,4.2838874
2022-01-26,0.0
2022-01-27,0.0
2022-01-28,0.6566174
2022-01-29,0.0
2022-01-30,1.6113809
2022-01-31,0.0
2022-02-01,0.0
2022-02-02,0.0
2022-02-03,0.0
2022-02-04,0.0
2022-02-05,0.0
2022-02-06,0.0
2022-02-07,0.0
2022-02-08,0.0
2022-02-09,0.0
2022-02-10,0.0
2022-02-11,0.0
2022-02-12,83.88569
2022-02-13,0.0
2022-02-14,0.0
2022-02-15,3.8148754
2022-02-16,0.0
2022-02-17,0.0
2022-02-18,0.0
2022-02-19,0.0
2022-02-20,0.0
2022-02-21,0.0
2022-02-22,0.0
2022-02-23,0.0
2022-02-24,0.0
2022-02-25,0.0
2022-02-26,0.0
2022-02-27,0.0
2022-02-28,0.0
2022-03-01,0.0
2022-03-02,0.0
2022-03-03,0.0
2022-03-04,0.0
2022-03-05,4.190085
2022-03-06,0.0
2022-03-07,23.551441
2022-03-08,4.36885
2022-03-09,0.0
2022-03-10,0.0
2022-03-11,0.0
2022-03-12,0.0
2022-03-13,0.0
2022-03-14,0.0
2022-03-15,0.0
2022-03-16,0.0
2022-03-17,0.0
2022-03-18,0.0
2022-03-19,0.0
2022-03-20,0.0
2022-03-21,0.0
2022-03-22,0.0
2022-03-23,0.0
2022-03-24,0.0
2022-03-25,0.0
2022-03-26,2.3404446
2022-03-27,0.0
2022-03-28,0.0
2022-03-29,0.0
2022-03-30,0.0
2022-03-31,0.0
2022-04-01,0.0
2022-04-02,0.0
2022-04-03,0.0
2022-04-04,0.0
2022-04-05,0.0
2022-04-06,0.0
2022-04-07,0.0
2022-04-08,0.0
2022-04-09,2.184051
2022-04-10,7.86283
2022-04-11,0.43518314
2022-04-12,1.6381843
2022-04-13,0.21528594
2022-04-14,2.7063227
2022-04-15,0.0
2022-04-16,0.0
2022-04-17,4.121706
2022-04-18,0.0
2022-04-19,0.0
2022-04-20,0.0
2022-04-21,0.0
2022-04-22,0.0
2022-04-23,0.0
2022-04-24,0.30755132
2022-04-25,0.0
2022-04-26,0.0
2022-04-27,0.0
2022-04-28,0.0
2022-04-29,0.0
2022-04-30,0.0
2022-05-01,0.0
2022-05-02,0.0
2022-05-03,0.0
2022-05-04,0.0
2022-05-05,0.0
2022-05-06,0.0
2022-05-07,21.604559
2022-05-08,0.0
2022-05-09,0.0
2022-05-10,2.9261484
2022-05-11,0.3383065
2022-05-12,0.0
2022-05-13,2.4491813
2022-05-14,1.9719467
2022-05-15,0.4130197
2022-05-16,12.066358
2022-05-17,0.46901247
2022-05-18,0.0
2022-05-19,1.0978853
2022-05-20,0.0
2022-05-21,0.0
2022-05-22,0.562815
2022-05-23,0.0
2022-05-24,0.0
2022-05-25,0.0
2022-05-26,0.0
2022-05-27,3.7520998
2022-05-28,9.803582
2022-05-29,0.0
2022-05-30,0.0
2022-05-31,0.0
2022-06-01,0.0
2022-06-02,0.0
2022-06-03,0.0
2022-06-04,0.0
2022-06-05,0.0
2022-06-06,0.0
2022-06-07,7.600706
2022-06-08,0.0
2022-06-09,0.0
2022-06-10,0.0
2022-06-11,0.0
2022-06-12,0.0
2022-06-13,0.0
2022-06-14,0.0
2022-06-15,0.0
2022-06-16,22.630661
2022-06-17,0.31707716
2022-06-18,0.0
2022-06-19,0.0
2022-06-20,0.15377566
2022-06-21,0.8948759
2022-06-22,6.0918226
2022-06-23,0.0
2022-06-24,0.0
2022-06-25,0.0
2022-06-26,0.0
2022-06-27,0.0
2022-06-28,0.0
2022-06-29,0.0
2022-06-30,0.0
2022-07-01,2.2641037
2022-07-02,8.078756
2022-07-03,7.8052306
2022-07-04,1.2507346
2022-07-05,0.0
2022-07-06,0.0
2022-07-07,0.0
2022-07-08,0.0
2022-07-09,0.0
2022-07-10,0.0
2022-07-11,0.0
2022-07-12,0.0
2022-07-13,0.0
2022-07-14,0.9883175
2022-07-15,0.0
2022-07-16,0.0
2022-07-17,13.694678
2022-07-18,0.0
2022-07-19,0.15377566
2022-07-20,0.0
2022-07-21,0.0
2022-07-22,0.0
2022-07-23,16.46594
2022-07-24,13.818164
2022-07-25,0.15377566
2022-07-26,38.606136
2022-07-27,22.227097
2022-07-28,1.1686951
2022-07-29,0.0
2022-07-30,0.0
2022-07-31,2.4604106
2022-08-01,2.4575887
2022-08-02,7.5819373
2022-08-03,0.0
2022-08-04,0.47825903
2022-08-05,2.4956734
2022-08-06,0.0
2022-08-07,0.0
2022-08-08,0.0
2022-08-09,0.0
2022-08-10,0.0
2022-08-11,0.0
2022-08-12,0.0
2022-08-13,1.7897518
2022-08-14,0.0
2022-08-15,0.0
2022-08-16,0.0
2022-08-17,8.1577425
2022-08-18,3.1892848
2022-08-19,54.780354
2022-08-20,1.517305
2022-08-21,0.0
2022-08-22,17.198378
2022-08-23,9.882042
2022-08-24,20.794306
2022-08-25,0.0
2022-08-26,0.15377566
2022-08-27,0.0
2022-08-28,10.552856
2022-08-29,0.0
2022-08-30,0.562815
2022-08-31,1.9698522
2022-09-01,5.2731886
2022-09-02,18.420208
2022-09-03,0.0
2022-09-04,0.0
2022-09-05,11.048652
2022-09-06,0.0
2022-09-07,2.3373902
2022-09-08,7.922562
2022-09-09,0.0
2022-09-10,0.0
2022-09-11,0.0
2022-09-12,0.0
2022-09-13,0.0
2022-09-14,0.0
2022-09-15,0.0
2022-09-16,6.654939
2022-09-17,0.0
2022-09-18,0.0
2022-09-19,0.0
2022-09-20,0.0
2022-09-21,0.0
2022-09-22,0.0
2022-09-23,0.0
2022-09-24,0.0
2022-09-25,5.6201406
2022-09-26,6.6510906
2022-09-27,0.0
2022-09-28,2.3265502
2022-09-29,17.016636
2022-09-30,0.0
2022-10-01,0.0
2022-10-02,0.0
2022-10-03,0.0
2022-10-04,0.0
2022-10-05,0.0
2022-10-06,0.0
2022-10-07,0.0
2022-10-08,0.0
2022-10-09,0.46901247
2022-10-10,4.26408
2022-10-11,0.0
2022-10-12,0.0
2022-10-13,1.3211548
2022-10-14,0.2814075
2022-10-15,32.483295
2022-10-16,0.0
2022-10-17,3.2850893
2022-10-18,6.332968
2022-10-19,0.0
2022-10-20,0.0
2022-10-21,9.000861
2022-10-22,7.3309283
2022-10-23,9.618981
2022-10-24,0.0
2022-10-25,0.0
2022-10-26,0.0
2022-10-27,0.0
2022-10-28,1.8614843
2022-10-29,11.384327
2022-10-30,7.760997
2022-10-31,5.04146
2022-11-01,25.843803
2022-11-02,8.847128
2022-11-03,134.28891
2022-11-04,6.6351676
2022-11-05,25.377424
2022-11-06,38.00756
2022-11-07,8.8003235
2022-11-08,23.104273
2022-11-09,23.06693
2022-11-10,0.0
2022-11-11,73.79535
2022-11-12,229.87804
2022-11-13,1.6528115
2022-11-14,11.846825
2022-11-15,5.35897
2022-11-16,0.17209153
2022-11-17,0.0
2022-11-18,0.0
2022-11-19,0.0
2022-11-20,0.0
2022-11-21,0.0
2022-11-22,0.0
2022-11-23,0.187605
2022-11-24,0.0
2022-11-25,0.0
2022-11-26,0.43598107
2022-11-27,8.381614
2022-11-28,6.6930056
2022-11-29,2.7534645
2022-11-30,0.0
2022-12-01,14.823098
2022-12-02,1.7216014
2022-12-03,1.4198811
2022-12-04,20.17366
2022-12-05,28.084824
2022-12-06,0.0
2022-12-07,0.0
2022-12-08,0.0
2022-12-09,9.5373955
2022-12-10,15.341671
2022-12-11,5.554351
2022-12-12,8.383258
2022-12-13,37.745686
2022-12-14,5.8922973
2022-12-15,0.0
2022-12-16,0.0
2022-12-17,0.0
2022-12-18,0.0
2022-12-19,0.0
2022-12-20,0.0
2022-12-21,0.0
2022-12-22,0.0
2022-12-23,0.0
2022-12-24,0.0
2022-12-25,2.9624252
2022-12-26,4.544823
2022-12-27,4.205198
2022-12-28,1.12563
2022-12-29,0.0
2022-12-30,0.0
2022-12-31,0.0
2023-01-01,0.0
2023-01-02,0.0
2023-01-03,0.0
2023-01-04,0.0
2023-01-05,0.0
2023-01-06,1.1829374
2023-01-07,0.0
2023-01-08,14.904868
2023-01-09,2.6899672
2023-01-10,0.0
2023-01-11,0.0
2023-01-12,0.0
2023-01-13,0.0
2023-01-14,0.0
2023-01-15,0.0
2023-01-16,0.0
2023-01-17,0.0
2023-01-18,0.0
2023-01-19,0.0
2023-01-20,0.0
2023-01-21,0.0
2023-01-22,0.0
2023-01-23,0.0
2023-01-24,0.0
2023-01-25,0.0
2023-01-26,0.0
2023-01-27,0.0
2023-01-28,0.0
2023-01-29,0.0
2023-01-30,0.41718063
2023-01-31,8.167002
2023-02-01,0.0
2023-02-02,7.9797926
2023-02-03,6.4814963
2023-02-04,19.477913
2023-02-05,0.0
2023-02-06,0.0
2023-02-07,0.0
2023-02-08,0.0
2023-02-09,0.0
2023-02-10,0.0
2023-02-11,0.0
2023-02-12,0.0
2023-02-13,0.0
2023-02-14,0.0
2023-02-15,0.0
2023-02-16,0.0
2023-02-17,0.0
2023-02-18,0.0
2023-02-19,0.0
2023-02-20,0.0
2023-02-21,0.0
2023-02-22,0.0
2023-02-23,0.0
2023-02-24,0.0
2023-02-25,0.0
2023-02-26,0.0
2023-02-27,0.0
2023-02-28,0.0
2023-03-01,0.4384868
2023-03-02,0.0
2023-03-03,0.0
2023-03-04,0.0
2023-03-05,0.0
2023-03-06,0.0
2023-03-07,0.0
2023-03-08,0.0
2023-03-09,0.0
2023-03-10,0.0
2023-03-11,0.0
2023-03-12,0.0
2023-03-13,0.0
2023-03-14,0.0
2023-03-15,0.0
2023-03-16,0.0
2023-03-17,0.0
2023-03-18,3.5776916
2023-03-19,0.0
2023-03-20,14.220138
2023-03-21,0.0
2023-03-22,0.0
2023-03-23,0.0
2023-03-24,11.227368
2023-03-25,0.0
2023-03-26,0.0
2023-03-27,0.0
2023-03-28,0.0
2023-03-29,0.0
2023-03-30,0.0
2023-03-31,0.0
2023-04-01,0.0
2023-04-02,0.0
2023-04-03,0.0
2023-04-04,0.0
2023-04-05,0.0
2023-04-06,0.0
2023-04-07,0.0
2023-04-08,0.0
2023-04-09,0.0
2023-04-10,0.0
2023-04-11,0.0
2023-04-12,0.0
2023-04-13,0.0
2023-04-14,0.0
2023-04-15,0.0
2023-04-16,0.0
2023-04-17,0.0
2023-04-18,0.0
2023-04-19,0.0
2023-04-20,0.0
2023-04-21,0.0
2023-04-22,0.0
2023-04-23,0.0
2023-04-24,0.0
2023-04-25,0.9869494
2023-04-26,5.869085
2023-04-27,0.0
2023-04-28,0.0
2023-04-29,0.0
2023-04-30,7.932966
2023-05-01,0.0
2023-05-02,3.8903706
2023-05-03,1.2009517
2023-05-04,0.0
2023-05-05,0.0
2023-05-06,0.0
2023-05-07,7.7956657
2023-05-08,7.0244336
2023-05-09,0.0
2023-05-10,0.0
2023-05-11,0.0
2023-05-12,0.0
2023-05-13,0.0
2023-05-14,0.0
2023-05-15,0.0
2023-05-16,0.0
2023-05-17,0.0
2023-05-18,0.0
2023-05-19,0.0
2023-05-20,0.0
2023-05-21,0.0
2023-05-22,0.0
2023-05-23,0.0
2023-05-24,0.0
2023-05-25,0.0
2023-05-26,0.0
2023-05-27,0.09177974
2023-05-28,0.0
2023-05-29,0.0
2023-05-30,0.0
2023-05-31,0.0
2023-06-01,0.0
2023-06-02,0.0
2023-06-03,0.0
2023-06-04,0.0
2023-06-05,0.0
2023-06-06,3.2784517
2023-06-07,5.3048534
2023-06-08,0.0
2023-06-09,0.0
2023-06-10,0.0
2023-06-11,0.0
2023-06-12,0.0
2023-06-13,2.2393296
2023-06-14,0.0
2023-06-15,0.0
2023-06-16,0.0
2023-06-17,0.0
2023-06-18,0.0
2023-06-19,20.12029
2023-06-20,23.766209
2023-06-21,0.3414386
2023-06-22,0.0
2023-06-23,0.43595493
2023-06-24,0.0
2023-06-25,0.0
2023-06-26,0.0
2023-06-27,0.0
2023-06-28,0.0
2023-06-29,0.0
2023-06-30,2.0436566
2023-07-01,9.110745
2023-07-02,8.013721
2023-07-03,0.67852765
2023-07-04,1.2337791
2023-07-05,0.0
2023-07-06,0.0
2023-07-07,0.0
2023-07-08,0.0
2023-07-09,0.0
2023-07-10,4.902677
2023-07-11,9.179507
2023-07-12,0.3414386
2023-07-13,0.0
2023-07-14,6.4151707
2023-07-15,0.0
2023-07-16,0.0
2023-07-17,0.0
2023-07-18,0.0
2023-07-19,0.0
2023-07-20,0.0
2023-07-21,0.0
2023-07-22,0.0
2023-07-23,0.0
2023-07-24,8.246743
2023-07-25,0.6785739
2023-07-26,0.0
2023-07-27,0.35375702
2023-07-28,0.0
2023-07-29,0.0
2023-07-30,0.0
2023-07-31,0.0
2023-08-01,0.0
2023-08-02,0.0
2023-08-03,0.0
2023-08-04,0.12346115
2023-08-05,7.4146132
2023-08-06,2.08567
2023-08-07,33.989285
2023-08-08,4.1338315
2023-08-09,0.8348208
2023-08-10,84.161736
2023-08-11,6.985034
2023-08-12,26.884684
2023-08-13,11.596655
2023-08-14,0.39214978
2023-08-15,0.0
2023-08-16,0.0
2023-08-17,0.0
2023-08-18,0.0
2023-08-19,0.0
2023-08-20,0.0
2023-08-21,0.0
2023-08-22,0.0
2023-08-23,0.0
2023-08-24,0.0
2023-08-25,0.0
2023-08-26,0.0
2023-08-27,0.0
2023-08-28,2.164411
2023-08-29,0.0
2023-08-30,1.4198033
2023-08-31,3.7156858
2023-09-01,0.0
2023-09-02,0.0
2023-09-03,0.0
2023-09-04,0.0
2023-09-05,0.0
2023-09-06,0.0
2023-09-07,0.0
2023-09-08,11.609489
2023-09-09,0.20859031
2023-09-10,0.0
2023-09-11,0.0
2023-09-12,0.0
2023-09-13,20.559687
2023-09-14,0.0
2023-09-15,0.0
2023-09-16,0.0
2023-09-17,13.242346
2023-09-18,2.4394755
2023-09-19,0.0
2023-09-20,0.0
2023-09-21,2.691453
2023-09-22,0.0
2023-09-23,4.577527
2023-09-24,0.0
2023-09-25,0.0
2023-09-26,6.724194
2023-09-27,1.2379438
2023-09-28,0.041718062
2023-09-29,0.0
2023-09-30,0.0
2023-10-01,0.0
2023-10-02,0.0
2023-10-03,1.5258422
2023-10-04,0.0
2023-10-05,0.0
2023-10-06,0.0
2023-10-07,0.0
2023-10-08,0.0
2023-10-09,0.6539324
2023-10-10,0.0
2023-10-11,0.0
2023-10-12,0.0
2023-10-13,0.0
2023-10-14,3.3275516
2023-10-15,0.0
2023-10-16,0.0
2023-10-17,0.12346115
2023-10-18,0.0
2023-10-19,0.0
2023-10-20,0.0
2023-10-21,0.0
2023-10-22,0.0
2023-10-23,0.0
2023-10-24,0.0
2023-10-25,0.0
2023-10-26,0.15852864
2023-10-27,0.0
2023-10-28,19.922436
2023-10-29,4.9602294
2023-10-30,26.506153
2023-10-31,12.795918
2023-11-01,7.4203367
2023-11-02,11.038425
2023-11-03,23.749834
2023-11-04,26.236477
2023-11-05,1.6081421
2023-11-06,0.0
2023-11-07,9.726252
2023-11-08,18.539986
2023-11-09,55.236725
2023-11-10,2.8995194
2023-11-11,15.467318
2023-11-12,0.0
2023-11-13,0.0
2023-11-14,108.50719
2023-11-15,51.51266
2023-11-16,12.566723
2023-11-17,0.0
2023-11-18,6.8315973
2023-11-19,12.003837
2023-11-20,0.80198884
2023-11-21,0.0
2023-11-22,88.7143
2023-11-23,43.40163
2023-11-24,0.0
2023-11-25,27.701202
2023-11-26,78.86823
2023-11-27,5.9082046
2023-11-28,14.555223
2023-11-29,30.332619
2023-11-30,35.27766
2023-12-01,4.901332
2023-12-02,0.0
2023-12-03,23.351948
2023-12-04,3.394706
2023-12-05,0.0
2023-12-06,0.0
2023-12-07,0.0
2023-12-08,12.743932
2023-12-09,5.4494367
2023-12-10,3.5162845
2023-12-11,0.9869494
2023-12-12,0.53940356
2023-12-13,0.0
2023-12-14,0.0
2023-12-15,1.6037927
2023-12-16,14.085143
2023-12-17,7.4316015
2023-12-18,0.43595493
2023-12-19,0.0
2023-12-20,0.0
2023-12-21,0.23192811
2023-12-22,0.12346115
2023-12-23,0.0
2023-12-24,0.0
2023-12-25,10.489365
2023-12-26,0.0
2023-12-27,0.0
2023-12-28,0.28097397
2023-12-29,9.51043
2023-12-30,1.0487261
2023-12-31,0.0
2024-01-01,0.0
2024-01-02,0.0
2024-01-03,0.0
2024-01-04,3.330954
2024-01-05,7.0365024
2024-01-06,0.0
2024-01-07,27.958498
2024-01-08,138.3764
2024-01-09,8.660443
2024-01-10,0.6539324
2024-01-11,0.0
2024-01-12,0.0
2024-01-13,0.0
2024-01-14,0.0
2024-01-15,0.0
2024-01-16,0.0
2024-01-17,0.0
2024-01-18,0.0
2024-01-19,0.0
2024-01-20,0.0
2024-01-21,0.0
2024-01-22,0.0
2024-01-23,0.0
2024-01-24,0.0
2024-01-25,0.0
2024-01-26,0.0
2024-01-27,0.0
2024-01-28,0.0
2024-01-29,0.0
2024-01-30,0.0
2024-01-31,0.0
2024-02-01,0.0
2024-02-02,0.0
2024-02-03,0.0
2024-02-04,0.0
2024-02-05,0.0
2024-02-06,0.0
2024-02-07,0.0
2024-02-08,0.0
2024-02-09,0.0
2024-02-10,0.0
2024-02-11,0.0
2024-02-12,0.0
2024-02-13,0.0
2024-02-14,0.0
2024-02-15,0.0
2024-02-16,0.0
2024-02-17,0.0
2024-02-18,0.0
2024-02-19,0.0
2024-02-20,0.0
2024-02-21,0.0
2024-02-22,0.0
2024-02-23,0.0
2024-02-24,0.0
2024-02-25,0.0
2024-02-26,0.0
2024-02-27,0.0
2024-02-28,0.0
2024-02-29,0.0
2024-03-01,0.0
2024-03-02,0.0
2024-03-03,0.0
2024-03-04,0.0
2024-03-05,0.0
2024-03-06,0.0
2024-03-07,0.0
2024-03-08,0.0
2024-03-09,0.0
2024-03-10,0.0
2024-03-11,0.0
2024-03-12,0.0
2024-03-13,0.0
2024-03-14,0.0
2024-03-15,0.0
2024-03-16,0.0
2024-03-17,0.0
2024-03-18,0.0
2024-03-19,0.0
2024-03-20,0.0
2024-03-21,0.0
2024-03-22,0.0
2024-03-23,0.0
2024-03-24,0.0
2024-03-25,0.0
2024-03-26,0.0
2024-03-27,0.0
2024-03-28,0.0
2024-03-29,0.0
2024-03-30,0.0
2024-03-31,0.0
2024-04-01,0.0
2024-04-02,0.0
2024-04-03,0.0
2024-04-04,0.0
2024-04-05,0.0
2024-04-06,0.0
2024-04-07,0.0
2024-04-08,0.0
2024-04-09,0.0
2024-04-10,0.0
2024-04-11,0.0
2024-04-12,0.0
2024-04-13,0.0
2024-04-14,0.0
2024-04-15,0.0
2024-04-16,0.0
2024-04-17,0.0
2024-04-18,0.0
2024-04-19,0.0
2024-04-20,0.0
2024-04-21,0.0
2024-04-22,0.0
2024-04-23,0.0
2024-04-24,0.0
2024-04-25,0.0
2024-04-26,0.0
2024-04-27,0.0
2024-04-28,0.0
2024-04-29,0.0
2024-04-30,0.0
2024-05-01,0.0
2024-05-02,0.0
2024-05-03,0.0
2024-05-04,0.0
2024-05-05,0.0
2024-05-06,0.0
2024-05-07,0.0
2024-05-08,15.112661
2024-05-09,10.937263
2024-05-10,0.25030836
2024-05-11,0.0
2024-05-12,0.0
2024-05-13,2.4673734
2024-05-14,0.4511715
2024-05-15,0.42487472
2024-05-16,17.435934
2024-05-17,6.587808
2024-05-18,1.7271613
2024-05-19,0.0
2024-05-20,2.0972674
2024-05-21,7.8385305
2024-05-22,1.6984941
2024-05-23,0.0
2024-05-24,0.0
2024-05-25,0.0
2024-05-26,0.0
2024-05-27,0.0
2024-05-28,0.0
2024-05-29,0.0
2024-05-30,0.0
2024-05-31,0.0
2024-06-01,0.0
2024-06-02,8.998831
2024-06-03,0.0
2024-06-04,0.0
2024-06-05,0.0
2024-06-06,51.011604
2024-06-07,4.43802
2024-06-08,0.0
2024-06-09,2.4429586
2024-06-10,0.0
2024-06-11,0.0
2024-06-12,0.0
2024-06-13,0.0
2024-06-14,0.0
2024-06-15,0.0
2024-06-16,0.0
2024-06-17,0.0
2024-06-18,0.0
2024-06-19,10.732562
2024-06-20,8.144401
2024-06-21,0.0
2024-06-22,0.0
2024-06-23,0.0
2024-06-24,0.0
2024-06-25,0.0
2024-06-26,0.0
2024-06-27,0.0
2024-06-28,0.0
2024-06-29,0.0
2024-06-30,0.0
2024-07-01,0.9089936
2024-07-02,0.0
2024-07-03,0.0
2024-07-04,0.0
2024-07-05,0.0
2024-07-06,2.3440046
2024-07-07,0.0
2024-07-08,0.0
2024-07-09,0.0
2024-07-10,0.0
2024-07-11,0.0
2024-07-12,0.0
2024-07-13,12.851319
2024-07-14,0.0
2024-07-15,0.0
2024-07-16,0.95828193
2024-07-17,0.12346115
2024-07-18,0.0
2024-07-19,0.0
2024-07-20,0.0
2024-07-21,0.0
2024-07-22,0.0
2024-07-23,0.0
2024-07-24,0.4938446
2024-07-25,0.0
2024-07-26,18.72839
2024-07-27,0.0
2024-07-28,0.0
2024-07-29,0.0
2024-07-30,0.0
2024-07-31,0.0
2024-08-01,0.0
2024-08-02,23.01039
2024-08-03,0.0
2024-08-04,0.0
2024-08-05,5.3721995
2024-08-06,0.0
2024-08-07,1.5062261
2024-08-08,2.6341176
2024-08-09,49.017345
2024-08-10,0.0
2024-08-11,0.12346115
2024-08-12,1.9413576
2024-08-13,0.0
2024-08-14,0.15018502
2024-08-15,0.0
2024-08-16,10.174687
2024-08-17,0.35378474
2024-08-18,0.0
2024-08-19,0.0
2024-08-20,0.0
2024-08-21,4.795504
2024-08-22,0.6539324
2024-08-23,0.0
2024-08-24,0.0
2024-08-25,0.0
2024-08-26,0.0
2024-08-27,0.0
2024-08-28,7.1555676
2024-08-29,0.0
2024-08-30,7.117673
2024-08-31,13.123174
2024-09-01,0.0
2024-09-02,0.38211313
2024-09-03,17.683916
2024-09-04,0.0
2024-09-05,0.0
2024-09-06,5.5229225
2024-09-07,0.0
2024-09-08,0.43595493
2024-09-09,0.0
2024-09-10,0.0
2024-09-11,0.0
2024-09-12,0.0
2024-09-13,0.0
2024-09-14,0.0
2024-09-15,0.0
2024-09-16,0.0
2024-09-17,0.0
2024-09-18,1.8506224
2024-09-19,0.0
2024-09-20,0.0
2024-09-21,0.7402121
2024-09-22,7.834378
2024-09-23,0.0
2024-09-24,0.7825458
2024-09-25,0.0
2024-09-26,0.0
2024-09-27,0.0
2024-09-28,0.0
2024-09-29,0.90085477
2024-09-30,0.0
2024-10-01,1.3078648
2024-10-02,0.0
2024-10-03,0.86358064
2024-10-04,3.7052248
2024-10-05,23.26021
2024-10-06,2.9616895
2024-10-07,0.0
2024-10-08,5.667414
2024-10-09,0.0
2024-10-10,3.1653643
2024-10-11,7.3405447
2024-10-12,7.855095
2024-10-13,17.295584
2024-10-14,11.274957
2024-10-15,41.044037
2024-10-16,26.491352
2024-10-17,0.0
2024-10-18,0.0
2024-10-19,3.3926384
2024-10-20,32.76768
2024-10-21,0.0
2024-10-22,1.6173412
2024-10-23,0.0
2024-10-24,1.7070545
2024-10-25,60.874355
2024-10-26,2.9235334
2024-10-27,0.0
2024-10-28,0.0
2024-10-29,0.0
2024-10-30,0.0
2024-10-31,0.0
2024-11-01,2.3119633
2024-11-02,19.482876
2024-11-03,32.569515
2024-11-04,6.252609
2024-11-05,0.0
2024-11-06,0.0
2024-11-07,4.361592
2024-11-08,1.4911373
2024-11-09,0.0
2024-11-10,1.3078648
2024-11-11,3.722997
2024-11-12,0.0
2024-11-13,40.991127
2024-11-14,10.623516
2024-11-15,25.820337
2024-11-16,30.544722
2024-11-17,24.23087
2024-11-18,3.5080333
2024-11-19,0.20859031
2024-11-20,0.0
2024-11-21,0.0
2024-11-22,0.0
2024-11-23,0.0
2024-11-24,0.0
2024-11-25,0.12346115
2024-11-26,2.9030125
2024-11-27,64.684235
2024-11-28,19.923326
2024-11-29,3.4581711
2024-11-30,0.3414386
2024-12-01,62.124996
2024-12-02,43.287884
2024-12-03,3.101139
2024-12-04,0.0
2024-12-05,1.2336867
2024-12-06,0.0
2024-12-07,0.0
2024-12-08,0.0
2024-12-09,0.0
2024-12-10,0.0
2024-12-11,2.5310283
2024-12-12,81.73885
2024-12-13,116.48433
2024-12-14,3.4459138
2024-12-15,0.0
2024-12-16,0.0
2024-12-17,0.0
2024-12-18,0.0
2024-12-19,3.5165665
2024-12-20,0.0
2024-12-21,0.0
2024-12-22,0.0
2024-12-23,0.0
2024-12-24,0.0
2024-12-25,0.0
2024-12-26,0.14815338
2024-12-27,3.8111548
2024-12-28,3.0969558
2024-12-29,0.0
2024-12-30,0.74030447
2024-12-31,0.42946592
