timestamp,rainfall_mm
2000-01-01,0.0
2000-01-02,0.0
2000-01-03,0.0
2000-01-04,0.0
2000-01-05,0.0
2000-01-06,3.0005252
2000-01-07,0.27797803
2000-01-08,0.15618637
2000-01-09,0.21203372
2000-01-10,7.645136
2000-01-11,38.314163
2000-01-12,9.800656
2000-01-13,0.0
2000-01-14,0.0
2000-01-15,0.0
2000-01-16,0.0
2000-01-17,0.0
2000-01-18,0.0
2000-01-19,0.0
2000-01-20,0.0
2000-01-21,0.0
2000-01-22,0.0
2000-01-23,0.0
2000-01-24,0.0
2000-01-25,0.0
2000-01-26,0.0
2000-01-27,0.0
2000-01-28,0.0
2000-01-29,0.0
2000-01-30,0.0
2000-01-31,0.0
2000-02-01,0.0
2000-02-02,0.0
2000-02-03,0.0
2000-02-04,0.0
2000-02-05,7.4142075
2000-02-06,3.2524302
2000-02-07,0.0
2000-02-08,0.0
2000-02-09,2.1682868
2000-02-10,0.0
2000-02-11,0.0
2000-02-12,0.0
2000-02-13,0.0
2000-02-14,0.0
2000-02-15,0.0
2000-02-16,0.0
2000-02-17,0.0
2000-02-18,0.0
2000-02-19,0.0
2000-02-20,0.0
2000-02-21,0.0
2000-02-22,4.4409165
2000-02-23,17.052893
2000-02-24,16.197887
2000-02-25,14.158914
2000-02-26,158.46674
2000-02-27,38.787117
2000-02-28,20.598724
2000-02-29,0.0
2000-03-01,0.0
2000-03-02,0.0
2000-03-03,0.0
2000-03-04,0.0
2000-03-05,0.0
2000-03-06,0.0
2000-03-07,0.0
2000-03-08,0.0
2000-03-09,0.0
2000-03-10,0.0
2000-03-11,0.0
2000-03-12,0.0
2000-03-13,0.0
2000-03-14,0.0
2000-03-15,0.0
2000-03-16,0.0
2000-03-17,0.0
2000-03-18,0.0
2000-03-19,0.0
2000-03-20,0.0
2000-03-21,0.0
2000-03-22,0.0
2000-03-23,0.0
2000-03-24,0.0
2000-03-25,0.0
2000-03-26,0.0
2000-03-27,0.0
2000-03-28,0.0
2000-03-29,0.0
2000-03-30,0.0
2000-03-31,0.0
2000-04-01,0.7729246
2000-04-02,6.6670866
2000-04-03,8.673147
2000-04-04,2.0477417
2000-04-05,0.0
2000-04-06,0.0
2000-04-07,0.0
2000-04-08,0.0
2000-04-09,0.0
2000-04-10,0.0
2000-04-11,0.0
2000-04-12,0.0
2000-04-13,0.0
2000-04-14,0.0
2000-04-15,0.0
2000-04-16,0.0
2000-04-17,0.0
2000-04-18,0.0
2000-04-19,0.0
2000-04-20,0.0
2000-04-21,0.0
2000-04-22,0.0
2000-04-23,0.0
2000-04-24,0.0
2000-04-25,0.0
2000-04-26,0.0
2000-04-27,0.0
2000-04-28,0.0
2000-04-29,0.0
2000-04-30,0.0
2000-05-01,0.0
2000-05-02,0.0
2000-05-03,0.0
2000-05-04,0.0
2000-05-05,0.0
2000-05-06,0.0
2000-05-07,0.0
2000-05-08,0.0
2000-05-09,0.0
2000-05-10,0.0
2000-05-11,0.0
2000-05-12,0.0
2000-05-13,0.0
2000-05-14,0.0
2000-05-15,0.0
2000-05-16,0.0
2000-05-17,0.0
2000-05-18,0.0
2000-05-19,0.0
2000-05-20,0.0
2000-05-21,0.0
2000-05-22,0.0
2000-05-23,0.20313427
2000-05-24,1.762722
2000-05-25,0.0
2000-05-26,0.0
2000-05-27,0.0
2000-05-28,0.0
2000-05-29,0.0
2000-05-30,0.0
2000-05-31,0.5653469
2000-06-01,13.213559
2000-06-02,0.0
2000-06-03,0.0
2000-06-04,11.505044
2000-06-05,1.0841434
2000-06-06,0.0
2000-06-07,0.0
2000-06-08,0.0
2000-06-09,0.0
2000-06-10,0.0
2000-06-11,0.0
2000-06-12,0.3799033
2000-06-13,0.0
2000-06-14,0.0
2000-06-15,0.0
2000-06-16,0.0
2000-06-17,0.0
2000-06-18,0.0
2000-06-19,0.0
2000-06-20,0.0
2000-06-21,2.1349413
2000-06-22,3.0009983
2000-06-23,2.2116525
2000-06-24,3.2524302
2000-06-25,0.0
2000-06-26,0.0
2000-06-27,1.1211782
2000-06-28,0.0
2000-06-29,0.0
2000-06-30,0.0
2000-07-01,0.0
2000-07-02,0.0
2000-07-03,0.0
2000-07-04,0.0
2000-07-05,0.0
2000-07-06,0.0
2000-07-07,0.33357364
2000-07-08,1.1344721
2000-07-09,16.7459
2000-07-10,3.412903
2000-07-11,1.3651612
2000-07-12,0.0
2000-07-13,0.0
2000-07-14,0.0
2000-07-15,0.19458461
2000-07-16,0.0
2000-07-17,0.0
2000-07-18,0.0
2000-07-19,0.0
2000-07-20,0.0
2000-07-21,0.0
2000-07-22,1.0841434
2000-07-23,0.0
2000-07-24,0.0
2000-07-25,0.0
2000-07-26,1.0841434
2000-07-27,0.0
2000-07-28,0.0
2000-07-29,0.0
2000-07-30,0.0
2000-07-31,0.0
2000-08-01,0.0
2000-08-02,0.14825496
2000-08-03,0.0
2000-08-04,0.0
2000-08-05,0.0
2000-08-06,0.0
2000-08-07,0.0
2000-08-08,0.0
2000-08-09,0.0
2000-08-10,0.0
2000-08-11,0.0
2000-08-12,0.0
2000-08-13,0.0
2000-08-14,0.0
2000-08-15,1.4670866
2000-08-16,2.4709876
2000-08-17,24.545458
2000-08-18,11.008737
2000-08-19,1.1746408
2000-08-20,0.0
2000-08-21,0.0
2000-08-22,0.0
2000-08-23,0.0
2000-08-24,0.0
2000-08-25,0.0
2000-08-26,0.0
2000-08-27,0.0
2000-08-28,0.0
2000-08-29,0.0
2000-08-30,0.0
2000-08-31,0.0
2000-09-01,0.5774044
2000-09-02,0.0
2000-09-03,0.0
2000-09-04,1.1548088
2000-09-05,3.464426
2000-09-06,11.548087
2000-09-07,1.2902883
2000-09-08,0.0
2000-09-09,0.0
2000-09-10,2.5805767
2000-09-11,0.0
2000-09-12,0.0
2000-09-13,8.661066
2000-09-14,0.0
2000-09-15,0.0
2000-09-16,0.0
2000-09-17,0.0
2000-09-18,0.0
2000-09-19,3.6630595
2000-09-20,0.0
2000-09-21,0.0
2000-09-22,0.0
2000-09-23,2.932344
2000-09-24,0.5331758
2000-09-25,0.9878217
2000-09-26,46.530178
2000-09-27,28.57134
2000-09-28,1.4033862
2000-09-29,0.0
2000-09-30,8.386649
2000-10-01,0.7108202
2000-10-02,0.0
2000-10-03,0.0
2000-10-04,0.0
2000-10-05,0.0
2000-10-06,15.462246
2000-10-07,16.556967
2000-10-08,6.613275
2000-10-09,15.229245
2000-10-10,19.957497
2000-10-11,8.781562
2000-10-12,19.209553
2000-10-13,19.610378
2000-10-14,4.3799396
2000-10-15,0.0
2000-10-16,0.0
2000-10-17,0.0
2000-10-18,0.0
2000-10-19,0.0
2000-10-20,0.0
2000-10-21,0.0
2000-10-22,17.064514
2000-10-23,9.551574
2000-10-24,0.0
2000-10-25,0.0
2000-10-26,0.0
2000-10-27,0.0
2000-10-28,0.0
2000-10-29,0.0
2000-10-30,0.0
2000-10-31,0.0
2000-11-01,0.0
2000-11-02,0.0
2000-11-03,0.0
2000-11-04,17.761072
2000-11-05,8.7675905
2000-11-06,0.0
2000-11-07,0.16278325
2000-11-08,0.71347696
2000-11-09,0.9265934
2000-11-10,4.2344723
2000-11-11,3.1926384
2000-11-12,1.8933976
2000-11-13,4.466192
2000-11-14,14.594775
2000-11-15,3.2524302
2000-11-16,0.0
2000-11-17,0.0
2000-11-18,6.305104
2000-11-19,8.096701
2000-11-20,21.89128
2000-11-21,33.095898
2000-11-22,48.693245
2000-11-23,29.224447
2000-11-24,10.8848
2000-11-25,0.0
2000-11-26,0.0
2000-11-27,0.0
2000-11-28,9.764689
2000-11-29,109.82103
2000-11-30,3.2524302
2000-12-01,15.492679
2000-12-02,0.0
2000-12-03,0.0
2000-12-04,0.10059075
2000-12-05,8.940803
2000-12-06,6.6613336
2000-12-07,0.0
2000-12-08,0.0
2000-12-09,0.0
2000-12-10,0.0
2000-12-11,0.0
2000-12-12,0.0
2000-12-13,0.0
2000-12-14,0.0
2000-12-15,0.0
2000-12-16,0.0
2000-12-17,0.0
2000-12-18,0.0
2000-12-19,0.0
2000-12-20,0.0
2000-12-21,0.0
2000-12-22,0.0
2000-12-23,0.0
2000-12-24,0.0
2000-12-25,0.0
2000-12-26,0.0
2000-12-27,6.571025
2000-12-28,52.08493
2000-12-29,132.96487
2000-12-30,9.260505
2000-12-31,0.0
2001-01-01,4.326531
2001-01-02,0.0
2001-01-03,0.0
2001-01-04,0.0
2001-01-05,0.0
2001-01-06,0.0
2001-01-07,0.0
2001-01-08,0.17726995
2001-01-09,0.0
2001-01-10,0.0
2001-01-11,0.0
2001-01-12,0.0
2001-01-13,0.12029734
2001-01-14,0.0
2001-01-15,0.0
2001-01-16,0.0
2001-01-17,0.0
2001-01-18,0.0
2001-01-19,0.0
2001-01-20,0.0
2001-01-21,0.0
2001-01-22,0.0
2001-01-23,0.0
2001-01-24,0.0
2001-01-25,0.0
2001-01-26,0.0
2001-01-27,0.0
2001-01-28,0.0
2001-01-29,0.0
2001-01-30,0.0
2001-01-31,0.0
2001-02-01,0.0
2001-02-02,0.0
2001-02-03,0.0
2001-02-04,0.0
2001-02-05,0.0
2001-02-06,0.0
2001-02-07,0.0
2001-02-08,0.0
2001-02-09,0.0
2001-02-10,0.0
2001-02-11,0.0
2001-02-12,0.0
2001-02-13,0.0
2001-02-14,0.0
2001-02-15,0.0
2001-02-16,0.0
2001-02-17,0.0
2001-02-18,0.0
2001-02-19,0.0
2001-02-20,0.0
2001-02-21,0.0
2001-02-22,0.0
2001-02-23,0.0
2001-02-24,0.0
2001-02-25,0.0
2001-02-26,0.0
2001-02-27,0.0
2001-02-28,0.0
2001-03-01,0.0
2001-03-02,0.0
2001-03-03,0.0
2001-03-04,0.0
2001-03-05,0.0
2001-03-06,0.0
2001-03-07,0.0
2001-03-08,0.0
2001-03-09,0.0
2001-03-10,0.0
2001-03-11,0.0
2001-03-12,0.0
2001-03-13,0.0
2001-03-14,0.0
2001-03-15,0.0
2001-03-16,0.0
2001-03-17,0.0
2001-03-18,0.0
2001-03-19,0.0
2001-03-20,0.0
2001-03-21,0.0
2001-03-22,0.0
2001-03-23,0.0
2001-03-24,0.0
2001-03-25,0.0
2001-03-26,0.0
2001-03-27,0.0
2001-03-28,0.0
2001-03-29,0.0
2001-03-30,0.0
2001-03-31,0.0
2001-04-01,0.0
2001-04-02,0.0
2001-04-03,0.0
2001-04-04,0.0
2001-04-05,0.0
2001-04-06,0.0
2001-04-07,0.0
2001-04-08,0.0
2001-04-09,0.0
2001-04-10,0.0
2001-04-11,0.0
2001-04-12,21.607763
2001-04-13,3.5612457
2001-04-14,2.0894384
2001-04-15,0.37063736
2001-04-16,0.0
2001-04-17,0.0
2001-04-18,0.0
2001-04-19,1.4944087
2001-04-20,0.0
2001-04-21,0.0
2001-04-22,0.0
2001-04-23,0.0
2001-04-24,0.0
2001-04-25,0.0
2001-04-26,0.0
2001-04-27,0.0
2001-04-28,0.0
2001-04-29,0.0
2001-04-30,0.0
2001-05-01,0.0
2001-05-02,0.0
2001-05-03,0.0
2001-05-04,0.0
2001-05-05,0.0
2001-05-06,0.0
2001-05-07,31.449783
2001-05-08,0.0
2001-05-09,0.0
2001-05-10,0.0
2001-05-11,0.0
2001-05-12,0.0
2001-05-13,22.883839
2001-05-14,0.0
2001-05-15,0.0
2001-05-16,0.0
2001-05-17,7.36182
2001-05-18,0.0
2001-05-19,0.0
2001-05-20,0.0
2001-05-21,0.0
2001-05-22,0.0
2001-05-23,0.0
2001-05-24,0.0
2001-05-25,0.0
2001-05-26,0.0
2001-05-27,0.0
2001-05-28,0.0
2001-05-29,0.0
2001-05-30,2.0940714
2001-05-31,0.0
2001-06-01,0.0
2001-06-02,0.0
2001-06-03,3.8065155
2001-06-04,2.158933
2001-06-05,9.961882
2001-06-06,21.677197
2001-06-07,0.0
2001-06-08,0.0
2001-06-09,0.0
2001-06-10,0.0
2001-06-11,0.0
2001-06-12,0.0
2001-06-13,0.0
2001-06-14,0.0
2001-06-15,0.0
2001-06-16,0.0
2001-06-17,0.0
2001-06-18,0.0
2001-06-19,0.0
2001-06-20,0.0
2001-06-21,0.0
2001-06-22,0.0
2001-06-23,2.1682868
2001-06-24,0.0
2001-06-25,0.0
2001-06-26,0.0
2001-06-27,4.405541
2001-06-28,0.0
2001-06-29,0.0
2001-06-30,0.0
2001-07-01,0.0
2001-07-02,0.0
2001-07-03,0.0
2001-07-04,0.0
2001-07-05,0.16678682
2001-07-06,0.0
2001-07-07,0.0
2001-07-08,0.0
2001-07-09,0.0
2001-07-10,0.0
2001-07-11,0.0
2001-07-12,0.0
2001-07-13,3.3728874
2001-07-14,1.7670399
2001-07-15,0.0
2001-07-16,7.003307
2001-07-17,1.450351
2001-07-18,2.3890321
2001-07-19,0.0
2001-07-20,0.0
2001-07-21,0.0
2001-07-22,0.0
2001-07-23,0.0
2001-07-24,0.0
2001-07-25,0.0
2001-07-26,1.7187595
2001-07-27,3.91784
2001-07-28,0.0
2001-07-29,0.0
2001-07-30,3.2524302
2001-07-31,0.0
2001-08-01,11.297501
2001-08-02,0.0
2001-08-03,0.0
2001-08-04,0.0
2001-08-05,0.0
2001-08-06,0.0
2001-08-07,0.0
2001-08-08,0.0
2001-08-09,0.0
2001-08-10,0.0
2001-08-11,0.0
2001-08-12,0.0
2001-08-13,0.0
2001-08-14,0.0
2001-08-15,0.0
2001-08-16,0.0
2001-08-17,0.76032394
2001-08-18,1.5825068
2001-08-19,0.0
2001-08-20,0.0
2001-08-21,0.0
2001-08-22,0.0
2001-08-23,0.0
2001-08-24,0.0
2001-08-25,0.0
2001-08-26,0.5889884
2001-08-27,4.7501817
2001-08-28,0.10655825
2001-08-29,0.0
2001-08-30,0.0
2001-08-31,0.0
2001-09-01,0.0
2001-09-02,0.0
2001-09-03,0.0
2001-09-04,0.0
2001-09-05,0.0
2001-09-06,0.0
2001-09-07,0.0
2001-09-08,0.0
2001-09-09,0.0
2001-09-10,0.0
2001-09-11,1.9304184
2001-09-12,6.5048604
2001-09-13,0.0
2001-09-14,0.0
2001-09-15,0.0
2001-09-16,0.14825496
2001-09-17,0.0
2001-09-18,0.0
2001-09-19,0.0
2001-09-20,0.0
2001-09-21,0.0
2001-09-22,0.0
2001-09-23,0.0
2001-09-24,0.17167154
2001-09-25,2.3498015
2001-09-26,0.9926258
2001-09-27,10.786124
2001-09-28,0.0
2001-09-29,0.0
2001-09-30,0.0
2001-10-01,0.0
2001-10-02,0.0
2001-10-03,0.0
2001-10-04,1.7994605
2001-10-05,12.1135235
2001-10-06,11.493339
2001-10-07,0.0
2001-10-08,0.0
2001-10-09,0.12600912
2001-10-10,0.0
2001-10-11,0.0
2001-10-12,0.0
2001-10-13,0.0
2001-10-14,3.372032
2001-10-15,3.6587079
2001-10-16,0.0
2001-10-17,0.0
2001-10-18,0.0
2001-10-19,0.0
2001-10-20,0.5390105
2001-10-21,0.2959487
2001-10-22,0.13554488
2001-10-23,3.609997
2001-10-24,0.7950495
2001-10-25,0.4835029
2001-10-26,4.471278
2001-10-27,2.839275
2001-10-28,0.5939434
2001-10-29,0.0
2001-10-30,0.0
2001-10-31,0.0
2001-11-01,0.0
2001-11-02,0.0
2001-11-03,0.0
2001-11-04,0.0
2001-11-05,1.0841434
2001-11-06,1.8563722
2001-11-07,1.0934093
2001-11-08,3.314074
2001-11-09,0.0
2001-11-10,0.0
2001-11-11,0.0
2001-11-12,0.0
2001-11-13,0.0
2001-11-14,0.0
2001-11-15,0.0
2001-11-16,2.1940641
2001-11-17,0.0
2001-11-18,7.482135
2001-11-19,0.98071
2001-11-20,0.23257199
2001-11-21,13.245187
2001-11-22,5.4791684
2001-11-23,2.0392954
2001-11-24,0.2384414
2001-11-25,1.3899193
2001-11-26,0.34512553
2001-11-27,4.62182
2001-11-28,0.55803436
2001-11-29,0.0
2001-11-30,0.0
2001-12-01,1.6466075
2001-12-02,1.9228051
2001-12-03,0.0
2001-12-04,0.0
2001-12-05,0.0
2001-12-06,0.0
2001-12-07,0.0
2001-12-08,0.0
2001-12-09,0.0
2001-12-10,0.0
2001-12-11,0.0
2001-12-12,0.0
2001-12-13,0.0
2001-12-14,0.0
2001-12-15,0.0
2001-12-16,0.0
2001-12-17,0.0
2001-12-18,2.4919138
2001-12-19,0.46190113
2001-12-20,0.0
2001-12-21,11.548975
2001-12-22,9.893
2001-12-23,5.842479
2001-12-24,1.6546223
2001-12-25,4.988216
2001-12-26,0.16215385
2001-12-27,0.95856136
2001-12-28,0.0
2001-12-29,0.0
2001-12-30,0.0
2001-12-31,0.12972309
2002-01-01,0.0
2002-01-02,0.0
2002-01-03,0.0
2002-01-04,0.0
2002-01-05,20.604338
2002-01-06,0.0
2002-01-07,0.0
2002-01-08,0.0
2002-01-09,0.32117325
2002-01-10,0.95010906
2002-01-11,0.0
2002-01-12,0.0
2002-01-13,0.0
2002-01-14,0.0
2002-01-15,0.0
2002-01-16,0.0
2002-01-17,0.0
2002-01-18,0.0
2002-01-19,0.0
2002-01-20,0.0
2002-01-21,0.0
2002-01-22,0.0
2002-01-23,0.0
2002-01-24,0.0
2002-01-25,0.0
2002-01-26,0.0
2002-01-27,0.0
2002-01-28,0.0
2002-01-29,0.0
2002-01-30,0.0
2002-01-31,0.0
2002-02-01,0.0
2002-02-02,6.0959225
2002-02-03,15.415359
2002-02-04,1.208515
2002-02-05,0.0
2002-02-06,0.0
2002-02-07,0.0
2002-02-08,0.0
2002-02-09,0.0
2002-02-10,0.0
2002-02-11,0.0
2002-02-12,0.0
2002-02-13,0.0
2002-02-14,0.0
2002-02-15,0.0
2002-02-16,0.0
2002-02-17,0.0
2002-02-18,0.0
2002-02-19,0.0
2002-02-20,0.0
2002-02-21,0.0
2002-02-22,0.0
2002-02-23,0.0
2002-02-24,0.0
2002-02-25,0.0
2002-02-26,0.0
2002-02-27,0.0
2002-02-28,0.0
2002-03-01,0.0
2002-03-02,0.0
2002-03-03,0.0
2002-03-04,0.0
2002-03-05,0.0
2002-03-06,0.0
2002-03-07,0.0
2002-03-08,0.0
2002-03-09,0.0
2002-03-10,0.0
2002-03-11,0.0
2002-03-12,0.0
2002-03-13,0.0
2002-03-14,0.0
2002-03-15,0.0
2002-03-16,0.0
2002-03-17,0.0
2002-03-18,0.0
2002-03-19,0.0
2002-03-20,0.0
2002-03-21,0.0
2002-03-22,0.0
2002-03-23,0.0
2002-03-24,0.0
2002-03-25,0.0
2002-03-26,0.0
2002-03-27,0.0
2002-03-28,0.0
2002-03-29,0.0
2002-03-30,0.0
2002-03-31,0.0
2002-04-01,0.0
2002-04-02,0.0
2002-04-03,0.0
2002-04-04,0.0
2002-04-05,0.0
2002-04-06,0.0
2002-04-07,0.0
2002-04-08,0.0
2002-04-09,0.0
2002-04-10,0.0
2002-04-11,0.0
2002-04-12,0.0
2002-04-13,0.0
2002-04-14,0.0
2002-04-15,0.0
2002-04-16,0.0
2002-04-17,0.0
2002-04-18,0.0
2002-04-19,0.0
2002-04-20,0.0
2002-04-21,0.0
2002-04-22,0.0
2002-04-23,0.0
2002-04-24,0.0
2002-04-25,0.0
2002-04-26,0.0
2002-04-27,0.0
2002-04-28,0.0
2002-04-29,0.0
2002-04-30,0.0
2002-05-01,0.0
2002-05-02,0.0
2002-05-03,0.2731209
2002-05-04,1.5145794
2002-05-05,4.0368333
2002-05-06,0.0
2002-05-07,0.0
2002-05-08,0.0
2002-05-09,0.0
2002-05-10,0.0
2002-05-11,0.4619235
2002-05-12,0.0
2002-05-13,0.0
2002-05-14,0.0
2002-05-15,0.0
2002-05-16,0.0
2002-05-17,0.0
2002-05-18,0.0
2002-05-19,0.0
2002-05-20,0.0
2002-05-21,1.1819695
2002-05-22,0.0
2002-05-23,0.0
2002-05-24,0.0
2002-05-25,0.0
2002-05-26,0.0
2002-05-27,0.0
2002-05-28,0.2887022
2002-05-29,2.539492
2002-05-30,0.0
2002-05-31,0.0
2002-06-01,0.0
2002-06-02,0.0
2002-06-03,0.0
2002-06-04,0.0
2002-06-05,0.0
2002-06-06,0.0
2002-06-07,0.0
2002-06-08,0.34741145
2002-06-09,0.0
2002-06-10,0.0
2002-06-11,0.0
2002-06-12,1.1165742
2002-06-13,0.0
2002-06-14,0.0
2002-06-15,3.0664475
2002-06-16,1.4464695
2002-06-17,0.0
2002-06-18,0.0
2002-06-19,9.455131
2002-06-20,0.0
2002-06-21,0.0
2002-06-22,0.0
2002-06-23,0.0
2002-06-24,0.0
2002-06-25,0.0
2002-06-26,0.0
2002-06-27,0.0
2002-06-28,0.0
2002-06-29,0.0
2002-06-30,0.0
2002-07-01,0.0
2002-07-02,0.0
2002-07-03,0.81185573
2002-07-04,7.8330464
2002-07-05,0.0
2002-07-06,1.0841434
2002-07-07,0.0
2002-07-08,0.0
2002-07-09,0.0
2002-07-10,0.0
2002-07-11,0.0
2002-07-12,0.34150964
2002-07-13,0.0
2002-07-14,0.0
2002-07-15,0.0
2002-07-16,0.0
2002-07-17,0.0
2002-07-18,0.0
2002-07-19,0.0
2002-07-20,0.0
2002-07-21,0.110747896
2002-07-22,0.0
2002-07-23,0.0
2002-07-24,0.0
2002-07-25,0.5420717
2002-07-26,1.4337759
2002-07-27,0.0
2002-07-28,0.0
2002-07-29,0.74064904
2002-07-30,0.0
2002-07-31,0.0
2002-08-01,4.818402
2002-08-02,0.0
2002-08-03,0.0
2002-08-04,0.0
2002-08-05,0.0
2002-08-06,0.0
2002-08-07,0.0
2002-08-08,0.0
2002-08-09,0.0
2002-08-10,2.1682868
2002-08-11,0.0
2002-08-12,0.0
2002-08-13,0.0
2002-08-14,0.0
2002-08-15,0.0
2002-08-16,0.0
2002-08-17,1.4455148
2002-08-18,0.0
2002-08-19,0.0
2002-08-20,0.0
2002-08-21,0.0
2002-08-22,0.0
2002-08-23,0.0
2002-08-24,0.0
2002-08-25,0.0
2002-08-26,0.0
2002-08-27,0.0
2002-08-28,0.0
2002-08-29,4.4486814
2002-08-30,0.0
2002-08-31,0.0
2002-09-01,0.0
2002-09-02,0.0
2002-09-03,0.0
2002-09-04,0.0
2002-09-05,0.0
2002-09-06,0.0
2002-09-07,0.0
2002-09-08,0.122313246
2002-09-09,0.0
2002-09-10,0.120457135
2002-09-11,0.0
2002-09-12,0.0
2002-09-13,0.0
2002-09-14,0.0
2002-09-15,0.0
2002-09-16,8.988726
2002-09-17,0.0
2002-09-18,0.69339573
2002-09-19,0.0
2002-09-20,0.0
2002-09-21,0.0
2002-09-22,2.3439665
2002-09-23,0.0
2002-09-24,0.0
2002-09-25,0.0
2002-09-26,0.0
2002-09-27,0.0
2002-09-28,0.0
2002-09-29,0.0
2002-09-30,0.0
2002-10-01,0.0
2002-10-02,0.16002618
2002-10-03,0.0
2002-10-04,0.0
2002-10-05,0.0
2002-10-06,3.054173
2002-10-07,4.8070083
2002-10-08,0.15685362
2002-10-09,7.5577774
2002-10-10,8.199275
2002-10-11,4.842836
2002-10-12,0.111191206
2002-10-13,0.0
2002-10-14,0.0
2002-10-15,0.0
2002-10-16,0.0
2002-10-17,0.0
2002-10-18,0.0
2002-10-19,0.0
2002-10-20,9.250365
2002-10-21,0.0
2002-10-22,0.0
2002-10-23,0.0
2002-10-24,0.0
2002-10-25,0.0
2002-10-26,0.0
2002-10-27,5.205172
2002-10-28,8.868433
2002-10-29,0.0
2002-10-30,3.9986198
2002-10-31,16.720743
2002-11-01,8.318882
2002-11-02,27.959631
2002-11-03,0.78151095
2002-11-04,4.240969
2002-11-05,7.153223
2002-11-06,0.94992566
2002-11-07,1.0887764
2002-11-08,3.142802
2002-11-09,6.0908904
2002-11-10,1.7151875
2002-11-11,0.0
2002-11-12,0.0
2002-11-13,0.0
2002-11-14,0.0
2002-11-15,0.0
2002-11-16,0.0
2002-11-17,0.0
2002-11-18,0.0
2002-11-19,1.6929047
2002-11-20,1.0266473
2002-11-21,2.5413406
2002-11-22,0.14362197
2002-11-23,0.0
2002-11-24,0.0
2002-11-25,0.0
2002-11-26,0.0
2002-11-27,0.0
2002-11-28,0.0
2002-11-29,0.0
2002-11-30,0.0
2002-12-01,0.0
2002-12-02,0.0
2002-12-03,0.0
2002-12-04,0.0
2002-12-05,0.0
2002-12-06,8.673147
2002-12-07,16.080786
2002-12-08,3.8287592
2002-12-09,0.0
2002-12-10,0.14057527
2002-12-11,0.0
2002-12-12,0.0
2002-12-13,0.0
2002-12-14,0.0
2002-12-15,0.0
2002-12-16,0.0
2002-12-17,0.0
2002-12-18,0.0
2002-12-19,0.0
2002-12-20,0.0
2002-12-21,0.0
2002-12-22,0.0
2002-12-23,0.0
2002-12-24,0.0
2002-12-25,0.0
2002-12-26,0.0
2002-12-27,0.0
2002-12-28,0.0
2002-12-29,0.0
2002-12-30,0.0
2002-12-31,0.0
2003-01-01,0.0
2003-01-02,0.0
2003-01-03,0.0
2003-01-04,0.0
2003-01-05,0.0
2003-01-06,0.0
2003-01-07,0.0
2003-01-08,0.0
2003-01-09,0.0
2003-01-10,0.0
2003-01-11,0.0
2003-01-12,0.0
2003-01-13,0.0
2003-01-14,0.0
2003-01-15,0.0
2003-01-16,0.0
2003-01-17,0.0
2003-01-18,0.0
2003-01-19,0.0
2003-01-20,0.0
2003-01-21,0.0
2003-01-22,0.0
2003-01-23,0.0
2003-01-24,0.0
2003-01-25,0.0
2003-01-26,0.0
2003-01-27,0.0
2003-01-28,0.0
2003-01-29,0.0
2003-01-30,0.0
2003-01-31,0.0
2003-02-01,0.0
2003-02-02,0.0
2003-02-03,0.0
2003-02-04,0.0
2003-02-05,0.0
2003-02-06,0.0
2003-02-07,0.0
2003-02-08,0.0
2003-02-09,0.0
2003-02-10,0.0
2003-02-11,0.0
2003-02-12,0.0
2003-02-13,0.0
2003-02-14,0.0
2003-02-15,0.0
2003-02-16,0.0
2003-02-17,0.0
2003-02-18,0.0
2003-02-19,0.0
2003-02-20,0.0
2003-02-21,0.0
2003-02-22,0.0
2003-02-23,0.0
2003-02-24,0.0
2003-02-25,0.0
2003-02-26,0.0
2003-02-27,0.0
2003-02-28,0.0
2003-03-01,0.0
2003-03-02,0.0
2003-03-03,0.0
2003-03-04,0.0
2003-03-05,0.0
2003-03-06,0.0
2003-03-07,0.0
2003-03-08,0.0
2003-03-09,0.0
2003-03-10,0.0
2003-03-11,0.0
2003-03-12,0.0
2003-03-13,0.0
2003-03-14,0.0
2003-03-15,0.0
2003-03-16,0.0
2003-03-17,0.0
2003-03-18,0.0
2003-03-19,0.0
2003-03-20,0.0
2003-03-21,0.0
2003-03-22,0.0
2003-03-23,0.0
2003-03-24,0.0
2003-03-25,0.0
2003-03-26,0.0
2003-03-27,0.0
2003-03-28,0.0
2003-03-29,0.0
2003-03-30,0.0
2003-03-31,0.0
2003-04-01,0.0
2003-04-02,0.0
2003-04-03,0.0
2003-04-04,0.0
2003-04-05,0.0
2003-04-06,0.0
2003-04-07,0.0
2003-04-08,0.0
2003-04-09,0.0
2003-04-10,0.0
2003-04-11,0.0
2003-04-12,0.0
2003-04-13,0.0
2003-04-14,0.0
2003-04-15,0.0
2003-04-16,0.0
2003-04-17,0.0
2003-04-18,0.0
2003-04-19,0.0
2003-04-20,0.0
2003-04-21,0.0
2003-04-22,0.0
2003-04-23,0.0
2003-04-24,0.0
2003-04-25,0.0
2003-04-26,0.0
2003-04-27,0.0
2003-04-28,0.0
2003-04-29,0.6143225
2003-04-30,3.6193535
2003-05-01,0.0
2003-05-02,0.0
2003-05-03,0.0
2003-05-04,0.0
2003-05-05,0.0
2003-05-06,0.0
2003-05-07,0.0
2003-05-08,0.0
2003-05-09,0.0
2003-05-10,0.0
2003-05-11,0.0
2003-05-12,0.0
2003-05-13,0.0
2003-05-14,15.956178
2003-05-15,0.0
2003-05-16,0.0
2003-05-17,0.0
2003-05-18,10.873865
2003-05-19,0.0
2003-05-20,0.0
2003-05-21,0.0
2003-05-22,0.0
2003-05-23,0.0
2003-05-24,0.0
2003-05-25,0.0
2003-05-26,0.0
2003-05-27,0.0
2003-05-28,0.0
2003-05-29,0.47780636
2003-05-30,0.3505562
2003-05-31,0.0
2003-06-01,0.0
2003-06-02,0.0
2003-06-03,0.0
2003-06-04,0.0
2003-06-05,0.0
2003-06-06,0.0
2003-06-07,0.0
2003-06-08,0.0
2003-06-09,0.0
2003-06-10,0.0
2003-06-11,0.0
2003-06-12,0.0
2003-06-13,0.0
2003-06-14,0.0
2003-06-15,0.0
2003-06-16,0.0
2003-06-17,0.0
2003-06-18,0.0
2003-06-19,0.0
2003-06-20,0.0
2003-06-21,0.0
2003-06-22,0.0
2003-06-23,0.0
2003-06-24,0.0
2003-06-25,0.0
2003-06-26,0.0
2003-06-27,0.0
2003-06-28,0.0
2003-06-29,0.0
2003-06-30,0.0
2003-07-01,0.0
2003-07-02,0.0
2003-07-03,0.0
2003-07-04,0.0
2003-07-05,0.0
2003-07-06,0.0
2003-07-07,0.0
2003-07-08,0.0
2003-07-09,0.60629296
2003-07-10,0.0
2003-07-11,0.0
2003-07-12,0.0
2003-07-13,0.0
2003-07-14,0.0
2003-07-15,0.0
2003-07-16,0.0
2003-07-17,0.0
2003-07-18,0.15193102
2003-07-19,0.12972307
2003-07-20,1.673141
2003-07-21,0.0
2003-07-22,0.0
2003-07-23,2.6687756
2003-07-24,0.0
2003-07-25,0.0
2003-07-26,0.0
2003-07-27,0.0
2003-07-28,0.0
2003-07-29,0.0
2003-07-30,0.0
2003-07-31,0.0
2003-08-01,3.4097998
2003-08-02,2.4449797
2003-08-03,0.28724393
2003-08-04,8.090973
2003-08-05,0.0
2003-08-06,0.0
2003-08-07,0.0
2003-08-08,0.0
2003-08-09,1.0841434
2003-08-10,0.0
2003-08-11,7.5936365
2003-08-12,0.0
2003-08-13,1.5370024
2003-08-14,0.0
2003-08-15,0.0
2003-08-16,0.52073956
2003-08-17,8.413338
2003-08-18,0.25697324
2003-08-19,0.0
2003-08-20,0.0
2003-08-21,0.0
2003-08-22,16.853811
2003-08-23,0.0
2003-08-24,0.0
2003-08-25,10.062956
2003-08-26,0.0
2003-08-27,0.0
2003-08-28,0.0
2003-08-29,0.0
2003-08-30,0.0
2003-08-31,0.0
2003-09-01,1.971498
2003-09-02,0.0
2003-09-03,1.2206595
2003-09-04,0.0
2003-09-05,0.0
2003-09-06,0.0
2003-09-07,0.0
2003-09-08,0.0
2003-09-09,0.0
2003-09-10,0.0
2003-09-11,0.0
2003-09-12,0.0
2003-09-13,0.0
2003-09-14,0.0
2003-09-15,0.0
2003-09-16,0.0
2003-09-17,0.0
2003-09-18,0.8168293
2003-09-19,0.0
2003-09-20,1.1844903
2003-09-21,0.0
2003-09-22,0.0
2003-09-23,0.0
2003-09-24,0.0
2003-09-25,0.0
2003-09-26,0.0
2003-09-27,7.0307083
2003-09-28,0.0
2003-09-29,1.9912225
2003-09-30,0.0
2003-10-01,0.0
2003-10-02,0.0
2003-10-03,3.4767373
2003-10-04,0.0
2003-10-05,0.0
2003-10-06,9.375113
2003-10-07,0.0
2003-10-08,0.0
2003-10-09,0.0
2003-10-10,0.0
2003-10-11,3.833305
2003-10-12,0.0
2003-10-13,0.20477417
2003-10-14,1.0841434
2003-10-15,0.11198434
2003-10-16,0.0
2003-10-17,0.0
2003-10-18,11.153559
2003-10-19,6.2797
2003-10-20,7.6698365
2003-10-21,1.1026753
2003-10-22,0.0
2003-10-23,0.29843593
2003-10-24,24.100489
2003-10-25,0.0
2003-10-26,1.0841434
2003-10-27,0.0
2003-10-28,0.0
2003-10-29,0.0
2003-10-30,1.1753423
2003-10-31,6.970195
2003-11-01,1.9400799
2003-11-02,0.0
2003-11-03,3.5537314
2003-11-04,4.042887
2003-11-05,0.5847145
2003-11-06,4.6347227
2003-11-07,6.3946733
2003-11-08,9.900598
2003-11-09,20.104687
2003-11-10,3.1317363
2003-11-11,0.0
2003-11-12,0.14114907
2003-11-13,2.2634223
2003-11-14,11.534298
2003-11-15,2.4786038
2003-11-16,14.421087
2003-11-17,0.0
2003-11-18,0.0
2003-11-19,0.0
2003-11-20,0.0
2003-11-21,0.0
2003-11-22,3.734425
2003-11-23,2.0602715
2003-11-24,0.0
2003-11-25,0.0
2003-11-26,0.0
2003-11-27,0.0
2003-11-28,8.900011
2003-11-29,6.028696
2003-11-30,11.668528
2003-12-01,2.460682
2003-12-02,0.0
2003-12-03,0.0
2003-12-04,0.0
2003-12-05,0.0
2003-12-06,0.0
2003-12-07,0.0
2003-12-08,0.0
2003-12-09,0.0
2003-12-10,0.0
2003-12-11,0.0
2003-12-12,0.0
2003-12-13,0.0
2003-12-14,0.0
2003-12-15,0.0
2003-12-16,0.0
2003-12-17,0.0
2003-12-18,0.0
2003-12-19,0.0
2003-12-20,0.0
2003-12-21,0.0
2003-12-22,0.0
2003-12-23,0.0
2003-12-24,0.0
2003-12-25,0.0
2003-12-26,0.0
2003-12-27,0.34129027
2003-12-28,0.0
2003-12-29,0.0
2003-12-30,0.0
2003-12-31,0.21470277
2004-01-01,5.532035
2004-01-02,6.0053506
2004-01-03,0.0
2004-01-04,0.0
2004-01-05,0.0
2004-01-06,1.0980422
2004-01-07,0.0
2004-01-08,0.0
2004-01-09,0.0
2004-01-10,0.0
2004-01-11,0.0
2004-01-12,0.0
2004-01-13,0.0
2004-01-14,0.0
2004-01-15,0.0
2004-01-16,0.0
2004-01-17,0.0
2004-01-18,0.0
2004-01-19,0.0
2004-01-20,0.0
2004-01-21,0.0
2004-01-22,0.0
2004-01-23,0.0
2004-01-24,0.0
2004-01-25,0.0
2004-01-26,0.0
2004-01-27,0.0
2004-01-28,0.0
2004-01-29,0.0
2004-01-30,0.0
2004-01-31,0.0
2004-02-01,0.0
2004-02-02,0.0
2004-02-03,0.0
2004-02-04,0.0
2004-02-05,0.0
2004-02-06,0.0
2004-02-07,0.0
2004-02-08,0.0
2004-02-09,0.0
2004-02-10,0.0
2004-02-11,0.0
2004-02-12,0.0
2004-02-13,0.0
2004-02-14,0.0
2004-02-15,0.0
2004-02-16,0.0
2004-02-17,0.0
2004-02-18,0.0
2004-02-19,0.0
2004-02-20,0.0
2004-02-21,0.0
2004-02-22,0.0
2004-02-23,0.0
2004-02-24,0.0
2004-02-25,0.0
2004-02-26,0.0
2004-02-27,0.0
2004-02-28,0.0
2004-02-29,0.0
2004-03-01,0.0
2004-03-02,0.0
2004-03-03,0.0
2004-03-04,0.0
2004-03-05,0.0
2004-03-06,0.0
2004-03-07,0.0
2004-03-08,0.0
2004-03-09,1.0934093
2004-03-10,2.1729198
2004-03-11,0.0
2004-03-12,0.0
2004-03-13,0.0
2004-03-14,0.0
2004-03-15,0.0
2004-03-16,0.0
2004-03-17,0.0
2004-03-18,0.0
2004-03-19,0.0
2004-03-20,0.0
2004-03-21,0.0
2004-03-22,0.0
2004-03-23,0.0
2004-03-24,0.0
2004-03-25,0.0
2004-03-26,0.0
2004-03-27,0.0
2004-03-28,0.0
2004-03-29,0.0
2004-03-30,0.0
2004-03-31,0.0
2004-04-01,0.0
2004-04-02,0.0
2004-04-03,0.0
2004-04-04,0.0
2004-04-05,0.0
2004-04-06,0.0
2004-04-07,0.0
2004-04-08,0.0
2004-04-09,0.0
2004-04-10,0.0
2004-04-11,0.0
2004-04-12,0.0
2004-04-13,0.0
2004-04-14,0.0
2004-04-15,0.0
2004-04-16,0.0
2004-04-17,0.0
2004-04-18,0.0
2004-04-19,0.0
2004-04-20,0.0
2004-04-21,0.0
2004-04-22,0.0
2004-04-23,0.0
2004-04-24,0.0
2004-04-25,0.0
2004-04-26,0.0
2004-04-27,0.0
2004-04-28,0.0
2004-04-29,0.0
2004-04-30,0.0
2004-05-01,0.0
2004-05-02,0.0
2004-05-03,11.178659
2004-05-04,55.758457
2004-05-05,8.4187355
2004-05-06,3.482399
2004-05-07,1.5567061
2004-05-08,0.21404012
2004-05-09,0.0
2004-05-10,0.33687666
2004-05-11,0.93116987
2004-05-12,0.0
2004-05-13,0.0
2004-05-14,0.0
2004-05-15,0.0
2004-05-16,2.2238824
2004-05-17,0.6545172
2004-05-18,0.0
2004-05-19,0.0
2004-05-20,0.0
2004-05-21,0.0
2004-05-22,0.0
2004-05-23,0.0
2004-05-24,0.0
2004-05-25,0.0
2004-05-26,2.9640744
2004-05-27,0.0
2004-05-28,0.0
2004-05-29,0.0
2004-05-30,0.42988122
2004-05-31,0.0
2004-06-01,2.370111
2004-06-02,1.0841434
2004-06-03,1.9032401
2004-06-04,0.0
2004-06-05,0.0
2004-06-06,0.0
2004-06-07,0.0
2004-06-08,2.5651727
2004-06-09,0.0
2004-06-10,0.0
2004-06-11,0.0
2004-06-12,0.0
2004-06-13,0.0
2004-06-14,0.0
2004-06-15,0.0
2004-06-16,0.0
2004-06-17,0.0
2004-06-18,0.0
2004-06-19,0.0
2004-06-20,0.0
2004-06-21,0.0
2004-06-22,0.0
2004-06-23,0.0
2004-06-24,0.0
2004-06-25,0.0
2004-06-26,0.0
2004-06-27,0.32205412
2004-06-28,0.0
2004-06-29,0.0
2004-06-30,0.44025776
2004-07-01,0.0
2004-07-02,0.52477044
2004-07-03,0.0
2004-07-04,0.0
2004-07-05,0.0
2004-07-06,0.0
2004-07-07,0.0
2004-07-08,0.0
2004-07-09,0.0
2004-07-10,0.2010286
2004-07-11,31.801586
2004-07-12,0.0
2004-07-13,0.30622512
2004-07-14,0.0
2004-07-15,0.0
2004-07-16,0.0
2004-07-17,0.0
2004-07-18,0.0
2004-07-19,0.0
2004-07-20,0.0
2004-07-21,0.0
2004-07-22,0.0
2004-07-23,0.0
2004-07-24,0.0
2004-07-25,13.627722
2004-07-26,0.0
2004-07-27,0.0
2004-07-28,0.0
2004-07-29,0.0
2004-07-30,0.0
2004-07-31,0.0
2004-08-01,0.0
2004-08-02,0.0
2004-08-03,0.0
2004-08-04,0.0
2004-08-05,0.0
2004-08-06,0.0
2004-08-07,1.267432
2004-08-08,9.085148
2004-08-09,0.0
2004-08-10,0.0
2004-08-11,0.0
2004-08-12,0.0
2004-08-13,0.0
2004-08-14,0.0
2004-08-15,0.0
2004-08-16,0.0
2004-08-17,0.0
2004-08-18,0.0
2004-08-19,0.0
2004-08-20,0.0
2004-08-21,0.0
2004-08-22,0.0
2004-08-23,0.0
2004-08-24,0.0
2004-08-25,0.0
2004-08-26,0.0
2004-08-27,0.6464753
2004-08-28,0.0
2004-08-29,3.6491833
2004-08-30,0.23171562
2004-08-31,9.478551
2004-09-01,37.991394
2004-09-02,0.0
2004-09-03,0.66348785
2004-09-04,0.0
2004-09-05,0.17342827
2004-09-06,33.083683
2004-09-07,0.0
2004-09-08,0.0
2004-09-09,0.0
2004-09-10,0.23092744
2004-09-11,0.0
2004-09-12,7.27414
2004-09-13,0.0
2004-09-14,0.0
2004-09-15,0.0
2004-09-16,1.2226342
2004-09-17,0.0
2004-09-18,0.0
2004-09-19,2.7255445
2004-09-20,7.6062894
2004-09-21,11.36613
2004-09-22,0.0
2004-09-23,9.265345
2004-09-24,2.8786569
2004-09-25,0.47635025
2004-09-26,4.4959936
2004-09-27,47.347507
2004-09-28,63.908646
2004-09-29,6.572477
2004-09-30,13.635875
2004-10-01,0.0
2004-10-02,4.5438476
2004-10-03,0.1275326
2004-10-04,0.0
2004-10-05,0.0
2004-10-06,0.0
2004-10-07,0.0
2004-10-08,0.0
2004-10-09,0.0
2004-10-10,0.0
2004-10-11,0.0
2004-10-12,0.0
2004-10-13,0.0
2004-10-14,0.0
2004-10-15,0.0
2004-10-16,0.0
2004-10-17,0.0
2004-10-18,51.02652
2004-10-19,5.5042496
2004-10-20,13.786858
2004-10-21,6.5061984
2004-10-22,1.6521116
2004-10-23,28.179745
2004-10-24,21.254889
2004-10-25,22.885221
2004-10-26,9.436189
2004-10-27,5.712372
2004-10-28,11.645474
2004-10-29,135.9027
2004-10-30,68.77486
2004-10-31,113.0564
2004-11-01,0.0
2004-11-02,0.0
2004-11-03,2.3585923
2004-11-04,0.0
2004-11-05,55.087673
2004-11-06,55.406387
2004-11-07,28.271633
2004-11-08,87.599815
2004-11-09,7.250524
2004-11-10,0.0
2004-11-11,22.986124
2004-11-12,2.502109
2004-11-13,0.9561338
2004-11-14,0.29882762
2004-11-15,0.0
2004-11-16,0.0
2004-11-17,0.0
2004-11-18,0.0
2004-11-19,0.0
2004-11-20,0.0
2004-11-21,0.0
2004-11-22,0.0
2004-11-23,22.96247
2004-11-24,0.60885113
2004-11-25,0.8891497
2004-11-26,32.918617
2004-11-27,15.754334
2004-11-28,0.0
2004-11-29,0.0
2004-11-30,0.0
2004-12-01,0.0
2004-12-02,0.0
2004-12-03,17.955868
2004-12-04,0.0
2004-12-05,0.0
2004-12-06,0.0
2004-12-07,0.0
2004-12-08,0.0
2004-12-09,0.0
2004-12-10,0.0
2004-12-11,0.0
2004-12-12,0.0
2004-12-13,0.0
2004-12-14,0.6704954
2004-12-15,0.0
2004-12-16,0.0
2004-12-17,0.0
2004-12-18,0.0
2004-12-19,0.0
2004-12-20,0.0
2004-12-21,0.0
2004-12-22,0.0
2004-12-23,0.0
2004-12-24,0.0
2004-12-25,0.0
2004-12-26,0.0
2004-12-27,0.0
2004-12-28,0.0
2004-12-29,0.0
2004-12-30,0.0
2004-12-31,0.0
2005-01-01,0.0
2005-01-02,0.0
2005-01-03,0.0
2005-01-04,0.0
2005-01-05,0.0
2005-01-06,0.0
2005-01-07,0.0
2005-01-08,0.0
2005-01-09,0.0
2005-01-10,0.0
2005-01-11,0.0
2005-01-12,0.0
2005-01-13,0.0
2005-01-14,0.0
2005-01-15,0.0
2005-01-16,0.0
2005-01-17,0.0
2005-01-18,0.0
2005-01-19,0.0
2005-01-20,0.0
2005-01-21,0.0
2005-01-22,0.22254162
2005-01-23,4.549445
2005-01-24,0.0
2005-01-25,0.0
2005-01-26,0.0
2005-01-27,0.0
2005-01-28,0.0
2005-01-29,0.0
2005-01-30,0.0
2005-01-31,0.0
2005-02-01,0.0
2005-02-02,0.1198301
2005-02-03,0.0
2005-02-04,1.1469452
2005-02-05,0.0
2005-02-06,0.0
2005-02-07,0.0
2005-02-08,0.0
2005-02-09,0.0
2005-02-10,0.0
2005-02-11,0.0
2005-02-12,0.0
2005-02-13,0.0
2005-02-14,0.0
2005-02-15,0.0
2005-02-16,0.0
2005-02-17,0.0
2005-02-18,0.0
2005-02-19,0.0
2005-02-20,0.0
2005-02-21,0.0
2005-02-22,0.0
2005-02-23,0.0
2005-02-24,0.0
2005-02-25,0.0
2005-02-26,0.0
2005-02-27,0.0
2005-02-28,0.0
2005-03-01,0.0
2005-03-02,0.0
2005-03-03,0.0
2005-03-04,0.0
2005-03-05,0.0
2005-03-06,0.0
2005-03-07,0.0
2005-03-08,0.0
2005-03-09,0.0
2005-03-10,0.0
2005-03-11,0.0
2005-03-12,0.0
2005-03-13,0.0
2005-03-14,0.0
2005-03-15,0.0
2005-03-16,0.0
2005-03-17,0.0
2005-03-18,0.0
2005-03-19,0.0
2005-03-20,0.0
2005-03-21,0.0
2005-03-22,0.0
2005-03-23,0.0
2005-03-24,0.0
2005-03-25,0.27389738
2005-03-26,0.0
2005-03-27,0.0
2005-03-28,0.0
2005-03-29,0.0
2005-03-30,0.0
2005-03-31,0.0
2005-04-01,0.0
2005-04-02,0.0
2005-04-03,0.0
2005-04-04,41.97804
2005-04-05,31.861074
2005-04-06,24.950148
2005-04-07,0.58034277
2005-04-08,1.3905903
2005-04-09,0.0
2005-04-10,0.0
2005-04-11,0.15918577
2005-04-12,0.0
2005-04-13,0.0
2005-04-14,0.0
2005-04-15,0.0
2005-04-16,0.0
2005-04-17,0.0
2005-04-18,0.0
2005-04-19,0.0
2005-04-20,0.0
2005-04-21,0.0
2005-04-22,0.0
2005-04-23,0.0
2005-04-24,0.0
2005-04-25,0.0
2005-04-26,0.0
2005-04-27,0.0
2005-04-28,0.0
2005-04-29,0.0
2005-04-30,0.0
2005-05-01,0.0
2005-05-02,34.05567
2005-05-03,0.0
2005-05-04,0.0
2005-05-05,26.214735
2005-05-06,0.0
2005-05-07,0.0
2005-05-08,0.0
2005-05-09,0.0
2005-05-10,0.0
2005-05-11,0.0
2005-05-12,0.0
2005-05-13,0.0
2005-05-14,0.0
2005-05-15,0.0
2005-05-16,0.0
2005-05-17,0.0
2005-05-18,0.0
2005-05-19,0.0
2005-05-20,0.0
2005-05-21,0.0
2005-05-22,0.0
2005-05-23,0.0
2005-05-24,0.0
2005-05-25,0.0
2005-05-26,0.0
2005-05-27,0.0
2005-05-28,0.0
2005-05-29,0.0
2005-05-30,0.0
2005-05-31,0.0
2005-06-01,0.0
2005-06-02,0.0
2005-06-03,0.0
2005-06-04,0.0
2005-06-05,0.0
2005-06-06,0.0
2005-06-07,0.0
2005-06-08,0.0
2005-06-09,0.0
2005-06-10,0.0
2005-06-11,0.0
2005-06-12,0.0
2005-06-13,0.0
2005-06-14,0.0
2005-06-15,0.0
2005-06-16,0.0
2005-06-17,0.0
2005-06-18,0.0
2005-06-19,0.0
2005-06-20,0.0
2005-06-21,0.0
2005-06-22,0.0
2005-06-23,0.0
2005-06-24,0.0
2005-06-25,0.0
2005-06-26,0.11127081
2005-06-27,0.0
2005-06-28,0.0
2005-06-29,0.0
2005-06-30,0.0
2005-07-01,0.0
2005-07-02,0.0
2005-07-03,0.0
2005-07-04,0.0
2005-07-05,0.102836825
2005-07-06,0.0
2005-07-07,0.0
2005-07-08,0.0
2005-07-09,0.0
2005-07-10,0.0
2005-07-11,0.52211684
2005-07-12,0.0
2005-07-13,0.0
2005-07-14,0.0
2005-07-15,0.0
2005-07-16,0.0
2005-07-17,9.139743
2005-07-18,4.5919085
2005-07-19,0.0
2005-07-20,0.0
2005-07-21,0.0
2005-07-22,0.0
2005-07-23,0.0
2005-07-24,0.0
2005-07-25,0.0
2005-07-26,0.0
2005-07-27,0.0
2005-07-28,0.18830445
2005-07-29,0.20542304
2005-07-30,4.549445
2005-07-31,0.0
2005-08-01,0.0
2005-08-02,0.0
2005-08-03,0.0
2005-08-04,0.0
2005-08-05,0.0
2005-08-06,0.0
2005-08-07,0.0
2005-08-08,0.0
2005-08-09,0.0
2005-08-10,0.0
2005-08-11,0.0
2005-08-12,18.368965
2005-08-13,0.68474346
2005-08-14,0.0
2005-08-15,4.549445
2005-08-16,0.0
2005-08-17,0.0
2005-08-18,0.0
2005-08-19,0.0
2005-08-20,0.0
2005-08-21,0.0
2005-08-22,0.0
2005-08-23,0.0
2005-08-24,0.0
2005-08-25,4.3994765
2005-08-26,20.665611
2005-08-27,5.6095314
2005-08-28,0.0
2005-08-29,0.0
2005-08-30,0.0
2005-08-31,0.0
2005-09-01,0.5539247
2005-09-02,0.0
2005-09-03,0.0
2005-09-04,0.0
2005-09-05,2.3880427
2005-09-06,0.0
2005-09-07,12.254577
2005-09-08,0.0
2005-09-09,9.12787
2005-09-10,0.0
2005-09-11,0.20184468
2005-09-12,0.0
2005-09-13,0.0
2005-09-14,0.0
2005-09-15,0.0
2005-09-16,0.58545876
2005-09-17,40.945007
2005-09-18,0.0
2005-09-19,0.0
2005-09-20,0.0
2005-09-21,0.0
2005-09-22,0.0
2005-09-23,0.0
2005-09-24,0.0
2005-09-25,0.0
2005-09-26,54.61046
2005-09-27,27.29667
2005-09-28,18.241
2005-09-29,19.407082
2005-09-30,4.729851
2005-10-01,0.0
2005-10-02,0.0
2005-10-03,4.549445
2005-10-04,0.0
2005-10-05,0.0
2005-10-06,0.0
2005-10-07,0.0
2005-10-08,0.0
2005-10-09,0.44034815
2005-10-10,0.0
2005-10-11,0.20093866
2005-10-12,1.5524948
2005-10-13,0.0
2005-10-14,14.004124
2005-10-15,0.0
2005-10-16,0.0
2005-10-17,0.0
2005-10-18,4.5683727
2005-10-19,1.1089463
2005-10-20,26.302462
2005-10-21,0.0
2005-10-22,0.105881155
2005-10-23,23.182545
2005-10-24,4.7274337
2005-10-25,10.2669935
2005-10-26,24.164375
2005-10-27,20.972786
2005-10-28,5.722069
2005-10-29,0.0
2005-10-30,9.201602
2005-10-31,0.0
2005-11-01,0.0
2005-11-02,4.593594
2005-11-03,18.481266
2005-11-04,13.881462
2005-11-05,57.741997
2005-11-06,89.70025
2005-11-07,55.5082
2005-11-08,222.54568
2005-11-09,81.86612
2005-11-10,9.808294
2005-11-11,0.0
2005-11-12,0.0
2005-11-13,4.6808085
2005-11-14,0.0
2005-11-15,0.0
2005-11-16,0.0
2005-11-17,0.0
2005-11-18,0.0
2005-11-19,0.0
2005-11-20,0.0
2005-11-21,14.430186
2005-11-22,208.21231
2005-11-23,40.156628
2005-11-24,113.83655
2005-11-25,46.33853
2005-11-26,1.6723586
2005-11-27,6.1654296
2005-11-28,28.037546
2005-11-29,0.0
2005-11-30,0.0
2005-12-01,0.0
2005-12-02,0.0
2005-12-03,9.88166
2005-12-04,131.78178
2005-12-05,0.0
2005-12-06,0.0
2005-12-07,0.0
2005-12-08,0.0
2005-12-09,0.0
2005-12-10,35.396343
2005-12-11,20.612486
2005-12-12,4.722424
2005-12-13,6.228542
2005-12-14,3.0833378
2005-12-15,0.0
2005-12-16,0.0
2005-12-17,0.0
2005-12-18,1.0130906
2005-12-19,0.18900882
2005-12-20,0.0
2005-12-21,0.0
2005-12-22,0.0
2005-12-23,0.0
2005-12-24,0.0
2005-12-25,0.0
2005-12-26,0.0
2005-12-27,0.0
2005-12-28,0.0
2005-12-29,0.20542304
2005-12-30,0.0
2005-12-31,0.0
2006-01-01,0.0
2006-01-02,0.0
2006-01-03,0.0
2006-01-04,0.0
2006-01-05,26.578524
2006-01-06,21.204023
2006-01-07,4.615313
2006-01-08,6.996377
2006-01-09,2.6321616
2006-01-10,0.0
2006-01-11,0.0
2006-01-12,0.0
2006-01-13,0.0
2006-01-14,0.0
2006-01-15,0.0
2006-01-16,0.0
2006-01-17,0.0
2006-01-18,0.0
2006-01-19,0.0
2006-01-20,0.0
2006-01-21,0.0
2006-01-22,0.0
2006-01-23,0.0
2006-01-24,0.0
2006-01-25,0.0
2006-01-26,0.0
2006-01-27,0.0
2006-01-28,0.0
2006-01-29,0.0
2006-01-30,0.0
2006-01-31,0.0
2006-02-01,0.0
2006-02-02,0.0
2006-02-03,0.0
2006-02-04,0.0
2006-02-05,0.0
2006-02-06,0.0
2006-02-07,0.0
2006-02-08,0.0
2006-02-09,0.0
2006-02-10,0.0
2006-02-11,0.0
2006-02-12,0.0
2006-02-13,0.0
2006-02-14,0.0
2006-02-15,0.0
2006-02-16,0.0
2006-02-17,0.0
2006-02-18,0.0
2006-02-19,0.0
2006-02-20,0.0
2006-02-21,0.0
2006-02-22,0.0
2006-02-23,0.0
2006-02-24,0.0
2006-02-25,0.0
2006-02-26,0.0
2006-02-27,0.0
2006-02-28,0.0
2006-03-01,0.0
2006-03-02,0.0
2006-03-03,0.0
2006-03-04,1.1827775
2006-03-05,0.0
2006-03-06,0.0
2006-03-07,0.0
2006-03-08,0.0
2006-03-09,0.0
2006-03-10,0.0
2006-03-11,11.538283
2006-03-12,21.176172
2006-03-13,0.0
2006-03-14,0.0
2006-03-15,0.0
2006-03-16,0.0
2006-03-17,0.0
2006-03-18,0.0
2006-03-19,0.0
2006-03-20,0.0
2006-03-21,0.0
2006-03-22,0.0
2006-03-23,0.0
2006-03-24,0.0
2006-03-25,0.0
2006-03-26,0.0
2006-03-27,0.0
2006-03-28,0.0
2006-03-29,0.0
2006-03-30,0.0
2006-03-31,0.0
2006-04-01,0.0
2006-04-02,0.0
2006-04-03,0.0
2006-04-04,0.0
2006-04-05,0.0
2006-04-06,0.0
2006-04-07,0.0
2006-04-08,0.0
2006-04-09,0.0
2006-04-10,0.0
2006-04-11,0.0
2006-04-12,0.0
2006-04-13,0.0
2006-04-14,0.0
2006-04-15,0.0
2006-04-16,0.0
2006-04-17,0.0
2006-04-18,3.1829088
2006-04-19,0.0
2006-04-20,0.0
2006-04-21,0.0
2006-04-22,0.0
2006-04-23,15.073102
2006-04-24,0.0
2006-04-25,0.0
2006-04-26,0.0
2006-04-27,0.0
2006-04-28,0.0
2006-04-29,0.0
2006-04-30,0.0
2006-05-01,0.0
2006-05-02,0.0
2006-05-03,0.0
2006-05-04,0.26881307
2006-05-05,0.0
2006-05-06,0.0
2006-05-07,0.0
2006-05-08,0.0
2006-05-09,0.0
2006-05-10,0.0
2006-05-11,0.0
2006-05-12,0.0
2006-05-13,0.0
2006-05-14,0.0
2006-05-15,0.0
2006-05-16,0.0
2006-05-17,0.0
2006-05-18,0.0
2006-05-19,12.189974
2006-05-20,0.0
2006-05-21,0.0
2006-05-22,0.0
2006-05-23,0.0
2006-05-24,0.0
2006-05-25,0.0
2006-05-26,2.3248682
2006-05-27,22.039995
2006-05-28,0.0
2006-05-29,0.0
2006-05-30,0.0
2006-05-31,0.0
2006-06-01,0.0
2006-06-02,0.0
2006-06-03,0.0
2006-06-04,0.17811923
2006-06-05,11.839906
2006-06-06,0.0
2006-06-07,0.0
2006-06-08,0.0
2006-06-09,0.0
2006-06-10,0.0
2006-06-11,0.0
2006-06-12,0.0
2006-06-13,0.0
2006-06-14,7.8427505
2006-06-15,0.2589049
2006-06-16,0.0
2006-06-17,2.1374307
2006-06-18,0.0
2006-06-19,0.0
2006-06-20,0.0
2006-06-21,0.0
2006-06-22,0.0
2006-06-23,0.0
2006-06-24,0.0
2006-06-25,0.0
2006-06-26,0.0
2006-06-27,0.0
2006-06-28,0.0
2006-06-29,0.0
2006-06-30,0.0
2006-07-01,0.0
2006-07-02,0.0
2006-07-03,0.0
2006-07-04,0.0
2006-07-05,0.0
2006-07-06,0.0
2006-07-07,0.0
2006-07-08,0.0
2006-07-09,0.0
2006-07-10,0.0
2006-07-11,1.648326
2006-07-12,4.5874662
2006-07-13,0.0
2006-07-14,0.0
2006-07-15,0.88236725
2006-07-16,0.6302623
2006-07-17,0.0
2006-07-18,9.830284
2006-07-19,0.0
2006-07-20,2.4724894
2006-07-21,0.0
2006-07-22,0.0
2006-07-23,0.0
2006-07-24,0.0
2006-07-25,0.0
2006-07-26,0.0
2006-07-27,0.0
2006-07-28,0.0
2006-07-29,0.0
2006-07-30,0.0
2006-07-31,0.0
2006-08-01,0.0
2006-08-02,0.0
2006-08-03,0.0
2006-08-04,0.0
2006-08-05,0.0
2006-08-06,0.0
2006-08-07,0.0
2006-08-08,7.7509384
2006-08-09,1.0097183
2006-08-10,1.2468346
2006-08-11,0.0
2006-08-12,0.0
2006-08-13,0.0
2006-08-14,0.0
2006-08-15,1.9997591
2006-08-16,0.108394384
2006-08-17,0.0
2006-08-18,0.4268489
2006-08-19,0.94880676
2006-08-20,0.0
2006-08-21,1.2468346
2006-08-22,0.0
2006-08-23,0.0
2006-08-24,33.763268
2006-08-25,7.4099283
2006-08-26,0.0
2006-08-27,0.0
2006-08-28,0.0
2006-08-29,0.0
2006-08-30,0.0
2006-08-31,0.0
2006-09-01,5.232882
2006-09-02,7.5841665
2006-09-03,0.0
2006-09-04,0.47671565
2006-09-05,0.0
2006-09-06,0.0
2006-09-07,0.0
2006-09-08,0.21183126
2006-09-09,0.0
2006-09-10,0.0
2006-09-11,0.0
2006-09-12,0.0
2006-09-13,0.0
2006-09-14,0.0
2006-09-15,0.0
2006-09-16,0.0
2006-09-17,0.0
2006-09-18,0.0
2006-09-19,0.0
2006-09-20,0.0
2006-09-21,0.0
2006-09-22,0.0
2006-09-23,0.0
2006-09-24,0.2824417
2006-09-25,1.9930238
2006-09-26,6.259228
2006-09-27,0.0
2006-09-28,2.2096758
2006-09-29,0.31880698
2006-09-30,8.065995
2006-10-01,0.0
2006-10-02,0.0
2006-10-03,0.0
2006-10-04,0.0
2006-10-05,13.796336
2006-10-06,0.0
2006-10-07,17.739141
2006-10-08,3.8023772
2006-10-09,24.39802
2006-10-10,0.0
2006-10-11,0.0
2006-10-12,4.661214
2006-10-13,0.0
2006-10-14,0.0
2006-10-15,0.0
2006-10-16,22.577707
2006-10-17,7.158876
2006-10-18,0.53435767
2006-10-19,5.2080407
2006-10-20,15.404522
2006-10-21,1.6798382
2006-10-22,10.15844
2006-10-23,26.654385
2006-10-24,98.59959
2006-10-25,13.885674
2006-10-26,94.91784
2006-10-27,134.84058
2006-10-28,89.61574
2006-10-29,78.3048
2006-10-30,0.0
2006-10-31,0.0
2006-11-01,0.3381251
2006-11-02,27.173641
2006-11-03,20.971163
2006-11-04,11.855121
2006-11-05,4.261779
2006-11-06,5.8414235
2006-11-07,19.057522
2006-11-08,20.187544
2006-11-09,0.0
2006-11-10,3.6262438
2006-11-11,50.261646
2006-11-12,23.152884
2006-11-13,46.809875
2006-11-14,76.71193
2006-11-15,9.72178
2006-11-16,39.66433
2006-11-17,16.542627
2006-11-18,33.16612
2006-11-19,12.6890335
2006-11-20,5.852176
2006-11-21,65.30091
2006-11-22,4.3968363
2006-11-23,0.0
2006-11-24,0.0
2006-11-25,0.0
2006-11-26,2.8298948
2006-11-27,6.7637296
2006-11-28,12.457069
2006-11-29,0.21744892
2006-11-30,5.0938983
2006-12-01,0.0
2006-12-02,0.0
2006-12-03,0.0
2006-12-04,0.0
2006-12-05,0.0
2006-12-06,0.0
2006-12-07,0.0
2006-12-08,0.0
2006-12-09,9.075778
2006-12-10,49.873688
2006-12-11,20.30915
2006-12-12,65.209015
2006-12-13,0.0
2006-12-14,0.0
2006-12-15,0.0
2006-12-16,0.0
2006-12-17,0.0
2006-12-18,0.0
2006-12-19,0.0
2006-12-20,0.0
2006-12-21,0.0
2006-12-22,0.0
2006-12-23,0.0
2006-12-24,0.0
2006-12-25,0.0
2006-12-26,0.0
2006-12-27,0.0
2006-12-28,0.0
2006-12-29,0.0
2006-12-30,0.0
2006-12-31,0.0
2007-01-01,0.0
2007-01-02,0.0
2007-01-03,0.0
2007-01-04,0.0
2007-01-05,0.0
2007-01-06,0.0
2007-01-07,0.0
2007-01-08,0.0
2007-01-09,0.0
2007-01-10,0.0
2007-01-11,0.0
2007-01-12,0.0
2007-01-13,0.0
2007-01-14,0.0
2007-01-15,0.0
2007-01-16,0.0
2007-01-17,0.0
2007-01-18,0.0
2007-01-19,0.0
2007-01-20,0.0
2007-01-21,0.0
2007-01-22,0.0
2007-01-23,0.0
2007-01-24,0.0
2007-01-25,0.0
2007-01-26,0.0
2007-01-27,0.0
2007-01-28,0.0
2007-01-29,0.0
2007-01-30,0.0
2007-01-31,0.0
2007-02-01,0.0
2007-02-02,0.0
2007-02-03,0.0
2007-02-04,0.0
2007-02-05,0.0
2007-02-06,0.0
2007-02-07,0.0
2007-02-08,0.0
2007-02-09,0.0
2007-02-10,0.0
2007-02-11,1.1649767
2007-02-12,0.0
2007-02-13,0.0
2007-02-14,0.0
2007-02-15,0.0
2007-02-16,0.0
2007-02-17,0.0
2007-02-18,16.22605
2007-02-19,0.0
2007-02-20,0.0
2007-02-21,0.0
2007-02-22,0.0
2007-02-23,0.0
2007-02-24,0.0
2007-02-25,0.0
2007-02-26,0.0
2007-02-27,0.0
2007-02-28,0.0
2007-03-01,0.0
2007-03-02,0.0
2007-03-03,0.0
2007-03-04,0.0
2007-03-05,0.0
2007-03-06,0.0
2007-03-07,0.0
2007-03-08,0.0
2007-03-09,0.0
2007-03-10,0.0
2007-03-11,0.0
2007-03-12,0.0
2007-03-13,0.0
2007-03-14,0.0
2007-03-15,0.0
2007-03-16,0.0
2007-03-17,0.0
2007-03-18,0.0
2007-03-19,0.0
2007-03-20,0.0
2007-03-21,0.0
2007-03-22,0.0
2007-03-23,0.0
2007-03-24,0.0
2007-03-25,0.0
2007-03-26,0.0
2007-03-27,0.0
2007-03-28,0.0
2007-03-29,0.0
2007-03-30,0.0
2007-03-31,0.0
2007-04-01,0.0
2007-04-02,0.0
2007-04-03,0.0
2007-04-04,0.0
2007-04-05,0.0
2007-04-06,0.0
2007-04-07,0.0
2007-04-08,0.0
2007-04-09,0.0
2007-04-10,0.0
2007-04-11,0.0
2007-04-12,0.0
2007-04-13,0.0
2007-04-14,0.0
2007-04-15,0.0
2007-04-16,0.0
2007-04-17,0.0
2007-04-18,15.093964
2007-04-19,0.0
2007-04-20,0.35083345
2007-04-21,0.0
2007-04-22,0.0
2007-04-23,0.0
2007-04-24,0.0
2007-04-25,0.0
2007-04-26,0.0
2007-04-27,0.0
2007-04-28,0.0
2007-04-29,0.0
2007-04-30,0.0
2007-05-01,0.0
2007-05-02,0.0
2007-05-03,14.090495
2007-05-04,0.0
2007-05-05,0.0
2007-05-06,0.0
2007-05-07,0.0
2007-05-08,0.0
2007-05-09,0.0
2007-05-10,0.0
2007-05-11,0.0
2007-05-12,0.0
2007-05-13,0.0
2007-05-14,0.0
2007-05-15,0.0
2007-05-16,0.0
2007-05-17,0.0
2007-05-18,0.0
2007-05-19,0.0
2007-05-20,0.0
2007-05-21,0.0
2007-05-22,0.0
2007-05-23,0.0
2007-05-24,0.0
2007-05-25,0.0
2007-05-26,0.0
2007-05-27,0.0
2007-05-28,0.0
2007-05-29,0.0
2007-05-30,0.0
2007-05-31,0.0
2007-06-01,0.0
2007-06-02,0.0
2007-06-03,0.0
2007-06-04,0.0
2007-06-05,0.0
2007-06-06,0.0
2007-06-07,0.0
2007-06-08,13.658161
2007-06-09,0.0
2007-06-10,0.0
2007-06-11,0.0
2007-06-12,1.7477603
2007-06-13,0.0
2007-06-14,0.0
2007-06-15,0.9924159
2007-06-16,0.0
2007-06-17,0.0
2007-06-18,0.0
2007-06-19,1.8125443
2007-06-20,0.0
2007-06-21,0.0
2007-06-22,0.0
2007-06-23,0.0
2007-06-24,0.0
2007-06-25,0.0
2007-06-26,0.58248836
2007-06-27,0.0
2007-06-28,0.0
2007-06-29,0.0
2007-06-30,0.0
2007-07-01,0.0
2007-07-02,0.0
2007-07-03,0.0
2007-07-04,0.0
2007-07-05,0.0
2007-07-06,0.0
2007-07-07,0.0
2007-07-08,0.0
2007-07-09,0.0
2007-07-10,2.912442
2007-07-11,0.0
2007-07-12,21.382376
2007-07-13,0.0
2007-07-14,1.1867682
2007-07-15,0.0
2007-07-16,0.0
2007-07-17,0.0
2007-07-18,0.0
2007-07-19,0.0
2007-07-20,0.0
2007-07-21,2.3735363
2007-07-22,0.0
2007-07-23,0.0
2007-07-24,0.970814
2007-07-25,0.0
2007-07-26,3.3687725
2007-07-27,29.146658
2007-07-28,0.0
2007-07-29,0.0
2007-07-30,18.016026
2007-07-31,4.6816983
2007-08-01,1.7001715
2007-08-02,44.658417
2007-08-03,0.0
2007-08-04,0.0
2007-08-05,0.0
2007-08-06,0.0
2007-08-07,0.0
2007-08-08,0.0
2007-08-09,1.1206362
2007-08-10,7.5568657
2007-08-11,0.0
2007-08-12,0.0
2007-08-13,0.0
2007-08-14,0.0
2007-08-15,0.0
2007-08-16,0.0
2007-08-17,0.0
2007-08-18,0.0
2007-08-19,10.464175
2007-08-20,0.0
2007-08-21,0.29236123
2007-08-22,0.4093057
2007-08-23,0.0
2007-08-24,4.324497
2007-08-25,1.8407073
2007-08-26,17.067774
2007-08-27,0.0
2007-08-28,0.0
2007-08-29,6.0990186
2007-08-30,25.031078
2007-08-31,0.0
2007-09-01,0.0
2007-09-02,0.0
2007-09-03,0.0
2007-09-04,0.0
2007-09-05,0.0
2007-09-06,0.0
2007-09-07,0.0
2007-09-08,0.71764845
2007-09-09,0.0
2007-09-10,0.0
2007-09-11,0.0
2007-09-12,0.0
2007-09-13,0.0
2007-09-14,0.4784323
2007-09-15,0.0
2007-09-16,12.022476
2007-09-17,3.4917603
2007-09-18,9.367559
2007-09-19,0.0
2007-09-20,0.0
2007-09-21,0.0
2007-09-22,0.0
2007-09-23,0.0
2007-09-24,0.0
2007-09-25,0.0
2007-09-26,0.0
2007-09-27,0.0
2007-09-28,0.0
2007-09-29,6.0420737
2007-09-30,0.0
2007-10-01,0.0
2007-10-02,0.0
2007-10-03,0.0
2007-10-04,0.0
2007-10-05,0.0
2007-10-06,0.0
2007-10-07,0.0
2007-10-08,0.0
2007-10-09,0.0
2007-10-10,0.0
2007-10-11,0.0
2007-10-12,0.0
2007-10-13,0.0
2007-10-14,24.179987
2007-10-15,8.737326
2007-10-16,0.0
2007-10-17,0.0
2007-10-18,13.609246
2007-10-19,5.69056
2007-10-20,11.811168
2007-10-21,7.519648
2007-10-22,11.732594
2007-10-23,24.545824
2007-10-24,121.205376
2007-10-25,161.64569
2007-10-26,36.888386
2007-10-27,108.485954
2007-10-28,29.691246
2007-10-29,4.870432
2007-10-30,12.316336
2007-10-31,2.6905603
2007-11-01,6.62158
2007-11-02,0.0
2007-11-03,0.0
2007-11-04,11.48254
2007-11-05,24.606514
2007-11-06,0.0
2007-11-07,0.0
2007-11-08,0.0
2007-11-09,0.0
2007-11-10,0.0
2007-11-11,0.0
2007-11-12,0.0
2007-11-13,0.0
2007-11-14,0.0
2007-11-15,0.0
2007-11-16,0.0
2007-11-17,0.0
2007-11-18,0.0
2007-11-19,5.124105
2007-11-20,5.738525
2007-11-21,20.54804
2007-11-22,0.0
2007-11-23,0.0
2007-11-24,0.0
2007-11-25,0.0
2007-11-26,0.0
2007-11-27,0.0
2007-11-28,0.0
2007-11-29,0.0
2007-11-30,0.0
2007-12-01,0.0
2007-12-02,0.0
2007-12-03,3.0290847
2007-12-04,0.0
2007-12-05,7.182578
2007-12-06,0.23388898
2007-12-07,12.249706
2007-12-08,0.0
2007-12-09,0.0
2007-12-10,0.0
2007-12-11,0.0
2007-12-12,0.0
2007-12-13,0.0
2007-12-14,58.357876
2007-12-15,18.332575
2007-12-16,0.0
2007-12-17,4.5023627
2007-12-18,56.95478
2007-12-19,86.71313
2007-12-20,38.280518
2007-12-21,9.538327
2007-12-22,0.0
2007-12-23,0.0
2007-12-24,0.0
2007-12-25,0.0
2007-12-26,0.0
2007-12-27,0.0
2007-12-28,0.0
2007-12-29,0.0
2007-12-30,0.0
2007-12-31,0.0
2008-01-01,0.0
2008-01-02,0.0
2008-01-03,0.0
2008-01-04,7.620886
2008-01-05,85.92097
2008-01-06,0.0
2008-01-07,0.0
2008-01-08,0.0
2008-01-09,0.0
2008-01-10,0.0
2008-01-11,0.0
2008-01-12,0.0
2008-01-13,0.0
2008-01-14,0.0
2008-01-15,0.0
2008-01-16,0.0
2008-01-17,0.0
2008-01-18,0.0
2008-01-19,0.0
2008-01-20,0.0
2008-01-21,0.0
2008-01-22,0.0
2008-01-23,0.0
2008-01-24,0.0
2008-01-25,0.0
2008-01-26,0.0
2008-01-27,0.0
2008-01-28,0.0
2008-01-29,0.0
2008-01-30,0.0
2008-01-31,0.0
2008-02-01,0.0
2008-02-02,0.0
2008-02-03,0.0
2008-02-04,0.0
2008-02-05,0.0
2008-02-06,0.0
2008-02-07,0.0
2008-02-08,0.0
2008-02-09,0.62668097
2008-02-10,7.6280055
2008-02-11,0.39836016
2008-02-12,0.799501
2008-02-13,0.0
2008-02-14,0.0
2008-02-15,0.0
2008-02-16,0.3786285
2008-02-17,0.0
2008-02-18,0.0
2008-02-19,0.0
2008-02-20,0.0
2008-02-21,0.0
2008-02-22,0.0
2008-02-23,0.0
2008-02-24,0.0
2008-02-25,0.0
2008-02-26,0.0
2008-02-27,0.0
2008-02-28,0.0
2008-02-29,0.0
2008-03-01,4.076612
2008-03-02,2.2713726
2008-03-03,8.046241
2008-03-04,0.0
2008-03-05,0.0
2008-03-06,0.0
2008-03-07,0.0
2008-03-08,0.0
2008-03-09,0.0
2008-03-10,0.0
2008-03-11,2.1743686
2008-03-12,43.367916
2008-03-13,25.1751
2008-03-14,1.9848317
2008-03-15,3.3745706
2008-03-16,1.2455297
2008-03-17,0.733586
2008-03-18,2.1082976
2008-03-19,1.5206275
2008-03-20,3.8351736
2008-03-21,14.758093
2008-03-22,46.300453
2008-03-23,30.978134
2008-03-24,2.78823
2008-03-25,0.5425215
2008-03-26,0.0
2008-03-27,0.0
2008-03-28,0.0
2008-03-29,0.0
2008-03-30,0.0
2008-03-31,1.7518048
2008-04-01,26.937342
2008-04-02,0.0
2008-04-03,0.0
2008-04-04,0.0
2008-04-05,0.0
2008-04-06,0.0
2008-04-07,0.0
2008-04-08,0.0
2008-04-09,0.0
2008-04-10,0.0
2008-04-11,0.10721902
2008-04-12,0.0
2008-04-13,0.0
2008-04-14,0.0
2008-04-15,0.0
2008-04-16,0.0
2008-04-17,0.0
2008-04-18,0.0
2008-04-19,0.0
2008-04-20,0.0
2008-04-21,0.0
2008-04-22,0.0
2008-04-23,0.0
2008-04-24,0.0
2008-04-25,0.0
2008-04-26,2.9196043
2008-04-27,0.0
2008-04-28,0.0
2008-04-29,0.0
2008-04-30,0.0
2008-05-01,0.0
2008-05-02,0.0
2008-05-03,0.0
2008-05-04,1.1375251
2008-05-05,0.0
2008-05-06,0.0
2008-05-07,0.0
2008-05-08,0.0
2008-05-09,0.0
2008-05-10,0.0
2008-05-11,0.0
2008-05-12,0.0
2008-05-13,10.586155
2008-05-14,0.0
2008-05-15,8.435973
2008-05-16,0.0
2008-05-17,0.0
2008-05-18,0.0
2008-05-19,0.0
2008-05-20,0.0
2008-05-21,0.0
2008-05-22,0.22618362
2008-05-23,16.622654
2008-05-24,0.0
2008-05-25,0.0
2008-05-26,0.0
2008-05-27,0.0
2008-05-28,0.0
2008-05-29,0.0
2008-05-30,0.0
2008-05-31,0.0
2008-06-01,0.0
2008-06-02,0.0
2008-06-03,0.0
2008-06-04,0.0
2008-06-05,0.7841807
2008-06-06,0.0
2008-06-07,0.0
2008-06-08,1.5300157
2008-06-09,38.40815
2008-06-10,0.0
2008-06-11,0.0
2008-06-12,26.542252
2008-06-13,0.56876254
2008-06-14,0.0
2008-06-15,0.0
2008-06-16,0.0
2008-06-17,0.85314375
2008-06-18,0.0
2008-06-19,1.9906687
2008-06-20,0.0
2008-06-21,0.0
2008-06-22,0.0
2008-06-23,0.47153425
2008-06-24,0.0
2008-06-25,0.0
2008-06-26,0.0
2008-06-27,0.0
2008-06-28,0.0
2008-06-29,0.0
2008-06-30,0.0
2008-07-01,0.0
2008-07-02,1.3281262
2008-07-03,0.0
2008-07-04,0.0
2008-07-05,0.0
2008-07-06,0.0
2008-07-07,1.4219064
2008-07-08,0.28438127
2008-07-09,0.0
2008-07-10,0.0
2008-07-11,0.0
2008-07-12,0.0
2008-07-13,0.0
2008-07-14,0.0
2008-07-15,0.0
2008-07-16,0.0
2008-07-17,0.0
2008-07-18,6.6441846
2008-07-19,0.34917367
2008-07-20,0.0
2008-07-21,37.06732
2008-07-22,0.0
2008-07-23,0.0
2008-07-24,0.0
2008-07-25,2.7604861
2008-07-26,0.0
2008-07-27,0.0
2008-07-28,0.0
2008-07-29,0.0
2008-07-30,7.109532
2008-07-31,0.0
2008-08-01,12.891952
2008-08-02,0.8548793
2008-08-03,0.0
2008-08-04,34.318752
2008-08-05,0.22990859
2008-08-06,0.0
2008-08-07,0.0
2008-08-08,0.0
2008-08-09,0.0
2008-08-10,0.0
2008-08-11,0.0
2008-08-12,0.2713779
2008-08-13,0.0
2008-08-14,0.52408177
2008-08-15,0.28438127
2008-08-16,0.28546524
2008-08-17,1.5001535
2008-08-18,0.2097916
2008-08-19,4.7614646
2008-08-20,0.123402074
2008-08-21,0.13108848
2008-08-22,0.87547415
2008-08-23,11.375251
2008-08-24,2.2750502
2008-08-25,0.581908
2008-08-26,0.0
2008-08-27,0.0
2008-08-28,0.0
2008-08-29,0.0
2008-08-30,0.0
2008-08-31,0.1867661
2008-09-01,0.0
2008-09-02,0.0
2008-09-03,0.0
2008-09-04,0.0
2008-09-05,0.0
2008-09-06,0.116391234
2008-09-07,14.015395
2008-09-08,0.337843
2008-09-09,0.6466179
2008-09-10,0.0
2008-09-11,0.0
2008-09-12,0.0
2008-09-13,0.0
2008-09-14,0.0
2008-09-15,0.0
2008-09-16,0.0
2008-09-17,0.0
2008-09-18,0.0
2008-09-19,0.0
2008-09-20,0.7500768
2008-09-21,24.40445
2008-09-22,0.0
2008-09-23,0.0
2008-09-24,0.0
2008-09-25,0.0
2008-09-26,0.0
2008-09-27,0.0
2008-09-28,0.0
2008-09-29,0.0
2008-09-30,0.0
2008-10-01,0.0
2008-10-02,0.0
2008-10-03,0.0
2008-10-04,24.077614
2008-10-05,0.0
2008-10-06,0.0
2008-10-07,0.0
2008-10-08,0.0
2008-10-09,0.0
2008-10-10,0.0
2008-10-11,0.0
2008-10-12,19.689281
2008-10-13,24.063463
2008-10-14,15.906579
2008-10-15,17.251442
2008-10-16,34.542473
2008-10-17,3.3947048
2008-10-18,6.3186097
2008-10-19,62.951122
2008-10-20,3.390083
2008-10-21,89.3229
2008-10-22,12.040177
2008-10-23,13.032204
2008-10-24,3.2548206
2008-10-25,0.0
2008-10-26,1.8192286
2008-10-27,1.923672
2008-10-28,0.0
2008-10-29,0.0
2008-10-30,0.0
2008-10-31,0.0
2008-11-01,0.0
2008-11-02,0.0
2008-11-03,0.0
2008-11-04,0.0
2008-11-05,0.0
2008-11-06,0.0
2008-11-07,0.0
2008-11-08,0.0
2008-11-09,0.0
2008-11-10,0.0
2008-11-11,0.28689846
2008-11-12,0.61914766
2008-11-13,0.0
2008-11-14,0.0
2008-11-15,0.0
2008-11-16,0.0
2008-11-17,0.0
2008-11-18,2.3720815
2008-11-19,16.021414
2008-11-20,25.596352
2008-11-21,0.24844882
2008-11-22,51.51829
2008-11-23,22.336214
2008-11-24,92.322014
2008-11-25,70.00535
2008-11-26,215.68987
2008-11-27,111.595406
2008-11-28,209.42099
2008-11-29,5.8772125
2008-11-30,29.41691
2008-12-01,4.7655525
2008-12-02,0.0
2008-12-03,0.0
2008-12-04,0.0
2008-12-05,0.0
2008-12-06,0.0
2008-12-07,0.0
2008-12-08,0.28564203
2008-12-09,40.903206
2008-12-10,18.059275
2008-12-11,0.9739384
2008-12-12,0.0
2008-12-13,0.117554545
2008-12-14,2.2026088
2008-12-15,24.130644
2008-12-16,0.5795885
2008-12-17,0.0
2008-12-18,0.0
2008-12-19,0.0
2008-12-20,0.0
2008-12-21,0.0
2008-12-22,0.0
2008-12-23,0.0
2008-12-24,0.0
2008-12-25,0.0
2008-12-26,0.0
2008-12-27,0.0
2008-12-28,0.0
2008-12-29,0.0
2008-12-30,0.0
2008-12-31,0.0
2009-01-01,0.0
2009-01-02,0.0
2009-01-03,0.0
2009-01-04,0.0
2009-01-05,0.0
2009-01-06,0.21398236
2009-01-07,21.012785
2009-01-08,19.20502
2009-01-09,0.0
2009-01-10,0.0
2009-01-11,0.0
2009-01-12,0.0
2009-01-13,0.0
2009-01-14,0.0
2009-01-15,8.246147
2009-01-16,0.0
2009-01-17,0.0
2009-01-18,0.0
2009-01-19,0.0
2009-01-20,0.0
2009-01-21,0.0
2009-01-22,0.0
2009-01-23,0.0
2009-01-24,0.0
2009-01-25,0.0
2009-01-26,0.0
2009-01-27,0.0
2009-01-28,0.0
2009-01-29,0.0
2009-01-30,0.0
2009-01-31,0.0
2009-02-01,0.0
2009-02-02,0.0
2009-02-03,0.0
2009-02-04,0.0
2009-02-05,0.0
2009-02-06,0.0
2009-02-07,0.0
2009-02-08,0.0
2009-02-09,0.0
2009-02-10,0.0
2009-02-11,0.0
2009-02-12,0.0
2009-02-13,0.0
2009-02-14,0.0
2009-02-15,0.0
2009-02-16,0.0
2009-02-17,0.0
2009-02-18,0.0
2009-02-19,0.0
2009-02-20,0.0
2009-02-21,0.0
2009-02-22,0.0
2009-02-23,0.0
2009-02-24,0.0
2009-02-25,0.0
2009-02-26,0.0
2009-02-27,0.0
2009-02-28,0.0
2009-03-01,0.0
2009-03-02,0.0
2009-03-03,0.0
2009-03-04,0.0
2009-03-05,0.0
2009-03-06,0.0
2009-03-07,0.0
2009-03-08,0.0
2009-03-09,4.549445
2009-03-10,120.55942
2009-03-11,9.806886
2009-03-12,0.0
2009-03-13,0.0
2009-03-14,0.0
2009-03-15,0.0
2009-03-16,0.0
2009-03-17,0.0
2009-03-18,0.0
2009-03-19,0.0
2009-03-20,0.0
2009-03-21,0.0
2009-03-22,0.0
2009-03-23,0.0
2009-03-24,0.0
2009-03-25,0.0
2009-03-26,0.0
2009-03-27,0.0
2009-03-28,0.0
2009-03-29,0.0
2009-03-30,0.0
2009-03-31,0.0
2009-04-01,0.0
2009-04-02,0.0
2009-04-03,0.0
2009-04-04,0.0
2009-04-05,0.0
2009-04-06,0.0
2009-04-07,0.0
2009-04-08,0.0
2009-04-09,0.0
2009-04-10,0.0
2009-04-11,14.591815
2009-04-12,27.122885
2009-04-13,0.0
2009-04-14,0.0
2009-04-15,0.0
2009-04-16,0.0
2009-04-17,0.0
2009-04-18,0.0
2009-04-19,0.0
2009-04-20,0.0
2009-04-21,0.0
2009-04-22,0.0
2009-04-23,0.0
2009-04-24,0.0
2009-04-25,0.0
2009-04-26,0.0
2009-04-27,0.0
2009-04-28,0.0
2009-04-29,0.0
2009-04-30,0.0
2009-05-01,0.0
2009-05-02,0.0
2009-05-03,0.0
2009-05-04,0.0
2009-05-05,0.20542306
2009-05-06,0.0
2009-05-07,0.0
2009-05-08,0.0
2009-05-09,0.0
2009-05-10,0.0
2009-05-11,0.0
2009-05-12,0.0
2009-05-13,0.0
2009-05-14,0.0
2009-05-15,0.0
2009-05-16,0.14127117
2009-05-17,0.0
2009-05-18,0.0
2009-05-19,0.0
2009-05-20,0.0
2009-05-21,0.0
2009-05-22,0.0
2009-05-23,0.0
2009-05-24,2.733555
2009-05-25,0.0
2009-05-26,0.0
2009-05-27,1.5149951
2009-05-28,0.0
2009-05-29,0.0
2009-05-30,0.0
2009-05-31,0.0
2009-06-01,0.0
2009-06-02,0.0
2009-06-03,0.0
2009-06-04,0.0
2009-06-05,0.0
2009-06-06,0.0
2009-06-07,0.0
2009-06-08,0.0
2009-06-09,0.0
2009-06-10,0.0
2009-06-11,0.0
2009-06-12,0.0
2009-06-13,0.0
2009-06-14,0.0
2009-06-15,0.0
2009-06-16,0.0
2009-06-17,0.0
2009-06-18,0.0
2009-06-19,0.0
2009-06-20,0.0
2009-06-21,0.0
2009-06-22,0.0
2009-06-23,0.0
2009-06-24,0.0
2009-06-25,0.0
2009-06-26,0.0
2009-06-27,0.0
2009-06-28,0.0
2009-06-29,0.0
2009-06-30,0.0
2009-07-01,0.0
2009-07-02,0.0
2009-07-03,0.0
2009-07-04,0.0
2009-07-05,5.3369
2009-07-06,0.0
2009-07-07,0.0
2009-07-08,0.0
2009-07-09,0.0
2009-07-10,0.0
2009-07-11,0.0
2009-07-12,0.0
2009-07-13,0.0
2009-07-14,0.0
2009-07-15,0.0
2009-07-16,0.3081346
2009-07-17,0.77033645
2009-07-18,0.0
2009-07-19,0.0
2009-07-20,0.0
2009-07-21,0.0
2009-07-22,0.0
2009-07-23,0.0
2009-07-24,0.0
2009-07-25,0.0
2009-07-26,0.0
2009-07-27,0.0
2009-07-28,0.0
2009-07-29,0.0
2009-07-30,17.443535
2009-07-31,6.0729995
2009-08-01,13.308584
2009-08-02,0.37333235
2009-08-03,0.0
2009-08-04,0.0
2009-08-05,0.10271153
2009-08-06,0.0
2009-08-07,0.0
2009-08-08,0.0
2009-08-09,0.0
2009-08-10,0.0
2009-08-11,0.14368983
2009-08-12,0.0
2009-08-13,0.17678078
2009-08-14,0.50828904
2009-08-15,0.0
2009-08-16,0.0
2009-08-17,3.0404062
2009-08-18,0.0
2009-08-19,0.0
2009-08-20,0.0
2009-08-21,0.0
2009-08-22,0.0
2009-08-23,0.0
2009-08-24,6.4469943
2009-08-25,0.0
2009-08-26,0.0
2009-08-27,0.0
2009-08-28,0.0
2009-08-29,0.0
2009-08-30,0.0
2009-08-31,0.86448866
2009-09-01,0.0
2009-09-02,12.741968
2009-09-03,0.0
2009-09-04,6.369223
2009-09-05,0.0
2009-09-06,0.0
2009-09-07,5.8076615
2009-09-08,0.0
2009-09-09,0.0
2009-09-10,0.0
2009-09-11,0.0
2009-09-12,0.0
2009-09-13,0.0
2009-09-14,0.0
2009-09-15,0.0
2009-09-16,7.3729954
2009-09-17,0.0
2009-09-18,0.0
2009-09-19,0.0
2009-09-20,34.59203
2009-09-21,2.1997385
2009-09-22,0.0
2009-09-23,0.0
2009-09-24,0.0
2009-09-25,0.0
2009-09-26,10.00878
2009-09-27,0.0
2009-09-28,0.0
2009-09-29,0.0
2009-09-30,3.6395562
2009-10-01,0.0
2009-10-02,0.0
2009-10-03,0.0
2009-10-04,0.0
2009-10-05,0.0
2009-10-06,0.0
2009-10-07,0.0
2009-10-08,0.0
2009-10-09,72.79112
2009-10-10,0.0
2009-10-11,0.0
2009-10-12,0.3021713
2009-10-13,0.0
2009-10-14,0.0
2009-10-15,0.0
2009-10-16,0.0
2009-10-17,0.0
2009-10-18,0.0
2009-10-19,0.0
2009-10-20,0.0
2009-10-21,0.0
2009-10-22,0.0
2009-10-23,0.0
2009-10-24,0.0
2009-10-25,0.0
2009-10-26,0.0
2009-10-27,0.0
2009-10-28,20.09075
2009-10-29,36.288765
2009-10-30,31.970564
2009-10-31,18.50499
2009-11-01,5.686347
2009-11-02,40.767075
2009-11-03,5.071504
2009-11-04,20.202787
2009-11-05,93.01497
2009-11-06,51.046463
2009-11-07,53.89163
2009-11-08,175.85146
2009-11-09,57.279106
2009-11-10,37.747845
2009-11-11,9.726629
2009-11-12,0.0
2009-11-13,0.0
2009-11-14,10.062681
2009-11-15,97.22283
2009-11-16,20.21084
2009-11-17,0.0
2009-11-18,24.40854
2009-11-19,31.846117
2009-11-20,0.0
2009-11-21,0.0
2009-11-22,34.54012
2009-11-23,2.894278
2009-11-24,2.80933
2009-11-25,0.0
2009-11-26,0.0
2009-11-27,0.0
2009-11-28,0.0
2009-11-29,0.1535509
2009-11-30,30.525888
2009-12-01,5.1944604
2009-12-02,25.922338
2009-12-03,28.862274
2009-12-04,0.15319872
2009-12-05,15.2296505
2009-12-06,0.0
2009-12-07,0.0
2009-12-08,0.0
2009-12-09,0.0
2009-12-10,0.0
2009-12-11,0.0
2009-12-12,0.0
2009-12-13,48.840904
2009-12-14,13.075674
2009-12-15,43.229362
2009-12-16,101.93721
2009-12-17,82.6007
2009-12-18,0.47550914
2009-12-19,0.0
2009-12-20,0.2975875
2009-12-21,0.4480887
2009-12-22,22.078543
2009-12-23,25.925632
2009-12-24,5.459334
2009-12-25,0.0
2009-12-26,0.0
2009-12-27,0.0
2009-12-28,0.0
2009-12-29,0.0
2009-12-30,0.0
2009-12-31,0.0
2010-01-01,0.0
2010-01-02,0.0
2010-01-03,0.0
2010-01-04,0.0
2010-01-05,0.0
2010-01-06,0.0
2010-01-07,0.0
2010-01-08,0.0
2010-01-09,15.325678
2010-01-10,12.89819
2010-01-11,2.055367
2010-01-12,0.0
2010-01-13,24.030296
2010-01-14,20.944523
2010-01-15,0.0
2010-01-16,0.0
2010-01-17,0.0
2010-01-18,0.0
2010-01-19,0.0
2010-01-20,0.0
2010-01-21,0.0
2010-01-22,0.0
2010-01-23,0.0
2010-01-24,0.0
2010-01-25,0.0
2010-01-26,0.0
2010-01-27,0.0
2010-01-28,0.0
2010-01-29,0.0
2010-01-30,0.0
2010-01-31,0.0
2010-02-01,0.0
2010-02-02,0.0
2010-02-03,0.0
2010-02-04,0.0
2010-02-05,0.0
2010-02-06,0.0
2010-02-07,0.0
2010-02-08,0.0
2010-02-09,0.0
2010-02-10,0.0
2010-02-11,0.0
2010-02-12,0.0
2010-02-13,0.0
2010-02-14,0.0
2010-02-15,0.0
2010-02-16,0.0
2010-02-17,0.0
2010-02-18,0.0
2010-02-19,0.0
2010-02-20,0.0
2010-02-21,0.0
2010-02-22,0.0
2010-02-23,0.0
2010-02-24,0.0
2010-02-25,0.0
2010-02-26,0.0
2010-02-27,0.0
2010-02-28,0.0
2010-03-01,0.0
2010-03-02,0.0
2010-03-03,0.0
2010-03-04,0.0
2010-03-05,0.0
2010-03-06,0.0
2010-03-07,0.0
2010-03-08,0.0
2010-03-09,0.0
2010-03-10,0.0
2010-03-11,0.0
2010-03-12,0.0
2010-03-13,0.0
2010-03-14,0.0
2010-03-15,0.0
2010-03-16,0.0
2010-03-17,0.0
2010-03-18,0.0
2010-03-19,0.0
2010-03-20,0.0
2010-03-21,0.0
2010-03-22,0.0
2010-03-23,0.0
2010-03-24,0.0
2010-03-25,0.0
2010-03-26,0.0
2010-03-27,0.0
2010-03-28,0.0
2010-03-29,0.0
2010-03-30,0.0
2010-03-31,0.0
2010-04-01,0.0
2010-04-02,0.0
2010-04-03,0.0
2010-04-04,0.0
2010-04-05,0.0
2010-04-06,0.0
2010-04-07,0.0
2010-04-08,0.0
2010-04-09,0.0
2010-04-10,0.0
2010-04-11,0.0
2010-04-12,0.0
2010-04-13,0.0
2010-04-14,0.0
2010-04-15,0.0
2010-04-16,0.0
2010-04-17,0.0
2010-04-18,0.0
2010-04-19,0.0
2010-04-20,0.0
2010-04-21,0.0
2010-04-22,0.0
2010-04-23,0.0
2010-04-24,0.0
2010-04-25,0.0
2010-04-26,0.0
2010-04-27,0.0
2010-04-28,0.0
2010-04-29,0.0
2010-04-30,0.0
2010-05-01,48.442795
2010-05-02,0.6883661
2010-05-03,0.0
2010-05-04,0.0
2010-05-05,13.903512
2010-05-06,0.0
2010-05-07,0.0
2010-05-08,0.0
2010-05-09,0.0
2010-05-10,0.0
2010-05-11,0.0
2010-05-12,0.0
2010-05-13,0.0
2010-05-14,0.0
2010-05-15,0.0
2010-05-16,0.0
2010-05-17,0.0
2010-05-18,0.0
2010-05-19,9.453301
2010-05-20,0.0
2010-05-21,0.0
2010-05-22,0.0
2010-05-23,0.0
2010-05-24,0.0
2010-05-25,0.0
2010-05-26,0.0
2010-05-27,0.0
2010-05-28,0.0
2010-05-29,0.0
2010-05-30,0.0
2010-05-31,0.0
2010-06-01,0.0
2010-06-02,0.0
2010-06-03,0.0
2010-06-04,0.0
2010-06-05,0.34418306
2010-06-06,0.0
2010-06-07,3.2698705
2010-06-08,0.2312021
2010-06-09,0.0
2010-06-10,0.0
2010-06-11,33.633656
2010-06-12,0.0
2010-06-13,0.0
2010-06-14,0.0
2010-06-15,0.0
2010-06-16,0.0
2010-06-17,0.0
2010-06-18,0.9670515
2010-06-19,0.0
2010-06-20,0.0
2010-06-21,0.0
2010-06-22,9.767551
2010-06-23,0.0
2010-06-24,2.6372426
2010-06-25,0.0
2010-06-26,0.0
2010-06-27,0.0
2010-06-28,0.0
2010-06-29,0.0
2010-06-30,0.0
2010-07-01,0.0
2010-07-02,0.0
2010-07-03,0.0
2010-07-04,0.0
2010-07-05,0.0
2010-07-06,0.0
2010-07-07,0.0
2010-07-08,0.0
2010-07-09,0.0
2010-07-10,0.0
2010-07-11,0.0
2010-07-12,0.0
2010-07-13,0.0
2010-07-14,0.0
2010-07-15,0.0
2010-07-16,4.573466
2010-07-17,7.9031634
2010-07-18,0.0
2010-07-19,0.0
2010-07-20,0.0
2010-07-21,0.0
2010-07-22,24.087885
2010-07-23,0.0
2010-07-24,0.0
2010-07-25,0.0
2010-07-26,0.0
2010-07-27,0.0
2010-07-28,0.0
2010-07-29,0.0
2010-07-30,0.0
2010-07-31,0.61510265
2010-08-01,0.0
2010-08-02,0.0
2010-08-03,0.13211548
2010-08-04,7.7574663
2010-08-05,0.0
2010-08-06,5.8208222
2010-08-07,5.7841907
2010-08-08,5.9456515
2010-08-09,0.0
2010-08-10,0.13211548
2010-08-11,0.0
2010-08-12,0.0
2010-08-13,0.0
2010-08-14,1.486299
2010-08-15,1.0325491
2010-08-16,11.798171
2010-08-17,0.0
2010-08-18,4.2211123
2010-08-19,0.0
2010-08-20,6.2571635
2010-08-21,7.3260894
2010-08-22,48.37524
2010-08-23,3.6594203
2010-08-24,3.2719164
2010-08-25,1.3482656
2010-08-26,0.0
2010-08-27,12.203822
2010-08-28,0.0
2010-08-29,0.6883661
2010-08-30,7.4119997
2010-08-31,0.0
2010-09-01,0.0
2010-09-02,0.0
2010-09-03,0.3302887
2010-09-04,1.4070374
2010-09-05,0.0
2010-09-06,0.0
2010-09-07,0.0
2010-09-08,0.0
2010-09-09,0.0
2010-09-10,0.0
2010-09-11,1.4955134
2010-09-12,12.663337
2010-09-13,17.213491
2010-09-14,16.597065
2010-09-15,0.0
2010-09-16,0.0
2010-09-17,0.0
2010-09-18,0.0
2010-09-19,0.0
2010-09-20,0.0
2010-09-21,0.0
2010-09-22,4.6901245
2010-09-23,0.0
2010-09-24,0.0
2010-09-25,0.0
2010-09-26,0.34418306
2010-09-27,0.0
2010-09-28,3.1854086
2010-09-29,1.0325491
2010-09-30,3.0386686
2010-10-01,0.0
2010-10-02,12.873193
2010-10-03,2.1356595
2010-10-04,0.0
2010-10-05,0.0
2010-10-06,0.0
2010-10-07,0.0
2010-10-08,0.0
2010-10-09,0.6883661
2010-10-10,0.0
2010-10-11,0.0
2010-10-12,0.0
2010-10-13,0.0
2010-10-14,5.162746
2010-10-15,0.0
2010-10-16,3.8443918
2010-10-17,0.0
2010-10-18,0.0
2010-10-19,0.0
2010-10-20,0.30755132
2010-10-21,0.0
2010-10-22,0.0
2010-10-23,0.0
2010-10-24,0.0
2010-10-25,0.0
2010-10-26,0.0
2010-10-27,6.883661
2010-10-28,8.690043
2010-10-29,37.09895
2010-10-30,38.49156
2010-10-31,0.14532702
2010-11-01,18.317722
2010-11-02,1.6146445
2010-11-03,7.6620693
2010-11-04,1.0899527
2010-11-05,14.741168
2010-11-06,0.6883661
2010-11-07,7.9751368
2010-11-08,31.451239
2010-11-09,0.0
2010-11-10,17.926443
2010-11-11,9.922484
2010-11-12,0.0
2010-11-13,0.0
2010-11-14,0.0
2010-11-15,0.0
2010-11-16,2.5919046
2010-11-17,4.706903
2010-11-18,7.891507
2010-11-19,24.457848
2010-11-20,39.306633
2010-11-21,24.847025
2010-11-22,0.34418306
2010-11-23,1.4070374
2010-11-24,25.627195
2010-11-25,12.813537
2010-11-26,28.148626
2010-11-27,198.29533
2010-11-28,9.014572
2010-11-29,24.990385
2010-11-30,0.0
2010-12-01,148.52684
2010-12-02,77.38934
2010-12-03,21.854715
2010-12-04,24.280083
2010-12-05,22.68364
2010-12-06,30.281424
2010-12-07,0.34418306
2010-12-08,0.0
2010-12-09,0.0
2010-12-10,0.0
2010-12-11,0.0
2010-12-12,0.0
2010-12-13,0.0
2010-12-14,0.34418306
2010-12-15,0.5753851
2010-12-16,11.939228
2010-12-17,11.6136055
2010-12-18,2.6892455
2010-12-19,0.2312021
2010-12-20,25.593554
2010-12-21,36.720074
2010-12-22,0.0
2010-12-23,0.0
2010-12-24,0.0
2010-12-25,0.0
2010-12-26,0.0
2010-12-27,0.0
2010-12-28,0.0
2010-12-29,26.240084
2010-12-30,1.5269051
2010-12-31,1.1022313
2011-01-01,5.5504355
2011-01-02,5.4222393
2011-01-03,0.0
2011-01-04,4.9738846
2011-01-05,0.3946403
2011-01-06,0.0
2011-01-07,0.782509
2011-01-08,2.3050127
2011-01-09,6.9634643
2011-01-10,0.0
2011-01-11,0.26088965
2011-01-12,0.0
2011-01-13,0.0
2011-01-14,0.0
2011-01-15,0.0
2011-01-16,0.0
2011-01-17,0.0
2011-01-18,0.0
2011-01-19,0.0
2011-01-20,0.0
2011-01-21,0.0
2011-01-22,0.0
2011-01-23,0.0
2011-01-24,0.0
2011-01-25,0.0
2011-01-26,0.0
2011-01-27,0.0
2011-01-28,0.0
2011-01-29,0.0
2011-01-30,0.0
2011-01-31,0.0
2011-02-01,0.0
2011-02-02,0.0
2011-02-03,0.0
2011-02-04,0.0
2011-02-05,0.0
2011-02-06,0.0
2011-02-07,0.0
2011-02-08,0.0
2011-02-09,0.230787
2011-02-10,0.0
2011-02-11,0.0
2011-02-12,0.0
2011-02-13,0.0
2011-02-14,0.0
2011-02-15,0.0
2011-02-16,0.0
2011-02-17,0.0
2011-02-18,0.0
2011-02-19,0.0
2011-02-20,0.0
2011-02-21,0.0
2011-02-22,26.806604
2011-02-23,8.767858
2011-02-24,1.4264103
2011-02-25,12.380723
2011-02-26,11.622121
2011-02-27,7.33345
2011-02-28,0.0
2011-03-01,0.0
2011-03-02,0.0
2011-03-03,0.0
2011-03-04,0.0
2011-03-05,0.0
2011-03-06,0.0
2011-03-07,0.0
2011-03-08,0.0
2011-03-09,0.0
2011-03-10,0.0
2011-03-11,0.0
2011-03-12,0.0
2011-03-13,0.0
2011-03-14,7.5294285
2011-03-15,0.0
2011-03-16,0.0
2011-03-17,0.0
2011-03-18,0.0
2011-03-19,0.0
2011-03-20,0.0
2011-03-21,0.0
2011-03-22,0.0
2011-03-23,6.4240413
2011-03-24,0.0
2011-03-25,1.9615393
2011-03-26,0.9560301
2011-03-27,2.90596
2011-03-28,0.0
2011-03-29,3.0062876
2011-03-30,9.227281
2011-03-31,0.0
2011-04-01,0.0
2011-04-02,0.0
2011-04-03,0.9526665
2011-04-04,1.8558015
2011-04-05,0.0
2011-04-06,0.0
2011-04-07,0.0
2011-04-08,0.0
2011-04-09,0.0
2011-04-10,6.0656066
2011-04-11,0.0
2011-04-12,3.3541982
2011-04-13,0.34094313
2011-04-14,0.80923647
2011-04-15,0.30928966
2011-04-16,1.2459842
2011-04-17,0.0
2011-04-18,8.738405
2011-04-19,8.45003
2011-04-20,0.28301945
2011-04-21,9.976859
2011-04-22,11.559276
2011-04-23,9.358328
2011-04-24,3.712186
2011-04-25,7.253618
2011-04-26,1.4488865
2011-04-27,4.560579
2011-04-28,1.0366765
2011-04-29,7.816065
2011-04-30,0.36991012
2011-05-01,0.8664078
2011-05-02,0.10064887
2011-05-03,1.3906394
2011-05-04,3.3318512
2011-05-05,0.17829216
2011-05-06,0.71218747
2011-05-07,0.7846157
2011-05-08,0.0
2011-05-09,0.0
2011-05-10,0.0
2011-05-11,0.0
2011-05-12,0.4331324
2011-05-13,0.0
2011-05-14,0.0
2011-05-15,0.0
2011-05-16,0.0
2011-05-17,0.29854822
2011-05-18,2.7804105
2011-05-19,1.7812418
2011-05-20,0.79426503
2011-05-21,1.880456
2011-05-22,0.0
2011-05-23,0.0
2011-05-24,0.22988622
2011-05-25,1.3312701
2011-05-26,2.5705047
2011-05-27,2.4780223
2011-05-28,4.8627877
2011-05-29,3.7961476
2011-05-30,11.589778
2011-05-31,5.3249254
2011-06-01,27.615969
2011-06-02,27.63653
2011-06-03,15.406077
2011-06-04,10.328102
2011-06-05,16.923323
2011-06-06,10.89978
2011-06-07,10.112367
2011-06-08,0.40909556
2011-06-09,4.3710694
2011-06-10,3.1517184
2011-06-11,4.496985
2011-06-12,8.833637
2011-06-13,0.3786471
2011-06-14,11.338241
2011-06-15,13.428866
2011-06-16,1.2777389
2011-06-17,5.348271
2011-06-18,15.061994
2011-06-19,1.4622821
2011-06-20,1.1795563
2011-06-21,2.1910453
2011-06-22,0.0
2011-06-23,0.579964
2011-06-24,4.5200467
2011-06-25,2.3777158
2011-06-26,6.1795173
2011-06-27,6.4851875
2011-06-28,5.7548985
2011-06-29,1.1224006
2011-06-30,0.0
2011-07-01,0.6694877
2011-07-02,24.945803
2011-07-03,1.9168563
2011-07-04,0.4447199
2011-07-05,1.2445927
2011-07-06,17.74176
2011-07-07,0.25608793
2011-07-08,0.0
2011-07-09,0.0
2011-07-10,0.2565487
2011-07-11,1.1818191
2011-07-12,3.6482584
2011-07-13,11.094354
2011-07-14,7.4567204
2011-07-15,6.8853717
2011-07-16,9.069274
2011-07-17,14.983613
2011-07-18,3.809859
2011-07-19,11.845683
2011-07-20,1.1162874
2011-07-21,1.2978779
2011-07-22,3.4296067
2011-07-23,1.5651855
2011-07-24,19.758568
2011-07-25,13.160434
2011-07-26,5.7249904
2011-07-27,14.173252
2011-07-28,7.7203407
2011-07-29,0.0
2011-07-30,4.23478
2011-07-31,2.7760737
2011-08-01,4.9666834
2011-08-02,1.5330802
2011-08-03,5.504036
2011-08-04,2.8943574
2011-08-05,8.060776
2011-08-06,13.844949
2011-08-07,26.25724
2011-08-08,1.011966
2011-08-09,16.378227
2011-08-10,8.835304
2011-08-11,5.530176
2011-08-12,4.51431
2011-08-13,8.748537
2011-08-14,0.0
2011-08-15,0.0
2011-08-16,47.86095
2011-08-17,6.169612
2011-08-18,43.56036
2011-08-19,5.3985596
2011-08-20,1.641142
2011-08-21,6.3933983
2011-08-22,0.57036465
2011-08-23,0.36071798
2011-08-24,0.28044868
2011-08-25,0.377563
2011-08-26,12.575714
2011-08-27,0.0
2011-08-28,2.0795364
2011-08-29,2.2142377
2011-08-30,7.6826496
2011-08-31,9.337651
2011-09-01,26.390703
2011-09-02,8.893158
2011-09-03,16.67682
2011-09-04,3.4685116
2011-09-05,1.8163176
2011-09-06,0.0
2011-09-07,4.816511
2011-09-08,1.0528263
2011-09-09,0.0
2011-09-10,2.0378232
2011-09-11,21.086277
2011-09-12,2.6279507
2011-09-13,16.483118
2011-09-14,6.2419066
2011-09-15,4.4768786
2011-09-16,18.977455
2011-09-17,0.0
2011-09-18,0.0
2011-09-19,0.3367202
2011-09-20,3.2979705
2011-09-21,3.344448
2011-09-22,2.8690908
2011-09-23,3.289921
2011-09-24,0.0
2011-09-25,0.0
2011-09-26,0.0
2011-09-27,0.0
2011-09-28,0.0
2011-09-29,0.0
2011-09-30,0.0
2011-10-01,3.816276
2011-10-02,0.32398194
2011-10-03,0.54401803
2011-10-04,1.7834468
2011-10-05,0.0
2011-10-06,0.0
2011-10-07,0.0
2011-10-08,4.556151
2011-10-09,0.32134113
2011-10-10,4.235548
2011-10-11,0.0
2011-10-12,3.0018497
2011-10-13,3.8102207
2011-10-14,6.680094
2011-10-15,2.8544536
2011-10-16,0.31145418
2011-10-17,5.72914
2011-10-18,1.8257328
2011-10-19,0.4008574
2011-10-20,0.0
2011-10-21,0.0
2011-10-22,3.6733773
2011-10-23,3.5943651
2011-10-24,11.828166
2011-10-25,8.382634
2011-10-26,4.5556345
2011-10-27,13.793978
2011-10-28,16.610012
2011-10-29,0.39937735
2011-10-30,15.165573
2011-10-31,5.5460777
2011-11-01,1.5500703
2011-11-02,16.993624
2011-11-03,8.146612
2011-11-04,10.918051
2011-11-05,6.3726406
2011-11-06,11.624655
2011-11-07,25.85866
2011-11-08,11.061636
2011-11-09,0.0
2011-11-10,0.0
2011-11-11,0.0
2011-11-12,0.0
2011-11-13,0.0
2011-11-14,0.0
2011-11-15,2.124422
2011-11-16,0.0
2011-11-17,0.0
2011-11-18,0.0
2011-11-19,0.40801352
2011-11-20,0.0
2011-11-21,0.0
2011-11-22,0.0
2011-11-23,0.0
2011-11-24,0.0
2011-11-25,2.8347168
2011-11-26,12.309208
2011-11-27,23.519196
2011-11-28,10.538622
2011-11-29,0.8078375
2011-11-30,12.680226
2011-12-01,0.55096585
2011-12-02,0.19065697
2011-12-03,39.65705
2011-12-04,0.44134635
2011-12-05,5.4059763
2011-12-06,0.0
2011-12-07,0.0
2011-12-08,0.0
2011-12-09,0.0
2011-12-10,2.7880924
2011-12-11,0.0
2011-12-12,0.6819691
2011-12-13,0.1467607
2011-12-14,0.39747885
2011-12-15,0.0
2011-12-16,0.0
2011-12-17,0.0
2011-12-18,0.0
2011-12-19,0.0
2011-12-20,0.10034901
2011-12-21,0.0
2011-12-22,0.0
2011-12-23,0.0
2011-12-24,0.0
2011-12-25,8.020579
2011-12-26,0.0
2011-12-27,0.0
2011-12-28,0.0
2011-12-29,0.0
2011-12-30,0.49258173
2011-12-31,48.90401
2012-01-01,5.454943
2012-01-02,0.22225195
2012-01-03,0.0
2012-01-04,0.0
2012-01-05,0.0
2012-01-06,0.0
2012-01-07,0.0
2012-01-08,0.0
2012-01-09,0.0
2012-01-10,0.0
2012-01-11,0.0
2012-01-12,0.0
2012-01-13,0.0
2012-01-14,0.0
2012-01-15,0.0
2012-01-16,0.0
2012-01-17,0.0
2012-01-18,0.0
2012-01-19,0.0
2012-01-20,0.0
2012-01-21,0.0
2012-01-22,0.0
2012-01-23,0.0
2012-01-24,0.0
2012-01-25,0.0
2012-01-26,0.0
2012-01-27,0.0
2012-01-28,0.0
2012-01-29,0.0
2012-01-30,0.0
2012-01-31,0.0
2012-02-01,0.0
2012-02-02,0.0
2012-02-03,0.0
2012-02-04,0.0
2012-02-05,0.0
2012-02-06,0.0
2012-02-07,0.0
2012-02-08,0.0
2012-02-09,0.0
2012-02-10,1.633448
2012-02-11,0.81039596
2012-02-12,3.0453005
2012-02-13,0.0
2012-02-14,0.0
2012-02-15,0.0
2012-02-16,0.0
2012-02-17,0.0
2012-02-18,0.0
2012-02-19,0.0
2012-02-20,0.0
2012-02-21,0.0
2012-02-22,0.0
2012-02-23,0.0
2012-02-24,0.0
2012-02-25,0.0
2012-02-26,0.0
2012-02-27,0.0
2012-02-28,0.0
2012-02-29,0.0
2012-03-01,0.0
2012-03-02,0.0
2012-03-03,0.0
2012-03-04,0.0
2012-03-05,0.0
2012-03-06,3.4917543
2012-03-07,0.0
2012-03-08,0.0
2012-03-09,0.0
2012-03-10,0.0
2012-03-11,2.5058954
2012-03-12,3.8080862
2012-03-13,0.0
2012-03-14,0.0
2012-03-15,0.0
2012-03-16,0.0
2012-03-17,1.3998784
2012-03-18,0.8352986
2012-03-19,0.0
2012-03-20,0.0
2012-03-21,1.0318394
2012-03-22,0.0
2012-03-23,0.0
2012-03-24,0.0
2012-03-25,0.0
2012-03-26,0.0
2012-03-27,0.0
2012-03-28,0.0
2012-03-29,0.0
2012-03-30,8.347184
2012-03-31,0.0
2012-04-01,0.0
2012-04-02,8.551845
2012-04-03,3.1718102
2012-04-04,0.0
2012-04-05,2.788638
2012-04-06,0.0
2012-04-07,0.78616315
2012-04-08,0.0
2012-04-09,10.614017
2012-04-10,0.0
2012-04-11,0.24344759
2012-04-12,4.2271094
2012-04-13,0.7861314
2012-04-14,0.0
2012-04-15,8.009038
2012-04-16,4.685471
2012-04-17,2.6533012
2012-04-18,0.0
2012-04-19,0.78616315
2012-04-20,0.0
2012-04-21,3.2553241
2012-04-22,0.0
2012-04-23,0.9145364
2012-04-24,23.516058
2012-04-25,11.845092
2012-04-26,7.90803
2012-04-27,12.0960655
2012-04-28,9.4631
2012-04-29,0.70878094
2012-04-30,4.4791145
2012-05-01,4.331978
2012-05-02,2.4852374
2012-05-03,4.0687594
2012-05-04,0.86699015
2012-05-05,11.139497
2012-05-06,0.5696797
2012-05-07,0.0
2012-05-08,0.0
2012-05-09,0.0
2012-05-10,0.0
2012-05-11,7.5181727
2012-05-12,9.84681
2012-05-13,0.0
2012-05-14,0.0
2012-05-15,0.0
2012-05-16,1.550788
2012-05-17,1.0327239
2012-05-18,0.0
2012-05-19,0.12270966
2012-05-20,0.0
2012-05-21,0.0
2012-05-22,4.0546722
2012-05-23,0.0
2012-05-24,0.0
2012-05-25,0.29559997
2012-05-26,0.0
2012-05-27,0.0
2012-05-28,0.51599884
2012-05-29,0.20458806
2012-05-30,0.17981505
2012-05-31,0.0
2012-06-01,0.14950344
2012-06-02,0.0
2012-06-03,1.7980008
2012-06-04,0.49376953
2012-06-05,0.0
2012-06-06,0.97209144
2012-06-07,8.838471
2012-06-08,11.772054
2012-06-09,0.107813604
2012-06-10,1.9149804
2012-06-11,1.1299149
2012-06-12,0.0
2012-06-13,1.7769855
2012-06-14,2.3248303
2012-06-15,3.2804956
2012-06-16,12.906802
2012-06-17,13.479913
2012-06-18,23.500475
2012-06-19,12.716721
2012-06-20,4.888487
2012-06-21,2.5117226
2012-06-22,3.0053196
2012-06-23,3.7692196
2012-06-24,0.30357715
2012-06-25,0.7115055
2012-06-26,0.13140212
2012-06-27,2.9636178
2012-06-28,1.0599861
2012-06-29,0.29092255
2012-06-30,2.5641332
2012-07-01,2.470123
2012-07-02,12.604568
2012-07-03,11.222915
2012-07-04,4.8063984
2012-07-05,1.6870564
2012-07-06,0.14038664
2012-07-07,0.15223369
2012-07-08,2.8705866
2012-07-09,1.0571896
2012-07-10,23.841003
2012-07-11,36.38076
2012-07-12,2.1930459
2012-07-13,0.0
2012-07-14,10.585475
2012-07-15,7.6294494
2012-07-16,3.1603317
2012-07-17,0.5946927
2012-07-18,4.1012344
2012-07-19,0.47991648
2012-07-20,0.13106717
2012-07-21,3.8282173
2012-07-22,5.0052657
2012-07-23,6.0940094
2012-07-24,1.4490715
2012-07-25,3.2245681
2012-07-26,3.774974
2012-07-27,5.0803623
2012-07-28,3.7260857
2012-07-29,4.182107
2012-07-30,0.15196632
2012-07-31,0.52930737
2012-08-01,1.6578307
2012-08-02,0.45939884
2012-08-03,1.1183013
2012-08-04,11.756
2012-08-05,4.89341
2012-08-06,0.4652791
2012-08-07,10.987369
2012-08-08,2.5307486
2012-08-09,7.41371
2012-08-10,1.4664731
2012-08-11,4.468596
2012-08-12,2.5566013
2012-08-13,0.4264647
2012-08-14,2.691324
2012-08-15,22.204466
2012-08-16,2.5483143
2012-08-17,10.398515
2012-08-18,10.397444
2012-08-19,2.7359312
2012-08-20,0.0
2012-08-21,0.0
2012-08-22,7.116895
2012-08-23,1.5666513
2012-08-24,1.4707159
2012-08-25,4.3055353
2012-08-26,39.30744
2012-08-27,0.47765255
2012-08-28,8.292069
2012-08-29,1.6515245
2012-08-30,14.301422
2012-08-31,20.198343
2012-09-01,12.276944
2012-09-02,4.0364947
2012-09-03,1.3637053
2012-09-04,21.08126
2012-09-05,12.854092
2012-09-06,1.1887492
2012-09-07,2.013035
2012-09-08,6.984718
2012-09-09,1.5618602
2012-09-10,4.2260203
2012-09-11,0.43493223
2012-09-12,0.8125469
2012-09-13,1.9539285
2012-09-14,10.221909
2012-09-15,2.241905
2012-09-16,4.283996
2012-09-17,0.0
2012-09-18,0.0
2012-09-19,0.0
2012-09-20,0.15210259
2012-09-21,11.824296
2012-09-22,0.16076775
2012-09-23,2.0848548
2012-09-24,0.0
2012-09-25,0.0
2012-09-26,0.0
2012-09-27,9.112375
2012-09-28,2.343786
2012-09-29,10.58364
2012-09-30,0.0
2012-10-01,1.028566
2012-10-02,26.156801
2012-10-03,0.0
2012-10-04,0.0
2012-10-05,0.0
2012-10-06,0.0
2012-10-07,3.2540836
2012-10-08,0.0
2012-10-09,0.2898012
2012-10-10,1.2087388
2012-10-11,3.7132823
2012-10-12,1.4948593
2012-10-13,11.982533
2012-10-14,5.8943343
2012-10-15,13.764899
2012-10-16,2.206398
2012-10-17,16.358046
2012-10-18,4.126182
2012-10-19,14.960551
2012-10-20,34.614132
2012-10-21,30.24959
2012-10-22,12.6644125
2012-10-23,1.5389413
2012-10-24,4.9101977
2012-10-25,1.7868198
2012-10-26,0.0
2012-10-27,0.0
2012-10-28,0.8453672
2012-10-29,3.9365318
2012-10-30,1.5339652
2012-10-31,28.724266
2012-11-01,34.88525
2012-11-02,4.1712074
2012-11-03,3.1757307
2012-11-04,2.0514529
2012-11-05,10.82391
2012-11-06,1.4224753
2012-11-07,1.0046138
2012-11-08,6.452824
2012-11-09,0.38992608
2012-11-10,0.9173608
2012-11-11,0.12933144
2012-11-12,2.5794415
2012-11-13,0.0
2012-11-14,2.3998442
2012-11-15,0.0
2012-11-16,0.0
2012-11-17,1.1834879
2012-11-18,0.0
2012-11-19,0.0
2012-11-20,0.0
2012-11-21,0.0
2012-11-22,26.359604
2012-11-23,64.84247
2012-11-24,3.55204
2012-11-25,4.6772294
2012-11-26,0.0
2012-11-27,0.0
2012-11-28,0.73464614
2012-11-29,0.0
2012-11-30,0.0
2012-12-01,0.0
2012-12-02,0.0
2012-12-03,8.356673
2012-12-04,49.234974
2012-12-05,32.900925
2012-12-06,8.983468
2012-12-07,0.0
2012-12-08,0.0
2012-12-09,0.0
2012-12-10,0.0
2012-12-11,0.0
2012-12-12,0.0
2012-12-13,0.0
2012-12-14,0.0
2012-12-15,0.0
2012-12-16,0.0
2012-12-17,0.0
2012-12-18,1.3713397
2012-12-19,0.24488203
2012-12-20,0.0
2012-12-21,0.0
2012-12-22,0.0
2012-12-23,0.0
2012-12-24,0.0
2012-12-25,0.0
2012-12-26,0.0
2012-12-27,0.6271795
2012-12-28,0.22579722
2012-12-29,2.3582757
2012-12-30,15.340747
2012-12-31,2.3617346
2013-01-01,0.0
2013-01-02,0.0
2013-01-03,0.0
2013-01-04,0.0
2013-01-05,0.0
2013-01-06,0.0
2013-01-07,0.0
2013-01-08,0.0
2013-01-09,0.0
2013-01-10,0.0
2013-01-11,0.0
2013-01-12,0.0
2013-01-13,0.0
2013-01-14,0.0
2013-01-15,0.0
2013-01-16,0.0
2013-01-17,0.0
2013-01-18,0.0
2013-01-19,0.0
2013-01-20,0.0
2013-01-21,0.0
2013-01-22,0.0
2013-01-23,0.0
2013-01-24,0.0
2013-01-25,0.0
2013-01-26,0.0
2013-01-27,0.0
2013-01-28,0.0
2013-01-29,0.0
2013-01-30,0.0
2013-01-31,0.0
2013-02-01,0.0
2013-02-02,0.0
2013-02-03,0.0
2013-02-04,0.0
2013-02-05,0.0
2013-02-06,0.0
2013-02-07,0.0
2013-02-08,0.0
2013-02-09,0.0
2013-02-10,0.0
2013-02-11,0.0
2013-02-12,0.0
2013-02-13,0.0
2013-02-14,0.0
2013-02-15,9.90521
2013-02-16,0.0
2013-02-17,0.0
2013-02-18,0.0
2013-02-19,0.0
2013-02-20,0.0
2013-02-21,0.0
2013-02-22,0.0
2013-02-23,0.0
2013-02-24,0.0
2013-02-25,0.0
2013-02-26,0.0
2013-02-27,0.0
2013-02-28,0.0
2013-03-01,0.0
2013-03-02,0.0
2013-03-03,0.0
2013-03-04,0.0
2013-03-05,0.0
2013-03-06,8.491911
2013-03-07,25.78849
2013-03-08,0.0
2013-03-09,0.0
2013-03-10,0.0
2013-03-11,0.0
2013-03-12,0.0
2013-03-13,0.0
2013-03-14,0.0
2013-03-15,0.0
2013-03-16,0.0
2013-03-17,0.0
2013-03-18,0.0
2013-03-19,0.0
2013-03-20,0.0
2013-03-21,0.0
2013-03-22,0.0
2013-03-23,0.0
2013-03-24,0.0
2013-03-25,0.0
2013-03-26,0.0
2013-03-27,0.0
2013-03-28,0.0
2013-03-29,0.0
2013-03-30,0.0
2013-03-31,0.0
2013-04-01,0.0
2013-04-02,0.0
2013-04-03,0.0
2013-04-04,0.0
2013-04-05,0.0
2013-04-06,0.0
2013-04-07,0.0
2013-04-08,0.0
2013-04-09,0.0
2013-04-10,0.0
2013-04-11,0.0
2013-04-12,0.0
2013-04-13,0.0
2013-04-14,0.0
2013-04-15,0.0
2013-04-16,0.0
2013-04-17,0.0
2013-04-18,0.0
2013-04-19,0.0
2013-04-20,0.0
2013-04-21,0.0
2013-04-22,0.0
2013-04-23,0.0
2013-04-24,0.0
2013-04-25,0.0
2013-04-26,0.0
2013-04-27,0.0
2013-04-28,0.0
2013-04-29,0.0
2013-04-30,0.0
2013-05-01,0.0
2013-05-02,0.0
2013-05-03,0.0
2013-05-04,0.0
2013-05-05,0.0
2013-05-06,0.0
2013-05-07,0.0
2013-05-08,0.0
2013-05-09,0.0
2013-05-10,0.0
2013-05-11,0.0
2013-05-12,0.0
2013-05-13,0.0
2013-05-14,0.0
2013-05-15,0.0
2013-05-16,0.0
2013-05-17,0.0
2013-05-18,0.0
2013-05-19,0.0
2013-05-20,0.0
2013-05-21,0.0
2013-05-22,0.0
2013-05-23,0.0
2013-05-24,0.0
2013-05-25,0.0
2013-05-26,0.0
2013-05-27,0.0
2013-05-28,0.0
2013-05-29,3.3830647
2013-05-30,0.0
2013-05-31,20.941399
2013-06-01,0.0
2013-06-02,0.0
2013-06-03,0.0
2013-06-04,6.908562
2013-06-05,0.34418306
2013-06-06,0.0
2013-06-07,10.484802
2013-06-08,1.3034687
2013-06-09,0.0
2013-06-10,0.0
2013-06-11,0.0
2013-06-12,0.0
2013-06-13,0.0
2013-06-14,0.0
2013-06-15,0.0
2013-06-16,2.5142221
2013-06-17,0.0
2013-06-18,0.0
2013-06-19,4.520978
2013-06-20,0.0
2013-06-21,4.596057
2013-06-22,1.4879996
2013-06-23,0.0
2013-06-24,0.0
2013-06-25,0.0
2013-06-26,0.0
2013-06-27,0.0
2013-06-28,5.6592193
2013-06-29,0.52846193
2013-06-30,0.0
2013-07-01,3.7638793
2013-07-02,0.0
2013-07-03,6.4850345
2013-07-04,0.0
2013-07-05,0.30755132
2013-07-06,0.0
2013-07-07,5.2162094
2013-07-08,0.0
2013-07-09,0.0
2013-07-10,0.0
2013-07-11,0.0
2013-07-12,0.0
2013-07-13,0.0
2013-07-14,0.0
2013-07-15,0.0
2013-07-16,0.0
2013-07-17,0.0
2013-07-18,0.57800525
2013-07-19,0.0
2013-07-20,0.0
2013-07-21,3.8887475
2013-07-22,0.0
2013-07-23,0.0
2013-07-24,0.0
2013-07-25,0.0
2013-07-26,0.0
2013-07-27,0.0
2013-07-28,0.0
2013-07-29,0.0
2013-07-30,0.0
2013-07-31,0.0
2013-08-01,0.0
2013-08-02,0.0
2013-08-03,0.0
2013-08-04,0.0
2013-08-05,0.0
2013-08-06,44.839645
2013-08-07,1.5377567
2013-08-08,0.0
2013-08-09,34.778637
2013-08-10,31.56755
2013-08-11,0.30755132
2013-08-12,1.0217407
2013-08-13,0.0
2013-08-14,25.680925
2013-08-15,5.5501246
2013-08-16,18.837584
2013-08-17,24.751265
2013-08-18,0.0
2013-08-19,0.0
2013-08-20,0.0
2013-08-21,1.1111356
2013-08-22,0.0
2013-08-23,0.0
2013-08-24,0.0
2013-08-25,2.1397338
2013-08-26,18.378815
2013-08-27,2.189491
2013-08-28,0.0
2013-08-29,18.800869
2013-08-30,0.0
2013-08-31,0.0
2013-09-01,0.0
2013-09-02,0.0
2013-09-03,0.0
2013-09-04,0.0
2013-09-05,0.0
2013-09-06,19.984362
2013-09-07,27.21837
2013-09-08,19.61678
2013-09-09,0.0
2013-09-10,14.157269
2013-09-11,0.0
2013-09-12,6.845931
2013-09-13,4.5865564
2013-09-14,0.0
2013-09-15,16.259865
2013-09-16,0.0
2013-09-17,0.0
2013-09-18,4.218001
2013-09-19,2.8412254
2013-09-20,0.0
2013-09-21,0.0
2013-09-22,0.0
2013-09-23,0.0
2013-09-24,0.0
2013-09-25,0.0
2013-09-26,0.0
2013-09-27,0.0
2013-09-28,0.0
2013-09-29,0.0
2013-09-30,0.0
2013-10-01,0.0
2013-10-02,0.0
2013-10-03,0.0
2013-10-04,0.0
2013-10-05,0.0
2013-10-06,0.0
2013-10-07,0.0
2013-10-08,1.9990836
2013-10-09,0.1845308
2013-10-10,44.840252
2013-10-11,0.15377566
2013-10-12,0.0
2013-10-13,0.0
2013-10-14,0.0
2013-10-15,21.70268
2013-10-16,1.0325491
2013-10-17,0.0
2013-10-18,0.0
2013-10-19,0.0
2013-10-20,44.26264
2013-10-21,14.203061
2013-10-22,0.0
2013-10-23,2.3450623
2013-10-24,0.0
2013-10-25,0.0
2013-10-26,0.0
2013-10-27,0.0
2013-10-28,0.0
2013-10-29,4.4083652
2013-10-30,0.0
2013-10-31,0.0
2013-11-01,0.0
2013-11-02,0.7280007
2013-11-03,22.44491
2013-11-04,10.162136
2013-11-05,64.8206
2013-11-06,27.522694
2013-11-07,8.482952
2013-11-08,0.34418306
2013-11-09,0.0
2013-11-10,0.0
2013-11-11,0.0
2013-11-12,0.0
2013-11-13,0.0
2013-11-14,0.0
2013-11-15,0.0
2013-11-16,42.54414
2013-11-17,58.778725
2013-11-18,1.8760499
2013-11-19,4.842632
2013-11-20,0.0
2013-11-21,0.0
2013-11-22,0.0
2013-11-23,0.0
2013-11-24,55.61976
2013-11-25,44.060028
2013-11-26,0.0
2013-11-27,0.0
2013-11-28,0.0
2013-11-29,0.0
2013-11-30,0.0
2013-12-01,11.067055
2013-12-02,5.547446
2013-12-03,68.45238
2013-12-04,0.37721193
2013-12-05,8.812342
2013-12-06,0.0
2013-12-07,0.0
2013-12-08,0.0
2013-12-09,0.0
2013-12-10,0.0
2013-12-11,0.0
2013-12-12,0.38712057
2013-12-13,21.609383
2013-12-14,0.0
2013-12-15,0.0
2013-12-16,0.0
2013-12-17,0.0
2013-12-18,0.0
2013-12-19,0.0
2013-12-20,0.0
2013-12-21,0.0
2013-12-22,0.0
2013-12-23,0.0
2013-12-24,0.0
2013-12-25,0.0
2013-12-26,0.0
2013-12-27,0.0
2013-12-28,0.0
2013-12-29,0.0
2013-12-30,0.0
2013-12-31,0.0
2014-01-01,0.0
2014-01-02,0.0
2014-01-03,0.0
2014-01-04,0.0
2014-01-05,0.0
2014-01-06,0.0
2014-01-07,0.0
2014-01-08,0.0
2014-01-09,0.0
2014-01-10,0.0
2014-01-11,0.0
2014-01-12,0.0
2014-01-13,0.0
2014-01-14,0.0
2014-01-15,0.0
2014-01-16,0.0
2014-01-17,0.0
2014-01-18,0.0
2014-01-19,0.0
2014-01-20,0.0
2014-01-21,4.6828895
2014-01-22,0.34418306
2014-01-23,0.0
2014-01-24,0.0
2014-01-25,0.0
2014-01-26,0.0
2014-01-27,0.0
2014-01-28,0.0
2014-01-29,0.0
2014-01-30,0.0
2014-01-31,0.0
2014-02-01,0.0
2014-02-02,0.0
2014-02-03,0.0
2014-02-04,0.0
2014-02-05,0.0
2014-02-06,0.0
2014-02-07,0.0
2014-02-08,0.0
2014-02-09,0.0
2014-02-10,0.0
2014-02-11,0.0
2014-02-12,0.0
2014-02-13,0.0
2014-02-14,0.0
2014-02-15,0.0
2014-02-16,0.0
2014-02-17,0.0
2014-02-18,0.0
2014-02-19,0.0
2014-02-20,0.0
2014-02-21,0.0
2014-02-22,0.0
2014-02-23,0.0
2014-02-24,10.590226
2014-02-25,7.81555
2014-02-26,0.0
2014-02-27,0.0
2014-02-28,0.0
2014-03-01,0.0
2014-03-02,0.0
2014-03-03,0.0
2014-03-04,0.0
2014-03-05,0.0
2014-03-06,0.0
2014-03-07,0.0
2014-03-08,0.0
2014-03-09,0.0
2014-03-10,0.0
2014-03-11,0.0
2014-03-12,0.0
2014-03-13,0.0
2014-03-14,0.0
2014-03-15,0.0
2014-03-16,0.0
2014-03-17,0.0
2014-03-18,0.0
2014-03-19,0.0
2014-03-20,0.0
2014-03-21,0.0
2014-03-22,0.0
2014-03-23,0.0
2014-03-24,0.0
2014-03-25,0.0
2014-03-26,0.0
2014-03-27,0.0
2014-03-28,0.0
2014-03-29,0.0
2014-03-30,0.0
2014-03-31,0.0
2014-04-01,0.0
2014-04-02,0.0
2014-04-03,0.0
2014-04-04,0.0
2014-04-05,0.0
2014-04-06,0.0
2014-04-07,0.0
2014-04-08,0.0
2014-04-09,0.0
2014-04-10,0.0
2014-04-11,0.0
2014-04-12,0.0
2014-04-13,0.0
2014-04-14,0.0
2014-04-15,0.0
2014-04-16,0.0
2014-04-17,0.0
2014-04-18,0.0
2014-04-19,0.0
2014-04-20,0.0
2014-04-21,0.0
2014-04-22,0.0
2014-04-23,0.0
2014-04-24,0.0
2014-04-25,0.0
2014-04-26,0.0
2014-04-27,0.0
2014-04-28,0.0
2014-04-29,0.0
2014-04-30,0.0
2014-05-01,0.0
2014-05-02,0.0
2014-05-03,0.0
2014-05-04,0.0
2014-05-05,33.464355
2014-05-06,17.02425
2014-05-07,77.314766
2014-05-08,57.577534
2014-05-09,0.96838063
2014-05-10,0.0
2014-05-11,0.0
2014-05-12,0.0
2014-05-13,0.0
2014-05-14,0.0
2014-05-15,7.5041995
2014-05-16,0.0
2014-05-17,0.0
2014-05-18,0.0
2014-05-19,0.0
2014-05-20,0.0
2014-05-21,0.0
2014-05-22,0.0
2014-05-23,0.0
2014-05-24,0.0
2014-05-25,0.0
2014-05-26,0.0
2014-05-27,27.91607
2014-05-28,0.0
2014-05-29,5.617739
2014-05-30,0.0
2014-05-31,0.0
2014-06-01,0.0
2014-06-02,0.0
2014-06-03,19.660664
2014-06-04,0.0
2014-06-05,0.0
2014-06-06,0.0
2014-06-07,0.0
2014-06-08,0.0
2014-06-09,0.0
2014-06-10,0.0
2014-06-11,0.0
2014-06-12,0.0
2014-06-13,0.0
2014-06-14,0.0
2014-06-15,0.0
2014-06-16,0.0
2014-06-17,0.0
2014-06-18,0.0
2014-06-19,0.0
2014-06-20,0.0
2014-06-21,8.911236
2014-06-22,0.0
2014-06-23,0.0
2014-06-24,0.0
2014-06-25,0.0
2014-06-26,0.0
2014-06-27,0.0
2014-06-28,0.0
2014-06-29,0.0
2014-06-30,24.796776
2014-07-01,0.0
2014-07-02,0.0
2014-07-03,0.0
2014-07-04,0.0
2014-07-05,0.0
2014-07-06,0.0
2014-07-07,14.7540245
2014-07-08,12.055088
2014-07-09,0.0
2014-07-10,0.0
2014-07-11,0.0
2014-07-12,0.0
2014-07-13,0.0
2014-07-14,0.0
2014-07-15,0.0
2014-07-16,4.3215265
2014-07-17,0.0
2014-07-18,0.0
2014-07-19,0.0
2014-07-20,0.0
2014-07-21,0.0
2014-07-22,0.0
2014-07-23,0.0
2014-07-24,0.0
2014-07-25,0.0
2014-07-26,0.0
2014-07-27,1.506124
2014-07-28,10.74765
2014-07-29,0.0
2014-07-30,0.0
2014-07-31,0.0
2014-08-01,0.0
2014-08-02,0.0
2014-08-03,0.0
2014-08-04,0.26423097
2014-08-05,0.0
2014-08-06,0.0
2014-08-07,0.0
2014-08-08,0.0
2014-08-09,5.5828323
2014-08-10,22.04043
2014-08-11,0.0
2014-08-12,17.602573
2014-08-13,26.81958
2014-08-14,1.8760499
2014-08-15,10.617513
2014-08-16,29.192131
2014-08-17,25.503521
2014-08-18,7.2468553
2014-08-19,0.0
2014-08-20,0.0
2014-08-21,0.76887834
2014-08-22,0.0
2014-08-23,3.596965
2014-08-24,19.143133
2014-08-25,0.0
2014-08-26,0.0
2014-08-27,0.0
2014-08-28,0.0
2014-08-29,0.46132702
2014-08-30,0.0
2014-08-31,0.0
2014-09-01,0.0
2014-09-02,0.0
2014-09-03,0.0
2014-09-04,0.0
2014-09-05,0.0
2014-09-06,4.487946
2014-09-07,0.0
2014-09-08,0.0
2014-09-09,0.0
2014-09-10,5.4007354
2014-09-11,0.0
2014-09-12,0.0
2014-09-13,0.6883661
2014-09-14,0.0
2014-09-15,0.0
2014-09-16,14.466573
2014-09-17,0.0
2014-09-18,13.445391
2014-09-19,0.0
2014-09-20,2.8140748
2014-09-21,13.63439
2014-09-22,1.0764297
2014-09-23,0.0
2014-09-24,0.0
2014-09-25,0.0
2014-09-26,0.0
2014-09-27,0.0
2014-09-28,8.771486
2014-09-29,3.2161503
2014-09-30,0.0
2014-10-01,0.0
2014-10-02,0.34418306
2014-10-03,0.0
2014-10-04,0.0
2014-10-05,0.0
2014-10-06,0.0
2014-10-07,3.2754018
2014-10-08,0.0
2014-10-09,0.0
2014-10-10,0.0
2014-10-11,3.5930805
2014-10-12,0.0
2014-10-13,7.1290593
2014-10-14,0.0
2014-10-15,0.8485785
2014-10-16,24.354631
2014-10-17,26.665594
2014-10-18,100.926636
2014-10-19,62.307724
2014-10-20,70.65388
2014-10-21,55.677223
2014-10-22,17.415644
2014-10-23,19.042004
2014-10-24,34.83033
2014-10-25,22.205061
2014-10-26,6.4925995
2014-10-27,1.5258625
2014-10-28,2.908599
2014-10-29,0.7471352
2014-10-30,0.0
2014-10-31,0.0
2014-11-01,0.2741396
2014-11-02,40.1623
2014-11-03,14.986056
2014-11-04,3.993145
2014-11-05,0.0
2014-11-06,0.0
2014-11-07,0.0
2014-11-08,0.0
2014-11-09,0.0
2014-11-10,3.7520998
2014-11-11,0.0
2014-11-12,1.2709786
2014-11-13,35.005596
2014-11-14,82.74676
2014-11-15,14.530145
2014-11-16,4.7571125
2014-11-17,0.13211548
2014-11-18,0.0
2014-11-19,28.203321
2014-11-20,0.0
2014-11-21,0.0
2014-11-22,1.1316358
2014-11-23,2.8999448
2014-11-24,0.0
2014-11-25,0.0
2014-11-26,0.0
2014-11-27,0.0
2014-11-28,0.0
2014-11-29,33.260185
2014-11-30,39.360764
2014-12-01,8.027732
2014-12-02,0.0
2014-12-03,0.0
2014-12-04,0.0
2014-12-05,0.0
2014-12-06,0.0
2014-12-07,0.0
2014-12-08,0.0
2014-12-09,0.0
2014-12-10,0.0
2014-12-11,0.0
2014-12-12,12.188126
2014-12-13,9.043588
2014-12-14,15.401101
2014-12-15,0.0
2014-12-16,9.052518
2014-12-17,76.294556
2014-12-18,47.511948
2014-12-19,3.0854442
2014-12-20,0.0
2014-12-21,0.0
2014-12-22,0.0
2014-12-23,0.0
2014-12-24,0.13872124
2014-12-25,0.0
2014-12-26,0.0
2014-12-27,0.0
2014-12-28,0.13211548
2014-12-29,24.082338
2014-12-30,16.191607
2014-12-31,0.0
2015-01-01,0.0
2015-01-02,4.997389
2015-01-03,0.0
2015-01-04,0.0
2015-01-05,0.0
2015-01-06,0.0
2015-01-07,0.0
2015-01-08,0.0
2015-01-09,0.0
2015-01-10,0.0
2015-01-11,0.0
2015-01-12,0.0
2015-01-13,0.0
2015-01-14,0.0
2015-01-15,0.0
2015-01-16,0.0
2015-01-17,0.0
2015-01-18,0.0
2015-01-19,0.0
2015-01-20,0.0
2015-01-21,0.0
2015-01-22,0.0
2015-01-23,6.9982734
2015-01-24,3.3849108
2015-01-25,0.0
2015-01-26,0.0
2015-01-27,0.0
2015-01-28,0.0
2015-01-29,0.0
2015-01-30,0.0
2015-01-31,0.0
2015-02-01,0.0
2015-02-02,0.0
2015-02-03,0.0
2015-02-04,0.0
2015-02-05,0.0
2015-02-06,0.0
2015-02-07,0.0
2015-02-08,0.0
2015-02-09,0.0
2015-02-10,0.0
2015-02-11,0.0
2015-02-12,0.0
2015-02-13,0.0
2015-02-14,0.0
2015-02-15,0.0
2015-02-16,0.0
2015-02-17,0.0
2015-02-18,0.0
2015-02-19,0.0
2015-02-20,0.0
2015-02-21,0.0
2015-02-22,0.0
2015-02-23,0.0
2015-02-24,0.0
2015-02-25,0.0
2015-02-26,0.0
2015-02-27,0.0
2015-02-28,0.0
2015-03-01,0.0
2015-03-02,1.5144054
2015-03-03,0.0
2015-03-04,0.0
2015-03-05,0.0
2015-03-06,0.0
2015-03-07,0.0
2015-03-08,0.0
2015-03-09,0.0
2015-03-10,0.0
2015-03-11,0.0
2015-03-12,0.0
2015-03-13,0.0
2015-03-14,0.0
2015-03-15,0.0
2015-03-16,0.0
2015-03-17,0.0
2015-03-18,0.0
2015-03-19,0.0
2015-03-20,0.0
2015-03-21,0.0
2015-03-22,0.0
2015-03-23,0.0
2015-03-24,0.0
2015-03-25,0.0
2015-03-26,0.0
2015-03-27,0.0
2015-03-28,0.0
2015-03-29,0.0
2015-03-30,0.0
2015-03-31,0.0
2015-04-01,0.0
2015-04-02,0.0
2015-04-03,0.0
2015-04-04,0.0
2015-04-05,0.0
2015-04-06,0.0
2015-04-07,0.0
2015-04-08,0.0
2015-04-09,0.0
2015-04-10,0.0
2015-04-11,0.0
2015-04-12,0.0
2015-04-13,0.0
2015-04-14,0.0
2015-04-15,1.3767322
2015-04-16,0.6883661
2015-04-17,1.3839811
2015-04-18,11.075596
2015-04-19,0.0
2015-04-20,0.0
2015-04-21,0.0
2015-04-22,0.0
2015-04-23,0.0
2015-04-24,0.0
2015-04-25,25.601505
2015-04-26,0.0
2015-04-27,2.5571804
2015-04-28,1.0661381
2015-04-29,0.0
2015-04-30,0.0
2015-05-01,0.0
2015-05-02,0.0
2015-05-03,0.0
2015-05-04,0.0
2015-05-05,0.8457662
2015-05-06,0.79963344
2015-05-07,0.0
2015-05-08,2.521921
2015-05-09,0.0
2015-05-10,0.0
2015-05-11,0.0
2015-05-12,0.0
2015-05-13,6.501605
2015-05-14,15.039725
2015-05-15,8.50421
2015-05-16,23.44612
2015-05-17,15.8574915
2015-05-18,0.0
2015-05-19,0.0
2015-05-20,0.0
2015-05-21,0.0
2015-05-22,0.0
2015-05-23,0.0
2015-05-24,0.0
2015-05-25,0.0
2015-05-26,0.0
2015-05-27,0.0
2015-05-28,31.811071
2015-05-29,0.0
2015-05-30,0.0
2015-05-31,0.0
2015-06-01,0.0
2015-06-02,0.0
2015-06-03,0.0
2015-06-04,0.0
2015-06-05,0.0
2015-06-06,7.58572
2015-06-07,0.0
2015-06-08,0.0
2015-06-09,0.0
2015-06-10,1.4650103
2015-06-11,3.688488
2015-06-12,0.0
2015-06-13,0.0
2015-06-14,0.0
2015-06-15,4.2211123
2015-06-16,0.0
2015-06-17,29.657707
2015-06-18,0.0
2015-06-19,19.776085
2015-06-20,0.0
2015-06-21,0.0
2015-06-22,0.0
2015-06-23,0.0
2015-06-24,0.26423097
2015-06-25,0.0
2015-06-26,0.0
2015-06-27,0.0
2015-06-28,15.855508
2015-06-29,0.0
2015-06-30,0.0
2015-07-01,0.0
2015-07-02,0.0
2015-07-03,0.0
2015-07-04,3.3102753
2015-07-05,0.0
2015-07-06,0.0
2015-07-07,0.0
2015-07-08,0.0
2015-07-09,0.9534091
2015-07-10,0.0
2015-07-11,0.0
2015-07-12,0.0
2015-07-13,0.0
2015-07-14,3.3776114
2015-07-15,0.2510194
2015-07-16,0.0
2015-07-17,6.139063
2015-07-18,0.0
2015-07-19,0.0
2015-07-20,0.0
2015-07-21,1.7512203
2015-07-22,6.7445145
2015-07-23,0.0
2015-07-24,16.941591
2015-07-25,0.0
2015-07-26,9.849261
2015-07-27,10.853755
2015-07-28,17.61594
2015-07-29,8.079966
2015-07-30,0.0
2015-07-31,0.0
2015-08-01,2.3314173
2015-08-02,42.41766
2015-08-03,0.0
2015-08-04,0.0
2015-08-05,0.0
2015-08-06,0.0
2015-08-07,0.87264496
2015-08-08,0.0
2015-08-09,0.0
2015-08-10,0.0
2015-08-11,0.0
2015-08-12,0.0
2015-08-13,0.0
2015-08-14,0.0
2015-08-15,5.6215415
2015-08-16,3.7290432
2015-08-17,0.0
2015-08-18,0.0
2015-08-19,0.0
2015-08-20,0.0
2015-08-21,0.0
2015-08-22,0.0
2015-08-23,52.5168
2015-08-24,0.6883661
2015-08-25,0.0
2015-08-26,0.0
2015-08-27,0.0
2015-08-28,18.139635
2015-08-29,0.0
2015-08-30,0.0
2015-08-31,2.2261229
2015-09-01,0.0
2015-09-02,1.8019875
2015-09-03,0.0
2015-09-04,0.0
2015-09-05,0.0
2015-09-06,0.0
2015-09-07,0.0
2015-09-08,0.0
2015-09-09,0.0
2015-09-10,0.4293753
2015-09-11,0.0
2015-09-12,0.0
2015-09-13,0.49543303
2015-09-14,0.0
2015-09-15,0.0
2015-09-16,0.0
2015-09-17,0.0
2015-09-18,0.0
2015-09-19,0.0
2015-09-20,0.0
2015-09-21,8.563519
2015-09-22,0.0
2015-09-23,0.0
2015-09-24,0.0
2015-09-25,0.0
2015-09-26,0.0
2015-09-27,0.0
2015-09-28,0.0
2015-09-29,0.0
2015-09-30,0.0
2015-10-01,5.9832273
2015-10-02,3.5493617
2015-10-03,1.4070374
2015-10-04,7.973212
2015-10-05,2.3373902
2015-10-06,17.539436
2015-10-07,2.0057855
2015-10-08,0.0
2015-10-09,0.0
2015-10-10,0.0
2015-10-11,0.0
2015-10-12,25.546026
2015-10-13,2.19762
2015-10-14,0.0
2015-10-15,0.0
2015-10-16,0.0
2015-10-17,0.0
2015-10-18,9.905034
2015-10-19,25.886862
2015-10-20,0.0
2015-10-21,0.30755132
2015-10-22,0.0
2015-10-23,0.0
2015-10-24,0.0
2015-10-25,0.0
2015-10-26,0.0
2015-10-27,0.11229816
2015-10-28,3.2822082
2015-10-29,2.847101
2015-10-30,8.948882
2015-10-31,16.018614
2015-11-01,2.5341911
2015-11-02,5.6887684
2015-11-03,4.598216
2015-11-04,0.42276952
2015-11-05,14.319723
2015-11-06,0.2312021
2015-11-07,44.48515
2015-11-08,15.044341
2015-11-09,124.07327
2015-11-10,327.30197
2015-11-11,0.0
2015-11-12,0.0
2015-11-13,0.0
2015-11-14,19.412443
2015-11-15,81.13026
2015-11-16,76.12139
2015-11-17,8.805463
2015-11-18,0.0
2015-11-19,3.4152026
2015-11-20,19.335857
2015-11-21,31.514593
2015-11-22,24.464289
2015-11-23,101.426414
2015-11-24,22.535418
2015-11-25,0.20662186
2015-11-26,0.0
2015-11-27,4.9233675
2015-11-28,0.0
2015-11-29,3.587294
2015-11-30,38.42351
2015-12-01,116.58899
2015-12-02,48.09516
2015-12-03,60.18608
2015-12-04,46.811424
2015-12-05,53.927216
2015-12-06,92.396866
2015-12-07,19.97649
2015-12-08,12.778599
2015-12-09,14.804464
2015-12-10,13.866574
2015-12-11,0.36331758
2015-12-12,4.97292
2015-12-13,0.0
2015-12-14,0.0
2015-12-15,0.0
2015-12-16,0.0
2015-12-17,0.0
2015-12-18,0.0
2015-12-19,0.0
2015-12-20,0.0
2015-12-21,0.0
2015-12-22,0.0
2015-12-23,0.0
2015-12-24,0.0
2015-12-25,0.0
2015-12-26,0.0
2015-12-27,0.0
2015-12-28,0.0
2015-12-29,0.0
2015-12-30,0.0
2015-12-31,0.0
2016-01-01,0.0
2016-01-02,0.0
2016-01-03,0.0
2016-01-04,0.0
2016-01-05,0.0
2016-01-06,0.0
2016-01-07,0.0
2016-01-08,0.0
2016-01-09,0.0
2016-01-10,0.0
2016-01-11,0.0
2016-01-12,0.0
2016-01-13,0.0
2016-01-14,0.0
2016-01-15,0.0
2016-01-16,0.0
2016-01-17,0.0
2016-01-18,0.0
2016-01-19,0.0
2016-01-20,0.0
2016-01-21,0.0
2016-01-22,0.0
2016-01-23,0.0
2016-01-24,2.8140748
2016-01-25,0.0
2016-01-26,0.0
2016-01-27,0.0
2016-01-28,0.0
2016-01-29,0.0
2016-01-30,0.0
2016-01-31,0.0
2016-02-01,0.0
2016-02-02,0.0
2016-02-03,0.0
2016-02-04,0.0
2016-02-05,0.0
2016-02-06,0.0
2016-02-07,0.0
2016-02-08,0.0
2016-02-09,0.0
2016-02-10,0.0
2016-02-11,0.0
2016-02-12,0.0
2016-02-13,0.0
2016-02-14,0.0
2016-02-15,0.0
2016-02-16,0.0
2016-02-17,0.0
2016-02-18,0.0
2016-02-19,0.0
2016-02-20,0.0
2016-02-21,0.0
2016-02-22,0.0
2016-02-23,0.0
2016-02-24,0.0
2016-02-25,0.0
2016-02-26,0.0
2016-02-27,0.0
2016-02-28,0.0
2016-02-29,0.0
2016-03-01,0.0
2016-03-02,0.0
2016-03-03,0.0
2016-03-04,0.0
2016-03-05,0.0
2016-03-06,0.0
2016-03-07,0.0
2016-03-08,0.0
2016-03-09,0.0
2016-03-10,0.0
2016-03-11,0.0
2016-03-12,0.0
2016-03-13,0.0
2016-03-14,0.0
2016-03-15,0.0
2016-03-16,0.0
2016-03-17,0.0
2016-03-18,0.0
2016-03-19,0.0
2016-03-20,0.0
2016-03-21,0.0
2016-03-22,0.0
2016-03-23,0.0
2016-03-24,0.0
2016-03-25,0.0
2016-03-26,0.0
2016-03-27,0.0
2016-03-28,0.0
2016-03-29,0.0
2016-03-30,2.1105561
2016-03-31,0.0
2016-04-01,0.0
2016-04-02,0.0
2016-04-03,0.0
2016-04-04,0.0
2016-04-05,0.0
2016-04-06,0.0
2016-04-07,0.0
2016-04-08,0.0
2016-04-09,0.0
2016-04-10,0.0
2016-04-11,0.0
2016-04-12,0.0
2016-04-13,0.0
2016-04-14,0.0
2016-04-15,0.0
2016-04-16,0.0
2016-04-17,0.0
2016-04-18,0.0
2016-04-19,0.0
2016-04-20,0.0
2016-04-21,0.0
2016-04-22,0.0
2016-04-23,0.0
2016-04-24,0.0
2016-04-25,0.0
2016-04-26,0.0
2016-04-27,0.0
2016-04-28,0.0
2016-04-29,0.0
2016-04-30,0.0
2016-05-01,0.0
2016-05-02,0.0
2016-05-03,0.0
2016-05-04,0.0
2016-05-05,0.0
2016-05-06,0.0
2016-05-07,0.0
2016-05-08,0.0
2016-05-09,0.0
2016-05-10,0.0
2016-05-11,0.0
2016-05-12,0.0
2016-05-13,0.0
2016-05-14,0.0
2016-05-15,0.0
2016-05-16,0.65173435
2016-05-17,51.033463
2016-05-18,11.399315
2016-05-19,4.715054
2016-05-20,17.428179
2016-05-21,0.0
2016-05-22,0.0
2016-05-23,0.0
2016-05-24,0.0
2016-05-25,0.0
2016-05-26,0.0
2016-05-27,0.0
2016-05-28,0.0
2016-05-29,0.0
2016-05-30,0.0
2016-05-31,0.0
2016-06-01,0.0
2016-06-02,0.0
2016-06-03,0.0
2016-06-04,0.0
2016-06-05,18.04023
2016-06-06,4.487379
2016-06-07,0.0
2016-06-08,0.0
2016-06-09,0.0
2016-06-10,0.0
2016-06-11,0.0
2016-06-12,0.0
2016-06-13,0.0
2016-06-14,0.0
2016-06-15,0.0
2016-06-16,0.0
2016-06-17,0.0
2016-06-18,0.0
2016-06-19,22.984587
2016-06-20,0.0
2016-06-21,8.065524
2016-06-22,36.93456
2016-06-23,5.9979835
2016-06-24,0.0
2016-06-25,0.0
2016-06-26,0.0
2016-06-27,0.0
2016-06-28,0.0
2016-06-29,0.0
2016-06-30,2.8140748
2016-07-01,0.0
2016-07-02,0.0
2016-07-03,0.0
2016-07-04,0.0
2016-07-05,0.0
2016-07-06,0.0
2016-07-07,0.0
2016-07-08,0.0
2016-07-09,10.277129
2016-07-10,0.0
2016-07-11,0.0
2016-07-12,0.0
2016-07-13,0.0
2016-07-14,0.0
2016-07-15,0.0
2016-07-16,0.34418306
2016-07-17,0.0
2016-07-18,0.0
2016-07-19,0.0
2016-07-20,5.3805566
2016-07-21,6.5361085
2016-07-22,0.0
2016-07-23,1.5429472
2016-07-24,0.0
2016-07-25,4.1826982
2016-07-26,1.5992669
2016-07-27,0.0
2016-07-28,0.0
2016-07-29,1.6915324
2016-07-30,0.34418306
2016-07-31,0.0
2016-08-01,0.0
2016-08-02,0.0
2016-08-03,0.0
2016-08-04,0.0
2016-08-05,0.0
2016-08-06,0.0
2016-08-07,0.0
2016-08-08,0.4293753
2016-08-09,3.347984
2016-08-10,0.0
2016-08-11,3.1348825
2016-08-12,0.0
2016-08-13,2.3780785
2016-08-14,10.803844
2016-08-15,0.0
2016-08-16,0.0
2016-08-17,0.0
2016-08-18,0.0
2016-08-19,0.0
2016-08-20,0.0
2016-08-21,6.1457443
2016-08-22,0.0
2016-08-23,22.982862
2016-08-24,0.39634642
2016-08-25,1.9650704
2016-08-26,2.1539364
2016-08-27,19.581957
2016-08-28,0.0
2016-08-29,11.9977665
2016-08-30,26.62836
2016-08-31,0.34418306
2016-09-01,17.729416
2016-09-02,9.38832
2016-09-03,0.7186161
2016-09-04,0.0
2016-09-05,1.4089371
2016-09-06,0.0
2016-09-07,9.16073
2016-09-08,0.0
2016-09-09,0.0
2016-09-10,0.0
2016-09-11,0.0
2016-09-12,0.0
2016-09-13,5.034535
2016-09-14,1.5488236
2016-09-15,0.0
2016-09-16,1.3129698
2016-09-17,0.8917794
2016-09-18,0.0
2016-09-19,0.0
2016-09-20,0.0
2016-09-21,0.0
2016-09-22,3.549703
2016-09-23,0.0
2016-09-24,0.0
2016-09-25,0.0
2016-09-26,0.0
2016-09-27,0.0
2016-09-28,0.5162746
2016-09-29,0.0
2016-09-30,24.211126
2016-10-01,0.0
2016-10-02,0.0
2016-10-03,0.0
2016-10-04,0.0
2016-10-05,1.1130614
2016-10-06,15.008399
2016-10-07,2.3450623
2016-10-08,0.0
2016-10-09,0.0
2016-10-10,0.0
2016-10-11,0.0
2016-10-12,13.042465
2016-10-13,3.2842364
2016-10-14,0.0
2016-10-15,0.0
2016-10-16,0.0
2016-10-17,0.0
2016-10-18,0.0
2016-10-19,0.0
2016-10-20,0.0
2016-10-21,0.0
2016-10-22,0.0
2016-10-23,0.0
2016-10-24,0.0
2016-10-25,0.0
2016-10-26,0.0
2016-10-27,0.0
2016-10-28,0.0
2016-10-29,0.0
2016-10-30,17.33288
2016-10-31,4.6652646
2016-11-01,20.513088
2016-11-02,1.5565896
2016-11-03,9.554004
2016-11-04,0.0
2016-11-05,0.0
2016-11-06,0.0
2016-11-07,0.0
2016-11-08,0.15377566
2016-11-09,0.0
2016-11-10,0.0
2016-11-11,0.0
2016-11-12,0.0
2016-11-13,9.163382
2016-11-14,1.329809
2016-11-15,1.9669563
2016-11-16,0.608414
2016-11-17,0.15377566
2016-11-18,0.6605774
2016-11-19,0.0
2016-11-20,0.0
2016-11-21,0.0
2016-11-22,0.0
2016-11-23,0.0
2016-11-24,0.0
2016-11-25,0.0
2016-11-26,0.0
2016-11-27,0.0
2016-11-28,0.0
2016-11-29,0.0
2016-11-30,0.0
2016-12-01,4.323402
2016-12-02,18.681812
2016-12-03,0.0
2016-12-04,0.0
2016-12-05,3.631863
2016-12-06,0.0
2016-12-07,0.0
2016-12-08,1.399352
2016-12-09,0.0
2016-12-10,0.0
2016-12-11,0.0
2016-12-12,0.0
2016-12-13,6.115705
2016-12-14,2.3450623
2016-12-15,0.0
2016-12-16,0.0
2016-12-17,5.3590517
2016-12-18,0.0
2016-12-19,0.0
2016-12-20,0.0
2016-12-21,0.0
2016-12-22,0.0
2016-12-23,0.0
2016-12-24,0.0
2016-12-25,0.0
2016-12-26,0.0
2016-12-27,0.0
2016-12-28,0.6442218
2016-12-29,0.0
2016-12-30,0.0
2016-12-31,0.0
2017-01-01,0.0
2017-01-02,0.0
2017-01-03,0.0
2017-01-04,0.0
2017-01-05,0.0
2017-01-06,0.0
2017-01-07,0.0
2017-01-08,0.0
2017-01-09,0.0
2017-01-10,0.0
2017-01-11,0.0
2017-01-12,0.0
2017-01-13,0.0
2017-01-14,0.0
2017-01-15,0.0
2017-01-16,0.0
2017-01-17,0.0
2017-01-18,0.0
2017-01-19,0.0
2017-01-20,0.0
2017-01-21,43.532837
2017-01-22,0.3302887
2017-01-23,0.0
2017-01-24,0.0
2017-01-25,0.0
2017-01-26,0.61397177
2017-01-27,74.13712
2017-01-28,22.725004
2017-01-29,0.4029522
2017-01-30,0.0
2017-01-31,0.0
2017-02-01,0.0
2017-02-02,0.0
2017-02-03,0.0
2017-02-04,0.0
2017-02-05,0.0
2017-02-06,0.0
2017-02-07,0.0
2017-02-08,0.0
2017-02-09,0.0
2017-02-10,0.0
2017-02-11,0.0
2017-02-12,0.0
2017-02-13,0.0
2017-02-14,0.4130197
2017-02-15,0.0
2017-02-16,0.0
2017-02-17,0.0
2017-02-18,0.0
2017-02-19,0.0
2017-02-20,0.0
2017-02-21,0.0
2017-02-22,0.0
2017-02-23,0.0
2017-02-24,0.0
2017-02-25,0.0
2017-02-26,0.0
2017-02-27,0.0
2017-02-28,0.0
2017-03-01,0.0
2017-03-02,0.0
2017-03-03,0.0
2017-03-04,0.0
2017-03-05,0.0
2017-03-06,0.0
2017-03-07,0.0
2017-03-08,0.0
2017-03-09,0.0
2017-03-10,0.0
2017-03-11,0.0
2017-03-12,0.0
2017-03-13,4.7670455
2017-03-14,0.0
2017-03-15,8.948759
2017-03-16,0.0
2017-03-17,0.0
2017-03-18,0.0
2017-03-19,0.0
2017-03-20,0.0
2017-03-21,0.0
2017-03-22,0.0
2017-03-23,0.0
2017-03-24,0.0
2017-03-25,0.0
2017-03-26,0.0
2017-03-27,0.0
2017-03-28,0.0
2017-03-29,0.0
2017-03-30,0.0
2017-03-31,0.0
2017-04-01,0.0
2017-04-02,0.0
2017-04-03,0.0
2017-04-04,0.0
2017-04-05,0.0
2017-04-06,0.0
2017-04-07,0.0
2017-04-08,0.0
2017-04-09,0.0
2017-04-10,0.0
2017-04-11,0.0
2017-04-12,0.0
2017-04-13,0.0
2017-04-14,0.0
2017-04-15,0.0
2017-04-16,0.0
2017-04-17,0.0
2017-04-18,0.0
2017-04-19,0.0
2017-04-20,0.0
2017-04-21,0.0
2017-04-22,0.0
2017-04-23,0.0
2017-04-24,0.0
2017-04-25,0.0
2017-04-26,0.0
2017-04-27,0.0
2017-04-28,0.0
2017-04-29,0.0
2017-04-30,0.0
2017-05-01,0.0
2017-05-02,0.0
2017-05-03,0.0
2017-05-04,0.0
2017-05-05,0.0
2017-05-06,0.0
2017-05-07,0.0
2017-05-08,0.0
2017-05-09,0.0
2017-05-10,0.0
2017-05-11,0.0
2017-05-12,0.0
2017-05-13,0.0
2017-05-14,0.0
2017-05-15,0.0
2017-05-16,0.0
2017-05-17,0.0
2017-05-18,0.0
2017-05-19,0.0
2017-05-20,0.0
2017-05-21,0.0
2017-05-22,0.0
2017-05-23,0.0
2017-05-24,0.0
2017-05-25,0.0
2017-05-26,0.0
2017-05-27,0.0
2017-05-28,0.0
2017-05-29,0.0
2017-05-30,0.0
2017-05-31,0.0
2017-06-01,0.0
2017-06-02,0.0
2017-06-03,0.0
2017-06-04,0.0
2017-06-05,0.0
2017-06-06,1.4942704
2017-06-07,11.931139
2017-06-08,0.0
2017-06-09,0.0
2017-06-10,0.0
2017-06-11,0.0
2017-06-12,0.0
2017-06-13,0.0
2017-06-14,0.0
2017-06-15,21.71688
2017-06-16,11.000541
2017-06-17,19.309553
2017-06-18,0.0
2017-06-19,0.0
2017-06-20,7.085228
2017-06-21,16.570139
2017-06-22,0.0
2017-06-23,0.0
2017-06-24,3.584539
2017-06-25,0.0
2017-06-26,0.0
2017-06-27,0.0
2017-06-28,0.0
2017-06-29,0.0
2017-06-30,0.0
2017-07-01,0.4130197
2017-07-02,2.5081093
2017-07-03,0.0
2017-07-04,0.63341856
2017-07-05,10.061354
2017-07-06,0.0
2017-07-07,2.6158988
2017-07-08,0.0
2017-07-09,0.0
2017-07-10,0.0
2017-07-11,4.0869246
2017-07-12,20.38801
2017-07-13,0.0
2017-07-14,0.0
2017-07-15,0.0
2017-07-16,2.6846278
2017-07-17,0.0
2017-07-18,0.0
2017-07-19,0.0
2017-07-20,0.0
2017-07-21,0.0
2017-07-22,0.0
2017-07-23,0.0
2017-07-24,0.0
2017-07-25,0.0
2017-07-26,0.0
2017-07-27,0.0
2017-07-28,15.193694
2017-07-29,13.8639
2017-07-30,0.0
2017-07-31,0.0
2017-08-01,0.0
2017-08-02,1.3674597
2017-08-03,11.256299
2017-08-04,0.0
2017-08-05,0.0
2017-08-06,0.0
2017-08-07,1.4070374
2017-08-08,1.3541837
2017-08-09,29.143389
2017-08-10,13.734207
2017-08-11,3.5598967
2017-08-12,4.408594
2017-08-13,27.72856
2017-08-14,0.0
2017-08-15,12.9634285
2017-08-16,0.0
2017-08-17,9.688254
2017-08-18,0.0
2017-08-19,55.54978
2017-08-20,8.4704895
2017-08-21,11.390474
2017-08-22,0.0
2017-08-23,0.0
2017-08-24,0.0
2017-08-25,0.0
2017-08-26,0.0
2017-08-27,38.938473
2017-08-28,0.0
2017-08-29,0.0
2017-08-30,0.0
2017-08-31,0.0
2017-09-01,0.0
2017-09-02,0.0
2017-09-03,0.0
2017-09-04,0.0
2017-09-05,0.0
2017-09-06,1.3839811
2017-09-07,0.0
2017-09-08,3.1240308
2017-09-09,2.391267
2017-09-10,0.0
2017-09-11,16.415436
2017-09-12,2.7181914
2017-09-13,1.5377567
2017-09-14,5.0431623
2017-09-15,0.0
2017-09-16,0.0
2017-09-17,9.084515
2017-09-18,0.0
2017-09-19,0.0
2017-09-20,0.0
2017-09-21,0.0
2017-09-22,0.0
2017-09-23,1.0325491
2017-09-24,0.0
2017-09-25,21.962261
2017-09-26,22.5355
2017-09-27,0.0
2017-09-28,17.345774
2017-09-29,0.0
2017-09-30,0.0
2017-10-01,0.0
2017-10-02,0.0
2017-10-03,0.0
2017-10-04,3.6379006
2017-10-05,1.4070374
2017-10-06,12.581152
2017-10-07,0.0
2017-10-08,3.0755134
2017-10-09,1.3401004
2017-10-10,1.1130614
2017-10-11,0.0
2017-10-12,0.0
2017-10-13,0.0
2017-10-14,0.0
2017-10-15,0.0
2017-10-16,0.0
2017-10-17,4.4906726
2017-10-18,0.0
2017-10-19,0.0
2017-10-20,0.0
2017-10-21,0.19817321
2017-10-22,0.71084493
2017-10-23,0.0
2017-10-24,0.0
2017-10-25,0.0
2017-10-26,17.821394
2017-10-27,0.0
2017-10-28,2.9877522
2017-10-29,3.077168
2017-10-30,17.116137
2017-10-31,212.76027
2017-11-01,51.168434
2017-11-02,36.267517
2017-11-03,102.40144
2017-11-04,72.381516
2017-11-05,54.164436
2017-11-06,116.811584
2017-11-07,23.9582
2017-11-08,1.4890304
2017-11-09,0.37721193
2017-11-10,0.0
2017-11-11,38.369926
2017-11-12,0.0
2017-11-13,0.15377566
2017-11-14,0.0
2017-11-15,4.4471273
2017-11-16,0.0
2017-11-17,0.0
2017-11-18,0.0
2017-11-19,0.0
2017-11-20,1.3958666
2017-11-21,0.34418306
2017-11-22,0.0
2017-11-23,0.0
2017-11-24,0.0
2017-11-25,0.0
2017-11-26,25.820068
2017-11-27,43.226185
2017-11-28,30.24193
2017-11-29,1.7844005
2017-11-30,35.632534
2017-12-01,17.700579
2017-12-02,132.38596
2017-12-03,23.92319
2017-12-04,17.600904
2017-12-05,0.0
2017-12-06,0.0
2017-12-07,0.0
2017-12-08,0.0
2017-12-09,0.0
2017-12-10,0.0
2017-12-11,0.0
2017-12-12,0.0
2017-12-13,0.0
2017-12-14,0.0
2017-12-15,0.0
2017-12-16,25.212893
2017-12-17,0.0
2017-12-18,6.8787084
2017-12-19,0.0
2017-12-20,0.0
2017-12-21,0.0
2017-12-22,10.704216
2017-12-23,0.0
2017-12-24,0.0
2017-12-25,0.0
2017-12-26,0.0
2017-12-27,0.0
2017-12-28,0.0
2017-12-29,0.0
2017-12-30,0.0
2017-12-31,0.0
2018-01-01,0.0
2018-01-02,0.0
2018-01-03,0.0
2018-01-04,0.0
2018-01-05,0.0
2018-01-06,0.0
2018-01-07,0.0
2018-01-08,0.0
2018-01-09,0.0
2018-01-10,47.39949
2018-01-11,36.296753
2018-01-12,0.0
2018-01-13,0.0
2018-01-14,0.0
2018-01-15,0.0
2018-01-16,0.0
2018-01-17,0.0
2018-01-18,0.0
2018-01-19,0.0
2018-01-20,0.0
2018-01-21,0.0
2018-01-22,0.0
2018-01-23,0.0
2018-01-24,0.0
2018-01-25,0.0
2018-01-26,0.0
2018-01-27,0.0
2018-01-28,0.0
2018-01-29,0.0
2018-01-30,0.0
2018-01-31,0.0
2018-02-01,0.0
2018-02-02,0.0
2018-02-03,0.0
2018-02-04,0.0
2018-02-05,0.0
2018-02-06,0.0
2018-02-07,0.0
2018-02-08,0.0
2018-02-09,0.0
2018-02-10,0.0
2018-02-11,0.0
2018-02-12,0.0
2018-02-13,0.0
2018-02-14,0.0
2018-02-15,0.0
2018-02-16,0.0
2018-02-17,0.0
2018-02-18,0.0
2018-02-19,0.0
2018-02-20,0.0
2018-02-21,0.0
2018-02-22,0.0
2018-02-23,0.0
2018-02-24,0.0
2018-02-25,0.0
2018-02-26,0.0
2018-02-27,0.0
2018-02-28,0.0
2018-03-01,0.0
2018-03-02,0.0
2018-03-03,0.0
2018-03-04,0.0
2018-03-05,0.0
2018-03-06,0.0
2018-03-07,0.0
2018-03-08,0.0
2018-03-09,0.0
2018-03-10,0.0
2018-03-11,0.0
2018-03-12,0.0
2018-03-13,0.0
2018-03-14,0.0
2018-03-15,0.0
2018-03-16,0.0
2018-03-17,4.2211123
2018-03-18,5.5888133
2018-03-19,0.0
2018-03-20,0.0
2018-03-21,0.0
2018-03-22,0.0
2018-03-23,0.0
2018-03-24,0.0
2018-03-25,0.0
2018-03-26,0.0
2018-03-27,0.0
2018-03-28,0.0
2018-03-29,0.0
2018-03-30,0.0
2018-03-31,0.0
2018-04-01,0.0
2018-04-02,0.0
2018-04-03,0.0
2018-04-04,0.0
2018-04-05,0.0
2018-04-06,0.0
2018-04-07,0.0
2018-04-08,0.0
2018-04-09,0.34418306
2018-04-10,0.0
2018-04-11,0.0
2018-04-12,0.0
2018-04-13,0.0
2018-04-14,0.0
2018-04-15,0.0
2018-04-16,0.0
2018-04-17,0.0
2018-04-18,0.0
2018-04-19,0.0
2018-04-20,0.0
2018-04-21,0.0
2018-04-22,0.0
2018-04-23,0.0
2018-04-24,0.0
2018-04-25,0.0
2018-04-26,0.0
2018-04-27,0.0
2018-04-28,0.0
2018-04-29,0.0
2018-04-30,0.0
2018-05-01,0.0
2018-05-02,0.0
2018-05-03,0.0
2018-05-04,0.0
2018-05-05,0.0
2018-05-06,0.0
2018-05-07,0.0
2018-05-08,0.0
2018-05-09,0.0
2018-05-10,1.0625405
2018-05-11,0.0
2018-05-12,0.0
2018-05-13,0.0
2018-05-14,0.0
2018-05-15,0.0
2018-05-16,0.0
2018-05-17,0.0
2018-05-18,0.0
2018-05-19,0.0
2018-05-20,0.0
2018-05-21,0.0
2018-05-22,0.0
2018-05-23,0.0
2018-05-24,0.0
2018-05-25,0.0
2018-05-26,0.0
2018-05-27,0.0
2018-05-28,0.0
2018-05-29,0.0
2018-05-30,0.0
2018-05-31,0.0
2018-06-01,0.0
2018-06-02,0.0
2018-06-03,0.0
2018-06-04,0.60815054
2018-06-05,0.0
2018-06-06,15.29558
2018-06-07,14.313697
2018-06-08,1.2851529
2018-06-09,0.0
2018-06-10,0.0
2018-06-11,0.0
2018-06-12,0.0
2018-06-13,0.0
2018-06-14,0.0
2018-06-15,0.0
2018-06-16,0.0
2018-06-17,19.326118
2018-06-18,4.6901245
2018-06-19,0.0
2018-06-20,0.0
2018-06-21,0.0
2018-06-22,0.0
2018-06-23,0.0
2018-06-24,0.0
2018-06-25,0.0
2018-06-26,0.0
2018-06-27,0.0
2018-06-28,0.0
2018-06-29,0.0
2018-06-30,0.0
2018-07-01,2.581373
2018-07-02,17.276575
2018-07-03,0.0
2018-07-04,0.0
2018-07-05,0.0
2018-07-06,0.0
2018-07-07,0.0
2018-07-08,0.0
2018-07-09,0.0
2018-07-10,0.0
2018-07-11,0.0
2018-07-12,0.0
2018-07-13,0.0
2018-07-14,0.0
2018-07-15,0.0
2018-07-16,0.0
2018-07-17,0.0
2018-07-18,0.0
2018-07-19,0.0
2018-07-20,0.34418306
2018-07-21,0.0
2018-07-22,0.0
2018-07-23,0.0
2018-07-24,0.0
2018-07-25,0.0
2018-07-26,24.233513
2018-07-27,0.34418306
2018-07-28,0.0
2018-07-29,0.30755132
2018-07-30,0.0
2018-07-31,3.6774774
2018-08-01,0.34418306
2018-08-02,0.0
2018-08-03,8.54332
2018-08-04,0.0
2018-08-05,0.0
2018-08-06,0.0
2018-08-07,0.16270688
2018-08-08,0.0
2018-08-09,7.1812773
2018-08-10,0.0
2018-08-11,0.8248739
2018-08-12,0.0
2018-08-13,0.0
2018-08-14,0.22459632
2018-08-15,7.3121986
2018-08-16,0.0
2018-08-17,0.0
2018-08-18,0.0
2018-08-19,0.0
2018-08-20,0.0
2018-08-21,0.0
2018-08-22,0.0
2018-08-23,0.0
2018-08-24,14.012331
2018-08-25,0.5152504
2018-08-26,0.0
2018-08-27,0.0
2018-08-28,5.4435744
2018-08-29,0.0
2018-08-30,25.096933
2018-08-31,78.90667
2018-09-01,9.957361
2018-09-02,0.0
2018-09-03,0.0
2018-09-04,0.0
2018-09-05,0.0
2018-09-06,0.0
2018-09-07,0.0
2018-09-08,0.0
2018-09-09,0.0
2018-09-10,0.0
2018-09-11,0.0
2018-09-12,0.0
2018-09-13,0.0
2018-09-14,0.0
2018-09-15,0.0
2018-09-16,4.243457
2018-09-17,1.135804
2018-09-18,0.0
2018-09-19,15.385918
2018-09-20,0.0
2018-09-21,0.0
2018-09-22,0.0
2018-09-23,0.0
2018-09-24,0.0
2018-09-25,0.0
2018-09-26,0.0
2018-09-27,0.0
2018-09-28,1.5259339
2018-09-29,2.1683533
2018-09-30,0.0
2018-10-01,0.0
2018-10-02,1.5971311
2018-10-03,7.8553534
2018-10-04,53.63146
2018-10-05,39.73172
2018-10-06,33.897205
2018-10-07,9.911207
2018-10-08,0.7610296
2018-10-09,4.5573378
2018-10-10,0.0
2018-10-11,0.0
2018-10-12,0.0
2018-10-13,0.0
2018-10-14,0.0
2018-10-15,0.0
2018-10-16,2.3450623
2018-10-17,17.884384
2018-10-18,0.0
2018-10-19,0.7969494
2018-10-20,24.01859
2018-10-21,7.2009883
2018-10-22,47.181187
2018-10-23,1.3607894
2018-10-24,0.0
2018-10-25,0.0
2018-10-26,0.0
2018-10-27,0.26423097
2018-10-28,0.0
2018-10-29,0.0
2018-10-30,0.0
2018-10-31,0.0
2018-11-01,4.3110137
2018-11-02,52.414936
2018-11-03,38.03591
2018-11-04,0.21799053
2018-11-05,3.2682805
2018-11-06,0.0
2018-11-07,0.0
2018-11-08,13.540863
2018-11-09,27.158417
2018-11-10,0.20650984
2018-11-11,0.0
2018-11-12,0.0
2018-11-13,0.0
2018-11-14,0.0
2018-11-15,0.0
2018-11-16,58.89198
2018-11-17,10.144823
2018-11-18,0.0
2018-11-19,14.742603
2018-11-20,0.92939234
2018-11-21,42.762245
2018-11-22,7.8948197
2018-11-23,50.565144
2018-11-24,46.977737
2018-11-25,2.2727115
2018-11-26,0.0
2018-11-27,0.0
2018-11-28,0.0
2018-11-29,52.672974
2018-11-30,16.312405
2018-12-01,0.0
2018-12-02,0.0
2018-12-03,0.0
2018-12-04,24.733265
2018-12-05,3.5841212
2018-12-06,12.546044
2018-12-07,0.0
2018-12-08,0.0
2018-12-09,0.0
2018-12-10,0.0
2018-12-11,0.0
2018-12-12,0.0
2018-12-13,0.0
2018-12-14,0.0
2018-12-15,0.0
2018-12-16,0.0
2018-12-17,0.0
2018-12-18,0.0
2018-12-19,0.6539478
2018-12-20,0.0
2018-12-21,0.0
2018-12-22,0.31231424
2018-12-23,28.120754
2018-12-24,15.525065
2018-12-25,0.0
2018-12-26,0.0
2018-12-27,0.0
2018-12-28,0.0
2018-12-29,0.0
2018-12-30,0.0
2018-12-31,0.0
2019-01-01,0.0
2019-01-02,0.0
2019-01-03,0.0
2019-01-04,0.0
2019-01-05,0.0
2019-01-06,0.0
2019-01-07,0.0
2019-01-08,0.0
2019-01-09,0.0
2019-01-10,0.0
2019-01-11,0.0
2019-01-12,0.0
2019-01-13,0.0
2019-01-14,0.0
2019-01-15,0.0
2019-01-16,0.0
2019-01-17,0.0
2019-01-18,0.0
2019-01-19,0.0
2019-01-20,0.0
2019-01-21,0.0
2019-01-22,0.0
2019-01-23,0.0
2019-01-24,0.0
2019-01-25,0.0
2019-01-26,0.0
2019-01-27,0.0
2019-01-28,0.0
2019-01-29,0.0
2019-01-30,2.470572
2019-01-31,0.0
2019-02-01,0.0
2019-02-02,0.0
2019-02-03,0.0
2019-02-04,0.0
2019-02-05,0.0
2019-02-06,0.0
2019-02-07,0.0
2019-02-08,0.0
2019-02-09,0.0
2019-02-10,0.0
2019-02-11,0.0
2019-02-12,0.0
2019-02-13,0.0
2019-02-14,0.0
2019-02-15,0.0
2019-02-16,0.0
2019-02-17,0.0
2019-02-18,0.0
2019-02-19,0.0
2019-02-20,0.0
2019-02-21,0.0
2019-02-22,0.0
2019-02-23,0.0
2019-02-24,0.0
2019-02-25,0.0
2019-02-26,0.0
2019-02-27,0.0
2019-02-28,0.0
2019-03-01,0.0
2019-03-02,0.0
2019-03-03,0.0
2019-03-04,0.0
2019-03-05,0.0
2019-03-06,0.0
2019-03-07,0.0
2019-03-08,0.0
2019-03-09,0.0
2019-03-10,0.0
2019-03-11,0.0
2019-03-12,0.0
2019-03-13,0.0
2019-03-14,0.0
2019-03-15,0.0
2019-03-16,0.0
2019-03-17,0.0
2019-03-18,0.0
2019-03-19,0.0
2019-03-20,0.0
2019-03-21,0.0
2019-03-22,0.0
2019-03-23,0.0
2019-03-24,0.0
2019-03-25,0.0
2019-03-26,0.0
2019-03-27,0.0
2019-03-28,0.0
2019-03-29,0.0
2019-03-30,0.0
2019-03-31,0.0
2019-04-01,0.0
2019-04-02,0.0
2019-04-03,0.0
2019-04-04,0.0
2019-04-05,0.0
2019-04-06,0.0
2019-04-07,0.0
2019-04-08,0.0
2019-04-09,0.0
2019-04-10,0.0
2019-04-11,0.0
2019-04-12,0.0
2019-04-13,0.0
2019-04-14,0.0
2019-04-15,0.0
2019-04-16,0.0
2019-04-17,0.0
2019-04-18,0.0
2019-04-19,0.0
2019-04-20,0.0
2019-04-21,0.0
2019-04-22,0.0
2019-04-23,0.0
2019-04-24,0.0
2019-04-25,0.0
2019-04-26,0.0
2019-04-27,0.0
2019-04-28,0.0
2019-04-29,0.0
2019-04-30,0.0
2019-05-01,0.0
2019-05-02,2.220233
2019-05-03,0.0
2019-05-04,0.0
2019-05-05,0.0
2019-05-06,0.0
2019-05-07,0.0
2019-05-08,0.0
2019-05-09,0.0
2019-05-10,0.0
2019-05-11,0.0
2019-05-12,0.0
2019-05-13,0.0
2019-05-14,0.0
2019-05-15,0.0
2019-05-16,0.0
2019-05-17,0.0
2019-05-18,0.0
2019-05-19,0.0
2019-05-20,0.0
2019-05-21,0.0
2019-05-22,0.0
2019-05-23,0.0
2019-05-24,0.0
2019-05-25,0.0
2019-05-26,0.0
2019-05-27,0.0
2019-05-28,0.0
2019-05-29,0.0
2019-05-30,0.0
2019-05-31,0.0
2019-06-01,0.0
2019-06-02,0.0
2019-06-03,0.0
2019-06-04,0.0
2019-06-05,0.0
2019-06-06,0.0
2019-06-07,0.0
2019-06-08,0.0
2019-06-09,0.0
2019-06-10,0.0
2019-06-11,0.0
2019-06-12,0.0
2019-06-13,0.0
2019-06-14,0.0
2019-06-15,0.0
2019-06-16,0.0
2019-06-17,0.0
2019-06-18,0.0
2019-06-19,0.0
2019-06-20,0.0
2019-06-21,0.0
2019-06-22,0.0
2019-06-23,0.0
2019-06-24,0.0
2019-06-25,0.0
2019-06-26,15.01755
2019-06-27,0.0
2019-06-28,0.0
2019-06-29,0.0
2019-06-30,0.0
2019-07-01,0.0
2019-07-02,0.0
2019-07-03,0.0
2019-07-04,0.0
2019-07-05,0.0
2019-07-06,0.0
2019-07-07,0.0
2019-07-08,0.0
2019-07-09,0.0
2019-07-10,6.43984
2019-07-11,0.48185626
2019-07-12,0.0
2019-07-13,6.118232
2019-07-14,0.0
2019-07-15,0.0
2019-07-16,2.242303
2019-07-17,0.0
2019-07-18,0.0
2019-07-19,4.2252064
2019-07-20,0.9380199
2019-07-21,6.6350107
2019-07-22,0.0
2019-07-23,0.4130197
2019-07-24,0.6839393
2019-07-25,0.0
2019-07-26,0.1783559
2019-07-27,0.0
2019-07-28,0.0
2019-07-29,1.9762702
2019-07-30,34.9497
2019-07-31,0.0
2019-08-01,0.0
2019-08-02,0.0
2019-08-03,0.0
2019-08-04,0.0
2019-08-05,0.0
2019-08-06,0.0
2019-08-07,0.0
2019-08-08,1.0068614
2019-08-09,0.0
2019-08-10,0.0
2019-08-11,0.0
2019-08-12,0.6195295
2019-08-13,0.13767323
2019-08-14,12.454026
2019-08-15,0.0
2019-08-16,0.0
2019-08-17,9.518854
2019-08-18,18.60125
2019-08-19,0.0
2019-08-20,6.367995
2019-08-21,19.672462
2019-08-22,42.715668
2019-08-23,4.0968676
2019-08-24,0.97275573
2019-08-25,0.0
2019-08-26,0.53399056
2019-08-27,0.0
2019-08-28,0.0
2019-08-29,0.0
2019-08-30,26.153725
2019-08-31,0.0
2019-09-01,3.9236867
2019-09-02,0.0
2019-09-03,7.116867
2019-09-04,12.361207
2019-09-05,5.935701
2019-09-06,0.0
2019-09-07,0.30976474
2019-09-08,0.0
2019-09-09,0.0
2019-09-10,0.48185626
2019-09-11,0.0
2019-09-12,53.860397
2019-09-13,9.387211
2019-09-14,7.1379375
2019-09-15,0.0
2019-09-16,21.50321
2019-09-17,8.530479
2019-09-18,10.355928
2019-09-19,4.528486
2019-09-20,0.19156744
2019-09-21,0.0
2019-09-22,3.2830873
2019-09-23,0.0
2019-09-24,4.4888377
2019-09-25,0.0
2019-09-26,15.192353
2019-09-27,0.0
2019-09-28,0.0
2019-09-29,0.0
2019-09-30,9.346421
2019-10-01,0.0
2019-10-02,0.0
2019-10-03,0.0
2019-10-04,0.0
2019-10-05,0.0
2019-10-06,0.0
2019-10-07,0.0
2019-10-08,0.0
2019-10-09,0.0
2019-10-10,0.0
2019-10-11,0.0
2019-10-12,0.0
2019-10-13,0.0
2019-10-14,1.7209152
2019-10-15,5.737409
2019-10-16,8.123729
2019-10-17,20.307568
2019-10-18,5.367546
2019-10-19,1.0377892
2019-10-20,36.41232
2019-10-21,21.432835
2019-10-22,7.620377
2019-10-23,1.130953
2019-10-24,17.855837
2019-10-25,0.0
2019-10-26,0.0
2019-10-27,0.0
2019-10-28,4.245321
2019-10-29,17.269613
2019-10-30,51.983242
2019-10-31,24.539286
2019-11-01,12.793455
2019-11-02,0.0
2019-11-03,0.0
2019-11-04,0.27744249
2019-11-05,0.15377566
2019-11-06,0.0
2019-11-07,0.0
2019-11-08,0.0
2019-11-09,0.0
2019-11-10,0.0
2019-11-11,3.7520998
2019-11-12,0.0
2019-11-13,0.0
2019-11-14,0.608414
2019-11-15,2.574124
2019-11-16,2.3060262
2019-11-17,23.045258
2019-11-18,11.60808
2019-11-19,10.759802
2019-11-20,13.357943
2019-11-21,3.654731
2019-11-22,48.966927
2019-11-23,38.587875
2019-11-24,0.32368293
2019-11-25,0.0
2019-11-26,0.48222148
2019-11-27,2.9701152
2019-11-28,52.19627
2019-11-29,20.216719
2019-11-30,55.143795
2019-12-01,120.15242
2019-12-02,39.989456
2019-12-03,63.40831
2019-12-04,0.0
2019-12-05,0.0
2019-12-06,0.0
2019-12-07,0.0
2019-12-08,5.2552814
2019-12-09,0.0
2019-12-10,0.0
2019-12-11,0.0
2019-12-12,0.0
2019-12-13,0.0
2019-12-14,28.00053
2019-12-15,5.7563744
2019-12-16,0.10569238
2019-12-17,2.164185
2019-12-18,5.8001566
2019-12-19,0.0
2019-12-20,0.0
2019-12-21,0.0
2019-12-22,0.0
2019-12-23,0.0
2019-12-24,4.0715327
2019-12-25,4.307754
2019-12-26,2.272056
2019-12-27,0.0
2019-12-28,0.0
2019-12-29,0.0
2019-12-30,0.0
2019-12-31,11.502047
2020-01-01,2.6781511
2020-01-02,9.293652
2020-01-03,0.0
2020-01-04,0.0
2020-01-05,0.0
2020-01-06,14.787777
2020-01-07,3.8124094
2020-01-08,0.10569238
2020-01-09,0.0
2020-01-10,0.0
2020-01-11,0.0
2020-01-12,0.0
2020-01-13,0.0
2020-01-14,0.0
2020-01-15,0.0
2020-01-16,0.0
2020-01-17,0.0
2020-01-18,0.0
2020-01-19,2.4047637
2020-01-20,0.0
2020-01-21,0.0
2020-01-22,0.0
2020-01-23,0.0
2020-01-24,0.0
2020-01-25,0.0
2020-01-26,0.0
2020-01-27,0.0
2020-01-28,0.0
2020-01-29,0.0
2020-01-30,0.0
2020-01-31,0.0
2020-02-01,0.0
2020-02-02,0.0
2020-02-03,0.0
2020-02-04,0.0
2020-02-05,0.0
2020-02-06,0.0
2020-02-07,0.0
2020-02-08,0.0
2020-02-09,0.0
2020-02-10,0.0
2020-02-11,0.0
2020-02-12,3.9718258
2020-02-13,0.0
2020-02-14,0.0
2020-02-15,0.0
2020-02-16,0.0
2020-02-17,0.0
2020-02-18,0.0
2020-02-19,0.0
2020-02-20,0.0
2020-02-21,0.0
2020-02-22,0.0
2020-02-23,0.0
2020-02-24,0.0
2020-02-25,0.0
2020-02-26,0.0
2020-02-27,0.0
2020-02-28,0.0
2020-02-29,0.0
2020-03-01,0.0
2020-03-02,0.0
2020-03-03,0.0
2020-03-04,0.0
2020-03-05,0.0
2020-03-06,0.0
2020-03-07,0.0
2020-03-08,0.0
2020-03-09,0.0
2020-03-10,0.0
2020-03-11,0.0
2020-03-12,0.0
2020-03-13,0.0
2020-03-14,0.0
2020-03-15,0.0
2020-03-16,0.0
2020-03-17,0.0
2020-03-18,0.0
2020-03-19,0.0
2020-03-20,0.0
2020-03-21,0.0
2020-03-22,0.0
2020-03-23,0.0
2020-03-24,0.0
2020-03-25,0.0
2020-03-26,0.0
2020-03-27,0.0
2020-03-28,0.0
2020-03-29,0.0
2020-03-30,0.0
2020-03-31,0.0
2020-04-01,0.0
2020-04-02,0.0
2020-04-03,0.0
2020-04-04,0.0
2020-04-05,0.0
2020-04-06,0.0
2020-04-07,0.0
2020-04-08,0.0
2020-04-09,0.0
2020-04-10,0.0
2020-04-11,0.0
2020-04-12,0.0
2020-04-13,0.0
2020-04-14,0.0
2020-04-15,0.0
2020-04-16,0.0
2020-04-17,0.0
2020-04-18,0.0
2020-04-19,0.0
2020-04-20,0.0
2020-04-21,0.0
2020-04-22,0.0
2020-04-23,0.0
2020-04-24,0.0
2020-04-25,0.0
2020-04-26,0.0
2020-04-27,1.4070374
2020-04-28,0.0
2020-04-29,0.0
2020-04-30,0.0
2020-05-01,0.0
2020-05-02,0.0
2020-05-03,0.0
2020-05-04,0.0
2020-05-05,0.0
2020-05-06,0.0
2020-05-07,0.0
2020-05-08,0.0
2020-05-09,0.0
2020-05-10,0.0
2020-05-11,0.0
2020-05-12,0.0
2020-05-13,0.0
2020-05-14,0.0
2020-05-15,0.0
2020-05-16,0.0
2020-05-17,0.0
2020-05-18,0.0
2020-05-19,9.25542
2020-05-20,0.0
2020-05-21,14.070374
2020-05-22,0.0
2020-05-23,0.0
2020-05-24,0.0
2020-05-25,0.0
2020-05-26,0.0
2020-05-27,0.0
2020-05-28,0.0
2020-05-29,0.0
2020-05-30,0.0
2020-05-31,0.0
2020-06-01,0.0
2020-06-02,0.0
2020-06-03,0.0
2020-06-04,0.0
2020-06-05,0.0
2020-06-06,3.2830873
2020-06-07,0.0
2020-06-08,0.0
2020-06-09,0.0
2020-06-10,0.30755132
2020-06-11,0.0
2020-06-12,0.0
2020-06-13,0.0
2020-06-14,0.0
2020-06-15,0.0
2020-06-16,0.0
2020-06-17,0.0
2020-06-18,0.0
2020-06-19,0.0
2020-06-20,0.0
2020-06-21,0.0
2020-06-22,1.4542994
2020-06-23,0.0
2020-06-24,2.3450623
2020-06-25,0.0
2020-06-26,0.0
2020-06-27,0.0
2020-06-28,0.0
2020-06-29,0.15377566
2020-06-30,13.367997
2020-07-01,6.9524975
2020-07-02,0.0
2020-07-03,0.4293753
2020-07-04,4.1174603
2020-07-05,0.0
2020-07-06,0.0
2020-07-07,0.37860134
2020-07-08,0.0
2020-07-09,0.0
2020-07-10,13.30922
2020-07-11,0.0
2020-07-12,7.6274014
2020-07-13,0.0
2020-07-14,0.0
2020-07-15,1.3170747
2020-07-16,0.0
2020-07-17,0.0
2020-07-18,0.0
2020-07-19,0.0
2020-07-20,0.0
2020-07-21,1.4147362
2020-07-22,0.0
2020-07-23,0.0
2020-07-24,0.0
2020-07-25,0.0
2020-07-26,29.386713
2020-07-27,0.0
2020-07-28,1.7307997
2020-07-29,29.733913
2020-07-30,0.35010603
2020-07-31,2.1528594
2020-08-01,1.2881259
2020-08-02,0.0
2020-08-03,0.0
2020-08-04,0.0
2020-08-05,0.0
2020-08-06,0.0
2020-08-07,0.0
2020-08-08,0.0
2020-08-09,4.04428
2020-08-10,0.0
2020-08-11,0.0
2020-08-12,0.0
2020-08-13,0.0
2020-08-14,0.0
2020-08-15,0.0
2020-08-16,0.0
2020-08-17,0.0
2020-08-18,0.0
2020-08-19,0.0
2020-08-20,0.13872124
2020-08-21,0.0
2020-08-22,0.0
2020-08-23,0.0
2020-08-24,9.257282
2020-08-25,0.0
2020-08-26,0.10325492
2020-08-27,0.37652907
2020-08-28,22.031128
2020-08-29,0.0
2020-08-30,0.0
2020-08-31,0.0
2020-09-01,0.0
2020-09-02,12.504977
2020-09-03,1.3327742
2020-09-04,0.0
2020-09-05,0.0
2020-09-06,0.0
2020-09-07,3.337086
2020-09-08,0.0
2020-09-09,1.3767322
2020-09-10,14.301262
2020-09-11,0.0
2020-09-12,0.0
2020-09-13,0.0
2020-09-14,0.17209153
2020-09-15,0.0
2020-09-16,0.0
2020-09-17,4.36035
2020-09-18,0.0
2020-09-19,0.0
2020-09-20,0.0
2020-09-21,0.0
2020-09-22,0.0
2020-09-23,0.0
2020-09-24,0.0
2020-09-25,0.5228373
2020-09-26,0.0
2020-09-27,0.0
2020-09-28,5.2097945
2020-09-29,49.60127
2020-09-30,66.8241
2020-10-01,17.487316
2020-10-02,0.0
2020-10-03,29.390612
2020-10-04,0.0
2020-10-05,0.0
2020-10-06,0.0
2020-10-07,0.0
2020-10-08,16.014198
2020-10-09,0.0
2020-10-10,14.122506
2020-10-11,0.39981672
2020-10-12,0.39634642
2020-10-13,0.0
2020-10-14,0.0
2020-10-15,0.0
2020-10-16,0.0
2020-10-17,0.0
2020-10-18,7.9726315
2020-10-19,3.492312
2020-10-20,0.0
2020-10-21,0.16514435
2020-10-22,5.6130443
2020-10-23,0.0
2020-10-24,0.0
2020-10-25,0.0
2020-10-26,0.0
2020-10-27,0.0
2020-10-28,0.8303886
2020-10-29,0.0
2020-10-30,0.0
2020-10-31,0.0
2020-11-01,0.0
2020-11-02,0.0
2020-11-03,0.0
2020-11-04,0.0
2020-11-05,2.866376
2020-11-06,4.082579
2020-11-07,13.02784
2020-11-08,30.938068
2020-11-09,0.46901247
2020-11-10,0.0
2020-11-11,0.0
2020-11-12,0.98426527
2020-11-13,12.259475
2020-11-14,64.578545
2020-11-15,39.75917
2020-11-16,60.257545
2020-11-17,28.552757
2020-11-18,1.4804151
2020-11-19,14.820794
2020-11-20,0.0
2020-11-21,0.0
2020-11-22,0.0
2020-11-23,0.0
2020-11-24,0.0
2020-11-25,14.801853
2020-11-26,151.31203
2020-11-27,0.0
2020-11-28,6.162824
2020-11-29,2.579997
2020-11-30,1.0846711
2020-12-01,0.0
2020-12-02,2.914367
2020-12-03,58.40613
2020-12-04,279.58652
2020-12-05,91.5433
2020-12-06,38.62213
2020-12-07,19.201347
2020-12-08,36.713547
2020-12-09,10.392532
2020-12-10,3.2357962
2020-12-11,0.0
2020-12-12,0.0
2020-12-13,0.0
2020-12-14,0.0
2020-12-15,0.0
2020-12-16,9.857369
2020-12-17,57.751312
2020-12-18,49.481834
2020-12-19,44.78955
2020-12-20,0.13767323
2020-12-21,0.0
2020-12-22,0.0
2020-12-23,0.0
2020-12-24,0.0
2020-12-25,0.0
2020-12-26,0.0
2020-12-27,0.0
2020-12-28,0.0
2020-12-29,0.0
2020-12-30,3.1150594
2020-12-31,16.301172
2021-01-01,8.829933
2021-01-02,0.0
2021-01-03,5.349524
2021-01-04,22.507662
2021-01-05,15.120493
2021-01-06,7.9250083
2021-01-07,60.079124
2021-01-08,2.2393258
2021-01-09,3.3050861
2021-01-10,1.6608093
2021-01-11,59.938877
2021-01-12,31.600452
2021-01-13,222.76726
2021-01-14,3.2425942
2021-01-15,1.0356933
2021-01-16,7.392035
2021-01-17,0.0
2021-01-18,0.0
2021-01-19,0.0
2021-01-20,0.0
2021-01-21,0.0
2021-01-22,0.0
2021-01-23,0.0
2021-01-24,0.0
2021-01-25,0.0
2021-01-26,0.0
2021-01-27,0.0
2021-01-28,0.0
2021-01-29,0.0
2021-01-30,0.0
2021-01-31,0.0
2021-02-01,0.0
2021-02-02,0.0
2021-02-03,0.0
2021-02-04,0.0
2021-02-05,0.0
2021-02-06,0.0
2021-02-07,0.0
2021-02-08,0.0
2021-02-09,0.0
2021-02-10,0.0
2021-02-11,0.0
2021-02-12,0.0
2021-02-13,0.0
2021-02-14,0.0
2021-02-15,0.0
2021-02-16,0.0
2021-02-17,0.0
2021-02-18,0.0
2021-02-19,0.0
2021-02-20,0.0
2021-02-21,42.620224
2021-02-22,33.963303
2021-02-23,0.0
2021-02-24,0.0
2021-02-25,0.0
2021-02-26,0.0
2021-02-27,0.0
2021-02-28,0.0
2021-03-01,0.0
2021-03-02,0.0
2021-03-03,0.0
2021-03-04,0.0
2021-03-05,0.0
2021-03-06,0.0
2021-03-07,0.0
2021-03-08,0.0
2021-03-09,0.0
2021-03-10,1.0325491
2021-03-11,0.0
2021-03-12,0.0
2021-03-13,0.0
2021-03-14,0.0
2021-03-15,0.0
2021-03-16,0.0
2021-03-17,0.0
2021-03-18,0.0
2021-03-19,0.0
2021-03-20,0.0
2021-03-21,0.0
2021-03-22,0.0
2021-03-23,0.0
2021-03-24,0.0
2021-03-25,0.0
2021-03-26,0.0
2021-03-27,0.0
2021-03-28,0.0
2021-03-29,0.0
2021-03-30,0.0
2021-03-31,0.0
2021-04-01,0.0
2021-04-02,0.0
2021-04-03,0.0
2021-04-04,0.0
2021-04-05,0.0
2021-04-06,0.0
2021-04-07,0.0
2021-04-08,0.0
2021-04-09,0.0
2021-04-10,0.0
2021-04-11,0.0
2021-04-12,0.0
2021-04-13,2.49567
2021-04-14,0.0
2021-04-15,0.96699476
2021-04-16,0.6883661
2021-04-17,0.0
2021-04-18,0.0
2021-04-19,0.0
2021-04-20,0.0
2021-04-21,0.0
2021-04-22,0.0
2021-04-23,0.0
2021-04-24,0.0
2021-04-25,0.0
2021-04-26,0.0
2021-04-27,0.0
2021-04-28,0.0
2021-04-29,0.0
2021-04-30,0.0
2021-05-01,0.0
2021-05-02,0.0
2021-05-03,0.0
2021-05-04,0.0
2021-05-05,0.24604107
2021-05-06,0.0
2021-05-07,0.0
2021-05-08,0.0
2021-05-09,0.0
2021-05-10,1.1994503
2021-05-11,3.4138198
2021-05-12,0.0
2021-05-13,0.0
2021-05-14,0.5945196
2021-05-15,0.0
2021-05-16,0.0
2021-05-17,0.0
2021-05-18,0.0
2021-05-19,0.0
2021-05-20,0.0
2021-05-21,46.679386
2021-05-22,1.1545761
2021-05-23,0.0
2021-05-24,0.0
2021-05-25,0.0
2021-05-26,27.034958
2021-05-27,0.0
2021-05-28,0.0
2021-05-29,0.0
2021-05-30,0.0
2021-05-31,0.0
2021-06-01,0.0
2021-06-02,0.0
2021-06-03,0.0
2021-06-04,0.0
2021-06-05,0.8604576
2021-06-06,0.13767323
2021-06-07,0.0
2021-06-08,0.0
2021-06-09,46.26834
2021-06-10,0.0
2021-06-11,0.0
2021-06-12,0.0
2021-06-13,15.172728
2021-06-14,0.0
2021-06-15,0.0
2021-06-16,0.0
2021-06-17,0.0
2021-06-18,0.0
2021-06-19,0.0
2021-06-20,0.0
2021-06-21,0.0
2021-06-22,21.48154
2021-06-23,0.0
2021-06-24,0.0
2021-06-25,0.0
2021-06-26,0.0
2021-06-27,1.0846736
2021-06-28,0.0
2021-06-29,0.0
2021-06-30,0.0
2021-07-01,0.562815
2021-07-02,34.185513
2021-07-03,0.0
2021-07-04,0.0
2021-07-05,1.4202414
2021-07-06,0.0
2021-07-07,0.0
2021-07-08,0.0
2021-07-09,0.0
2021-07-10,1.50084
2021-07-11,0.0
2021-07-12,0.0
2021-07-13,0.0
2021-07-14,0.0
2021-07-15,11.39877
2021-07-16,0.0
2021-07-17,0.0
2021-07-18,4.1685104
2021-07-19,0.0
2021-07-20,0.0
2021-07-21,0.0
2021-07-22,0.0
2021-07-23,0.0
2021-07-24,6.166051
2021-07-25,0.0
2021-07-26,0.0
2021-07-27,35.000057
2021-07-28,0.0
2021-07-29,0.0
2021-07-30,0.0
2021-07-31,0.0
2021-08-01,0.0
2021-08-02,0.0
2021-08-03,0.0
2021-08-04,0.562815
2021-08-05,0.0
2021-08-06,3.5658114
2021-08-07,0.0
2021-08-08,6.5528593
2021-08-09,0.0
2021-08-10,0.0
2021-08-11,2.3958127
2021-08-12,3.7009969
2021-08-13,1.12563
2021-08-14,0.0
2021-08-15,35.9934
2021-08-16,0.0
2021-08-17,0.2312021
2021-08-18,20.196087
2021-08-19,0.0
2021-08-20,0.0
2021-08-21,0.0
2021-08-22,0.0
2021-08-23,2.552676
2021-08-24,0.0
2021-08-25,0.0
2021-08-26,0.0
2021-08-27,2.7492185
2021-08-28,27.74305
2021-08-29,4.247434
2021-08-30,0.15377566
2021-08-31,0.0
2021-09-01,0.0
2021-09-02,0.0
2021-09-03,14.595606
2021-09-04,6.131166
2021-09-05,0.0
2021-09-06,33.447365
2021-09-07,0.0
2021-09-08,0.0
2021-09-09,0.0
2021-09-10,0.0
2021-09-11,0.0
2021-09-12,0.0
2021-09-13,1.399352
2021-09-14,0.0
2021-09-15,0.0
2021-09-16,0.7674286
2021-09-17,0.5913842
2021-09-18,19.714357
2021-09-19,0.0
2021-09-20,0.583151
2021-09-21,12.625982
2021-09-22,0.0
2021-09-23,0.93802494
2021-09-24,0.0
2021-09-25,0.0
2021-09-26,27.38801
2021-09-27,0.13211548
2021-09-28,0.0
2021-09-29,0.0
2021-09-30,0.0
2021-10-01,0.7035187
2021-10-02,1.626391
2021-10-03,5.7337103
2021-10-04,0.86114377
2021-10-05,20.79545
2021-10-06,16.118677
2021-10-07,0.0
2021-10-08,0.0
2021-10-09,44.044903
2021-10-10,15.682747
2021-10-11,3.8569915
2021-10-12,10.377718
2021-10-13,10.665524
2021-10-14,17.240711
2021-10-15,3.2528102
2021-10-16,2.8602276
2021-10-17,0.17209153
2021-10-18,0.0
2021-10-19,0.0
2021-10-20,0.0
2021-10-21,0.0
2021-10-22,1.0318274
2021-10-23,0.0
2021-10-24,1.0325491
2021-10-25,1.5575544
2021-10-26,0.15193279
2021-10-27,0.0
2021-10-28,1.0352188
2021-10-29,13.394255
2021-10-30,87.538666
2021-10-31,29.162554
2021-11-01,65.51986
2021-11-02,37.787838
2021-11-03,71.92181
2021-11-04,29.893929
2021-11-05,0.0
2021-11-06,49.13339
2021-11-07,2.8808541
2021-11-08,60.302227
2021-11-09,43.002117
2021-11-10,105.08392
2021-11-11,30.788042
2021-11-12,7.5496516
2021-11-13,0.0
2021-11-14,7.5597396
2021-11-15,10.363483
2021-11-16,1.0083567
2021-11-17,0.0
2021-11-18,37.051746
2021-11-19,40.825474
2021-11-20,4.2750525
2021-11-21,34.38911
2021-11-22,1.5946424
2021-11-23,6.7920976
2021-11-24,0.0
2021-11-25,15.431835
2021-11-26,34.11091
2021-11-27,117.77969
2021-11-28,59.332558
2021-11-29,83.337425
2021-11-30,15.357941
2021-12-01,11.325633
2021-12-02,6.4995556
2021-12-03,0.0
2021-12-04,0.0
2021-12-05,0.0
2021-12-06,0.0
2021-12-07,1.7342387
2021-12-08,0.0
2021-12-09,0.0
2021-12-10,0.7572027
2021-12-11,0.0
2021-12-12,14.090982
2021-12-13,1.2971215
2021-12-14,18.082035
2021-12-15,6.69286
2021-12-16,0.0
2021-12-17,0.0
2021-12-18,0.0
2021-12-19,0.0
2021-12-20,0.0
2021-12-21,0.0
2021-12-22,0.0
2021-12-23,0.0
2021-12-24,0.0
2021-12-25,0.0
2021-12-26,0.0
2021-12-27,0.0
2021-12-28,0.0
2021-12-29,0.0
2021-12-30,0.838074
2021-12-31,38.739822
2022-01-01,49.01754
2022-01-02,6.86435
2022-01-03,0.0
2022-01-04,0.0
2022-01-05,0.0
2022-01-06,0.0
2022-01-07,0.0
2022-01-08,0.0
2022-01-09,0.0
2022-01-10,0.0
2022-01-11,0.0
2022-01-12,0.0
2022-01-13,0.0
2022-01-14,0.0
2022-01-15,0.0
2022-01-16,0.0
2022-01-17,1.5730678
2022-01-18,0.34418306
2022-01-19,0.0
2022-01-20,0.0
2022-01-21,0.0
2022-01-22,0.0
2022-01-23,0.0
2022-01-24,0.0
2022-01-25,4.2838874
2022-01-26,0.0
2022-01-27,0.0
2022-01-28,0.6566174
2022-01-29,0.0
2022-01-30,1.6113809
2022-01-31,0.0
2022-02-01,0.0
2022-02-02,0.0
2022-02-03,0.0
2022-02-04,0.0
2022-02-05,0.0
2022-02-06,0.0
2022-02-07,0.0
2022-02-08,0.0
2022-02-09,0.0
2022-02-10,0.0
2022-02-11,0.0
2022-02-12,83.88569
2022-02-13,0.0
2022-02-14,0.0
2022-02-15,3.8148754
2022-02-16,0.0
2022-02-17,0.0
2022-02-18,0.0
2022-02-19,0.0
2022-02-20,0.0
2022-02-21,0.0
2022-02-22,0.0
2022-02-23,0.0
2022-02-24,0.0
2022-02-25,0.0
2022-02-26,0.0
2022-02-27,0.0
2022-02-28,0.0
2022-03-01,0.0
2022-03-02,0.0
2022-03-03,0.0
2022-03-04,0.0
2022-03-05,4.190085
2022-03-06,0.0
2022-03-07,23.551441
2022-03-08,4.36885
2022-03-09,0.0
2022-03-10,0.0
2022-03-11,0.0
2022-03-12,0.0
2022-03-13,0.0
2022-03-14,0.0
2022-03-15,0.0
2022-03-16,0.0
2022-03-17,0.0
2022-03-18,0.0
2022-03-19,0.0
2022-03-20,0.0
2022-03-21,0.0
2022-03-22,0.0
2022-03-23,0.0
2022-03-24,0.0
2022-03-25,0.0
2022-03-26,2.3404446
2022-03-27,0.0
2022-03-28,0.0
2022-03-29,0.0
2022-03-30,0.0
2022-03-31,0.0
2022-04-01,0.0
2022-04-02,0.0
2022-04-03,0.0
2022-04-04,0.0
2022-04-05,0.0
2022-04-06,0.0
2022-04-07,0.0
2022-04-08,0.0
2022-04-09,2.184051
2022-04-10,7.86283
2022-04-11,0.43518314
2022-04-12,1.6381843
2022-04-13,0.21528594
2022-04-14,2.7063227
2022-04-15,0.0
2022-04-16,0.0
2022-04-17,4.121706
2022-04-18,0.0
2022-04-19,0.0
2022-04-20,0.0
2022-04-21,0.0
2022-04-22,0.0
2022-04-23,0.0
2022-04-24,0.30755132
2022-04-25,0.0
2022-04-26,0.0
2022-04-27,0.0
2022-04-28,0.0
2022-04-29,0.0
2022-04-30,0.0
2022-05-01,0.0
2022-05-02,0.0
2022-05-03,0.0
2022-05-04,0.0
2022-05-05,0.0
2022-05-06,0.0
2022-05-07,21.604559
2022-05-08,0.0
2022-05-09,0.0
2022-05-10,2.9261484
2022-05-11,0.3383065
2022-05-12,0.0
2022-05-13,2.4491813
2022-05-14,1.9719467
2022-05-15,0.4130197
2022-05-16,12.066358
2022-05-17,0.46901247
2022-05-18,0.0
2022-05-19,1.0978853
2022-05-20,0.0
2022-05-21,0.0
2022-05-22,0.562815
2022-05-23,0.0
2022-05-24,0.0
2022-05-25,0.0
2022-05-26,0.0
2022-05-27,3.7520998
2022-05-28,9.803582
2022-05-29,0.0
2022-05-30,0.0
2022-05-31,0.0
2022-06-01,0.0
2022-06-02,0.0
2022-06-03,0.0
2022-06-04,0.0
2022-06-05,0.0
2022-06-06,0.0
2022-06-07,7.600706
2022-06-08,0.0
2022-06-09,0.0
2022-06-10,0.0
2022-06-11,0.0
2022-06-12,0.0
2022-06-13,0.0
2022-06-14,0.0
2022-06-15,0.0
2022-06-16,22.630661
2022-06-17,0.31707716
2022-06-18,0.0
2022-06-19,0.0
2022-06-20,0.15377566
2022-06-21,0.8948759
2022-06-22,6.0918226
2022-06-23,0.0
2022-06-24,0.0
2022-06-25,0.0
2022-06-26,0.0
2022-06-27,0.0
2022-06-28,0.0
2022-06-29,0.0
2022-06-30,0.0
2022-07-01,2.2641037
2022-07-02,8.078756
2022-07-03,7.8052306
2022-07-04,1.2507346
2022-07-05,0.0
2022-07-06,0.0
2022-07-07,0.0
2022-07-08,0.0
2022-07-09,0.0
2022-07-10,0.0
2022-07-11,0.0
2022-07-12,0.0
2022-07-13,0.0
2022-07-14,0.9883175
2022-07-15,0.0
2022-07-16,0.0
2022-07-17,13.694678
2022-07-18,0.0
2022-07-19,0.15377566
2022-07-20,0.0
2022-07-21,0.0
2022-07-22,0.0
2022-07-23,16.46594
2022-07-24,13.818164
2022-07-25,0.15377566
2022-07-26,38.606136
2022-07-27,22.227097
2022-07-28,1.1686951
2022-07-29,0.0
2022-07-30,0.0
2022-07-31,2.4604106
2022-08-01,2.4575887
2022-08-02,7.5819373
2022-08-03,0.0
2022-08-04,0.47825903
2022-08-05,2.4956734
2022-08-06,0.0
2022-08-07,0.0
2022-08-08,0.0
2022-08-09,0.0
2022-08-10,0.0
2022-08-11,0.0
2022-08-12,0.0
2022-08-13,1.7897518
2022-08-14,0.0
2022-08-15,0.0
2022-08-16,0.0
2022-08-17,8.1577425
2022-08-18,3.1892848
2022-08-19,54.780354
2022-08-20,1.517305
2022-08-21,0.0
2022-08-22,17.198378
2022-08-23,9.882042
2022-08-24,20.794306
2022-08-25,0.0
2022-08-26,0.15377566
2022-08-27,0.0
2022-08-28,10.552856
2022-08-29,0.0
2022-08-30,0.562815
2022-08-31,1.9698522
2022-09-01,5.2731886
2022-09-02,18.420208
2022-09-03,0.0
2022-09-04,0.0
2022-09-05,11.048652
2022-09-06,0.0
2022-09-07,2.3373902
2022-09-08,7.922562
2022-09-09,0.0
2022-09-10,0.0
2022-09-11,0.0
2022-09-12,0.0
2022-09-13,0.0
2022-09-14,0.0
2022-09-15,0.0
2022-09-16,6.654939
2022-09-17,0.0
2022-09-18,0.0
2022-09-19,0.0
2022-09-20,0.0
2022-09-21,0.0
2022-09-22,0.0
2022-09-23,0.0
2022-09-24,0.0
2022-09-25,5.6201406
2022-09-26,6.6510906
2022-09-27,0.0
2022-09-28,2.3265502
2022-09-29,17.016636
2022-09-30,0.0
2022-10-01,0.0
2022-10-02,0.0
2022-10-03,0.0
2022-10-04,0.0
2022-10-05,0.0
2022-10-06,0.0
2022-10-07,0.0
2022-10-08,0.0
2022-10-09,0.46901247
2022-10-10,4.26408
2022-10-11,0.0
2022-10-12,0.0
2022-10-13,1.3211548
2022-10-14,0.2814075
2022-10-15,32.483295
2022-10-16,0.0
2022-10-17,3.2850893
2022-10-18,6.332968
2022-10-19,0.0
2022-10-20,0.0
2022-10-21,9.000861
2022-10-22,7.3309283
2022-10-23,9.618981
2022-10-24,0.0
2022-10-25,0.0
2022-10-26,0.0
2022-10-27,0.0
2022-10-28,1.8614843
2022-10-29,11.384327
2022-10-30,7.760997
2022-10-31,5.04146
2022-11-01,25.843803
2022-11-02,8.847128
2022-11-03,134.28891
2022-11-04,6.6351676
2022-11-05,25.377424
2022-11-06,38.00756
2022-11-07,8.8003235
2022-11-08,23.104273
2022-11-09,23.06693
2022-11-10,0.0
2022-11-11,73.79535
2022-11-12,229.87804
2022-11-13,1.6528115
2022-11-14,11.846825
2022-11-15,5.35897
2022-11-16,0.17209153
2022-11-17,0.0
2022-11-18,0.0
2022-11-19,0.0
2022-11-20,0.0
2022-11-21,0.0
2022-11-22,0.0
2022-11-23,0.187605
2022-11-24,0.0
2022-11-25,0.0
2022-11-26,0.43598107
2022-11-27,8.381614
2022-11-28,6.6930056
2022-11-29,2.7534645
2022-11-30,0.0
2022-12-01,14.823098
2022-12-02,1.7216014
2022-12-03,1.4198811
2022-12-04,20.17366
2022-12-05,28.084824
2022-12-06,0.0
2022-12-07,0.0
2022-12-08,0.0
2022-12-09,9.5373955
2022-12-10,15.341671
2022-12-11,5.554351
2022-12-12,8.383258
2022-12-13,37.745686
2022-12-14,5.8922973
2022-12-15,0.0
2022-12-16,0.0
2022-12-17,0.0
2022-12-18,0.0
2022-12-19,0.0
2022-12-20,0.0
2022-12-21,0.0
2022-12-22,0.0
2022-12-23,0.0
2022-12-24,0.0
2022-12-25,2.9624252
2022-12-26,4.544823
2022-12-27,4.205198
2022-12-28,1.12563
2022-12-29,0.0
2022-12-30,0.0
2022-12-31,0.0
2023-01-01,0.0
2023-01-02,0.0
2023-01-03,0.0
2023-01-04,0.0
2023-01-05,0.0
2023-01-06,1.1829374
2023-01-07,0.0
2023-01-08,14.904868
2023-01-09,2.6899672
2023-01-10,0.0
2023-01-11,0.0
2023-01-12,0.0
2023-01-13,0.0
2023-01-14,0.0
2023-01-15,0.0
2023-01-16,0.0
2023-01-17,0.0
2023-01-18,0.0
2023-01-19,0.0
2023-01-20,0.0
2023-01-21,0.0
2023-01-22,0.0
2023-01-23,0.0
2023-01-24,0.0
2023-01-25,0.0
2023-01-26,0.0
2023-01-27,0.0
2023-01-28,0.0
2023-01-29,0.0
2023-01-30,0.41718063
2023-01-31,8.167002
2023-02-01,0.0
2023-02-02,7.9797926
2023-02-03,6.4814963
2023-02-04,19.477913
2023-02-05,0.0
2023-02-06,0.0
2023-02-07,0.0
2023-02-08,0.0
2023-02-09,0.0
2023-02-10,0.0
2023-02-11,0.0
2023-02-12,0.0
2023-02-13,0.0
2023-02-14,0.0
2023-02-15,0.0
2023-02-16,0.0
2023-02-17,0.0
2023-02-18,0.0
2023-02-19,0.0
2023-02-20,0.0
2023-02-21,0.0
2023-02-22,0.0
2023-02-23,0.0
2023-02-24,0.0
2023-02-25,0.0
2023-02-26,0.0
2023-02-27,0.0
2023-02-28,0.0
2023-03-01,0.4384868
2023-03-02,0.0
2023-03-03,0.0
2023-03-04,0.0
2023-03-05,0.0
2023-03-06,0.0
2023-03-07,0.0
2023-03-08,0.0
2023-03-09,0.0
2023-03-10,0.0
2023-03-11,0.0
2023-03-12,0.0
2023-03-13,0.0
2023-03-14,0.0
2023-03-15,0.0
2023-03-16,0.0
2023-03-17,0.0
2023-03-18,3.5776916
2023-03-19,0.0
2023-03-20,14.220138
2023-03-21,0.0
2023-03-22,0.0
2023-03-23,0.0
2023-03-24,11.227368
2023-03-25,0.0
2023-03-26,0.0
2023-03-27,0.0
2023-03-28,0.0
2023-03-29,0.0
2023-03-30,0.0
2023-03-31,0.0
2023-04-01,0.0
2023-04-02,0.0
2023-04-03,0.0
2023-04-04,0.0
2023-04-05,0.0
2023-04-06,0.0
2023-04-07,0.0
2023-04-08,0.0
2023-04-09,0.0
2023-04-10,0.0
2023-04-11,0.0
2023-04-12,0.0
2023-04-13,0.0
2023-04-14,0.0
2023-04-15,0.0
2023-04-16,0.0
2023-04-17,0.0
2023-04-18,0.0
2023-04-19,0.0
2023-04-20,0.0
2023-04-21,0.0
2023-04-22,0.0
2023-04-23,0.0
2023-04-24,0.0
2023-04-25,0.9869494
2023-04-26,5.869085
2023-04-27,0.0
2023-04-28,0.0
2023-04-29,0.0
2023-04-30,7.932966
2023-05-01,0.0
2023-05-02,3.8903706
2023-05-03,1.2009517
2023-05-04,0.0
2023-05-05,0.0
2023-05-06,0.0
2023-05-07,7.7956657
2023-05-08,7.0244336
2023-05-09,0.0
2023-05-10,0.0
2023-05-11,0.0
2023-05-12,0.0
2023-05-13,0.0
2023-05-14,0.0
2023-05-15,0.0
2023-05-16,0.0
2023-05-17,0.0
2023-05-18,0.0
2023-05-19,0.0
2023-05-20,0.0
2023-05-21,0.0
2023-05-22,0.0
2023-05-23,0.0
2023-05-24,0.0
2023-05-25,0.0
2023-05-26,0.0
2023-05-27,0.09177974
2023-05-28,0.0
2023-05-29,0.0
2023-05-30,0.0
2023-05-31,0.0
2023-06-01,0.0
2023-06-02,0.0
2023-06-03,0.0
2023-06-04,0.0
2023-06-05,0.0
2023-06-06,3.2784517
2023-06-07,5.3048534
2023-06-08,0.0
2023-06-09,0.0
2023-06-10,0.0
2023-06-11,0.0
2023-06-12,0.0
2023-06-13,2.2393296
2023-06-14,0.0
2023-06-15,0.0
2023-06-16,0.0
2023-06-17,0.0
2023-06-18,0.0
2023-06-19,20.12029
2023-06-20,23.766209
2023-06-21,0.3414386
2023-06-22,0.0
2023-06-23,0.43595493
2023-06-24,0.0
2023-06-25,0.0
2023-06-26,0.0
2023-06-27,0.0
2023-06-28,0.0
2023-06-29,0.0
2023-06-30,2.0436566
2023-07-01,9.110745
2023-07-02,8.013721
2023-07-03,0.67852765
2023-07-04,1.2337791
2023-07-05,0.0
2023-07-06,0.0
2023-07-07,0.0
2023-07-08,0.0
2023-07-09,0.0
2023-07-10,4.902677
2023-07-11,9.179507
2023-07-12,0.3414386
2023-07-13,0.0
2023-07-14,6.4151707
2023-07-15,0.0
2023-07-16,0.0
2023-07-17,0.0
2023-07-18,0.0
2023-07-19,0.0
2023-07-20,0.0
2023-07-21,0.0
2023-07-22,0.0
2023-07-23,0.0
2023-07-24,8.246743
2023-07-25,0.6785739
2023-07-26,0.0
2023-07-27,0.35375702
2023-07-28,0.0
2023-07-29,0.0
2023-07-30,0.0
2023-07-31,0.0
2023-08-01,0.0
2023-08-02,0.0
2023-08-03,0.0
2023-08-04,0.12346115
2023-08-05,7.4146132
2023-08-06,2.08567
2023-08-07,33.989285
2023-08-08,4.1338315
2023-08-09,0.8348208
2023-08-10,84.161736
2023-08-11,6.985034
2023-08-12,26.884684
2023-08-13,11.596655
2023-08-14,0.39214978
2023-08-15,0.0
2023-08-16,0.0
2023-08-17,0.0
2023-08-18,0.0
2023-08-19,0.0
2023-08-20,0.0
2023-08-21,0.0
2023-08-22,0.0
2023-08-23,0.0
2023-08-24,0.0
2023-08-25,0.0
2023-08-26,0.0
2023-08-27,0.0
2023-08-28,2.164411
2023-08-29,0.0
2023-08-30,1.4198033
2023-08-31,3.7156858
2023-09-01,0.0
2023-09-02,0.0
2023-09-03,0.0
2023-09-04,0.0
2023-09-05,0.0
2023-09-06,0.0
2023-09-07,0.0
2023-09-08,11.609489
2023-09-09,0.20859031
2023-09-10,0.0
2023-09-11,0.0
2023-09-12,0.0
2023-09-13,20.559687
2023-09-14,0.0
2023-09-15,0.0
2023-09-16,0.0
2023-09-17,13.242346
2023-09-18,2.4394755
2023-09-19,0.0
2023-09-20,0.0
2023-09-21,2.691453
2023-09-22,0.0
2023-09-23,4.577527
2023-09-24,0.0
2023-09-25,0.0
2023-09-26,6.724194
2023-09-27,1.2379438
2023-09-28,0.041718062
2023-09-29,0.0
2023-09-30,0.0
2023-10-01,0.0
2023-10-02,0.0
2023-10-03,1.5258422
2023-10-04,0.0
2023-10-05,0.0
2023-10-06,0.0
2023-10-07,0.0
2023-10-08,0.0
2023-10-09,0.6539324
2023-10-10,0.0
2023-10-11,0.0
2023-10-12,0.0
2023-10-13,0.0
2023-10-14,3.3275516
2023-10-15,0.0
2023-10-16,0.0
2023-10-17,0.12346115
2023-10-18,0.0
2023-10-19,0.0
2023-10-20,0.0
2023-10-21,0.0
2023-10-22,0.0
2023-10-23,0.0
2023-10-24,0.0
2023-10-25,0.0
2023-10-26,0.15852864
2023-10-27,0.0
2023-10-28,19.922436
2023-10-29,4.9602294
2023-10-30,26.506153
2023-10-31,12.795918
2023-11-01,7.4203367
2023-11-02,11.038425
2023-11-03,23.749834
2023-11-04,26.236477
2023-11-05,1.6081421
2023-11-06,0.0
2023-11-07,9.726252
2023-11-08,18.539986
2023-11-09,55.236725
2023-11-10,2.8995194
2023-11-11,15.467318
2023-11-12,0.0
2023-11-13,0.0
2023-11-14,108.50719
2023-11-15,51.51266
2023-11-16,12.566723
2023-11-17,0.0
2023-11-18,6.8315973
2023-11-19,12.003837
2023-11-20,0.80198884
2023-11-21,0.0
2023-11-22,88.7143
2023-11-23,43.40163
2023-11-24,0.0
2023-11-25,27.701202
2023-11-26,78.86823
2023-11-27,5.9082046
2023-11-28,14.555223
2023-11-29,30.332619
2023-11-30,35.27766
2023-12-01,4.901332
2023-12-02,0.0
2023-12-03,23.351948
2023-12-04,3.394706
2023-12-05,0.0
2023-12-06,0.0
2023-12-07,0.0
2023-12-08,12.743932
2023-12-09,5.4494367
2023-12-10,3.5162845
2023-12-11,0.9869494
2023-12-12,0.53940356
2023-12-13,0.0
2023-12-14,0.0
2023-12-15,1.6037927
2023-12-16,14.085143
2023-12-17,7.4316015
2023-12-18,0.43595493
2023-12-19,0.0
2023-12-20,0.0
2023-12-21,0.23192811
2023-12-22,0.12346115
2023-12-23,0.0
2023-12-24,0.0
2023-12-25,10.489365
2023-12-26,0.0
2023-12-27,0.0
2023-12-28,0.28097397
2023-12-29,9.51043
2023-12-30,1.0487261
2023-12-31,0.0
2024-01-01,0.0
2024-01-02,0.0
2024-01-03,0.0
2024-01-04,3.330954
2024-01-05,7.0365024
2024-01-06,0.0
2024-01-07,27.958498
2024-01-08,138.3764
2024-01-09,8.660443
2024-01-10,0.6539324
2024-01-11,0.0
2024-01-12,0.0
2024-01-13,0.0
2024-01-14,0.0
2024-01-15,0.0
2024-01-16,0.0
2024-01-17,0.0
2024-01-18,0.0
2024-01-19,0.0
2024-01-20,0.0
2024-01-21,0.0
2024-01-22,0.0
2024-01-23,0.0
2024-01-24,0.0
2024-01-25,0.0
2024-01-26,0.0
2024-01-27,0.0
2024-01-28,0.0
2024-01-29,0.0
2024-01-30,0.0
2024-01-31,0.0
2024-02-01,0.0
2024-02-02,0.0
2024-02-03,0.0
2024-02-04,0.0
2024-02-05,0.0
2024-02-06,0.0
2024-02-07,0.0
2024-02-08,0.0
2024-02-09,0.0
2024-02-10,0.0
2024-02-11,0.0
2024-02-12,0.0
2024-02-13,0.0
2024-02-14,0.0
2024-02-15,0.0
2024-02-16,0.0
2024-02-17,0.0
2024-02-18,0.0
2024-02-19,0.0
2024-02-20,0.0
2024-02-21,0.0
2024-02-22,0.0
2024-02-23,0.0
2024-02-24,0.0
2024-02-25,0.0
2024-02-26,0.0
2024-02-27,0.0
2024-02-28,0.0
2024-02-29,0.0
2024-03-01,0.0
2024-03-02,0.0
2024-03-03,0.0
2024-03-04,0.0
2024-03-05,0.0
2024-03-06,0.0
2024-03-07,0.0
2024-03-08,0.0
2024-03-09,0.0
2024-03-10,0.0
2024-03-11,0.0
2024-03-12,0.0
2024-03-13,0.0
2024-03-14,0.0
2024-03-15,0.0
2024-03-16,0.0
2024-03-17,0.0
2024-03-18,0.0
2024-03-19,0.0
2024-03-20,0.0
2024-03-21,0.0
2024-03-22,0.0
2024-03-23,0.0
2024-03-24,0.0
2024-03-25,0.0
2024-03-26,0.0
2024-03-27,0.0
2024-03-28,0.0
2024-03-29,0.0
2024-03-30,0.0
2024-03-31,0.0
2024-04-01,0.0
2024-04-02,0.0
2024-04-03,0.0
2024-04-04,0.0
2024-04-05,0.0
2024-04-06,0.0
2024-04-07,0.0
2024-04-08,0.0
2024-04-09,0.0
2024-04-10,0.0
2024-04-11,0.0
2024-04-12,0.0
2024-04-13,0.0
2024-04-14,0.0
2024-04-15,0.0
2024-04-16,0.0
2024-04-17,0.0
2024-04-18,0.0
2024-04-19,0.0
2024-04-20,0.0
2024-04-21,0.0
2024-04-22,0.0
2024-04-23,0.0
2024-04-24,0.0
2024-04-25,0.0
2024-04-26,0.0
2024-04-27,0.0
2024-04-28,0.0
2024-04-29,0.0
2024-04-30,0.0
2024-05-01,0.0
2024-05-02,0.0
2024-05-03,0.0
2024-05-04,0.0
2024-05-05,0.0
2024-05-06,0.0
2024-05-07,0.0
2024-05-08,15.112661
2024-05-09,10.937263
2024-05-10,0.25030836
2024-05-11,0.0
2024-05-12,0.0
2024-05-13,2.4673734
2024-05-14,0.4511715
2024-05-15,0.42487472
2024-05-16,17.435934
2024-05-17,6.587808
2024-05-18,1.7271613
2024-05-19,0.0
2024-05-20,2.0972674
2024-05-21,7.8385305
2024-05-22,1.6984941
2024-05-23,0.0
2024-05-24,0.0
2024-05-25,0.0
2024-05-26,0.0
2024-05-27,0.0
2024-05-28,0.0
2024-05-29,0.0
2024-05-30,0.0
2024-05-31,0.0
2024-06-01,0.0
2024-06-02,8.998831
2024-06-03,0.0
2024-06-04,0.0
2024-06-05,0.0
2024-06-06,51.011604
2024-06-07,4.43802
2024-06-08,0.0
2024-06-09,2.4429586
2024-06-10,0.0
2024-06-11,0.0
2024-06-12,0.0
2024-06-13,0.0
2024-06-14,0.0
2024-06-15,0.0
2024-06-16,0.0
2024-06-17,0.0
2024-06-18,0.0
2024-06-19,10.732562
2024-06-20,8.144401
2024-06-21,0.0
2024-06-22,0.0
2024-06-23,0.0
2024-06-24,0.0
2024-06-25,0.0
2024-06-26,0.0
2024-06-27,0.0
2024-06-28,0.0
2024-06-29,0.0
2024-06-30,0.0
2024-07-01,0.9089936
2024-07-02,0.0
2024-07-03,0.0
2024-07-04,0.0
2024-07-05,0.0
2024-07-06,2.3440046
2024-07-07,0.0
2024-07-08,0.0
2024-07-09,0.0
2024-07-10,0.0
2024-07-11,0.0
2024-07-12,0.0
2024-07-13,12.851319
2024-07-14,0.0
2024-07-15,0.0
2024-07-16,0.95828193
2024-07-17,0.12346115
2024-07-18,0.0
2024-07-19,0.0
2024-07-20,0.0
2024-07-21,0.0
2024-07-22,0.0
2024-07-23,0.0
2024-07-24,0.4938446
2024-07-25,0.0
2024-07-26,18.72839
2024-07-27,0.0
2024-07-28,0.0
2024-07-29,0.0
2024-07-30,0.0
2024-07-31,0.0
2024-08-01,0.0
2024-08-02,23.01039
2024-08-03,0.0
2024-08-04,0.0
2024-08-05,5.3721995
2024-08-06,0.0
2024-08-07,1.5062261
2024-08-08,2.6341176
2024-08-09,49.017345
2024-08-10,0.0
2024-08-11,0.12346115
2024-08-12,1.9413576
2024-08-13,0.0
2024-08-14,0.15018502
2024-08-15,0.0
2024-08-16,10.174687
2024-08-17,0.35378474
2024-08-18,0.0
2024-08-19,0.0
2024-08-20,0.0
2024-08-21,4.795504
2024-08-22,0.6539324
2024-08-23,0.0
2024-08-24,0.0
2024-08-25,0.0
2024-08-26,0.0
2024-08-27,0.0
2024-08-28,7.1555676
2024-08-29,0.0
2024-08-30,7.117673
2024-08-31,13.123174
2024-09-01,0.0
2024-09-02,0.38211313
2024-09-03,17.683916
2024-09-04,0.0
2024-09-05,0.0
2024-09-06,5.5229225
2024-09-07,0.0
2024-09-08,0.43595493
2024-09-09,0.0
2024-09-10,0.0
2024-09-11,0.0
2024-09-12,0.0
2024-09-13,0.0
2024-09-14,0.0
2024-09-15,0.0
2024-09-16,0.0
2024-09-17,0.0
2024-09-18,1.8506224
2024-09-19,0.0
2024-09-20,0.0
2024-09-21,0.7402121
2024-09-22,7.834378
2024-09-23,0.0
2024-09-24,0.7825458
2024-09-25,0.0
2024-09-26,0.0
2024-09-27,0.0
2024-09-28,0.0
2024-09-29,0.90085477
2024-09-30,0.0
2024-10-01,1.3078648
2024-10-02,0.0
2024-10-03,0.86358064
2024-10-04,3.7052248
2024-10-05,23.26021
2024-10-06,2.9616895
2024-10-07,0.0
2024-10-08,5.667414
2024-10-09,0.0
2024-10-10,3.1653643
2024-10-11,7.3405447
2024-10-12,7.855095
2024-10-13,17.295584
2024-10-14,11.274957
2024-10-15,41.044037
2024-10-16,26.491352
2024-10-17,0.0
2024-10-18,0.0
2024-10-19,3.3926384
2024-10-20,32.76768
2024-10-21,0.0
2024-10-22,1.6173412
2024-10-23,0.0
2024-10-24,1.7070545
2024-10-25,60.874355
2024-10-26,2.9235334
2024-10-27,0.0
2024-10-28,0.0
2024-10-29,0.0
2024-10-30,0.0
2024-10-31,0.0
2024-11-01,2.3119633
2024-11-02,19.482876
2024-11-03,32.569515
2024-11-04,6.252609
2024-11-05,0.0
2024-11-06,0.0
2024-11-07,4.361592
2024-11-08,1.4911373
2024-11-09,0.0
2024-11-10,1.3078648
2024-11-11,3.722997
2024-11-12,0.0
2024-11-13,40.991127
2024-11-14,10.623516
2024-11-15,25.820337
2024-11-16,30.544722
2024-11-17,24.23087
2024-11-18,3.5080333
2024-11-19,0.20859031
2024-11-20,0.0
2024-11-21,0.0
2024-11-22,0.0
2024-11-23,0.0
2024-11-24,0.0
2024-11-25,0.12346115
2024-11-26,2.9030125
2024-11-27,64.684235
2024-11-28,19.923326
2024-11-29,3.4581711
2024-11-30,0.3414386
2024-12-01,62.124996
2024-12-02,43.287884
2024-12-03,3.101139
2024-12-04,0.0
2024-12-05,1.2336867
2024-12-06,0.0
2024-12-07,0.0
2024-12-08,0.0
2024-12-09,0.0
2024-12-10,0.0
2024-12-11,2.5310283
2024-12-12,81.73885
2024-12-13,116.48433
2024-12-14,3.4459138
2024-12-15,0.0
2024-12-16,0.0
2024-12-17,0.0
2024-12-18,0.0
2024-12-19,3.5165665
2024-12-20,0.0
2024-12-21,0.0
2024-12-22,0.0
2024-12-23,0.0
2024-12-24,0.0
2024-12-25,0.0
2024-12-26,0.14815338
2024-12-27,3.8111548
2024-12-28,3.0969558
2024-12-29,0.0
2024-12-30,0.74030447
2024-12-31,0.42946592
